YEAR,MONTH_NUM,MONTH_MON,APT_ICAO,APT_NAME,STATE_NAME,NBR_FLIGHTS_DESCENT,TOT_DIST_LEVEL_NM_DESCENT,TOT_DIST_LVL_NM_DESC_BLW_70,TOT_TIME_LEVEL_SECONDS_DESCENT,TOT_TIME_LEVEL_SEC_DESC_BLW_70,MEDIAN_CDO_ALT,NBR_CDO_FLIGHTS,NBR_CDO_FLIGHTS_BELOW_7000,TOT_DELTA_CO2_KG_DESCENT,TOT_DELTA_CO2_KG_DESC_BLW_70,NBR_FLIGHTS_CLIMB,TOT_DIST_LEVEL_NM_CLIMB,TOT_DIST_LVL_NM_CLIMB_BLW_100,TOT_TIME_LEVEL_SECONDS_CLIMB,TOT_TIME_LVL_SEC_CLIMB_BLW_100,MEDIAN_CCO_ALT,NBR_CCO_FLIGHTS,NBR_CCO_FLIGHTS_BELOW_10000,TOT_DELTA_CO2_KG_CLIMB,TOT_DELTA_CO2_KG_CLIMB_BLW_100,AIRPORT_NAME
2026,1,JAN,BIAR,Akureyri,Iceland,229,241.238249631501,91.141447706507,5220,2620,19000,198,211,1875.9766771999991,951.6651332000001,233,107.54252091196601,57.81687445775367,1932,1412,22000,228,230,141.519722,19.42984200000001,Akureyri (BIAR)
2026,1,JAN,BIBD,Bildudalur,Iceland,25,10.85315449789294,10.85315449789294,220,220,14000,21,21,-2.74512,-2.74512,25,0,0,0,0,15000,25,25,0,0,Bildudalur (BIBD)
2026,1,JAN,BIEG,Egilsstadir,Iceland,92,229.693941303916,42.05920142034496,3440,820,23000,81,85,753.2965565000001,209.0683825,89,28.44883173203115,0,360,0,24000,86,89,11.581954999999999,0,Egilsstadir (BIEG)
2026,1,JAN,BIGJ,Gjogur,Iceland,6,9.01907607086874,9.01907607086874,180,180,14000,4,4,-9.071475000000001,-9.071475000000001,6,0,0,0,0,16000,6,6,0,0,Gjogur (BIGJ)
2026,1,JAN,BIGR,Grimsey,Iceland,7,10.31021414390744,10.31021414390744,200,200,7000,4,4,-5.0484,-5.0484,4,2.3998080153587695,2.3998080153587695,40,40,8000,3,3,1.957725,1.957725,Grimsey (BIGR)
2026,1,JAN,BIHN,Hofn Hornafjordur,Iceland,22,3.0137123913808104,3.0137123913808104,60,60,23000,21,21,5.00063,5.00063,22,0,0,0,0,20000,22,22,0,0,Hofn Hornafjordur (BIHN)
2026,1,JAN,BIHU,Husavik,Iceland,1,0,0,0,0,21000,1,1,0,0,,,,,,,,,,,Husavik (BIHU)
2026,1,JAN,BIIS,Isafjordur,Iceland,44,29.582429759669598,29.582429759669598,640,640,17000,37,37,92.37478,92.37478,43,0,0,0,0,18000,43,43,0,0,Isafjordur (BIIS)
2026,1,JAN,BIKF,Keflavik,Iceland,1789,3303.797395590271,2262.132723155446,57080,45880,36000,1239,1271,59634.452874500006,48510.5196845,1808,2976.133201894559,442.783963970229,30921,8600,35000,1580,1801,14383.2475123,2850.385232,Keflavik (BIKF)
2026,1,JAN,BIRK,Reykjavik,Iceland,421,390.88019408711807,285.265347927562,7900,6320,20000,352,357,721.5989900000001,566.3698380000001,405,454.1901309123161,6.0140431732213395,6760,180,21000,385,404,1182.3947725,0.5481000000000003,Reykjavik (BIRK)
2026,1,JAN,BITN,Thorshofn,Iceland,14,36.93293467234047,36.93293467234047,900,900,4674.386189258312,9,9,20.25396999999999,20.25396999999999,14,1.47260946397016,1.47260946397016,40,40,10000,13,13,1.4694749999999999,1.4694749999999999,Thorshofn (BITN)
2026,1,JAN,BIVM,Vestmannaeyjar,Iceland,40,22.20321272233538,3.67630164054961,360,80,9000,37,38,10.40969,-3.2927999999999997,27,0,0,0,0,10000,27,27,0,0,Vestmannaeyjar (BIVM)
2026,1,JAN,BIVO,Vopnafjordur,Iceland,17,3.16439801094982,3.16439801094982,80,80,9000,15,15,0.9930379999999976,0.9930379999999976,5,0,0,0,0,14000,5,5,0,0,Vopnafjordur (BIVO)
2026,1,JAN,EBAW,Antwerp,Belgium,324,5605.225313842209,2126.088676207547,87120,51600,3097.158318557919,46,86,8945.741126500003,3838.324447999999,306,1713.26151289317,473.17498162358504,27081,15121,27000,222,284,1728.4151199999992,157.81165049999998,Antwerp (EBAW)
2026,1,JAN,EBBL,Kleine Brogel,Belgium,2,12.72032165998149,12.72032165998149,120,120,4066.9642857142862,0,0,-16.04925,-16.04925,,,,,,,,,,,Kleine Brogel (EBBL)
2026,1,JAN,EBBR,Brussels,Belgium,7007,121928.1674149599,18030.694273074998,1302580,348340,3491.021505376343,1058,2494,1039815.7019167,493161.42596279987,7038,41966.6583054091,653.8964335601341,353092,8760,35000,4734,6865,90865.8900923,9352.906908,Brussels (EBBR)
2026,1,JAN,EBCI,Charleroi,Belgium,2452,46476.3461665392,4070.4194010384163,467900,76380,21136.0714285714,453,1452,220439.3666745999,55799.555092500006,2446,23040.6659791072,718.933021337773,196160,8820,35000,1340,2276,41036.226383,4025.265913,Charleroi (EBCI)
2026,1,JAN,EBCV,Chievres,Belgium,14,275.415373275908,156.52606067417702,4140,3060,2944.3012422360243,0,1,1004.1113437,576.5949737000001,13,3.1272498200144003,3.1272498200144003,40,40,17000,12,12,-0.1575000000000059,-0.1575000000000059,Chievres (EBCV)
2026,1,JAN,EBFS,Florennes,Belgium,2,75.97334549959332,59.187873821198586,1100,920,3237.708333333333,0,0,763.24824,636.8807400000001,5,94.49800634414206,0,880,0,24500,1,5,317.49922000000004,0,Florennes (EBFS)
2026,1,JAN,EBKT,Kortrijk/Wevelgem,Belgium,169,2837.4900141988714,926.839758568033,43680,22600,2482.713884992987,22,45,2425.4646340999993,1192.6220315,155,742.276840205901,183.878885306803,10740,4720,23000,111,141,691.9609675,135.6206695,Kortrijk/Wevelgem (EBKT)
2026,1,JAN,EBLG,Liege,Belgium,1231,23589.7934436191,4744.924426177705,276780,99420,3599.5538778311593,182,397,453282.6127763,245065.4690715,1237,4809.857079158254,150.071424981916,38800,2040,31000,937,1193,16771.3115785,3686.311027,Liege (EBLG)
2026,1,JAN,EBNM,Namur,Belgium,1,19.87041036717062,19.87041036717062,520,520,5930,0,0,-0.42630000000000123,-0.42630000000000123,1,4.1066282966931,4.1066282966931,140,140,10074.4296244296,0,0,0.8830499999999999,0.8830499999999999,Namur (EBNM)
2026,1,JAN,EBOS,Ostend/Bruges,Belgium,288,3730.17570089063,1594.091349277689,53460,31140,4000,49,79,44875.31985,32523.303444499998,292,1734.703590272569,220.490747887504,17340,4540,34937.7941176471,192,280,3835.6760365,8.23426199999996,Ostend/Bruges (EBOS)
2026,1,JAN,EBST,St Truiden,Belgium,1,0,0,0,0,3000,1,1,0,0,1,1.4398848092152599,1.4398848092152599,40,40,4000,0,0,0.2425499999999998,0.2425499999999998,St Truiden (EBST)
2026,1,JAN,EDAB,Bautzen,Germany,4,5.62455003599709,5.62455003599709,140,140,16021.25,2,2,17.78804,17.78804,4,13.07595392368611,0,120,0,28000,2,4,8.928467,0,Bautzen (EDAB)
2026,1,JAN,EDAC,Leipzig Altenburg,Germany,7,124.38137915999701,52.44513405960485,2160,1380,4918.333333333333,2,3,82.909554,11.910649,7,0,0,0,0,22000,7,7,0,0,Leipzig Altenburg (EDAC)
2026,1,JAN,EDAE,Eisenhuttenstadt,Germany,1,0,0,0,0,27000,1,1,0,0,,,,,,,,,,,Eisenhuttenstadt (EDAE)
2026,1,JAN,EDAH,Heringsdorf,Germany,10,424.2369642377101,424.2369642377101,12100,12100,2950,0,0,91.04696499999999,91.04696499999999,9,113.33343664440201,113.33343664440201,3040,3040,5000,5,5,-7.40092,-7.40092,Heringsdorf (EDAH)
2026,1,JAN,EDAQ,Halle Oppin,Germany,3,4.31965442764579,4.31965442764579,120,120,18000,2,2,0.0272999999999999,0.0272999999999999,1,0,0,0,0,17000,1,1,0,0,Halle Oppin (EDAQ)
2026,1,JAN,EDAV,Eberswalde Finow,Germany,1,40.65874730021597,0,580,0,15036.6666666667,0,1,2.6585999999999896,0,1,0,0,0,0,22000,1,1,0,0,Eberswalde Finow (EDAV)
2026,1,JAN,EDAY,Strausberg,Germany,11,464.58935490535004,457.3241791548511,12180,12020,3340,2,3,16.892603999999977,17.576153999999978,6,0,0,0,0,14500,6,6,0,0,Strausberg (EDAY)
2026,1,JAN,EDAZ,Schonhagen,Germany,58,487.621322061668,406.40904981267903,10040,8760,3782.992424242424,20,22,388.98203750000005,341.0553125,64,190.806434424118,163.609075245301,4880,4520,19500,50,53,47.924472999999985,36.38481499999999,Schonhagen (EDAZ)
2026,1,JAN,EDBC,Magdeburg Cochstedt,Germany,2,19.797672082140128,19.797672082140128,360,360,2966.955962712954,0,0,52.085255,52.085255,2,0,0,0,0,24500,2,2,0,0,Magdeburg Cochstedt (EDBC)
2026,1,JAN,EDBH,Barth,Germany,3,11.46903852087436,11.46903852087436,360,360,3896.5201465201462,1,1,0.8001,0.8001,,,,,,,,,,,Barth (EDBH)
2026,1,JAN,EDBJ,Jena Schongleina,Germany,3,1.7889260745651001,1.7889260745651001,40,40,22000,2,2,-0.3065999999999995,-0.3065999999999995,2,0,0,0,0,17000,2,2,0,0,Jena Schongleina (EDBJ)
2026,1,JAN,EDBK,Kyritz,Germany,8,31.176227488238627,31.176227488238627,1220,1220,3059.0163934426223,4,4,7.2261,7.2261,,,,,,,,,,,Kyritz (EDBK)
2026,1,JAN,EDBM,Magdeburg City,Germany,6,243.517235228265,243.517235228265,7120,7120,3054.262295081966,2,2,25.969649999999998,25.969649999999998,5,0,0,0,0,7000,5,5,0,0,Magdeburg City (EDBM)
2026,1,JAN,EDBR,Rothenburg Gorlitz,Germany,5,7.839015735883979,0,100,0,27000,4,5,-1.6345868,0,3,23.44109599657499,23.44109599657499,340,340,8984.875444839858,1,1,13.18437999999999,13.18437999999999,Rothenburg Gorlitz (EDBR)
2026,1,JAN,EDCG,Rugen,Germany,2,0,0,0,0,16500,2,2,0,0,1,0,0,0,0,9000,1,1,0,0,Rugen (EDCG)
2026,1,JAN,EDCM,Kamenz,Germany,2,4.409647228221729,4.409647228221729,120,120,3725,1,1,1.61385,1.61385,2,0,0,0,0,8500,2,2,0,0,Kamenz (EDCM)
2026,1,JAN,EDCY,Welzow,Germany,1,0,0,0,0,7000,1,1,0,0,,,,,,,,,,,Welzow (EDCY)
2026,1,JAN,EDDB,Berlin Brandenburg,Germany,6125,52918.1504536196,17575.156059527002,675440,330820,4226.829268292683,1237,2553,479804.2530706999,324150.0866559,6114,12170.7030758817,105.994713005866,106192,1540,35000,4957,6065,22542.280565499997,1172.433829,Berlin Brandenburg (EDDB)
2026,1,JAN,EDDC,Dresden,Germany,261,2437.670536512599,1217.223784520561,39060,24700,4025,41,96,13068.574692799999,9812.5151068,269,535.181751157317,238.21543346629602,9740,6960,28000,243,263,655.271549,107.18736000000001,Dresden (EDDC)
2026,1,JAN,EDDE,Erfurt,Germany,55,733.1773226861521,310.15091171311707,13920,8860,4920.833333333333,13,22,2510.7732278999993,1266.9630009,53,263.82602463797707,54.23566114710822,3220,1220,16000,40,47,1044.7150175000002,10.6294125,Erfurt (EDDE)
2026,1,JAN,EDDF,Frankfurt,Germany,15481,323221.92401526467,90222.57188056821,3985160,1606800,4740.093537414965,764,3521,4189758.0699596,2443891.48963,15639,45161.1311739274,725.0722567276971,373748,9400,33000,11782,15419,116744.44751890001,11889.7989517,Frankfurt (EDDF)
2026,1,JAN,EDDG,Munster Osnabruck,Germany,419,4005.622166070491,2397.560790592848,76940,57220,3131.11111111111,77,120,14951.8879542,9487.676828,425,1564.2937785794732,556.1827295453711,28743,19683,27000,335,400,1626.7885210000002,500.36370900000003,Munster Osnabruck (EDDG)
2026,1,JAN,EDDH,Hamburg,Germany,3787,23488.413961389397,14045.114485220001,382960,272260,3131.5300546448084,787,952,346357.6092730999,271315.9788584,3789,8599.704746542613,61.407829306585,72300,960,35000,3169,3775,12247.53726225,650.279964,Hamburg (EDDH)
2026,1,JAN,EDDK,Cologne/Bonn,Germany,3514,54726.13492169451,12641.9136133442,660940,233400,4395.177583905414,620,1251,584085.3853778999,275159.3641997,3575,10093.9894912721,329.961418003969,87414,5746,33000,2800,3497,16630.000651899998,3955.0343395999994,Cologne/Bonn (EDDK)
2026,1,JAN,EDDL,Dusseldorf,Germany,4916,49312.584455961005,12017.1389053255,571920,226920,3833.276411657559,1179,1999,367626.5374322999,231019.3130961,4925,20519.038586780098,163.651048060801,167320,2600,33099.7533474278,3532,4870,21745.321204499996,1188.325894,Dusseldorf (EDDL)
2026,1,JAN,EDDM,Munich,Germany,10839,203518.33914394132,64365.8591509208,2393480,1126200,4950,669,1774,1905948.7052864,1302674.6059587,10913,58982.71867503,820.1331955361591,493604,11240,33000,7011,10686,125859.7008564,5133.2043238999995,Munich (EDDM)
2026,1,JAN,EDDN,Nuremberg,Germany,1258,22837.214489825397,3069.0521363324524,249280,59360,8000,198,635,100964.0923801,34519.4905919,1280,10079.934823269801,502.242776641531,89986,9940,31677.7205882353,784,1266,15524.1512671,3395.20898,Nuremberg (EDDN)
2026,1,JAN,EDDP,Leipzig/Halle,Germany,2455,35823.3673602165,10492.403093302999,488760,196260,4020,413,853,651045.4262862,331105.4263715,2475,3748.633418217501,79.42788693832834,31680,1440,33000,2172,2462,5822.069372999999,468.93785,Leipzig/Halle (EDDP)
2026,1,JAN,EDDR,Saarbrucken,Germany,106,3336.877585706316,956.2397695447911,56780,24280,4032.7121081392,9,22,8055.169333999999,3770.268100999999,104,780.6378227445471,366.053017536176,12157,8657,20173.333333333303,70,87,535.610479,217.617038,Saarbrucken (EDDR)
2026,1,JAN,EDDS,Stuttgart,Germany,2576,55597.772689756006,7424.960554778949,600422,143182,4587.157789945246,271,1020,297590.0507420999,95311.85255740001,2604,16833.5737898051,589.9517127449861,149018,17298,32960.6451612903,1810,2584,18395.3242072,370.79173000000003,Stuttgart (EDDS)
2026,1,JAN,EDDV,Hanover,Germany,1442,11953.8323758634,4691.193886638892,168860,96140,3359.964539007091,361,531,94078.9855733,67516.07128700001,1470,2962.0347028971673,127.818489291827,28200,3940,33000,1234,1459,3147.2180550000003,121.75538,Hanover (EDDV)
2026,1,JAN,EDDW,Bremen,Germany,642,6087.73206017539,2996.486120000988,93240,62740,3118.7695073439413,137,188,47047.798338500004,32700.7442795,645,1318.5039752047492,334.7813078813061,15782,7242,29000,559,629,2332.3951925,531.2906370000001,Bremen (EDDW)
2026,1,JAN,EDFE,Frankfurt Egelsbach,Germany,51,862.946925881655,771.1897257273621,19020,17460,3400.833333333333,13,13,302.8032867,267.31238770000004,29,202.717225561994,192.764578833693,4567,4487,21000,27,28,14.91004999999997,10.80454999999997,Frankfurt Egelsbach (EDFE)
2026,1,JAN,EDFH,Frankfurt Hahn,Germany,559,10960.5988779498,1256.5129895781492,118500,23640,13000,123,329,121271.2444869,48286.250623700005,559,3167.233994137497,167.055115812404,27160,2580,35000,364,533,6404.929092499999,2532.7190675,Frankfurt Hahn (EDFH)
2026,1,JAN,EDFM,Mannheim,Germany,149,3024.872373899214,1517.6266106522341,59340,39380,5000,16,32,2482.484668999999,1377.1522363,143,1057.972970260902,744.263565967963,19820,16680,19000,107,123,279.53318,130.348593,Mannheim (EDFM)
2026,1,JAN,EDFQ,Allendorf,Germany,7,180.433163626465,43.785628297277114,2100,840,5872.131147540984,1,2,523.9403297,197.37131970000002,6,20.628082373730958,0,160,0,31495.4545454545,4,6,16.51637,0,Allendorf (EDFQ)
2026,1,JAN,EDFV,Worms,Germany,1,28.03467525876618,28.03467525876618,700,700,3041.366120218579,0,0,0.3580500000000013,0.3580500000000013,,,,,,,,,,,Worms (EDFV)
2026,1,JAN,EDFZ,Mainz,Germany,5,39.79736440036337,39.79736440036337,1320,1320,3066.9444444444443,2,2,8.160599999999999,8.160599999999999,2,12.293659364393699,0,120,0,19481.25,1,2,7.765695,0,Mainz (EDFZ)
2026,1,JAN,EDGE,Eisenach Kindel,Germany,5,35.79692351148526,30.577341078079936,620,540,5767.948717948718,1,2,35.30304699999999,32.05276699999998,2,0,0,0,0,24500,2,2,0,0,Eisenach Kindel (EDGE)
2026,1,JAN,EDGS,Siegerland,Germany,29,348.70642154786606,209.232838781633,6400,4800,6050,8,11,365.14812020000005,310.7938135,23,44.82716924856933,18.88228941684664,660,280,21000,19,21,38.77550129999999,13.1718548,Siegerland (EDGS)
2026,1,JAN,EDHE,Uetersen,Germany,1,0,0,0,0,4000,1,1,0,0,,,,,,,,,,,Uetersen (EDHE)
2026,1,JAN,EDHF,Itzehoe Hungriger Wolf,Germany,1,2.51979841612675,1.0799136069114799,80,40,7415,0,0,1.5582,1.0017,,,,,,,,,,,Itzehoe Hungriger Wolf (EDHF)
2026,1,JAN,EDHI,Hamburg Finkenwerder,Germany,106,1206.804960783063,717.395360897951,19000,13340,3054.979637087651,13,18,25877.656085,21212.599870000002,114,693.2456616610891,8.04694107596423,7180,140,33000,86,109,4226.384718,177.64165500000001,Hamburg Finkenwerder (EDHI)
2026,1,JAN,EDHK,Kiel Holtenau,Germany,32,465.49333092203506,365.035846623243,11440,9740,2944.2198982475975,11,11,130.72235650000002,122.9392515,31,69.44052821735421,69.44052821735421,1580,1580,17000,29,29,24.736153899999998,24.736153899999998,Kiel Holtenau (EDHK)
2026,1,JAN,EDHL,Lubeck Blankensee,Germany,124,3227.4172809531565,3031.386746594222,88918,86418,2999.180327868852,31,37,3907.6628635,2365.091710499999,101,743.333243591333,581.2335141273501,16909,15529,29000,74,82,139.4012447,-2.07472129999999,Lubeck Blankensee (EDHL)
2026,1,JAN,EDJA,Memmingen,Germany,893,19690.8099826026,2522.548336398753,242976,60556,9986.666666666668,94,519,125789.8799704,25209.2830785,899,7871.67379310804,732.84780662528,69860,12080,34000,469,858,8659.9585996,2214.1008956,Memmingen (EDJA)
2026,1,JAN,EDLA,Arnsberg Menden,Germany,6,84.44351352753806,0,820,0,22500,4,6,104.6230725,0,7,50.39114727964618,0,500,0,27000,4,7,62.58750000000002,0,Arnsberg Menden (EDLA)
2026,1,JAN,EDLD,Dinslaken,Germany,12,88.0264555910129,75.21090019028358,2000,1820,8982.5,6,7,16.47313899999999,14.98528399999999,4,0,0,0,0,21500,4,4,0,0,Dinslaken (EDLD)
2026,1,JAN,EDLE,Essen Mulheim,Germany,93,601.8585317628821,601.8585317628821,20740,20740,2875.897435897435,26,26,92.46745649999998,92.46745649999998,5,4.33263144591065,0,60,0,19000,4,5,0.6039090000000007,0,Essen Mulheim (EDLE)
2026,1,JAN,EDLH,Hamm Lippewiesen,Germany,2,6.31864755027586,6.31864755027586,120,120,4541.7307692307695,0,0,-0.5596500000000002,-0.5596500000000002,2,1.42406189922389,1.42406189922389,80,80,6007.692307692308,1,1,1.4805,1.4805,Hamm Lippewiesen (EDLH)
2026,1,JAN,EDLI,Bielefeld,Germany,31,342.05020275492706,94.33477841071824,5280,2240,15982.688172043001,13,19,296.153457,31.510922999999988,18,124.377269499718,0,1200,0,23026.7857142857,10,18,153.8339762,0,Bielefeld (EDLI)
2026,1,JAN,EDLM,Marl Loemuhle,Germany,3,0,0,0,0,18000,3,3,0,0,1,0,0,0,0,20000,1,1,0,0,Marl Loemuhle (EDLM)
2026,1,JAN,EDLN,Moenchengladbach,Germany,224,2695.1777198877344,1414.0194537763412,53140,38040,2238.265376702923,36,49,1887.3871612999992,871.7230828,250,1666.165224884658,1034.775302829594,37900,30120,10458.838028169,173,207,582.2923697000001,158.36846070000001,Moenchengladbach (EDLN)
2026,1,JAN,EDLP,Paderborn Lippstadt,Germany,182,2012.5260785078922,1104.78453684817,41900,32140,3875.3360215053763,38,54,3972.124604199999,2049.0499967,184,571.381776052394,208.632000665789,8460,5200,19000,144,169,416.8535282,17.874816999999968,Paderborn Lippstadt (EDLP)
2026,1,JAN,EDLS,Stadtlohn Vreden,Germany,4,2.51979841612672,0,40,0,15990,3,4,3.5637,0,1,0,0,0,0,33000,1,1,0,0,Stadtlohn Vreden (EDLS)
2026,1,JAN,EDLV,Weeze,Germany,457,9983.135113502547,1274.9752423304571,112180,39300,26000,118,333,23122.1636855,5931.5219945,459,2324.993807466943,306.80631845393305,25940,8500,37000,321,445,3013.2447374999992,300.886142,Weeze (EDLV)
2026,1,JAN,EDLW,Dortmund,Germany,762,7205.7062134172265,2523.214377992961,111060,64960,4834.946236559139,192,347,44180.4669847,24942.5053497,767,4600.708027548389,396.153207696639,44980,11200,35000,482,723,4655.1641087,622.882015,Dortmund (EDLW)
2026,1,JAN,EDMA,Augsburg,Germany,174,3182.204101571878,1936.312899814,67880,50380,3939.86111111111,16,23,4231.426245699999,2722.2250205,176,594.150979661637,243.322052919636,11300,7000,19959.7311827957,128,155,374.48053050000004,78.97259000000001,Augsburg (EDMA)
2026,1,JAN,EDMB,Biberach AD Riss,Germany,1,0,0,0,0,27000,1,1,0,0,,,,,,,,,,,Biberach AD Riss (EDMB)
2026,1,JAN,EDME,Eggenfelden,Germany,12,329.86266000002905,328.06280398851004,10580,10540,3526.25,1,1,95.81869999999998,95.99194999999997,10,50.541876185688494,36.527542786905855,2184,2004,6980.80808080808,4,5,21.27458,23.502675,Eggenfelden (EDME)
2026,1,JAN,EDML,Landshut,Germany,1,0,0,0,0,27000,1,1,0,0,1,0,0,0,0,19000,1,1,0,0,Landshut (EDML)
2026,1,JAN,EDMO,Oberpfaffenhofen,Germany,180,3978.745694617367,1465.427347026425,53840,26220,4111.322509457754,24,45,6616.755002599999,3254.4831896999995,158,733.280757808211,28.10539442558881,7420,520,26026.666666666697,103,151,605.0981735,26.925165999999997,Oberpfaffenhofen (EDMO)
2026,1,JAN,EDMS,Straubing,Germany,38,526.0651908496691,459.947168603137,13560,12440,4371.111111111111,7,9,146.8283472,127.5776362,32,34.38923006460234,27.39778937985713,1000,920,10000,26,27,16.7309885,8.414831000000001,Straubing (EDMS)
2026,1,JAN,EDMV,Vilshofen,Germany,8,72.88343175572874,69.28371973269059,1960,1920,7150,4,4,381.284395,374.74289500000003,7,0,0,0,0,21000,7,7,0,0,Vilshofen (EDMV)
2026,1,JAN,EDNL,Leutkirch Unterzeil,Germany,5,20.8783297336213,20.8783297336213,640,640,5000,1,1,3.478125,3.478125,2,0,0,0,0,7000,2,2,0,0,Leutkirch Unterzeil (EDNL)
2026,1,JAN,EDNX,Oberschleissheim,Germany,3,28.329733621310307,16.95464362850972,760,460,4013.333333333333,1,1,-0.23939999999999892,-0.5480999999999989,1,0,0,0,0,17000,1,1,0,0,Oberschleissheim (EDNX)
2026,1,JAN,EDNY,Friedrichshafen,Germany,343,7552.144966751167,2767.0356084835294,113940,63700,4859.999999999999,29,87,27206.9541147,9503.9820037,377,2302.359777046601,280.14816347129005,24074,7134,29000,241,355,3081.8999789999993,426.56083900000004,Friedrichshafen (EDNY)
2026,1,JAN,EDPA,Aalen Heidenheim Elchingen,Germany,1,0,0,0,0,8000,1,1,0,0,,,,,,,,,,,Aalen Heidenheim Elchingen (EDPA)
2026,1,JAN,EDQD,Bayreuth,Germany,1,57.014127394398585,57.014127394398585,1660,1660,3597.5,0,0,2.58825,2.58825,,,,,,,,,,,Bayreuth (EDQD)
2026,1,JAN,EDQM,Hof,Germany,32,346.30534402768797,250.67515727740002,6860,5820,4600,10,11,541.207977,452.851555,30,102.263054249778,3.44672426205904,1040,80,19975,25,28,122.56847400000001,3.861847,Hof (EDQM)
2026,1,JAN,EDRK,Koblenz Winningen,Germany,9,147.162599627591,73.55197234874105,2540,1560,5132.786885245901,2,2,75.20993199999998,69.863332,3,2.7426377318386,2.7426377318386,40,40,22000,2,2,0.8140129999999992,0.8140129999999992,Koblenz Winningen (EDRK)
2026,1,JAN,EDRY,Speyer,Germany,43,644.529470679906,325.09455434212407,11280,7660,3010.32967032967,3,7,761.5984255000001,432.0016545,20,208.166096712263,200.032997360211,4298,4218,23000,17,18,-6.287079999999989,-12.12759999999998,Speyer (EDRY)
2026,1,JAN,EDRZ,Zweibruecken,Germany,60,1014.5658110685101,320.403448987271,14980,6520,3967.098360655737,11,14,764.4817088000001,455.69193750000005,55,300.64520039303403,171.860412457326,3600,2160,19000,41,47,285.39315450000004,126.130169,Zweibruecken (EDRZ)
2026,1,JAN,EDSB,Karlsruhe/Baden-Baden,Germany,652,13126.4165925363,2353.022521316265,169280,59860,10025.7684370588,95,369,50523.8935034,10397.7730769,646,2903.6361185490023,211.343655420555,30094,6634,34001.25,463,633,4651.3217565,24.813599999999997,Karlsruhe/Baden-Baden (EDSB)
2026,1,JAN,EDTD,Donaueschingen,Germany,46,579.44209220733,267.698559829978,11600,7500,8387.437686939182,16,26,184.329868,121.93138400000001,40,245.526002610926,89.19509021104093,3520,1500,12032.7586206897,20,29,54.28193499999999,32.73282649999999,Donaueschingen (EDTD)
2026,1,JAN,EDTF,Freiburg im Breisgau,Germany,8,93.46344712021276,12.06084815301495,1240,220,6450,4,5,83.09515699999997,3.24765,8,10.03094011927462,8.721953929078929,360,340,7000,6,7,5.004037,1.6994249999999997,Freiburg im Breisgau (EDTF)
2026,1,JAN,EDTG,Bremgarten,Germany,1,28.281031635116218,0,280,0,24026.4705882353,0,1,60.79079,0,1,28.61771058315335,0,240,0,19000,0,1,12.184199999999999,0,Bremgarten (EDTG)
2026,1,JAN,EDTL,Lahr,Germany,72,1317.8196553215441,895.108111451441,28330,22930,4426.0887096774195,8,12,709.66885,377.4293865,64,295.10734891245403,78.05544056289904,4640,1760,15500,49,58,7.2838455,4.621684999999999,Lahr (EDTL)
2026,1,JAN,EDTM,Mengen,Germany,27,390.32036725888906,92.7924419165763,4660,1940,6031.875,8,12,649.148282,279.92526200000003,26,82.31084490561314,67.77722043710322,1060,920,21000,20,22,51.15728799999999,45.13684999999999,Mengen (EDTM)
2026,1,JAN,EDTY,Schwaebisch Hall,Germany,149,2640.143989376455,1327.810707367089,45369,31969,4492.857142857143,13,19,2442.7476892,1327.906442199999,145,806.5709891926871,221.509635031702,10478,5298,23000,118,140,369.6535965,-5.808549999999999,Schwaebisch Hall (EDTY)
2026,1,JAN,EDVC,Celle Arloh,Germany,1,5.50043908575228,5.50043908575228,200,200,3915.934065934065,0,0,-0.19635,-0.19635,,,,,,,,,,,Celle Arloh (EDVC)
2026,1,JAN,EDVE,Braunschweig,Germany,145,1512.559208962853,925.4281683493431,27520,20400,4178.11475409836,55,66,1982.5925548999992,644.5118329000001,141,294.07468294997904,51.419574958593465,5480,1400,23000,128,138,104.5904798,4.2315,Braunschweig (EDVE)
2026,1,JAN,EDVI,Hoxter Holzminden,Germany,2,8.10304028136761,8.10304028136761,180,180,6939.754098360655,1,1,0.6048,0.6048,,,,,,,,,,,Hoxter Holzminden (EDVI)
2026,1,JAN,EDVK,Kassel,Germany,100,1122.765601318535,553.970669882174,18360,12720,5110,32,42,3064.194061,2563.302881,93,470.712178303078,211.93878931405,9760,5740,18000,76,87,2468.3669107,2407.4502430000002,Kassel (EDVK)
2026,1,JAN,EDVM,Hildesheim,Germany,5,35.229820958585535,35.229820958585535,800,800,9000,4,4,0.31184999999999974,0.31184999999999974,,,,,,,,,,,Hildesheim (EDVM)
2026,1,JAN,EDVY,Porta Westfalica,Germany,11,142.42785800985803,64.80819661502765,2520,1460,4000,3,5,-5.736731499999999,-7.54803099999999,5,1.2637998248065898,1.2637998248065898,20,20,23000,4,4,0.4730780000000001,0.4730780000000001,Porta Westfalica (EDVY)
2026,1,JAN,EDWC,Damme,Germany,2,0,0,0,0,22000,2,2,0,0,2,0,0,0,0,12000,2,2,0,0,Damme (EDWC)
2026,1,JAN,EDWE,Emden,Germany,3,135.09816410803901,135.09816410803901,4200,4200,2290,1,1,41.74274999999998,41.74274999999998,,,,,,,,,,,Emden (EDWE)
2026,1,JAN,EDWF,Leer Papenburg,Germany,3,9.8273651885317,9.8273651885317,220,220,5000,1,1,-0.278775,-0.278775,1,0,0,0,0,5000,1,1,0,0,Leer Papenburg (EDWF)
2026,1,JAN,EDWI,Wilhelmshaven,Germany,13,83.8907350875944,83.8907350875944,2600,2600,2913.729508196721,4,4,15.34574999999999,15.34574999999999,9,56.352732485119695,37.343619067851606,980,780,9000,6,7,33.18524,-6.027,Wilhelmshaven (EDWI)
2026,1,JAN,EDWO,Osnabruck Atterheide,Germany,3,0,0,0,0,22000,3,3,0,0,,,,,,,,,,,Osnabruck Atterheide (EDWO)
2026,1,JAN,EDWQ,Ganderkesee,Germany,1,0,0,0,0,10000,1,1,0,0,2,0,0,0,0,14500,2,2,0,0,Ganderkesee (EDWQ)
2026,1,JAN,EDXF,Flensburg,Germany,2,0,0,0,0,24000,2,2,0,0,1,0,0,0,0,28000,1,1,0,0,Flensburg (EDXF)
2026,1,JAN,EDXO,St Peter Ording,Germany,3,0,0,0,0,11000,3,3,0,0,2,0,0,0,0,18000,2,2,0,0,St Peter Ording (EDXO)
2026,1,JAN,EDXR,Rendsburg Schachtholm,Germany,8,18.70185984660673,18.70185984660673,460,460,11500,5,5,-0.025199999999999903,-0.025199999999999903,5,0,0,0,0,18000,5,5,0,0,Rendsburg Schachtholm (EDXR)
2026,1,JAN,EDXW,Sylt,Germany,54,792.9239109295111,282.51820588350205,13760,5260,3334.772727272727,21,23,5269.0495,1992.110049999999,59,308.858099248363,175.471724557117,5580,4320,28000,46,54,161.113352,60.820444999999964,Sylt (EDXW)
2026,1,JAN,EEEI,Amari Airbase,Estonia,7,49.595603363710545,36.90661848250101,1020,840,2540.163934426229,2,2,946.9337400000001,928.4191400000001,7,18.17854571634268,0,140,0,24000,6,7,17.94449,0,Amari Airbase (EEEI)
2026,1,JAN,EEKA,Kardla,Estonia,42,15.991720662347,3.7931965442764604,300,100,10000,39,40,19.4544,-6.87435,41,2.15982721382289,2.15982721382289,40,40,9000,40,40,6.90191,6.90191,Kardla (EEKA)
2026,1,JAN,EEKE,Kuressaare,Estonia,54,68.44062017022763,68.44062017022763,1460,1460,16000,44,44,239.23146,239.23146,54,3.899688024958,0,60,0,15000,53,54,3.822,0,Kuressaare (EEKE)
2026,1,JAN,EEPU,Parnu,Estonia,2,16.942865768895206,15.201069628715448,480,460,5768.095238095238,0,1,6.86595,4.6746,1,0,0,0,0,6000,1,1,0,0,Parnu (EEPU)
2026,1,JAN,EETN,Tallinn,Estonia,1432,2496.893533656475,1896.766227419864,45000,38400,11000,913,1010,33673.03223,29087.782106999995,1426,2111.99445439996,1.30898619019569,18547,20,32000,1246,1425,4397.6252602,1.8217499999999998,Tallinn (EETN)
2026,1,JAN,EETU,Tartu,Estonia,55,64.70670133009959,64.70670133009959,1160,1160,16000,47,47,148.75899,148.75899,52,43.7140028797696,0,700,0,18000,51,52,109.26273750000001,0,Tartu (EETU)
2026,1,JAN,EFET,Enontekio,Finland,11,176.592757854835,43.68689032423731,2680,700,37000,7,7,2677.116223,749.0012730000001,11,0,0,0,0,38000,11,11,0,0,Enontekio (EFET)
2026,1,JAN,EFHA,Halli,Finland,3,60.97497011562444,60.97497011562444,2000,2000,2608.602150537634,1,1,1.3096109999999999,1.3096109999999999,3,0,0,0,0,21000,3,3,0,0,Halli (EFHA)
2026,1,JAN,EFHK,Helsinki,Finland,6249,13849.1239613634,9427.930249819423,237580,187900,18600,3618,4181,254536.2561104999,229338.044281,6250,8971.646627246037,283.212893697073,89066,4200,36000,5215,6185,19867.799197,897.457619,Helsinki (EFHK)
2026,1,JAN,EFIM,Immola,Finland,1,36.5403626554426,36.5403626554426,1000,1000,2496.575342465753,0,0,1.9036499999999998,1.9036499999999998,1,0,0,0,0,10000,1,1,0,0,Immola (EFIM)
2026,1,JAN,EFIV,Ivalo,Finland,227,658.1075207952791,539.681124882838,11760,10180,4503.901996370235,92,103,12050.045292,10759.006115,227,306.83051201568003,140.775259640622,4213,2680,36000,209,226,3718.457195,3222.226729999999,Ivalo (EFIV)
2026,1,JAN,EFJO,Joensuu,Finland,41,17.76721785413772,11.21059952646109,300,220,17000,37,37,41.487065,40.975194999999985,41,49.97069746615392,0,640,0,18000,39,41,17.95715000000002,0,Joensuu (EFJO)
2026,1,JAN,EFJY,Jyvaskyla,Finland,94,223.61194174851602,161.576831386613,3900,3080,16000,77,78,367.88446000000005,174.395945,92,23.622588957362172,3.59971202303815,360,100,18000,89,91,19.655609999999978,0.3906,Jyvaskyla (EFJY)
2026,1,JAN,EFKE,Kemi Tornio,Finland,48,111.84860135998501,30.864458735391388,1840,600,20000,42,43,1173.163524999999,173.862125,48,79.31412116724479,0,1020,0,23229.2564655172,33,48,81.24663199999995,0,Kemi Tornio (EFKE)
2026,1,JAN,EFKI,Kajaani,Finland,46,150.48497343127602,30.350870631648508,1960,580,19000,41,44,468.19421,373.95778000000007,46,20.36893181402813,0,280,0,20000,43,46,19.016594999999988,0,Kajaani (EFKI)
2026,1,JAN,EFKK,Kruunupyy,Finland,54,39.02397268871359,39.02397268871359,760,760,18000,50,50,25.51063800000002,25.51063800000002,54,0,0,0,0,19000,54,54,0,0,Kruunupyy (EFKK)
2026,1,JAN,EFKS,Kuusamo,Finland,175,422.61235133104003,220.631224885662,7120,4440,17000,115,138,4389.404811,2604.2986490000003,175,308.14946086163104,11.15530887399137,4020,160,24000,155,174,499.3407465,162.645,Kuusamo (EFKS)
2026,1,JAN,EFKT,Kittila,Finland,357,1394.260944065857,818.774856964665,21880,14400,4837.5,118,160,19581.6944884,14058.2089337,356,234.048025657469,0,2020,0,37000,321,356,276.037303,0,Kittila (EFKT)
2026,1,JAN,EFKU,Kuopio,Finland,162,359.28592456083805,95.14801499982292,6460,2020,17000,144,147,407.57775449999997,262.3949605,165,76.01905858741836,1.7998560115190798,1020,20,20000,158,164,74.63687900000001,-0.7245000000000008,Kuopio (EFKU)
2026,1,JAN,EFMA,Mariehamn,Finland,80,318.657201517947,217.807557809642,6880,4940,12000,49,56,883.74133200000006,338.59173500000003,77,38.04568361803781,2.9484913934157997,460,40,12000,75,76,-5.46298299999999,-0.0423679999999962,Mariehamn (EFMA)
2026,1,JAN,EFMI,Mikkeli,Finland,2,27.985679734117948,8.480321574274031,580,180,6375.860200364299,0,1,50.219139,19.316589,2,0,0,0,0,27000,2,2,0,0,Mikkeli (EFMI)
2026,1,JAN,EFOU,Oulu,Finland,291,582.7961179731931,397.051408582584,10400,7740,20000,190,195,8389.159972,8129.593717000001,296,118.691853932506,9.13224474698047,1300,180,35000,276,295,143.055178,40.61609999999999,Oulu (EFOU)
2026,1,JAN,EFPO,Pori,Finland,60,406.294016096199,369.024706793156,13140,12100,8251.670702179177,29,30,493.448523,480.6285480000001,50,72.80909014385875,72.80909014385875,2040,2040,17000,49,49,6.314699999999999,6.314699999999999,Pori (EFPO)
2026,1,JAN,EFRO,Rovaniemi,Finland,879,1722.159444866338,1197.1375948141,30260,23060,35000,520,566,26973.037955199998,22808.894759,882,679.037673950913,11.256357555911649,5800,180,37000,790,881,820.129124,201.29760000000002,Rovaniemi (EFRO)
2026,1,JAN,EFSA,Savonlinna,Finland,13,49.72757064472352,49.72757064472352,1080,1080,2265.885416666667,3,3,32.805350499999996,32.805350499999996,13,0,0,0,0,18000,13,13,0,0,Savonlinna (EFSA)
2026,1,JAN,EFSI,Seinajoki,Finland,9,7.575656728159309,7.575656728159309,180,180,24000,6,6,9.213745,9.213745,9,0,0,0,0,23000,9,9,0,0,Seinajoki (EFSI)
2026,1,JAN,EFTP,Tampere,Finland,138,690.974716612586,477.11597145898304,15440,12180,12000,73,81,2774.1823285,1528.7801764999992,139,222.97046633279803,51.29589632829373,3180,1140,24000,125,138,195.8870535,-2.70165,Tampere (EFTP)
2026,1,JAN,EFTU,Turku,Finland,201,607.9780406347131,380.47983192483605,11480,8720,10000,90,110,4756.564212,4078.0015920000005,206,155.054810215581,13.130451707364038,1800,540,29000,195,205,162.486422,6.86805,Turku (EFTU)
2026,1,JAN,EFVA,Vaasa,Finland,129,240.45077743198502,165.710595633629,5120,4140,16000,105,106,831.300305,807.1899480000001,130,132.459929736628,0,1780,0,20000,120,130,164.93219000000002,0,Vaasa (EFVA)
2026,1,JAN,EGAA,Belfast Aldergrove,United Kingdom,1678,5012.36442418081,3104.846710293692,83740,62060,24000,1019,1125,55690.5807425,45094.7453685,1687,2359.487461119556,117.913391126661,21780,2100,27000,1461,1659,4124.8091635,612.5613900000001,Belfast Aldergrove (EGAA)
2026,1,JAN,EGAB,Enniskillen,United Kingdom,3,13.04780004951379,13.04780004951379,300,300,4000,2,2,103.52369999999999,103.52369999999999,2,18.070554355651538,18.070554355651538,260,260,12000,1,1,61.73999999999999,61.73999999999999,Enniskillen (EGAB)
2026,1,JAN,EGAC,Belfast City,United Kingdom,1136,3906.7298345875843,1988.2149184447883,66080,39460,13000,557,674,27753.3196647,20079.4193787,1132,1327.0619555701792,250.82656956966002,15760,3860,17000,963,1050,2456.386926,1451.002999,Belfast City (EGAC)
2026,1,JAN,EGAE,City of Derry,United Kingdom,146,432.7625847962221,388.525475489104,7940,7400,24000,88,91,3922.3794619999994,3805.398537,145,103.628693180149,0,920,0,33000,136,145,215.82567,0,City of Derry (EGAE)
2026,1,JAN,EGBB,Birmingham,United Kingdom,3071,45542.2939058382,3473.7947579313923,487760,67780,9041.666666666666,766,2084,308946.36487369996,68931.7756965,3084,7155.345359336462,453.74602447820604,66727,6827,33000,2373,2990,14647.723119000002,2396.759030499999,Birmingham (EGBB)
2026,1,JAN,EGBE,Coventry,United Kingdom,1,40.70031870485803,0,860,0,7885,0,1,5.4243,0,4,2.15982721382289,2.15982721382289,40,40,8500,3,3,0.04305,0.04305,Coventry (EGBE)
2026,1,JAN,EGBG,Leicester,United Kingdom,2,28.59248092997154,0,400,0,21995,0,2,0.8670372000000005,0,1,0,0,0,0,21000,1,1,0,0,Leicester (EGBG)
2026,1,JAN,EGBJ,Gloucestershire,United Kingdom,48,934.78992866419,299.279732109913,13480,6880,3272.92395104895,8,18,1915.1135628000002,547.66644900000006,125,343.12926718145604,141.672111226229,5340,3460,8000,84,100,369.250463,133.6833018,Gloucestershire (EGBJ)
2026,1,JAN,EGBO,Wolverhampton,United Kingdom,4,29.81461483081363,9.638228941684691,640,240,5567.416666666666,0,2,7.440825,1.2505499999999998,2,1.22254370593749,1.22254370593749,20,20,7950.943396226416,1,1,0.3065999999999999,0.3065999999999999,Wolverhampton (EGBO)
2026,1,JAN,EGBP,Costwold,United Kingdom,15,446.02738301654205,78.6803979980977,5980,1840,3003.125,1,4,2543.850045499999,1006.2105185,10,31.172706290644207,9.69934760431521,400,140,17984.242424242402,4,7,15.3405995,-0.1414350000000013,Costwold (EGBP)
2026,1,JAN,EGBT,Turweston,United Kingdom,2,20.187426803329508,20.187426803329508,440,440,3871.6607117330354,0,0,1.1392499999999999,1.1392499999999999,2,0,0,0,0,9000,2,2,0,0,Turweston (EGBT)
2026,1,JAN,EGBW,Wellesbourne Mountford,United Kingdom,3,7.42503390426435,2.51142699281729,100,40,13000,1,2,26.6175,9.66,20,48.524143250709955,1.42093895646243,440,20,8500,17,19,68.46210499999998,5.945625,Wellesbourne Mountford (EGBW)
2026,1,JAN,EGCC,Manchester,United Kingdom,6699,60748.98468264491,29375.8661988352,818580,481000,7028.125,2395,3034,723594.3794010999,484987.4881578999,6750,19913.081071501703,1119.3920541503471,170881,15980,34980.9994462901,4961,6512,46701.302348000005,12549.860848,Manchester (EGCC)
2026,1,JAN,EGDM,Boscombe Down,United Kingdom,3,165.639791017089,148.252509585811,3520,3280,2749.450549450549,0,0,2548.25739,2449.45505,2,6.47948164146868,0,100,0,26550,1,2,65.46439999999998,0,Boscombe Down (EGDM)
2026,1,JAN,EGDY,Yeovilton,United Kingdom,1,212.868970482361,0,3800,0,10033.3333333333,0,1,292.46658,0,,,,,,,,,,,Yeovilton (EGDY)
2026,1,JAN,EGEC,Campbeltown,United Kingdom,12,14.30559686068125,14.30559686068125,400,400,6000,7,7,31.78690999999999,31.78690999999999,37,60.491040731463585,47.50147260946397,1132,1032,6000,32,33,18.53627000000001,7.041919999999999,Campbeltown (EGEC)
2026,1,JAN,EGEO,Oban,United Kingdom,4,99.93215927341195,2.51979841612672,1460,60,13525,2,2,12.822649999999971,4.98015,4,0,0,0,0,25000,4,4,0,0,Oban (EGEO)
2026,1,JAN,EGFE,Haverfordwest,United Kingdom,11,7.7143134838996,7.7143134838996,160,160,18000,9,9,-7.543200499999999,-7.543200499999999,9,0,0,0,0,19000,9,9,0,0,Haverfordwest (EGFE)
2026,1,JAN,EGFF,Cardiff,United Kingdom,302,7494.483670061899,2687.7815275289,132420,84160,5297.5,62,143,23255.7000215,8748.0351605,270,1488.709626923548,213.10997489738,18174,6074,29000,188,261,1927.8518199999992,76.37751500000003,Cardiff (EGFF)
2026,1,JAN,EGFH,Swansea,United Kingdom,1,0,0,0,0,24000,1,1,0,0,1,0,0,0,0,27000,1,1,0,0,Swansea (EGFH)
2026,1,JAN,EGGD,Bristol,United Kingdom,2166,45884.1095162994,2561.26476025813,475240,48440,16017.894088670002,443,1511,259779.6760508999,35781.002747700004,2182,9132.11380591456,32.33935756779294,77460,440,33000,1508,2170,14871.0597945,237.956972,Bristol (EGGD)
2026,1,JAN,EGGP,Liverpool,United Kingdom,1241,10519.5096824406,6613.910571150506,172080,131280,3099.0261716372493,342,443,113213.0212389999,95804.3754465,1254,3601.741849879543,215.14703001091902,32800,3620,30000,959,1183,6158.691656999999,1338.043492,Liverpool (EGGP)
2026,1,JAN,EGGW,London Luton,United Kingdom,4575,108318.90666356131,19316.3557089045,1296000,330260,5870,363,1880,954797.8339268,268379.2158102,4552,16765.146507089197,2893.933289394779,161153,41993,35000,2802,3845,56901.690249800005,26504.4344939,London Luton (EGGW)
2026,1,JAN,EGHC,Lands End,United Kingdom,1,0,0,0,0,8000,1,1,0,0,1,0,0,0,0,7000,1,1,0,0,Lands End (EGHC)
2026,1,JAN,EGHH,Bournemouth,United Kingdom,354,6094.627934159354,2372.839228243547,86946,45826,6803.229166666668,69,153,69182.48222749999,40266.7832725,361,2198.8230539480373,476.661200148853,21340,6020,25000,187,275,7801.2449712,2575.837582,Bournemouth (EGHH)
2026,1,JAN,EGHI,Southampton,United Kingdom,656,11517.960279239402,3071.219783299959,177120,62640,4884.027777777778,73,257,43413.955944400004,12502.3857642,646,2639.4432276105904,545.019439767001,34094,8854,13997.2972972973,428,560,3103.2996264000003,788.404489,Southampton (EGHI)
2026,1,JAN,EGHL,Lasham,United Kingdom,10,248.287975928849,144.64229810339899,4440,3080,2725.2717391304354,0,2,3418.4350652,1646.3455450000001,10,38.35150330830676,35.47816174706022,520,480,7100,4,5,254.90583999999998,252.41209,Lasham (EGHL)
2026,1,JAN,EGJA,Alderney,Guernsey,27,28.89059782609792,28.89059782609792,680,680,6000,23,23,-3.21998400000001,-3.21998400000001,22,5.08929679298425,5.08929679298425,100,100,7000,21,21,1.4187598,1.4187598,Alderney (EGJA)
2026,1,JAN,EGJB,Guernsey,Guernsey,533,2937.763402949697,1524.178254060055,54860,34060,12000,337,375,7823.915266,4775.219869999999,496,658.551609798916,211.365895536925,9100,3860,15000,457,487,1090.258277199999,549.1678370000001,Guernsey (EGJB)
2026,1,JAN,EGJJ,Jersey,Jersey,617,3782.143249401317,2310.8931433491334,67300,51000,3286.433209647495,240,275,31735.998178,28154.410806,538,1179.445325091784,169.51528312188802,12851,2940,19000,459,533,1824.9084808,4.27404,Jersey (EGJJ)
2026,1,JAN,EGKA,Shoreham,United Kingdom,9,152.394050782513,136.225344279033,4380,4060,2439.0109890109884,0,0,33.44596949999999,34.87312949999999,5,46.99614870115137,7.639103157461689,720,160,12031.034482758601,2,4,1.4401279999999999,0,Shoreham (EGKA)
2026,1,JAN,EGKB,London Biggin Hill,United Kingdom,655,14176.797608775601,8309.205354005964,211704,143364,3235.869565217391,23,40,39681.3083378,26216.4085303,648,2244.28801991315,468.046189669582,25960,7660,21056.0057471264,366,503,2666.5750865999994,778.9421532,London Biggin Hill (EGKB)
2026,1,JAN,EGKK,London Gatwick,United Kingdom,7755,139873.298613932,12110.829241237,1567720,218620,9013.333333333332,1374,5100,1289205.1652345,284720.31980399997,7800,28812.5457055357,6052.237132790536,280810,85760,33000,4555,6360,142122.8796809999,82783.22624,London Gatwick (EGKK)
2026,1,JAN,EGKR,Redhill,United Kingdom,2,1.4398848092152599,0,40,0,7975.833333333332,1,2,0,0,2,1.9634792852935399,1.9634792852935399,60,60,7000,1,1,0.2315250000000002,0.2315250000000002,Redhill (EGKR)
2026,1,JAN,EGLC,London City,United Kingdom,1743,39817.114420638805,30187.5454619514,629100,524300,2720,14,19,386044.79358339997,340903.0653852,1747,9394.584487938262,5847.914533520453,118300,87280,7910.714285714286,519,678,56314.7418424,50699.6826944,London City (EGLC)
2026,1,JAN,EGLF,Farnborough,United Kingdom,1013,25463.324213584197,10519.2011725763,371060,200600,2966.923076923076,5,20,99432.63919490001,54383.23704660001,1031,5697.733585312715,1739.7234018304762,64321,29660,18009.523809523802,416,658,12683.503989,7107.1372865,Farnborough (EGLF)
2026,1,JAN,EGLK,Blackbushe,United Kingdom,27,459.031576447108,154.03457382884702,7440,3140,3120,2,5,372.928168,95.11799649999998,34,66.3756637003424,49.56314710043852,1420,1180,10971.6666666667,23,27,43.102945999999996,21.01490999999999,Blackbushe (EGLK)
2026,1,JAN,EGLL,London Heathrow,United Kingdom,19226,452692.3655673851,42932.76825643951,6292680,754380,8000,1370,12047,9596771.086279,1410922.7191445,19308,90617.2425489834,37660.709851493804,918605,481660,29071.4015151515,9002,12890,711105.552641,530462.354792,London Heathrow (EGLL)
2026,1,JAN,EGMC,London Southend,United Kingdom,235,4733.79030773036,2222.681265775518,78280,49440,3581.176470588235,29,65,32136.658668,17617.644768,227,1203.269244227157,207.012616070033,13080,3520,21000,89,165,5683.3677529999995,1393.862288,London Southend (EGMC)
2026,1,JAN,EGMD,Lydd,United Kingdom,17,222.5891564581,74.28430899931307,4040,1840,4000,8,10,169.61025,74.57889000000002,8,36.71569102947636,9.02627789776818,480,180,8996.666666666666,3,5,14.9754463,5.5503029999999995,Lydd (EGMD)
2026,1,JAN,EGNC,Carlisle,United Kingdom,11,60.698856085769016,4.33944239468093,800,80,14000,5,10,-2.327858,3.366825,10,21.81236017954506,21.81236017954506,320,320,18500,8,8,7.1274,7.1274,Carlisle (EGNC)
2026,1,JAN,EGNE,Retford Gamston,United Kingdom,13,207.521167101536,63.76350623755877,3800,1520,8040,4,9,54.045452999999995,-29.65924599999998,16,24.34798764485936,10.7271418286537,360,180,10000,12,14,29.936599999999988,3.687915,Retford Gamston (EGNE)
2026,1,JAN,EGNH,Blackpool,United Kingdom,32,444.142476415973,180.09121625664,6880,4100,2828.295928877324,2,4,1181.096012499999,768.203616,33,87.03310602909711,14.57829009438834,1160,240,19000,24,28,87.780192,32.826254999999996,Blackpool (EGNH)
2026,1,JAN,EGNJ,Humberside,United Kingdom,118,1057.477042628944,404.77109629551705,16760,8800,3301.4634360052783,34,54,5595.6837732,2899.4191027,109,242.28314160131,37.043404948656715,3380,600,27000,86,106,413.7046685,70.07765629999999,Humberside (EGNJ)
2026,1,JAN,EGNL,Barrow Walney Island,United Kingdom,107,311.570628859774,156.049526758704,4760,2940,18000,51,65,-50.53813899999998,-122.800174,104,77.1477944876891,0,940,0,23000,84,104,46.19022399999998,0,Barrow Walney Island (EGNL)
2026,1,JAN,EGNM,Leeds,United Kingdom,881,9589.373742189971,2535.457421871053,128740,51400,6902.325581395348,246,427,66361.819423,31578.0405385,874,2363.574983871154,99.9163496116755,21040,1400,33000,673,852,2485.303817,507.99443700000006,Leeds (EGNM)
2026,1,JAN,EGNO,Warton,United Kingdom,33,298.83711851221705,101.150186002096,4220,2060,8884.69696969697,4,18,684.941805,601.382305,31,39.13317466233233,2.9397648188145,380,40,19000,25,29,11.865236999999999,7.9091249999999995,Warton (EGNO)
2026,1,JAN,EGNR,Hawarden,United Kingdom,75,1009.4200317658551,644.5476453938691,17220,13220,2612.260273972602,1,3,14548.691251,13248.572415999999,66,129.948889543063,24.20753553791942,1380,440,29000,51,61,195.859116,77.00652499999998,Hawarden (EGNR)
2026,1,JAN,EGNS,Isle of Man,Isle of Man,404,3338.3403874289443,1908.1876784195501,61340,42780,3324.166666666666,131,160,17630.9090175,8676.856673,397,464.92639692293204,138.364510570076,5860,2340,13000,360,388,465.80979080000003,83.66058549999998,Isle of Man (EGNS)
2026,1,JAN,EGNT,Newcastle,United Kingdom,1302,15974.6553690976,2069.769320797448,169340,41720,15993.6827956989,465,820,87505.3716667,33152.9606505,1305,2903.675081869685,30.37635790980039,25680,560,31000,979,1298,6501.010806699999,173.867412,Newcastle (EGNT)
2026,1,JAN,EGNV,Durham Teesside,United Kingdom,161,1544.362745394075,835.1898734375139,26340,18840,3953.333333333333,42,66,12222.548677,8748.059516,153,284.380016078372,13.68444370604197,2740,200,31000,119,152,487.00410980000004,1.8524619999999998,Durham Teesside (EGNV)
2026,1,JAN,EGNX,East Midlands,United Kingdom,1524,19513.726776145202,2327.374546819874,211060,46200,17040.2631578947,475,1024,132497.02916989988,55599.090332700005,1555,3345.909635328337,41.350861908651645,29276,616,32000,1282,1537,7207.8957195,873.3731,East Midlands (EGNX)
2026,1,JAN,EGOV,Valley,United Kingdom,1,143.688820591953,25.25879828475405,2300,620,2339.0804597701144,0,0,376.737405,126.758605,,,,,,,,,,,Valley (EGOV)
2026,1,JAN,EGPA,Kirkwall,United Kingdom,176,826.338285962746,772.385299876051,18000,17280,6576.814118882226,87,87,2301.850046,2302.760895999999,168,372.469269962721,97.63528271938115,5300,1540,13000,150,157,223.782028,101.92690300000001,Kirkwall (EGPA)
2026,1,JAN,EGPB,Sumburgh,United Kingdom,275,1768.904773791581,1125.210529521599,37760,29820,2442.775041050902,69,76,4509.928678999999,4674.249494,274,324.757791903154,8.53691202349024,4520,140,16000,257,272,293.678059,19.43470999999999,Sumburgh (EGPB)
2026,1,JAN,EGPC,Wick,United Kingdom,37,703.467322386723,447.424811742866,16380,10680,2446.8085106382973,8,11,-110.5951305,-158.0478255,40,10.48306379392089,0,140,0,12000,37,40,0.11969949999999921,0,Wick (EGPC)
2026,1,JAN,EGPD,Aberdeen,United Kingdom,1148,7937.255175352905,4417.739437821881,140040,93400,3433.011363636363,353,455,80629.153271,61955.439334,1147,1594.0992434725401,71.57098287600301,18120,1420,33000,1021,1139,2219.052180499999,44.046765,Aberdeen (EGPD)
2026,1,JAN,EGPE,Inverness,United Kingdom,326,2064.4743135900344,1188.3354472769652,37920,28460,8000,119,166,14909.829278,10964.488415,325,611.32199412006,282.35470329040305,11220,8200,33000,278,323,801.262273,424.518646,Inverness (EGPE)
2026,1,JAN,EGPF,Glasgow,United Kingdom,2425,11175.22607295,7017.2899972984205,185990,134930,6528.333333333333,1012,1186,128384.8098705,97279.837249,2426,4038.7848526001103,563.9271953261771,44674,11694,33000,2023,2370,6688.5573315,905.54261,Glasgow (EGPF)
2026,1,JAN,EGPH,Edinburgh,United Kingdom,3834,16306.2507050704,5347.649434961043,221700,102200,17033.602150537597,1832,2471,169533.7055765,96588.32327600001,3855,6002.484476043187,78.63890336940008,54340,1080,35000,3241,3833,9176.3581675,716.373199,Edinburgh (EGPH)
2026,1,JAN,EGPI,Islay,United Kingdom,60,197.565650655537,190.25823524877,4680,4580,8000,37,37,469.15033100000005,469.26268100000004,60,2.51979841612671,2.51979841612671,60,60,9000,58,58,3.2198249999999997,3.2198249999999997,Islay (EGPI)
2026,1,JAN,EGPK,Prestwick,United Kingdom,318,5217.993342495623,2598.037892148658,83298,55078,5761.190476190476,85,111,107791.1573211999,73221.0014627,314,1151.8706312752379,238.568089368116,13240,5660,31061.666666666697,231,296,4020.4383576999994,1671.862841999999,Prestwick (EGPK)
2026,1,JAN,EGPL,Benbecula,United Kingdom,68,545.037517192262,445.86074790516705,13060,11040,2572.812088274045,12,12,2225.4073054999994,1730.6688355000001,45,11.367380364441988,11.367380364441988,160,160,17000,43,43,8.47508,8.47508,Benbecula (EGPL)
2026,1,JAN,EGPN,Dundee,United Kingdom,81,734.221326761839,535.010000869239,17200,13600,2806.666666666666,12,16,3417.3976831999994,2558.1953051999994,81,271.35649406723104,16.85560521291019,2980,240,21000,68,79,129.39118249999999,26.71252499999999,Dundee (EGPN)
2026,1,JAN,EGPO,Stornoway,United Kingdom,186,1948.575563578624,1401.6425488243792,41100,32160,2529.4682287996234,38,43,7114.6069555,6016.7440835,171,145.44855503791499,81.65743287186812,2167,1320,17000,160,166,208.387963,160.35808500000002,Stornoway (EGPO)
2026,1,JAN,EGPR,Barra,United Kingdom,17,23.055016358185,3.2206031112447695,580,60,8000,14,16,20.511689999999998,-1.62855,38,82.71954152758686,82.71954152758686,2104,2104,9000,31,31,68.14096699999997,68.14096699999997,Barra (EGPR)
2026,1,JAN,EGPT,Perth Scone,United Kingdom,2,17.610467776638078,17.610467776638078,320,320,15462.195121951201,1,1,16.082854999999988,16.082854999999988,4,0.9817396426467706,0.9817396426467706,20,20,10500,3,3,0.9911999999999999,0.9911999999999999,Perth Scone (EGPT)
2026,1,JAN,EGPU,Tiree,United Kingdom,20,39.71442743581232,39.71442743581232,960,960,8000,17,17,14.25207,14.25207,48,38.97179134760127,38.97179134760127,980,980,7000,44,44,32.67338,32.67338,Tiree (EGPU)
2026,1,JAN,EGQL,Leuchars,United Kingdom,1,3.03725701943841,0,40,0,9971.666666666666,0,1,3.82725,0,1,0,0,0,0,25000,1,1,0,0,Leuchars (EGQL)
2026,1,JAN,EGQS,Lossiemouth,United Kingdom,8,137.50912689078902,57.16106114309439,2340,1180,2709.7688462587203,2,2,7178.333609999999,3363.37166,11,9.56323494120471,0,80,0,31000,9,11,37.86268,0,Lossiemouth (EGQS)
2026,1,JAN,EGSC,Cambridge,United Kingdom,50,1208.890686193028,958.2068201468861,33360,29140,2500,2,7,1016.0024825,683.0034595000001,29,187.22556576876102,135.015033106069,2980,2340,20961.666666666697,15,20,276.941795,194.925195,Cambridge (EGSC)
2026,1,JAN,EGSH,Norwich,United Kingdom,178,3255.4149076057283,583.743965241204,38300,12520,3649.05891210239,32,83,15123.573379,5839.408111000001,178,758.0646830380861,0,8620,0,23000,125,178,2426.521879,0,Norwich (EGSH)
2026,1,JAN,EGSS,London Stansted,United Kingdom,6807,99874.35022459911,12079.9777658067,1144360,226280,12046.6666666667,1528,4710,824572.2557032,258606.1664034,6823,17994.9945120867,1884.2869666977101,161220,26120,36000,4823,6238,51222.404240100004,22037.2714662,London Stansted (EGSS)
2026,1,JAN,EGSX,North Weald,United Kingdom,4,232.441574833797,221.77988231465403,5137,4837,3138.324519316426,0,0,-8.52831000000001,-9.87231000000001,3,13.53748842949707,1.7998560115190798,160,40,9000,1,2,-2.902201,-0.21839999999999993,North Weald (EGSX)
2026,1,JAN,EGSY,St Athan,United Kingdom,8,194.630308184891,48.25288764848278,2400,960,3316.618114406779,1,2,2046.175735,1146.41754,1,3.95890742533701,3.95890742533701,60,60,4265.571120689655,0,0,39.90157,39.90157,St Athan (EGSY)
2026,1,JAN,EGTB,Wycombe Air Park,United Kingdom,3,20.5363570914327,0,300,0,10065,2,3,0,0,3,8.93055828261012,8.93055828261012,160,160,9963.636363636362,1,1,0,0,Wycombe Air Park (EGTB)
2026,1,JAN,EGTC,Cranfield,United Kingdom,53,1279.7305370387621,1071.5735254229169,39180,36640,3128.484848484848,7,11,1014.75627,752.5595800000001,23,168.317177011326,34.45576702450745,2060,740,10000,11,15,333.64711800000003,93.143365,Cranfield (EGTC)
2026,1,JAN,EGTE,Exeter,United Kingdom,237,2516.3828717278984,1418.7057509670249,39960,27660,4015.6449553001285,66,99,8112.148575,5641.7036929999995,227,653.5789824440229,54.71631691833064,7100,800,20000,175,217,835.3593032,71.16840300000001,Exeter (EGTE)
2026,1,JAN,EGTF,Fairoaks,United Kingdom,51,587.809833567085,182.393471358735,9560,3360,5700,3,17,205.774374,45.6960255,56,183.91160314854602,48.73361755403854,2980,880,16500,31,40,80.77263899999998,29.64937499999999,Fairoaks (EGTF)
2026,1,JAN,EGTK,Oxford,United Kingdom,261,6626.067176089442,4446.403809455744,149680,120720,2655,12,28,11399.0774834,8172.101783199999,278,1117.1475971396571,688.1963600017941,18860,14400,8137.7380952380945,152,178,626.8559623,240.9325275,Oxford (EGTK)
2026,1,JAN,EGTR,Elstree,United Kingdom,10,236.00120022720301,219.978568994223,4880,4520,2803.333333333333,1,1,5.15156950000001,3.22009450000001,11,20.002399808015362,15.502759779217659,500,440,12000,9,10,1.552425,1.52985,Elstree (EGTR)
2026,1,JAN,EGUL,Lakenheath,United Kingdom,10,149.178038107182,0,1280,0,26000,5,10,992.4312600000001,0,21,128.66750911576602,45.62477522130112,2260,1540,27000,9,19,1149.8213637000001,765.7336037,Lakenheath (EGUL)
2026,1,JAN,EGUN,Mildenhall,United Kingdom,50,1153.2445859547,66.67369059722411,12440,1340,20015,15,43,20148.6568488,3947.8816459999994,50,301.15223815214097,29.769618430525547,2940,360,21450,25,48,2725.116170999999,382.88248000000004,Mildenhall (EGUN)
2026,1,JAN,EGUW,Wattisham,United Kingdom,3,83.37050044794053,3.0761175469598103,1060,60,7008.333333333333,0,1,7.92684419999999,0.6279005000000001,2,20.09918153916106,0,340,0,18485,1,2,12.18717099999999,0,Wattisham (EGUW)
2026,1,JAN,EGVA,Fairford,United Kingdom,21,487.26977739464,199.371800424212,6660,4020,2302.222222222222,0,1,17992.319375,14250.6332,28,136.928237064728,38.04895608351332,1380,500,25270.833333333303,12,22,1165.938282,900.9651600000001,Fairford (EGVA)
2026,1,JAN,EGVN,RAF Brize Norton,United Kingdom,118,4693.194547588805,1425.634122838286,62560,28380,2851.7171717171714,5,18,121977.812087,65966.449556,121,605.686732105557,107.00769546169501,5940,1440,27393.333333333303,57,94,5517.185016,1834.250139,RAF Brize Norton (EGVN)
2026,1,JAN,EGVO,Odiham,United Kingdom,1,2.5197984161267097,2.5197984161267097,40,40,4330,0,0,2.4947999999999997,2.4947999999999997,1,0,0,0,0,15000,1,1,0,0,Odiham (EGVO)
2026,1,JAN,EGWU,Northolt,United Kingdom,279,6106.9819079865665,2654.167194191276,104220,57780,2854.545454545454,4,10,27623.0078012,15827.1897176,270,1710.4758522583072,301.040616254264,16460,4240,21000,126,190,2579.2865002999993,664.316354,Northolt (EGWU)
2026,1,JAN,EGXC,Coningsby,United Kingdom,3,55.916679752951445,19.520189421044098,840,400,1997.717601547388,0,0,83.70590999999997,97.91512999999999,4,14.940131570801109,0,160,0,22500,3,4,69.84073999999998,0,Coningsby (EGXC)
2026,1,JAN,EGXT,Wittering,United Kingdom,1,22.4143588064184,22.4143588064184,420,420,2283.9080459770107,0,0,46.40320999999999,46.40320999999999,,,,,,,,,,,Wittering (EGXT)
2026,1,JAN,EGXW,Waddington,United Kingdom,14,892.8381892379731,129.668635459479,14080,2460,3267.8954380864952,0,4,7149.911684999999,3944.942589499999,13,208.619241221802,0,4660,0,14000,8,13,17392.9528845,0,Waddington (EGXW)
2026,1,JAN,EGYD,Cranwell,United Kingdom,4,75.37726256887642,17.981163509646258,1000,400,2933.893111861861,0,1,129.56686,61.00972999999999,15,57.700562820510925,0,840,0,14033.3333333333,8,15,118.8447755,0,Cranwell (EGYD)
2026,1,JAN,EGYM,Marham,United Kingdom,1,11.89619116184991,2.57122287359869,140,60,2557.142857142856,0,0,43.2705,21.1344,,,,,,,,,,,Marham (EGYM)
2026,1,JAN,EHAM,Amsterdam,Netherlands,16065,182625.7859251423,120692.4474364596,2712920,2133940,2947.272727272727,2955,4148,3083659.825268,2725606.2846739,16119,45645.6955226243,466.817932140867,381297,6300,35000,12103,16003,87131.7361327,5214.6022969999995,Amsterdam (EHAM)
2026,1,JAN,EHBD,Weert,Netherlands,22,677.676746622364,248.067795551737,10520,5380,2441.997354497354,2,3,369.7610745,179.6180305,25,360.211716455266,223.11219939317098,10497,8517,7000,19,21,204.00158650000003,149.886188,Weert (EHBD)
2026,1,JAN,EHBK,Maastricht,Netherlands,170,4747.527267167873,1274.55997583301,61700,27060,3958.9289168278533,13,39,37442.9989433,10097.4470645,172,750.532200500224,158.14475829514,8560,2860,23986.666666666697,122,158,1004.714062499999,49.76499049999996,Maastricht (EHBK)
2026,1,JAN,EHEH,Eindhoven,Netherlands,1390,17853.5851623023,2672.9925747218504,197960,48700,17363.3995037221,389,870,126900.880629,50882.560838,1386,5554.896487486529,32.74701418225468,46362,420,35032.0714285714,968,1376,8041.920016,300.058423,Eindhoven (EHEH)
2026,1,JAN,EHGG,Groningen,Netherlands,153,2248.09892258817,1922.248001003989,63220,58860,2399.706744868035,32,44,2176.1095932999992,1704.143415,143,614.2439213067761,414.56095651931304,13020,11280,10000,114,129,607.3617655,400.0948435,Groningen (EHGG)
2026,1,JAN,EHKD,De Kooy,Netherlands,3,87.71368099463228,87.71368099463228,1900,1900,1949.137931034482,0,0,-153.7249405,-153.7249405,2,69.08408318046628,69.08408318046628,1160,1160,16084.5238095238,1,1,43.27472899999999,43.27472899999999,De Kooy (EHKD)
2026,1,JAN,EHLE,Lelystad,Netherlands,42,689.631484115414,464.66924669252006,23604,20804,3061.077122728958,13,15,694.5878035000001,599.965894,45,222.89982058343,197.41899123807602,5569,5269,5000,27,28,101.491548,68.39453299999998,Lelystad (EHLE)
2026,1,JAN,EHLW,Leeuwarden,Netherlands,3,54.44641387227437,42.8566267695283,860,720,2440.4761904761904,0,0,1428.61429,1366.67138,1,0,0,0,0,26000,1,1,0,0,Leeuwarden (EHLW)
2026,1,JAN,EHRD,Rotterdam,Netherlands,816,8942.690493913917,5609.3415785148145,142440,111260,2549.4909502262444,122,213,49905.0184738,43237.226993200005,785,4508.9840075970205,1172.746811315829,51620,22560,33000,461,644,8210.9604095,4025.9429992,Rotterdam (EHRD)
2026,1,JAN,EHSE,Breda Seppe,Netherlands,7,44.62874692155665,30.78674805232262,940,740,3000,1,1,40.96113,42.39332999999999,5,11.146558066942369,11.146558066942369,242,242,5000,3,3,3.287025,3.287025,Breda Seppe (EHSE)
2026,1,JAN,EHTE,Teuge,Netherlands,12,62.61142513251945,62.61142513251945,1680,1680,3000,7,7,13.54501,13.54501,15,36.17710583153347,36.17710583153347,1350,1350,5000,14,14,4.44728,4.44728,Teuge (EHTE)
2026,1,JAN,EHTW,Enschede,Netherlands,9,79.5576586370062,45.89405442875154,1380,1060,22034.615384615397,4,6,458.65579,392.81029,7,24.093268250947638,0,260,0,17993.469174503698,5,7,5.244487500000009,0,Enschede (EHTW)
2026,1,JAN,EHVK,Uden Volkel,Netherlands,1,4.847699351122119,4.847699351122119,120,120,2350.255582458972,0,0,702.8155,702.8155,1,0,0,0,0,31000,1,1,0,0,Uden Volkel (EHVK)
2026,1,JAN,EHWO,Woensdrecht Airbase,Netherlands,4,68.74254793631147,51.38069144872499,1060,880,2230.7159470118313,0,0,593.850595,536.126795,1,5.323015717184179,5.323015717184179,80,80,5041.0714285714275,0,0,15.80248999999997,15.80248999999997,Woensdrecht Airbase (EHWO)
2026,1,JAN,EICK,Cork,Ireland,802,5462.817452727303,2360.577309426285,85280,55860,34000,431,536,28209.6648254,20060.9265434,804,2012.2805230435201,261.32109431245505,20800,6420,33970.7859848485,664,802,1547.3462839999993,246.47333400000002,Cork (EICK)
2026,1,JAN,EIDL,Donegal,Ireland,66,74.96463567643288,46.54375818384157,1720,1300,14000,52,55,341.393572,292.20448500000003,65,3.08089638543202,0,40,0,15000,64,65,0.4199999999999999,0,Donegal (EIDL)
2026,1,JAN,EIDW,Dublin,Ireland,9306,51958.029794207905,27168.198344640703,792900,493760,7960,3614,4750,699228.8888362,509679.7891369999,9336,18984.626387706696,216.377252515315,159927,5150,34050.7560483871,7653,9284,16391.9279233,2306.1561725,Dublin (EIDW)
2026,1,JAN,EIKN,Ireland West,Ireland,220,814.5333452193581,384.510096465376,12160,7420,34500,170,193,9327.311259,6159.276321,217,453.2813559301161,2.45434910661692,3660,40,34997.692307692305,189,216,399.24863500000004,10.47636999999999,Ireland West (EIKN)
2026,1,JAN,EIKY,Kerry,Ireland,153,454.97894716929403,133.14600578367302,5480,2440,24000,111,126,1825.560064,979.1708740000001,151,125.48849723243201,7.841727155856439,1020,120,27000,141,146,72.83752000000004,72.51771999999998,Kerry (EIKY)
2026,1,JAN,EIME,Baldonnel Airbase,Ireland,32,379.03003002784203,248.434004044368,6940,5120,3615.182926829268,5,5,256.335932,156.246097,35,98.19996221442543,14.80796920861715,1280,340,23000,25,32,56.38267949999999,7.60670999999999,Baldonnel Airbase (EIME)
2026,1,JAN,EINN,Shannon,Ireland,749,3450.776000378847,1704.704865415507,51140,32660,32056.666666666697,401,472,45631.807611000004,33669.5949095,755,2175.336122616575,0.9772159403718276,18548,20,35000,622,754,6795.4253125,17.495104999999988,Shannon (EINN)
2026,1,JAN,EISG,Sligo,Ireland,2,5.762293889052589,1.8101100637586098,100,40,4326.81784107946,1,1,0.6196049999999991,-1.021545,3,0,0,0,0,15000,3,3,0,0,Sligo (EISG)
2026,1,JAN,EIWF,Waterford,Ireland,12,86.38392456641266,41.98124301470306,1820,1100,6575,5,6,77.56291499999998,24.322714999999977,13,55.791989842783,0,740,0,19025.8620689655,10,13,15.19378679999999,0,Waterford (EIWF)
2026,1,JAN,EIWT,Weston,Ireland,18,245.801373091124,143.520082337091,4520,2860,2629.7369375907115,4,7,-0.2835609999999815,-19.830753999999988,19,80.21549911593928,69.54147498908894,1533,1413,13000,12,13,25.380223999999988,7.889704,Weston (EIWT)
2026,1,JAN,EKAH,Aarhus,Denmark,244,1227.593412562178,911.145407557234,21940,18000,10000,120,129,5372.258221,3838.575061,242,158.96216378393603,3.29608889647491,1460,60,14000,226,241,251.33505,13.05017999999999,Aarhus (EKAH)
2026,1,JAN,EKBI,Billund,Denmark,1147,4121.791960996605,2950.9583312203754,72100,60940,4436.666666666668,490,541,57150.744246999995,54000.800753,1150,1339.498257158952,9.155113806719081,11760,280,36000,1006,1147,2150.017555999999,16.19415,Billund (EKBI)
2026,1,JAN,EKCH,Copenhagen,Denmark,9331,49402.1824663075,36070.734249596106,822700,697440,3734.482758620689,3465,3787,741559.5980133999,694116.0528031,9380,12720.0711527155,218.42543966832702,110593,2920,36000,7978,9345,18941.429404000002,949.9562150000002,Copenhagen (EKCH)
2026,1,JAN,EKEB,Esbjerg,Denmark,14,118.096093684276,58.434038304636296,1920,1280,20500.132625994698,7,8,348.3524175,251.22951750000001,14,0,0,0,0,36000,14,14,0,0,Esbjerg (EKEB)
2026,1,JAN,EKHG,Herning,Denmark,1,2.80301105323339,2.80301105323339,40,40,2400,0,0,-7.266,-7.266,2,0,0,0,0,15000,2,2,0,0,Herning (EKHG)
2026,1,JAN,EKKA,Karup Midtjyllands,Denmark,27,152.40056379414798,152.40056379414798,3380,3380,2157.84283513097,8,8,663.6390650000001,663.6390650000001,24,28.55837545721688,0,320,0,28000,22,24,24.946659999999998,0,Karup Midtjyllands (EKKA)
2026,1,JAN,EKMB,Lolland Falster,Denmark,1,0,0,0,0,7000,1,1,0,0,2,0,0,0,0,4000,2,2,0,0,Lolland Falster (EKMB)
2026,1,JAN,EKOD,Odense,Denmark,40,297.599849696693,288.42471273990805,8060,7940,2208.0422794117644,5,5,296.521587,296.521587,41,58.42277004942271,47.69623321438632,1300,1180,27000,38,39,11.10364499999999,5.292,Odense (EKOD)
2026,1,JAN,EKRK,Copenhagen Roskilde,Denmark,119,1349.880341331273,1182.3195396111491,27100,25320,2614.4100580270792,14,14,2384.8628591,2388.3164733000003,121,392.766349219012,211.89459570245202,7120,4540,25000,92,108,123.461759,72.46475279999999,Copenhagen Roskilde (EKRK)
2026,1,JAN,EKRN,Bornholm,Denmark,134,754.7696025465231,644.054341190357,16020,11960,11000,107,108,304.06130350000007,278.2491585,134,196.438599691117,192.228678420303,2980,2920,10000,128,129,-168.876563,-171.480563,Bornholm (EKRN)
2026,1,JAN,EKSB,Soenderborg,Denmark,103,398.18607328495904,315.37428913678104,8580,7400,4000,50,51,1044.2343015000001,1015.4165215,101,16.93337260291904,0.7919366450683949,160,20,17000,98,100,27.637839999999997,0,Soenderborg (EKSB)
2026,1,JAN,EKSP,Vojens,Denmark,9,62.55990195027567,62.55990195027567,1020,1020,6000,3,3,325.99780000000004,325.99780000000004,8,16.82048903829628,0,120,0,24475.78125,6,8,-8.21388,0,Vojens (EKSP)
2026,1,JAN,EKVD,Kolding,Denmark,5,3.01534318812939,3.01534318812939,80,80,23000,3,3,1.755075,1.755075,1,0,0,0,0,24000,1,1,0,0,Kolding (EKVD)
2026,1,JAN,EKVG,Vagar,Faroe Islands,175,1162.3967170788171,1037.626990357443,20900,18440,4333.547748639287,11,11,25469.951883,21715.684788,175,206.46131023509503,0,1720,0,37000,155,175,401.909572,0,Vagar (EKVG)
2026,1,JAN,EKVH,Vesthimmerland,Denmark,1,0,0,0,0,23000,1,1,0,0,1,0,0,0,0,28000,1,1,0,0,Vesthimmerland (EKVH)
2026,1,JAN,EKVJ,Stauning,Denmark,4,27.7783375496329,27.7783375496329,660,660,4845.503875968992,1,1,-0.0682500000000007,-0.0682500000000007,2,0,0,0,0,7500,2,2,0,0,Stauning (EKVJ)
2026,1,JAN,EKYT,Aalborg,Denmark,633,3146.1280627725223,2761.001184052772,61700,56480,3660.526315789474,287,301,22182.3834663,21036.936318,628,1198.588634203782,524.317870236964,15520,8440,24000,577,622,166.6927675,-309.93027900000004,Aalborg (EKYT)
2026,1,JAN,ELLX,Luxembourg,Luxembourg,2340,34844.2487562698,6987.5756606497735,398780,129380,10000,682,1244,410343.0954473,161256.7494864999,2328,8548.350186378817,110.555468788206,74264,2784,31000,1779,2315,19955.8802058,2047.7122279999992,Luxembourg (ELLX)
2026,1,JAN,ENAL,Alesund,Norway,439,555.3508403151011,324.476528330056,9380,6220,25000,328,346,4175.711498499999,2540.4545914999994,432,178.09806660216202,2.46048497938347,1860,40,30983.0952380952,410,431,358.1347804,10.28684869999999,Alesund (ENAL)
2026,1,JAN,ENAN,Andoya,Norway,122,190.32724130022,179.478609190789,4440,4280,9000,107,108,834.6453750000001,828.912915,122,0,0,0,0,11000,122,122,0,0,Andoya (ENAN)
2026,1,JAN,ENAT,Alta,Norway,361,590.8405121286751,469.43671304450504,11260,9880,15000,278,285,6361.3942447,5982.778826499999,358,202.89887327630802,125.235587736584,4869,3889,16000,342,354,317.5516167,185.94874099999998,Alta (ENAT)
2026,1,JAN,ENBL,Forde,Norway,138,108.478609058566,89.70335135766285,2120,1800,22000,119,123,286.25446830000004,238.866175,138,0,0,0,0,23000,138,138,0,0,Forde (ENBL)
2026,1,JAN,ENBN,Bronnoysund,Norway,209,277.156363150023,221.804196495769,5940,5140,19000,170,172,591.9863355,542.5208935,204,11.84540383154015,9.812194395271801,240,200,19979.166666666697,200,201,23.33320499999999,15.97658999999999,Bronnoysund (ENBN)
2026,1,JAN,ENBO,Bodo,Norway,1397,1326.1633881929063,726.9699413908811,22520,13220,13000,1156,1199,9856.6768238,6012.498367,1410,268.28941844607203,33.24211200884506,3360,560,15000,1364,1403,512.1896770000001,64.41008000000001,Bodo (ENBO)
2026,1,JAN,ENBR,Bergen,Norway,2769,3315.3551870078854,1590.716023600976,48060,29540,24000,2223,2319,20075.6688075,15261.1209105,2769,1876.4584082612039,134.33461101460898,20956,3020,25000,2606,2763,2705.5521470000003,141.39648,Bergen (ENBR)
2026,1,JAN,ENBS,Batsfjord,Norway,65,111.83023021749,43.627458455963975,2180,980,5000,52,55,241.89874150000003,60.88735049999999,36,194.104848914227,0,2860,0,16000,34,36,291.92922870000007,0,Batsfjord (ENBS)
2026,1,JAN,ENBV,Berlevag,Norway,66,37.31896251290892,23.824086249639848,740,520,5500,61,62,66.19953199999998,27.36147199999999,44,3.21604365694632,3.21604365694632,60,60,13000,42,42,3.2463379999999997,3.2463379999999997,Berlevag (ENBV)
2026,1,JAN,ENCN,Kristiansand Kjevik,Norway,415,804.5721669545251,647.877127678689,14900,13020,23000,258,264,7111.638762999999,6736.212708,414,456.37039989715805,55.219582433405314,5826,1346,24000,380,413,729.4019940000001,7.497,Kristiansand Kjevik (ENCN)
2026,1,JAN,ENDU,Bardufoss,Norway,120,637.660803747649,254.61031085547,10820,5220,36000,64,86,10732.266660000001,6525.37246,125,200.640265852801,94.35295952185889,2360,1460,38000,116,123,1359.419161999999,1180.237675,Bardufoss (ENDU)
2026,1,JAN,ENEV,Evenes,Norway,408,468.498440965452,306.00286920630907,7840,5700,15000,322,344,4446.8846935,3525.0717815,409,192.469104824629,14.099302187052979,1880,280,20000,380,407,227.82345300000003,76.62865300000001,Evenes (ENEV)
2026,1,JAN,ENFL,Floro,Norway,210,228.67792782923001,93.29861212752418,6440,1860,14000,183,185,251.210455,201.47301000000002,212,192.776591766346,95.87225688511178,4300,2460,15000,201,209,257.297164,213.408755,Floro (ENFL)
2026,1,JAN,ENGM,Oslo,Norway,7794,20817.621810983197,11399.8172025813,325260,204320,21000,4040,4590,277852.92645609996,195736.3563831,7839,6944.285238552924,514.055856867821,64507,8500,35000,6989,7729,8775.2893034,1170.560598999999,Oslo (ENGM)
2026,1,JAN,ENHD,Haugesund,Norway,268,295.71226872082104,243.20029051756202,7120,6380,21000,220,223,2760.3276960000003,2556.83118,266,47.98993661846252,0,400,0,25000,256,266,37.440380000000005,0,Haugesund (ENHD)
2026,1,JAN,ENHF,Hammerfest,Norway,372,164.02519546389001,161.903482847958,3460,3420,15000,347,347,341.7892805,333.9027305,371,125.33008888207401,69.09412319371897,2259,1399,16000,364,368,282.566319,207.520956,Hammerfest (ENHF)
2026,1,JAN,ENHK,Hasvik,Norway,43,1.33135916844648,1.33135916844648,40,40,11000,42,42,12.23355499999999,12.23355499999999,40,93.37434204131898,53.49222648811426,1760,1180,12500,37,38,199.829035,159.688278,Hasvik (ENHK)
2026,1,JAN,ENHV,Honningsvag,Norway,52,73.80799388535017,73.80799388535017,2020,2020,6000,42,42,222.33452200000002,222.33452200000002,47,58.64749812872624,58.64749812872624,1040,1040,8000,41,41,106.45678500000001,106.45678500000001,Honningsvag (ENHV)
2026,1,JAN,ENJA,Jan Mayen,Norway,3,0,0,0,0,26000,3,3,0,0,3,2.2976885253434998,2.2976885253434998,40,40,25000,2,2,16.340619999999998,16.340619999999998,Jan Mayen (ENJA)
2026,1,JAN,ENKB,Kristiansund,Norway,190,240.443021363069,47.39134317277969,3880,840,25000,176,179,2603.482808,663.1247500000001,189,57.69857712558821,0,680,0,24000,183,189,102.369621,0,Kristiansund (ENKB)
2026,1,JAN,ENKJ,Kjeller,Norway,1,0,0,0,0,5000,1,1,0,0,2,1.4398848092152599,1.4398848092152599,40,40,7173.333333333333,1,1,0.33074999999999977,0.33074999999999977,Kjeller (ENKJ)
2026,1,JAN,ENKR,Kirkenes,Norway,271,883.8324201585721,844.3702221925181,16320,15760,5000,184,187,1766.342384,1707.382474,211,136.54958745796998,18.3675305975522,1553,293,24000,196,208,59.24663099999998,-15.34714399999999,Kirkenes (ENKR)
2026,1,JAN,ENLK,Leknes,Norway,261,126.77653310254101,108.74583270143,2460,2200,10000,234,235,108.855445,97.446145,255,29.16748478303553,3.14156685646967,460,60,9000,252,253,27.99141999999999,10.94467999999999,Leknes (ENLK)
2026,1,JAN,ENML,Molde,Norway,158,129.367046255636,26.79891128190328,2040,500,25000,141,150,1087.467279,271.679492,157,53.34226070312872,0,620,0,24000,149,157,101.36291700000001,0,Molde (ENML)
2026,1,JAN,ENMS,Mosjoen,Norway,139,81.55591375974183,55.85079510292139,1620,1220,18000,122,126,284.4961228,254.150541,143,17.60076544733165,0,280,0,17000,137,143,30.610924999999988,0,Mosjoen (ENMS)
2026,1,JAN,ENNA,Banak,Norway,102,171.778386735559,105.227391849633,2960,1820,19000,87,91,1342.7433725,1034.7462645,108,61.186207982340875,1.8381508202748,700,40,20000,103,107,66.74003999999998,8.12385,Banak (ENNA)
2026,1,JAN,ENNM,Namsos,Norway,79,6.7018167958328,6.7018167958328,180,180,11000,77,77,10.18316699999999,10.18316699999999,67,6.20950323974082,0,100,0,11000,65,67,6.631794999999999,0,Namsos (ENNM)
2026,1,JAN,ENNO,Notodden,Norway,1,84.87221022318202,12.73398128149744,2120,360,7400,0,0,3.1248000000000102,1.8227999999999998,2,0,0,0,0,9500,2,2,0,0,Notodden (ENNO)
2026,1,JAN,ENOL,Orland,Norway,53,250.81380472754603,114.89978948073801,3780,2220,18000,39,42,171.403455,220.07425,58,71.54786751675249,10.07919366450683,920,80,20000,54,57,0.9547899999999813,-23.82581,Orland (ENOL)
2026,1,JAN,ENOV,Orsta Volda,Norway,247,242.414502206098,139.750894075758,4860,3220,20000,211,223,743.156367,560.84889,247,6.56626041345265,1.01241900647948,120,20,21000,242,246,19.93267499999999,3.1169249999999997,Orsta Volda (ENOV)
2026,1,JAN,ENRA,Mo i Rana Roessvoll,Norway,236,321.94790391062605,139.977024040989,6180,3220,13000,195,201,687.931468,385.12065800000005,237,31.92169454295732,6.67411723341203,500,100,18000,231,235,33.98671300000001,4.07715,Mo i Rana Roessvoll (ENRA)
2026,1,JAN,ENRK,Rakkestad,Norway,1,13.847642188624908,13.847642188624908,300,300,3685.625,0,0,1.6054499999999998,1.6054499999999998,4,0,0,0,0,5500,4,4,0,0,Rakkestad (ENRK)
2026,1,JAN,ENRM,Rorvik,Norway,79,42.99687252776344,30.50397722254576,820,620,11000,69,70,14.35044129999997,-2.1004587000000097,66,0,0,0,0,13000,66,66,0,0,Rorvik (ENRM)
2026,1,JAN,ENRO,Roros,Norway,50,209.662332564187,202.61250082880102,4300,4200,19000,38,40,1242.053353999999,1232.657954,50,94.54962360939241,0,1320,0,17023,44,50,36.006336999999995,0,Roros (ENRO)
2026,1,JAN,ENRS,Rost,Norway,51,12.52682824334534,12.52682824334534,240,240,8000,47,47,-5.0691299999999995,-5.0691299999999995,48,23.6351935834903,23.6351935834903,440,440,9000,47,47,95.06125299999998,95.06125299999998,Rost (ENRS)
2026,1,JAN,ENRY,Rygge,Norway,1,0.8756056272254682,0.8756056272254682,20,20,3100,0,0,0.1905749999999999,0.1905749999999999,1,0,0,0,0,7000,1,1,0,0,Rygge (ENRY)
2026,1,JAN,ENSB,Svalbard,Norway,55,172.364108481739,129.43628288527802,3260,2340,37000,36,38,3000.725719999999,2592.9765899999993,50,63.003494315283596,0,480,0,38113.675429727,47,50,-42.80687499999999,0,Svalbard (ENSB)
2026,1,JAN,ENSD,Sandane,Norway,103,72.09141812233122,21.39487944270318,1320,500,14000,90,93,190.66065600000002,85.215215,105,61.67021540422251,1.3498920086393198,1060,40,21000,102,104,168.54707299999998,7.75005,Sandane (ENSD)
2026,1,JAN,ENSG,Sogndal,Norway,218,177.589160818871,91.06717124746086,3760,2200,15000,176,191,595.1234775,379.1060175,219,71.4190635180632,53.25816557547436,1334,1014,14000,213,215,223.079215,167.41083,Sogndal (ENSG)
2026,1,JAN,ENSH,Helle,Norway,137,84.73767708309323,84.73767708309323,1680,1680,9000,129,129,155.86387499999998,155.86387499999998,135,0,0,0,0,9000,135,135,0,0,Helle (ENSH)
2026,1,JAN,ENSK,Stokmarknes,Norway,223,290.972255717861,201.34631448661102,6180,4560,13000,192,196,795.0364222000001,599.7036022000001,224,27.76910845246773,0,480,0,14000,222,224,66.99030999999998,0,Stokmarknes (ENSK)
2026,1,JAN,ENSO,Stord,Norway,68,26.995264790439737,20.41087344617322,760,660,18000,59,61,76.73241999999998,64.63642,69,105.950993165298,0,1360,0,19000,62,69,8.57170499999995,0,Stord (ENSO)
2026,1,JAN,ENSR,Sorkjosen,Norway,50,14.5072165715697,14.5072165715697,320,320,10000,47,47,32.79883999999999,32.79883999999999,50,0,0,0,0,10000,50,50,0,0,Sorkjosen (ENSR)
2026,1,JAN,ENSS,Vardo,Norway,67,141.20959865794703,141.20959865794703,2820,2820,4000,49,49,-52.89337749999997,-52.89337749999997,26,0,0,0,0,5000,26,26,0,0,Vardo (ENSS)
2026,1,JAN,ENST,Sandnessjoen,Norway,115,85.9803642990653,51.46362563815816,1580,1040,16000,104,105,137.454117,97.89582200000001,111,1.3498920086393098,0,20,0,20000,110,111,1.21328,0,Sandnessjoen (ENST)
2026,1,JAN,ENTC,Tromso,Norway,2072,5336.605261134297,3369.66878273702,91960,64500,16000,1337,1421,78890.62389389999,59083.3514174,2097,906.3833848336441,23.1373518384381,9180,400,25000,1947,2090,1010.4536833,82.81586200000001,Tromso (ENTC)
2026,1,JAN,ENTO,Sandefjord,Norway,533,1288.0420284140862,701.5405655826261,20740,14400,25000,390,426,11055.785253,8894.454667,532,671.495956164032,0,6820,0,33000,482,532,1255.548019,0,Sandefjord (ENTO)
2026,1,JAN,ENVA,Trondheim,Norway,1911,2022.047172448708,1041.391128568634,29340,18160,24000,1566,1638,16114.9420303,13516.935826,1919,695.0736383775351,44.15793078017171,8420,900,29967.8571428571,1828,1916,1268.547149699999,177.01429000000002,Trondheim (ENVA)
2026,1,JAN,ENVD,Vadso,Norway,202,386.96845536995704,386.96845536995704,7780,7780,4000,152,152,101.4328665,101.4328665,104,90.04725351092118,90.04725351092118,1580,1580,6000,99,99,3.4087699999999903,3.4087699999999903,Vadso (ENVD)
2026,1,JAN,ENZV,Stavanger,Norway,1529,3321.592768606943,1509.154804349347,55080,29420,24000,1121,1174,36774.314493699996,20325.7762895,1532,779.8534510748631,110.257986326064,8160,2380,31000,1439,1526,804.231948,92.02042499999999,Stavanger (ENZV)
2026,1,JAN,EPBC,Warszaw Babice,Poland,9,193.933330897415,193.933330897415,5920,5920,9000,6,6,33.711830000000006,33.711830000000006,12,1.3498920086393198,0,20,0,13000,11,12,0.1259999999999998,0,Warszaw Babice (EPBC)
2026,1,JAN,EPBY,Bydgoszcz,Poland,146,2868.305613922126,360.46343523291506,36500,14100,24000,48,116,15712.7180885,8519.1445535,142,294.92885785240907,21.31190219068188,2720,300,36000,118,140,386.38292,12.499457,Bydgoszcz (EPBY)
2026,1,JAN,EPGD,Gdansk,Poland,1844,7771.847145718067,3675.8502335376775,114240,71200,17500,873,1171,81690.3710785,61691.838744,1845,1826.8093354760151,22.341326292491708,17220,520,36000,1676,1836,2800.570976,152.2752,Gdansk (EPGD)
2026,1,JAN,EPKK,Krakow,Poland,3163,25049.3142683943,6469.586260083744,292560,120780,32000,1495,2000,170389.9757514999,107611.0632745,3164,6687.687711059289,70.80991546459867,58000,980,36000,2564,3135,12713.2360113,521.061785,Krakow (EPKK)
2026,1,JAN,EPKS,Poznan Krzesiny,Poland,2,49.79255249064409,5.804535637149019,800,180,6607.065217391304,0,1,361.529075,0,2,0,0,0,0,13000,2,2,0,0,Poznan Krzesiny (EPKS)
2026,1,JAN,EPKT,Katowice,Poland,1395,8785.519849096516,2497.313524700405,104140,48280,19000,579,803,69549.9982535,50706.001798000005,1439,2698.085692748967,52.74884583084155,24180,1360,35000,1215,1424,5219.806411200001,313.19820100000004,Katowice (EPKT)
2026,1,JAN,EPLB,Lublin,Poland,125,404.842674121677,180.97249149689802,5620,3340,23000,75,102,3871.06727,3289.232,126,72.68295322088521,0,660,0,36000,115,126,118.377605,0,Lublin (EPLB)
2026,1,JAN,EPLK,Lask,Poland,4,77.38557712835545,52.48006956896018,1340,1000,7009.375,2,3,-0.5236900000000055,-3.19174000000001,3,112.94801701276201,112.94801701276201,3340,3340,10000,2,2,3.742684,3.742684,Lask (EPLK)
2026,1,JAN,EPLL,Lodz,Poland,111,360.985904667628,53.95817879199069,4960,1700,37000,78,102,1526.901612999999,313.82914300000004,113,145.61969455099901,11.344721543155659,1540,260,38000,94,110,279.63367700000003,2.02807,Lodz (EPLL)
2026,1,JAN,EPMB,Malbork,Poland,3,58.43592710161925,40.17980138478012,1080,840,2167.5,0,0,184.124945,156.017595,4,5.107091432685389,5.107091432685389,120,120,22000,3,3,89.71850999999998,89.71850999999998,Malbork (EPMB)
2026,1,JAN,EPMI,Miroslawiec,Poland,1,5.764038876889859,5.764038876889859,120,120,2488.541666666666,0,0,0,0,1,0,0,0,0,16000,1,1,0,0,Miroslawiec (EPMI)
2026,1,JAN,EPML,Mielec,Poland,3,7.047329676095639,7.047329676095639,200,200,5000,2,2,0,0,3,24.83801295896327,24.83801295896327,740,740,10000,2,2,1.2831,1.2831,Mielec (EPML)
2026,1,JAN,EPMO,Warsaw Modlin,Poland,698,2123.91799300673,931.9439855181331,30440,18260,35000,399,479,23617.02198,17762.426235,702,485.7834388800401,38.09242877687435,4720,740,36000,642,690,1445.975171,331.30780200000004,Warsaw Modlin (EPMO)
2026,1,JAN,EPOK,Oksywie,Poland,4,15.69396187435445,11.73427864901243,400,320,3854.999999999999,0,1,40.010980000000004,39.765809999999995,3,0,0,0,0,10000,3,3,0,0,Oksywie (EPOK)
2026,1,JAN,EPPO,Poznan Lawica,Poland,952,7427.890761450265,1860.820859604184,89740,35920,10033.2589285714,321,582,39854.032013000004,22837.95398,959,1581.136574046756,69.93319697944048,14920,2140,35000,805,956,1867.067588999999,95.54601999999998,Poznan Lawica (EPPO)
2026,1,JAN,EPRA,Warsaw Radom,Poland,13,119.086384044046,81.65270894882612,2440,1860,5687.28813559322,4,5,1022.518156999999,676.9599870000001,13,24.68615010799136,0,200,0,35000,12,13,19.91508999999999,0,Warsaw Radom (EPRA)
2026,1,JAN,EPRZ,Rzeszow Jasionka,Poland,510,6662.345437536186,755.169716952736,71100,15020,10020.9226190476,172,322,33952.919482900004,13133.4486915,510,664.1840202401701,171.584867611179,10460,4640,34000,467,503,992.4296422000001,90.55598700000002,Rzeszow Jasionka (EPRZ)
2026,1,JAN,EPSC,Szczecin Goleniow,Poland,174,655.699107083876,403.993977598336,12400,8860,28000,99,121,4837.2239135,3331.3530335,174,230.21116037891701,128.737414866721,3960,3100,29000,156,169,168.25662300000002,10.122,Szczecin Goleniow (EPSC)
2026,1,JAN,EPSY,Mazury,Poland,54,509.33489908883905,381.605313238879,10320,8640,10019.8739495798,23,35,2056.323155,1251.590445,51,70.46416433192807,8.246195340875921,720,120,34971.4285714286,39,47,252.82237500000002,99.82368599999998,Mazury (EPSY)
2026,1,JAN,EPWA,Warsaw Chopin,Poland,7647,34533.280280110695,20679.696279735,554160,391280,4344.700460829493,2935,3383,487060.3913934999,384426.2853425,7667,5904.844384268842,208.11612135792302,52180,2940,35000,6876,7566,11989.35467,2128.1424805,Warsaw Chopin (EPWA)
2026,1,JAN,EPWR,Wroclaw,Poland,1319,10261.5973237111,1357.9342172126992,111980,25320,10664.285714285701,497,943,51473.3387996,19880.45139,1334,2668.264329771592,4.01608424321446,23320,60,36000,1127,1331,4323.302752999999,33.39813699999999,Wroclaw (EPWR)
2026,1,JAN,EPZG,Zielona Gora,Poland,31,198.721334775548,138.759802916584,3020,2440,7868.75,11,16,186.737058,32.478918,30,22.570194384449238,0,220,0,25000,29,30,44.008700000000026,0,Zielona Gora (EPZG)
2026,1,JAN,ESCF,Linkoping Malmen Airbase,Sweden,11,89.3984414309219,89.3984414309219,1740,1740,2435.646312450436,2,2,18.77901199999998,18.77901199999998,10,2.57706656194779,0,40,0,17000,9,10,2.59245,0,Linkoping Malmen Airbase (ESCF)
2026,1,JAN,ESCM,Uppsala,Sweden,5,29.093153158793136,27.653268349577868,480,460,31000,3,3,23.66511999999998,19.29921999999998,6,0,0,0,0,25500,6,6,0,0,Uppsala (ESCM)
2026,1,JAN,ESDF,Ronneby,Sweden,98,377.57755584853504,136.090678684338,6240,2880,16000,74,79,775.1649795,474.2367025000001,99,114.296038033236,0,1440,0,15000,91,99,144.50322500000001,0,Ronneby (ESDF)
2026,1,JAN,ESGG,Gothenburg,Sweden,1638,5497.857717497313,3254.8907812014954,85660,61820,22000,927,1007,55451.688927,46528.854065,1638,3150.9491496537403,430.67089144268107,31780,8260,36000,1411,1631,3871.7711589999994,998.2108015,Gothenburg (ESGG)
2026,1,JAN,ESGJ,Jonkoping,Sweden,81,246.007800964145,237.605376383918,5720,5600,19000,45,45,852.17745,833.2438600000002,78,27.91912628998679,5.3995680345572294,320,100,20000,73,77,-1.08367799999999,-1.1676,Jonkoping (ESGJ)
2026,1,JAN,ESGT,Gothenburg Stallbacka,Sweden,65,360.112894418113,227.56961578919,8160,6380,10000,33,36,8.91932219999999,-115.2802178,62,87.74711659994928,0,1140,0,15000,56,62,58.629357000000006,0,Gothenburg Stallbacka (ESGT)
2026,1,JAN,ESIB,Satenas,Sweden,13,98.77375999162926,85.47328040712893,1900,1700,14000,6,7,5275.983537,5228.803337,11,0,0,0,0,20000,11,11,0,0,Satenas (ESIB)
2026,1,JAN,ESKM,Mora,Sweden,95,151.207602659293,122.962719392812,2860,2480,11000,56,58,-97.63384099999998,-118.861161,95,1.9634792852935299,0,20,0,19000,94,95,1.8249,0,Mora (ESKM)
2026,1,JAN,ESKN,Stockholm Skavsta,Sweden,86,600.246490330008,510.399216093542,11060,10080,5066.823899371069,38,42,3804.2378530000005,3361.7544629999993,84,372.24618824658404,141.086895221447,4080,2160,37000,73,82,527.5433850000001,209.13633000000002,Stockholm Skavsta (ESKN)
2026,1,JAN,ESMG,Feringe,Sweden,1,1.99984001279898,0,40,0,10337.037037037,0,1,-0.11812500000000001,0,2,0,0,0,0,10500,2,2,0,0,Feringe (ESMG)
2026,1,JAN,ESMK,Kristianstad Everod,Sweden,11,101.728370876847,95.81156847353094,2120,2020,2592.681047765793,4,4,443.91006000000004,448.60986,10,0,0,0,0,34000,10,10,0,0,Kristianstad Everod (ESMK)
2026,1,JAN,ESMQ,Kalmar,Sweden,65,138.522218886801,13.072553320658669,1900,260,14000,57,60,85.99729500000002,11.77732499999999,64,49.66879266737923,0,400,0,15000,61,64,63.87043599999997,0,Kalmar (ESMQ)
2026,1,JAN,ESMS,Malmo,Sweden,440,2021.434793856363,1504.283405631012,39580,34400,14000,224,246,15207.36676,14181.4605945,436,412.423954868293,12.52080465430896,4640,220,34000,395,432,266.32471350000003,-5.001021,Malmo (ESMS)
2026,1,JAN,ESMT,Halmstad,Sweden,67,353.589691532704,94.86400136323849,6120,2540,14000,44,49,437.783767,175.10127500000002,64,187.448700839652,0,2340,0,17000,54,64,67.78793600000009,0,Halmstad (ESMT)
2026,1,JAN,ESMX,Vaxjo,Sweden,61,208.47161487173003,105.27872236097299,3520,2000,16000,40,41,737.7146175,542.5336225,62,212.863512499523,134.565278733745,3740,2840,16000,56,61,49.88879399999996,-20.181049999999978,Vaxjo (ESMX)
2026,1,JAN,ESND,Sveg,Sweden,37,60.678955757364385,60.678955757364385,1240,1240,4535.245901639344,17,17,-73.0574118,-73.0574118,49,19.43371122946049,0,300,0,11000,48,49,27.74898099999998,0,Sveg (ESND)
2026,1,JAN,ESNG,Gallivare,Sweden,62,59.82634990126777,59.82634990126777,1180,1180,21000,51,51,78.38123799999998,78.38123799999998,60,12.96937401848785,0,180,0,22000,58,60,8.330580000000001,0,Gallivare (ESNG)
2026,1,JAN,ESNK,Kramfors,Sweden,73,197.626705179437,197.626705179437,4680,4680,21000,42,42,543.9128472000001,543.9128472000001,73,36.23426087150561,0,520,0,22000,66,73,40.18966969999998,0,Kramfors (ESNK)
2026,1,JAN,ESNL,Lycksele,Sweden,88,196.04081698069803,194.60093217148298,4440,4420,3826.2711864406783,37,37,281.1536990000001,281.16314900000003,89,128.797113944555,81.06374440864406,2660,1920,18000,81,88,572.2203669,490.29412540000004,Lycksele (ESNL)
2026,1,JAN,ESNN,Sundsvall,Sweden,57,61.25678320718785,61.25678320718785,1300,1300,15000,46,46,41.87302199999999,41.87302199999999,53,4.40964722822175,0,60,0,18000,51,53,8.48211,0,Sundsvall (ESNN)
2026,1,JAN,ESNO,Ornskoldsvik,Sweden,48,130.859636640927,130.859636640927,2700,2700,3288.3783210853594,19,19,187.032933,187.032933,47,70.37361231987168,1.4398848092152599,940,20,22000,40,46,69.33907299999998,0.8347499999999997,Ornskoldsvik (ESNO)
2026,1,JAN,ESNQ,Kiruna,Sweden,121,320.04353836808303,289.03729706287606,6400,5900,37000,78,79,2300.549315499999,2257.3286855,121,68.85555981936798,0,540,0,38000,115,121,1.10042500000007,0,Kiruna (ESNQ)
2026,1,JAN,ESNS,Skelleftea,Sweden,143,489.42689804601304,437.94404893200704,11940,11200,5238.461538461539,69,70,1840.5889434999992,1767.476440499999,143,163.67037077451099,108.37496806067601,5256,4576,34000,134,141,94.776482,29.640974999999997,Skelleftea (ESNS)
2026,1,JAN,ESNU,Umea,Sweden,338,453.64620743615905,306.11298178310903,7620,5940,22000,247,254,3425.6389349999995,3370.364564999999,330,108.508432923105,8.60566533092042,1660,160,34000,321,328,141.00878,11.00873,Umea (ESNU)
2026,1,JAN,ESNV,Vilhelmina,Sweden,56,135.001135951353,135.001135951353,3120,3120,8000,31,31,167.292407,167.292407,53,22.166948557352306,1.47557160944366,280,20,9000,50,52,4.26988999999999,-0.6199250000000003,Vilhelmina (ESNV)
2026,1,JAN,ESNX,Arvidsjaur,Sweden,125,419.605213619516,323.047090936799,7680,6460,5516.1290322580635,53,57,3152.6836361999995,2585.691302199999,123,199.93479087110003,0,2880,0,25000,111,123,333.87676400000004,0,Arvidsjaur (ESNX)
2026,1,JAN,ESNZ,Are Ostersund,Sweden,200,480.03247576753,279.75356370897106,8660,5920,28000,132,137,3078.749335699999,2553.9779932,199,72.16360236606388,0,700,0,35000,192,199,55.81751029999999,0,Are Ostersund (ESNZ)
2026,1,JAN,ESOE,Orebro,Sweden,91,225.869147912944,205.64878967307803,4440,4180,15000,47,50,5099.8788225,4747.1642625,85,32.50135611812597,0,300,0,34000,79,85,112.072835,0,Orebro (ESOE)
2026,1,JAN,ESOH,Hagfors,Sweden,42,54.241964432107565,54.241964432107565,1060,1060,4814.859490986214,23,23,-11.71558999999999,-11.71558999999999,28,34.97794175744699,34.97794175744699,628,628,19000,27,27,-12.301385,-12.301385,Hagfors (ESOH)
2026,1,JAN,ESOK,Karlstad,Sweden,81,440.0270289447121,133.50890814160002,8200,2860,20000,56,58,1211.4648015,103.0147635,82,45.69091706985806,6.735630780180539,680,100,20000,77,80,88.65154299999996,6.69722,Karlstad (ESOK)
2026,1,JAN,ESOW,Stockholm Vasteras,Sweden,39,56.21021240926786,52.465053810812215,1800,1760,36000,26,27,124.03676200000001,103.536562,38,66.08118828806995,13.01956071563937,800,360,36000,32,36,48.23070600000002,13.45311499999999,Stockholm Vasteras (ESOW)
2026,1,JAN,ESPA,Lulea,Sweden,418,491.20880051018304,416.60399157165,9080,8460,37000,298,305,4698.70442,4614.262862999999,415,235.18261105771,1.48953600953303,2000,20,38000,393,414,290.045867,6.405,Lulea (ESPA)
2026,1,JAN,ESSA,Stockholm Arlanda,Sweden,6944,24263.9522620389,15050.2276746167,387180,279600,13000,3379,3759,321104.0382676,263689.4643874,6968,7429.941657579584,341.293968540553,69746,5140,36000,6158,6874,10921.024404400001,1271.8352315,Stockholm Arlanda (ESSA)
2026,1,JAN,ESSB,Stockholm Bromma,Sweden,375,2870.678377928315,2596.5358544433843,54140,51160,2450.666666666667,41,45,7530.496606,7120.803111,371,638.823410863227,186.37818399415102,7160,2660,20000,297,320,656.4363240000001,273.97818050000006,Stockholm Bromma (ESSB)
2026,1,JAN,ESSD,Borlange,Sweden,9,48.71851370020468,34.606669674753725,1300,1140,6000,4,5,69.962653,33.780188,10,1.17961642045277,0,20,0,21210.6785317019,9,10,3.305242,0,Borlange (ESSD)
2026,1,JAN,ESSL,Linkoping Saab,Sweden,98,485.69512477079905,340.70528729933903,8220,6980,3097.2848360655735,40,42,2599.243735499999,2667.0395054999994,96,194.249236651687,5.08952832160524,1780,60,34000,83,94,433.3729435,24.588899999999978,Linkoping Saab (ESSL)
2026,1,JAN,ESSP,Norrkoping,Sweden,15,209.337918543703,88.6306118356926,3340,1680,16000,6,8,1805.7376019999992,562.347407,17,0,0,0,0,24000,17,17,0,0,Norrkoping (ESSP)
2026,1,JAN,ESST,Torsby,Sweden,17,19.974958790844596,19.974958790844596,360,360,3037.7049180327863,9,9,-11.2171495,-11.2171495,4,0,0,0,0,19000,4,4,0,0,Torsby (ESST)
2026,1,JAN,ESSU,Eskilstuna,Sweden,2,0,0,0,0,15000,2,2,0,0,1,0,0,0,0,16000,1,1,0,0,Eskilstuna (ESSU)
2026,1,JAN,ESSV,Visby,Sweden,219,499.766757368937,376.12694427939306,10340,8300,14000,177,180,1425.180435,1112.526152499999,215,42.19374338164834,0,340,0,14000,213,215,26.95823999999999,0,Visby (ESSV)
2026,1,JAN,ESTA,Angelholm,Sweden,110,396.607001300472,216.17569684963001,7100,4660,14000,55,59,1647.264414999999,1494.8419920000001,109,161.857251852833,0,1980,0,27000,103,109,33.500207500000016,0,Angelholm (ESTA)
2026,1,JAN,ESUP,Pajala,Sweden,39,90.4458142352318,90.4458142352318,1820,1820,2892.3809523809523,18,18,-92.37855899999998,-92.37855899999998,38,0,0,0,0,18000,38,38,0,0,Pajala (ESUP)
2026,1,JAN,ESUT,Hemavan,Sweden,16,55.21871460045763,55.21871460045763,1180,1180,18000,12,12,353.5680525,353.5680525,16,10.388976574181749,0,260,0,19000,15,16,25.388769999999997,0,Hemavan (ESUT)
2026,1,JAN,EVRA,Riga,Latvia,2126,5060.48025803638,3493.505400004572,84060,67440,20000,1153,1251,74428.217441,66184.9791725,2165,3034.573398350808,7.32112859542666,27520,100,34000,1862,2162,5968.299854,74.32372499999998,Riga (EVRA)
2026,1,JAN,EYKA,Kaunas,Lithuania,433,920.397280983178,407.85567325530405,13560,8100,37000,278,348,10032.028674000001,7088.075025000001,432,390.83139455671,0,3560,0,36000,393,432,785.5536720000001,0,Kaunas (EYKA)
2026,1,JAN,EYPA,Palanga,Lithuania,171,674.3448660505941,337.07125248453605,10940,6820,22000,104,128,8151.449844499999,5469.6765595,167,297.692792010534,0,2580,0,34000,146,167,568.369617,0,Palanga (EYPA)
2026,1,JAN,EYSA,Siauliai,Lithuania,9,99.97053557974483,14.997404858773729,1200,260,26000,5,8,1215.70048,283.98328000000004,3,7.05559626658439,0,60,0,11000,2,3,0,0,Siauliai (EYSA)
2026,1,JAN,EYVI,Vilnius,Lithuania,1486,5731.272626891966,2661.339759689683,87140,52100,26000,824,943,67365.3905517,45635.068184699994,1486,1711.872164387664,11.98704103671706,17440,180,35000,1332,1485,2930.31597,163.4325,Vilnius (EYVI)
2026,1,JAN,GCFV,Fuerteventura,Spain,2122,6305.087305344448,4042.967424037756,96400,76600,9000,1208,1336,70057.585653,65491.2642635,2127,6498.0575914446335,399.32859920189503,56900,5980,34000,1697,2046,12048.0286312,467.27668400000005,Fuerteventura (GCFV)
2026,1,JAN,GCGM,La Gomera,Spain,114,125.22150497512601,114.894675949035,2060,1920,8000,94,96,161.239645,157.163285,115,147.686539099908,116.819008502355,2080,1660,9000,100,102,60.718285499999986,58.2969855,La Gomera (GCGM)
2026,1,JAN,GCHI,El Hierro,Spain,204,175.881960158376,166.211507988098,3240,3100,10000,165,166,145.87305500000002,138.258455,203,66.20186754641153,57.9225298934238,940,820,9000,193,196,35.29522199999999,29.221242,El Hierro (GCHI)
2026,1,JAN,GCLA,La Palma,Spain,930,1543.1184206951762,1332.4318232935,27260,24960,8000,733,742,17441.67761,16778.01384,928,479.367192652576,119.11143235463,4800,1740,9000,850,884,522.381825,100.627483,La Palma (GCLA)
2026,1,JAN,GCLP,Gran Canaria,Spain,6074,20167.4920046838,14629.076161638399,316320,259300,9000,3377,3698,226301.6996454999,206592.9456045,6100,6925.473616952943,1447.5801827463001,70275,21720,34000,5293,5757,11976.4412178,4328.051583,Gran Canaria (GCLP)
2026,1,JAN,GCRR,Lanzarote,Spain,2920,10467.985957225299,6684.973277037898,169660,129100,9000,1645,1841,133122.7271757,116623.92016369989,2919,7160.013729864591,352.73957726921805,66020,5760,34000,2366,2841,13972.079556499999,835.5950475000001,Lanzarote (GCRR)
2026,1,JAN,GCTS,Tenerife Sur,Spain,4041,15224.736568955099,10018.8203634453,221000,172800,34000,2241,2526,159677.4786495,144231.5554565,4084,5150.483725805726,157.590036611759,44093,2300,36000,3631,4059,7221.1413288,445.88281550000005,Tenerife Sur (GCTS)
2026,1,JAN,GCXO,Tenerife Norte,Spain,3142,10179.0941369671,6372.844899304998,172400,120000,8000,1633,1890,71657.19400670001,62223.7538952,3143,2898.554040189956,1122.5737438128692,32140,16180,11000,2784,2951,4032.3637730000005,2259.6638475000004,Tenerife Norte (GCXO)
2026,1,JAN,GMAA,Agadir Inezgane,Morocco,40,263.442039054743,198.534731639337,5000,4120,2567.5,12,15,741.8894170000001,618.42159,39,13.65190784737221,6.34449244060475,220,100,20000,37,38,4.57891999999998,4.57891999999998,Agadir Inezgane (GMAA)
2026,1,JAN,GMAT,Tan Tan,Morocco,21,33.245060935454454,33.245060935454454,680,680,17000,15,15,59.08749,59.08749,21,4.60999060878513,0.8999280057595413,80,20,20000,18,20,14.60801999999999,7.1561699999999995,Tan Tan (GMAT)
2026,1,JAN,GMAZ,Zagora,Morocco,13,36.35153357691851,7.31941444684423,540,120,13000,8,11,63.537601999999964,22.04999999999999,13,110.57176188546501,0,1640,0,17987.5,10,13,206.5171,0,Zagora (GMAZ)
2026,1,JAN,GMFB,Bouarfa,Morocco,2,6.204730556915989,6.204730556915989,100,100,15139.032769556,1,1,60.313579999999995,60.313579999999995,2,74.15659165061764,0,1080,0,18043.1818181818,1,2,433.74659,0,Bouarfa (GMFB)
2026,1,JAN,GMFF,Fez,Morocco,535,1905.2641985007251,840.0020008943701,28400,16160,35000,324,406,17734.7371722,12158.5257975,535,1297.263841115221,10.5053342022063,10340,120,36000,434,533,364.4613235,79.40021,Fez (GMFF)
2026,1,JAN,GMFK,Errachidia,Morocco,101,642.375966333194,210.39962285567103,8760,4080,18024.242424242402,47,62,8430.3041402,7010.408353199999,94,342.53697898455,0,5080,0,28000,82,94,455.183212,0,Errachidia (GMFK)
2026,1,JAN,GMFM,Meknes,Morocco,5,111.978602497932,74.87157106044707,1840,1460,4316.511627906976,1,2,310.75382,322.51587,3,0,0,0,0,10000,3,3,0,0,Meknes (GMFM)
2026,1,JAN,GMFO,Oujda,Morocco,290,1021.2802181933511,408.23861335062503,14300,6500,32999.53125,175,218,9762.8541308,5194.3490157999995,292,655.2670600703891,7.0869330453563695,6120,80,36000,249,291,852.2472,15.816899999999999,Oujda (GMFO)
2026,1,JAN,GMMA,Smara,Western Sahara,14,89.51814087431146,19.16013315129293,1420,540,11000,11,12,116.67601,116.67601,10,52.58640651660275,25.377969762419,740,340,16986.3878143133,6,9,38.728249999999996,0,Smara (GMMA)
2026,1,JAN,GMMB,Benslimane,Morocco,20,143.099164418579,121.022897733028,2780,2340,3317.980152031876,6,6,126.34570500000001,130.251705,20,18.160547156227487,0,280,0,9500,19,20,34.04258000000001,0,Benslimane (GMMB)
2026,1,JAN,GMME,Rabat,Morocco,944,5340.587346302034,3740.6116019343763,85840,66800,9113.095238095239,420,484,61781.0255167,50583.2828282,953,3503.966562815376,258.84090788946605,31200,3440,34048.5714285714,696,909,6936.1620355,2358.251495,Rabat (GMME)
2026,1,JAN,GMMH,Dakhla,Western Sahara,161,358.43379542649103,237.431635275858,5720,4580,31000,101,109,4143.263865,3815.228419999999,163,656.577966368411,65.27912062875406,5800,900,36000,130,154,1278.429816,372.87761300000005,Dakhla (GMMH)
2026,1,JAN,GMMI,Essaouira,Morocco,93,475.90681287732804,252.72247686485602,6860,4120,37000,55,57,6428.021807,4231.73621,94,430.836374331007,28.68287778357042,3540,260,36000,64,93,518.1905250000001,73.48160000000001,Essaouira (GMMI)
2026,1,JAN,GMML,Laayoune,Western Sahara,180,345.973112003394,233.366140455018,4900,3840,21000,127,142,1922.74144,1728.800657999999,176,84.9646926454223,3.7790606680687,800,60,32000,165,174,181.37729000000002,10.23251,Laayoune (GMML)
2026,1,JAN,GMMN,Casablanca,Morocco,4257,28532.262192822804,14895.0507594161,430060,261580,6864.285714285714,1794,2102,460865.7203439999,322165.5084545,4259,8977.95937971732,187.34296629748502,78940,2360,35000,3573,4230,11429.3509387,1206.35797,Casablanca (GMMN)
2026,1,JAN,GMMW,Nador El Aroui,Morocco,333,1411.6010684484352,636.4820883089731,20260,12020,11043.478260869599,157,198,15364.969862,12270.576577,331,594.23105120878,19.75292725429891,5960,240,36000,287,326,1814.522371999999,82.95651,Nador El Aroui (GMMW)
2026,1,JAN,GMMX,Marrakech,Morocco,3229,14253.0795791501,6276.546960071589,201040,104820,31000,1723,2096,181386.607889,106209.685837,3239,11082.889603597001,397.611486783166,95480,5540,36000,2445,3138,20071.0525982,3252.267362,Marrakech (GMMX)
2026,1,JAN,GMMZ,Ouarzazate,Morocco,64,174.12244186530398,4.00778524121802,1780,80,18010.714285714297,47,62,642.1030300000001,110.28464,67,78.71533797137425,0,900,0,20000,56,67,111.92529,0,Ouarzazate (GMMZ)
2026,1,JAN,GMTA,Al Hoceima,Morocco,55,260.46345825172205,92.47050248850054,3700,1740,15000,32,43,2837.362263,1817.6655449999992,55,225.264721590586,18.37337742640343,2560,360,30023.5483870968,45,53,584.289252,90.62760699999998,Al Hoceima (GMTA)
2026,1,JAN,GMTN,Tetouan,Morocco,78,391.500683323169,115.603152581919,5320,2080,15000,43,59,3386.5806455,1920.7002505,79,55.90918308152004,8.69166830289941,660,100,34000,69,77,198.666527,54.997110000000006,Tetouan (GMTN)
2026,1,JAN,GMTT,Tangier,Morocco,882,3825.795933934961,2221.159717475828,61255,40715,19000,461,556,48533.807150500004,37931.3195805,878,1817.4163431877641,156.006258276244,16600,1940,36000,719,846,3458.4594810000003,1001.465769,Tangier (GMTT)
2026,1,JAN,LATI,Tirana,Albania,2152,16700.063712251802,4042.628194510616,195620,70760,12024.280682239501,801,1198,123994.9884227,63586.373346,2157,9810.088942461962,26.278593791559917,86815,380,34997.903225806505,1540,2145,18887.246778,228.68149000000003,Tirana (LATI)
2026,1,JAN,LBPD,Plovdiv,Bulgaria,124,1570.064522896466,129.61082579524802,15380,2080,21000,45,108,5812.9079805,1687.5609899999993,125,689.0459692037791,13.10791688389066,6040,200,36000,87,124,1474.676121,40.781110000000005,Plovdiv (LBPD)
2026,1,JAN,LBSF,Sofia,Bulgaria,2580,24026.1235368606,2387.7243586866125,236980,43860,30981.221064814803,1153,1927,96324.7394564,41155.1567145,2598,8310.95067383093,36.756747807553985,72893,569,36000,1990,2590,15883.7761593,170.49970000000002,Sofia (LBSF)
2026,1,JAN,LBWN,Varna,Bulgaria,387,2466.661566251647,694.6425739916881,29260,14400,28000,216,290,19874.8292775,15840.955374500001,350,1369.0776042685,6.67802931183872,12235,80,34000,269,349,3707.495895999999,23.79722499999999,Varna (LBWN)
2026,1,JAN,LCLK,Larnaca,Cyprus,2115,8615.681106297876,3513.10649871047,112140,67700,31000,1197,1398,91985.1067232,80863.9153892,2125,10808.9749427061,243.74729370141003,98300,3580,34000,1590,2108,35945.461179,2137.2845190000003,Larnaca (LCLK)
2026,1,JAN,LCPH,Paphos,Cyprus,661,3568.99988217967,1162.52892771041,41820,20200,35000,427,533,14757.2847875,10886.3422265,658,6163.9818406011045,20.47698748626229,53720,300,34000,456,651,17126.331421,148.062325,Paphos (LCPH)
2026,1,JAN,LCRA,RAF Akrotiri,Cyprus,58,768.136584519417,366.947917834328,10740,7300,3663.188405797102,20,28,17093.228964,16404.397731999998,55,436.7274350345071,1.4398848092152599,4620,20,31000,41,54,1782.6945130000001,35.53463,RAF Akrotiri (LCRA)
2026,1,JAN,LDDU,Dubrovnik,Croatia,172,1101.220152977531,519.837278639857,16520,10260,24000,89,99,7817.387617700001,4790.728897699999,176,144.55893686349498,4.7414956803455794,1547,120,32000,165,175,195.4682035,2.373525,Dubrovnik (LDDU)
2026,1,JAN,LDLO,Losinj,Croatia,5,1.3498920086392998,1.3498920086392998,20,20,14000,4,4,1.752975,1.752975,7,0,0,0,0,15000,7,7,0,0,Losinj (LDLO)
2026,1,JAN,LDOS,Osijek,Croatia,65,186.87781488610202,80.91000721937567,2720,1480,15000,49,56,909.5899790000001,694.1783730000001,66,81.62291597952951,0,940,0,16000,60,66,190.13061100000002,0,Osijek (LDOS)
2026,1,JAN,LDPL,Pula,Croatia,65,420.2555488844541,324.52689926464507,8300,6900,5261.111111111111,29,31,1964.860549499999,1759.1760234999992,68,48.57785240243367,13.70305009745562,640,240,15000,62,67,297.19181130000004,266.6764,Pula (LDPL)
2026,1,JAN,LDRI,Rijeka,Croatia,64,680.2475851729471,247.618311256486,12040,6320,8289.85221674877,22,38,4068.5919480000002,1201.415432,53,220.847429173074,60.57747988856543,4200,1640,20000,45,51,59.654203,5.51565,Rijeka (LDRI)
2026,1,JAN,LDSB,Brac,Croatia,2,2.86394670843913,0,40,0,22517.9487179487,1,2,10.91344,0,2,0,0,0,0,30000,2,2,0,0,Brac (LDSB)
2026,1,JAN,LDSP,Split,Croatia,302,1435.2850440589361,1052.1751201365462,24600,19660,3389.233091787439,106,112,15114.95709,14413.08645,305,597.584590112796,257.81740704459503,9540,5180,24000,280,303,2424.287260999999,1706.25001,Split (LDSP)
2026,1,JAN,LDZA,Zagreb,Croatia,1758,16046.58770158,3920.44013101593,185460,75120,8261.57431722689,548,893,96074.991569,60265.609534999996,1787,6007.617541239629,13.16283284293778,52420,200,33025,1399,1783,12025.413492,89.15906999999999,Zagreb (LDZA)
2026,1,JAN,LDZD,Zadar,Croatia,54,287.04655997761506,195.207433765265,6320,4960,11500,33,35,3694.5348899999995,2700.045079999999,55,93.84074739859318,44.20328982377061,1640,1200,18000,52,53,152.2321,7.62929999999999,Zadar (LDZD)
2026,1,JAN,LEAB,Albacete,Spain,59,1589.904919999179,785.946957232515,28040,19300,5894.642857142857,9,20,3590.879585499999,1790.745729,36,332.279117935622,33.120138404755764,3440,500,15059.0909090909,19,32,452.50381450000003,28.927236999999998,Albacete (LEAB)
2026,1,JAN,LEAL,Alicante,Spain,3729,23863.4842960212,4799.422192296434,268540,88960,29000,1719,2612,171263.451238,88634.37883999999,3744,14130.4288240032,42.39279128163604,117740,560,35987.651515151505,2736,3731,22615.160562999998,422.09397800000005,Alicante (LEAL)
2026,1,JAN,LEAM,Almeria,Spain,250,1065.61786912353,622.7598599814171,20740,15800,14000,130,155,4293.6357065,2972.6108905,249,322.826797556551,112.548581562509,6146,3906,28000,216,244,647.6972340000001,102.50074000000001,Almeria (LEAM)
2026,1,JAN,LEAS,Asturias,Spain,541,2704.594428347834,891.3200552048761,34780,17020,28000,256,347,16914.374978,10038.961311000001,552,1298.0540776779671,39.050875929925574,11782,1522,33000,456,551,1452.8228509999992,7.69808,Asturias (LEAS)
2026,1,JAN,LEBA,Cordoba,Spain,26,499.849124031065,171.171353562676,8100,3440,5615.116279069767,12,13,6096.513573,2986.7478730000003,24,35.10163370244129,0,280,0,35000,23,24,8.08442499999995,0,Cordoba (LEBA)
2026,1,JAN,LEBB,Bilbao,Spain,1514,11055.543728096101,5735.331390679878,156800,103460,6000.487288135593,411,522,131150.2030896999,105626.1887877,1517,3222.717876254211,14.897648829804838,26280,180,33000,1287,1514,4758.9724667,119.950157,Bilbao (LEBB)
2026,1,JAN,LEBG,Burgos,Spain,23,527.513912654165,501.71321424669503,18940,18320,5466.666666666668,1,2,729.273459,589.446004,31,24.35561551620501,16.08294865822498,632,552,9000,23,25,11.48033,5.321924999999999,Burgos (LEBG)
2026,1,JAN,LEBL,Barcelona,Spain,12217,99311.7087723825,44278.431833015,1403340,829060,5344.117647058823,3964,5805,1369513.7006994,971316.9833055,12260,55462.899063797,612.337084328827,454800,8060,33955.7258064516,8882,12155,95078.76886889999,6563.092581,Barcelona (LEBL)
2026,1,JAN,LEBZ,Badajoz,Spain,135,1324.171831616162,969.2769754243361,40020,32380,3716.666666666667,49,51,2540.2666151999997,1945.1376402,129,239.049088758682,81.26107150751182,3888,2448,22000,105,121,264.80347200000006,76.41952499999998,Badajoz (LEBZ)
2026,1,JAN,LECO,La Coruna,Spain,380,2563.9612047557393,1545.2677386352111,41620,31140,3993.333333333333,124,138,32836.879609,29252.41085,384,800.531011703609,43.32378612962994,7740,1700,30000,332,382,430.92404000000005,8.781675,La Coruna (LECO)
2026,1,JAN,LEDA,Lleida,Spain,65,527.903714120894,422.25663485275305,18180,16240,5358.647450110865,23,26,1257.304325999999,1198.8635449999992,66,124.187582803152,24.226061915046778,1740,740,10000,55,61,148.54035,0.5733000000000006,Lleida (LEDA)
2026,1,JAN,LEGE,Gerona,Spain,312,2740.2049089162274,1439.395763149518,63580,47920,9038.333333333334,114,166,5934.170479999999,3983.4466315,260,1487.1235156031112,113.44468845545501,15483,2923,28000,160,248,2351.330313699999,179.5170595,Gerona (LEGE)
2026,1,JAN,LEGR,Granada,Spain,415,4617.924960400842,3204.688295401674,80900,58640,6266.666666666668,45,62,55576.9436165,45474.4157845,415,1079.2812847379962,148.015396224011,12320,3768,32000,328,393,1874.983203,374.188852,Granada (LEGR)
2026,1,JAN,LEGT,Madrid Getafe,Spain,32,753.940662372441,543.509493494431,12420,9920,4300,6,7,11644.158925,10010.571612,37,143.85771573811599,67.6403585812342,2060,1100,18000,27,30,337.16123,289.97478000000007,Madrid Getafe (LEGT)
2026,1,JAN,LEHC,Monflorite,Spain,1,30.39379491150141,30.39379491150141,1540,1540,5326.415094339623,0,0,13.99649999999999,13.99649999999999,1,3.14501155697018,3.14501155697018,100,100,9626.315789473687,0,0,0.13545000000000013,0.13545000000000013,Monflorite (LEHC)
2026,1,JAN,LEIB,Ibiza,Spain,1237,6996.1239243322725,3030.912889067422,104880,59820,9000,621,715,34652.3484995,22839.0197347,1253,1707.6396228249969,201.970505771403,16921,2620,18000,1126,1231,2219.3708227,162.32854200000003,Ibiza (LEIB)
2026,1,JAN,LEJR,Jerez de la Frontera,Spain,268,2476.911361036872,1425.397947103672,59300,43900,4914.855072463769,88,99,7388.0939063000005,6192.5560493,272,1111.738135128412,532.602233010173,22470,15830,28000,218,251,552.8432026,23.398886999999956,Jerez de la Frontera (LEJR)
2026,1,JAN,LELC,Murcia San Javier Airbase,Spain,12,484.1742675864771,218.674908604714,7260,4220,3881.666666666666,2,3,340.49248000000006,271.446328,12,11.141108711303099,0,140,0,23000,10,12,7.9594949999999995,0,Murcia San Javier Airbase (LELC)
2026,1,JAN,LELL,Sabadell,Spain,69,1321.1700922595771,1011.7551109396031,39000,33720,2450,7,7,399.992249,347.67971500000004,142,1136.9813342287482,1042.432849681362,47120,45460,3543.333333333333,41,43,506.302021,521.3434804999999,Sabadell (LELL)
2026,1,JAN,LELN,Leon,Spain,45,596.539153138465,213.52908103516,10160,4420,5628.431372549019,11,13,4495.383319,2076.756934,45,72.09016223243692,0,620,0,32000,38,45,80.27390499999998,0,Leon (LELN)
2026,1,JAN,LEMD,Madrid Barajas,Spain,17226,181407.7602022241,57260.8532312918,2301640,1047980,6217.5,4943,8018,2079900.1027531,1326998.2877682,17306,63233.58528901,53.22909996256223,528967,780,33000,12863,17278,210554.361626,1005.526694,Madrid Barajas (LEMD)
2026,1,JAN,LEMG,Malaga,Spain,5175,19653.4768290967,10376.2692839228,299500,189860,30000,2772,3440,231817.4529762,168729.5319015,5228,11182.8515853523,359.76824924436005,100680,4920,35731.3178294574,4191,5146,20186.6177708,2364.7245794999994,Malaga (LEMG)
2026,1,JAN,LEMH,Mahon,Spain,606,1829.036697627662,1470.5258759008382,32860,29140,3491.666666666667,257,275,11752.020582500001,10714.7248205,609,215.05013048019,29.606383062322017,2320,540,11000,586,603,317.470176,80.34667199999998,Mahon (LEMH)
2026,1,JAN,LEMO,Seville Moron,Spain,24,1239.715797079095,847.6903179049721,18220,14020,2942.916666666666,4,4,18287.235929,16712.092814,16,227.978941884872,20.32676095589772,2300,240,23987.0114942529,10,15,158.01438000000002,-57.79053800000005,Seville Moron (LEMO)
2026,1,JAN,LEPA,Palma de Mallorca,Spain,4171,21913.5588431909,9635.092930956675,288360,170540,10000,1876,2236,148564.943005,103305.37220099999,4192,9934.087781425147,362.822551515705,87060,4860,31000,3548,4130,14490.6868861,918.7828010000001,Palma de Mallorca (LEPA)
2026,1,JAN,LEPP,Pamplona,Spain,143,1072.332398172075,629.6207663854991,18940,13720,5210.064935064935,41,49,6318.5330982000005,5490.5443647,148,446.7625981741921,21.415390217058487,4360,440,21000,124,146,897.517541,102.46871999999999,Pamplona (LEPP)
2026,1,JAN,LERI,Murcia Alcantarilla,Spain,1,0,0,0,0,15000,1,1,0,0,,,,,,,,,,,Murcia Alcantarilla (LERI)
2026,1,JAN,LERL,Ciudad Real,Spain,5,150.605430469779,66.22037230367982,2460,1540,4174.468085106383,0,1,1046.6957805,592.5451245,5,51.75774699102071,9.42821259656337,580,120,14282.9545454545,0,4,304.824456,45.86978,Ciudad Real (LERL)
2026,1,JAN,LERS,Reus,Spain,58,606.3362790016631,515.6756612600631,19040,16180,3033.333333333333,11,11,285.681861,260.650386,48,269.00694763980704,124.59237546710501,5676,3936,10000,30,38,98.73447800000001,21.14856999999999,Reus (LERS)
2026,1,JAN,LERT,Rota Naval Station,Spain,63,841.1686683434481,550.513077239077,13780,10420,2993.2258064516122,11,13,27749.2964225,24557.5440225,63,955.3402022348552,1.7998560115190798,9740,20,30000,39,62,8779.533500499998,20.67503,Rota Naval Station (LERT)
2026,1,JAN,LESA,Salamanca,Spain,26,507.80072153953,393.237652542497,12620,9960,5136.382113821138,1,1,799.7317215,746.2296415000001,20,52.191720731789275,23.89378080522789,992,520,15000,14,16,9.937562999999999,0.37957000000000063,Salamanca (LESA)
2026,1,JAN,LESB,Son Bonet,Spain,17,248.61442231040903,204.82061681876002,5740,4920,3331.666666666666,2,4,100.75974550000001,97.03539549999999,28,483.8069362271121,238.597035777768,7860,4460,5000,15,16,61.02896249999998,61.537662499999996,Son Bonet (LESB)
2026,1,JAN,LESO,San Sebastian,Spain,147,1240.681053954619,807.7820606934371,20320,15540,2952.941176470588,30,36,16356.306647000001,14087.787872,150,523.619231105799,42.50608045198026,4540,580,29000,127,145,657.8466027000001,233.0631887,San Sebastian (LESO)
2026,1,JAN,LEST,Santiago,Spain,500,3727.8163776483498,1774.605053714225,52460,33820,5213.484848484849,145,181,37755.437585,30810.685515,513,1565.0868994096961,0,12180,0,32040.303030303,433,513,653.6927595000001,0,Santiago (LEST)
2026,1,JAN,LESU,Seu d'Urgell,Spain,30,278.13922155303203,122.75266766383,5940,3220,7440.892621870881,7,15,1022.03643,608.535599,29,51.95773626153283,8.60931125509959,780,220,18653.333333333303,18,24,21.573615,8.857275000000001,Seu d'Urgell (LESU)
2026,1,JAN,LETO,Madrid Torrejon,Spain,59,1129.1716058189852,568.777963984269,16920,10560,4953.191489361702,4,7,7558.548119699999,6472.205216,54,465.01353676169003,6.64380615784503,4640,100,30500,37,52,3283.9761675,29.511029999999998,Madrid Torrejon (LETO)
2026,1,JAN,LEVC,Valencia,Spain,2915,10483.5005922602,4727.675765364181,147940,93880,23000,1466,1776,94237.90971820001,78839.19455300001,2937,12346.6177705079,349.091463987229,104812,6632,34000,2221,2926,12276.444515000001,1489.628663,Valencia (LEVC)
2026,1,JAN,LEVD,Valladolid,Spain,72,835.870223503506,294.463542122534,12880,6680,6242.063492063492,22,34,6511.120105999999,4295.275361,68,382.281733985215,0,3340,0,32000,50,68,796.0527475000001,0,Valladolid (LEVD)
2026,1,JAN,LEVT,Vitoria,Spain,428,3704.5278151429825,1582.03937113768,56340,30200,9133.333333333332,156,234,58921.7421263,36547.0903628,434,1146.3155514150171,49.11115670190148,10140,700,32000,345,421,2004.4614039999992,697.68678,Vitoria (LEVT)
2026,1,JAN,LEVX,Vigo,Spain,345,1680.844118849876,1112.239054974663,27680,21140,6025.833333333333,146,167,17789.4251978,13590.6194048,342,472.86994553630603,62.36943149811173,5880,2480,30000,305,341,115.74241549999999,13.725605,Vigo (LEVX)
2026,1,JAN,LEXJ,Santander,Spain,280,1319.7873883270809,583.772476533941,17800,10200,24000,137,181,11116.382542000001,8298.866987,287,467.7655444454231,8.02455284096753,3941,160,30000,240,285,435.2828693,0.6154500000000024,Santander (LEXJ)
2026,1,JAN,LEZG,Zaragoza,Spain,347,3450.7423240406665,1300.008752438073,44380,24100,5258.840579710144,93,145,48175.300843000005,38361.284619,353,1900.101448183963,6.2455003599712,15740,80,32000,246,352,3352.7293769999987,6.155234,Zaragoza (LEZG)
2026,1,JAN,LEZL,Seville,Spain,2603,19687.2331722588,4598.751233127637,235900,98840,31000,1224,1647,123972.42560849989,89361.7081285,2605,6814.795123649056,242.389052690916,60983,6123,34000,2135,2592,8143.747792300001,268.733425,Seville (LEZL)
2026,1,JAN,LFAC,Calais,France,8,47.724690243347304,47.724690243347304,1580,1580,2611.3559322033902,2,2,23.783024999999988,23.783024999999988,7,1.5676165261617798,1.5676165261617798,60,60,8000,6,6,0.504,0.504,Calais (LFAC)
2026,1,JAN,LFAQ,Albert Bray,France,40,806.1864677012941,717.4939302563321,25620,24560,3252.8535353535353,3,3,2492.802605499999,2181.432315,26,64.87262884454196,22.295242990314648,1630,1190,12500,17,23,173.53193000000002,11.40615,Albert Bray (LFAQ)
2026,1,JAN,LFAT,Le Touquet,France,76,1030.719056910767,851.538587964488,29541,26481,2434.746642246642,13,14,283.1946735,225.73424500000002,52,363.78993857522903,272.895506792371,8164,6664,9000,40,44,133.906975,57.85376499999998,Le Touquet (LFAT)
2026,1,JAN,LFAV,Valenciennes,France,34,569.096463996261,351.36671433112303,11680,9500,2524.761904761904,3,7,384.0404265,153.0598435,30,100.81590531231299,44.66697703747577,1782,1222,10000,23,25,37.45548949999999,15.994754999999989,Valenciennes (LFAV)
2026,1,JAN,LFAY,Amiens,France,1,0,0,0,0,5000,1,1,0,0,,,,,,,,,,,Amiens (LFAY)
2026,1,JAN,LFBA,Agen,France,57,815.6627160885571,732.7343503578161,21339,19219,2790.833333333333,11,12,202.025933,195.54480800000002,42,89.4862805264872,80.84697167119563,2143,2083,7000,35,36,28.35508869999999,27.044688699999988,Agen (LFBA)
2026,1,JAN,LFBC,Cazaux,France,24,301.681471274574,107.15487186150901,5700,2520,5800,10,13,360.5785965,244.178794,13,160.314631212637,155.994976784991,3120,3060,18000,9,10,183.72903000000002,155.37903000000003,Cazaux (LFBC)
2026,1,JAN,LFBD,Bordeaux,France,1672,19766.979494429,3972.420952723488,220980,77300,15998.1609195402,556,883,112537.0164989999,59025.4325895,1687,8904.176080757,153.452932744286,77659,2679,32000,1221,1677,15787.2438689,71.83296959999998,Bordeaux (LFBD)
2026,1,JAN,LFBE,Bergerac,France,5,58.828853013792624,13.739888702366098,640,260,3000,2,3,235.65233000000003,107.92215,4,38.93448093530507,0,340,0,28000,2,4,63.29036999999999,0,Bergerac (LFBE)
2026,1,JAN,LFBF,Toulouse Francazal,France,17,184.326536944165,110.76866203147,3220,2260,3045.4761904761904,3,4,1528.358330999999,960.877694,14,66.86538546304051,66.86538546304051,1160,1160,18500,12,12,135.23586,135.23586,Toulouse Francazal (LFBF)
2026,1,JAN,LFBG,Cognac,France,46,1153.5059571017312,863.406312537057,22180,18540,2226.739397196111,3,5,-134.55417,-137.313748,42,174.449123300708,79.07227492833132,2460,1180,12500,30,35,25.784366599999977,-37.90454420000001,Cognac (LFBG)
2026,1,JAN,LFBH,La Rochelle,France,100,2070.4269639921167,1180.990910130525,39560,27900,2795.673076923077,17,27,8866.576785799998,3610.4112388,81,285.605259136316,59.257259419246445,3817,1697,24000,60,79,404.63701000000003,8.99535,La Rochelle (LFBH)
2026,1,JAN,LFBI,Poitiers,France,108,2217.290204929463,1743.7494594992602,55920,49080,3091.561474501383,10,11,8643.150177,3804.011546499999,75,399.190307781599,150.528372007512,6540,3940,12968.1818181818,57,69,55.29513250000001,8.543314,Poitiers (LFBI)
2026,1,JAN,LFBK,Montlucon,France,7,112.831171935245,112.831171935245,2560,2560,3950,3,3,3.11137,3.11137,4,24.61173298443817,0,300,0,10500,2,4,86.65968999999998,0,Montlucon (LFBK)
2026,1,JAN,LFBL,Limoges,France,144,1945.334507556173,1194.416287946816,40424,29824,4532.767273576097,42,60,3722.988906,2599.5557381999993,123,216.68224619950203,22.237096110851137,2460,420,17000,108,118,271.82059100000004,63.271505999999995,Limoges (LFBL)
2026,1,JAN,LFBM,Mont de Marsan,France,35,525.430557206825,341.55822243758104,8740,6720,2637.860696517413,6,12,14353.575921,12947.1895515,30,67.53488371680321,12.425126278590568,880,180,18993.899371069198,21,28,75.651919,21.58484999999999,Mont de Marsan (LFBM)
2026,1,JAN,LFBN,Niort,France,7,144.783900902979,144.783900902979,4940,4940,2517.222222222222,1,1,20.23139999999999,20.23139999999999,6,20.768726710984357,20.768726710984357,460,460,6991.325431034483,4,4,0.5701500000000008,0.5701500000000008,Niort (LFBN)
2026,1,JAN,LFBO,Toulouse Blagnac,France,2585,15415.026681348101,6348.983663970193,208780,122420,10043.3333333333,963,1350,128669.0211163,97917.21247580001,2604,10120.4595053109,70.39771385731197,88707,1140,32000,1958,2596,20324.375651,554.009902,Toulouse Blagnac (LFBO)
2026,1,JAN,LFBP,Pau,France,271,2572.050962669039,1759.276137784803,48940,37540,3128.333333333333,35,45,16328.6020552,14849.891439699999,271,741.625449050716,192.53698836467,10074,4634,28000,212,263,294.859127,38.227875,Pau (LFBP)
2026,1,JAN,LFBR,Muret,France,57,556.8259624410431,556.8259624410431,17000,17000,3000.8288819303734,13,13,86.284275,86.284275,46,386.426243929626,381.07300927856204,10068,9948,6000,35,35,13.12867,13.421619999999999,Muret (LFBR)
2026,1,JAN,LFBT,Tarbes Lourdes,France,165,2964.091560200176,891.8236175103591,45020,22860,8690,42,88,11537.296389300001,7115.679052,149,923.6842651786731,63.896337724499745,9300,1320,34000,97,143,3191.9424725000003,119.3292255,Tarbes Lourdes (LFBT)
2026,1,JAN,LFBU,Angouleme,France,75,1347.888886872683,1189.1978444511592,41840,37200,3090.516431924882,8,8,356.04681250000004,316.8529375,83,1280.6725951088192,1274.70810452613,32739,32679,4231.968967362226,30,32,34.435014999999964,37.47134999999998,Angouleme (LFBU)
2026,1,JAN,LFBX,Perigueux Bassillac,France,15,118.57391927472202,116.77406326320299,3420,3400,2353.360655737704,1,1,51.96030599999999,50.280830999999985,10,0,0,0,0,9500,10,10,0,0,Perigueux Bassillac (LFBX)
2026,1,JAN,LFBZ,Biarritz/Bayonne,France,296,3367.311807661164,1961.7827976443812,57900,42740,2787.5,47,62,24577.7101805,19753.5882655,295,810.489000573859,13.989789907716471,8080,240,30006.666666666697,244,294,1059.6164527,15.174814999999999,Biarritz/Bayonne (LFBZ)
2026,1,JAN,LFCC,Cahors,France,7,87.20740690530559,87.20740690530559,2440,2440,3100,0,0,24.60034499999999,24.60034499999999,6,1.48953600953303,0,20,0,10482.7586206897,5,6,7.74243,0,Cahors (LFCC)
2026,1,JAN,LFCH,Arcachon,France,1,48.68055462007947,48.68055462007947,1800,1800,4238.333333333333,0,0,8.736525,8.736525,2,0,0,0,0,7500,2,2,0,0,Arcachon (LFCH)
2026,1,JAN,LFCI,Albi le Sequestre,France,10,77.12615711141268,74.62497789540515,2040,2000,3180.001827809287,2,2,40.106843999999995,39.063144,11,22.59266421359683,0,300,0,20000,9,11,6.493074999999999,0,Albi le Sequestre (LFCI)
2026,1,JAN,LFCK,Castres Mazamet,France,71,231.079520772707,181.988826890734,6020,5360,17000,43,46,214.99257500000002,184.62916,66,74.06890642715555,9.10659278312404,1201,341,18000,56,63,80.034055,0.7780499999999999,Castres Mazamet (LFCK)
2026,1,JAN,LFCL,Toulouse Lasbordes,France,7,237.22068141745103,237.22068141745103,6400,6400,2950,2,2,25.236224999999997,25.236224999999997,18,129.879276220664,81.77812431281622,3039,2139,5000,15,16,0.2394000000000042,2.4349499999999997,Toulouse Lasbordes (LFCL)
2026,1,JAN,LFCR,Rodez Marcillac,France,99,1284.568891887058,823.88187157124,24780,19780,4795.901639344263,9,11,6779.1074563,5446.5513803,100,229.710179948676,40.79893694038851,2400,640,28000,83,95,639.9097858,45.584844000000004,Rodez Marcillac (LFCR)
2026,1,JAN,LFCW,Villeneuve sur Lot,France,2,3.22174226061918,0,60,0,28220.833333333303,1,2,0.0861000000000001,0,2,18.826493880489558,0,320,0,17029.166666666697,0,2,4.764374999999999,0,Villeneuve sur Lot (LFCW)
2026,1,JAN,LFCY,Royan,France,4,60.99058089932932,52.28234138827744,1800,1580,2314.4354838709673,1,1,32.810904,19.4816,2,109.33576161364701,109.33576161364701,2260,2260,4172.5,1,1,8.24671,8.24671,Royan (LFCY)
2026,1,JAN,LFDB,Montauban,France,7,88.56147154278156,87.12158673356628,2540,2500,5680,2,2,8.710117,8.710117,16,268.20143426827605,268.20143426827605,6940,6940,7000,10,10,0,0,Montauban (LFDB)
2026,1,JAN,LFDH,Auch Gers,France,21,268.693846704177,254.202030222877,7820,7460,2970.2380952380954,4,4,108.05518000000001,102.40408000000001,12,4.47521341149851,4.47521341149851,80,80,8524.642857142855,10,10,-0.36067490000000024,-0.36067490000000024,Auch Gers (LFDH)
2026,1,JAN,LFDI,Libourne,France,3,11.96904247660185,11.96904247660185,300,300,12000,2,2,-0.6552000000000006,-0.6552000000000006,1,0,0,0,0,28000,1,1,0,0,Libourne (LFDI)
2026,1,JAN,LFDJ,Pamiers les Pujols,France,20,202.66221168725002,200.86235567573002,5024,4984,3870.097414662632,3,4,25.59149,25.83508999999999,17,81.16352691625792,81.16352691625792,4000,4000,9000,15,15,56.088899999999995,56.088899999999995,Pamiers les Pujols (LFDJ)
2026,1,JAN,LFDM,Marmande,France,1,90.34341620293635,4.5173935404423,2100,120,5396.943595443179,0,0,4.606875,0.8268750000000006,2,55.68754499640026,55.68754499640026,1180,1180,6972.083333333333,1,1,-1.6537499999999998,-1.6537499999999998,Marmande (LFDM)
2026,1,JAN,LFDN,Rochefort Saint Agnant,France,14,185.704057262651,121.25255179058301,4320,3020,2899.583333333333,3,3,73.43076619999998,54.725042999999985,12,57.369578893799805,11.54245322711845,1020,480,10000,9,11,24.294503799999998,31.029599999999988,Rochefort Saint Agnant (LFDN)
2026,1,JAN,LFEC,Ouessant,France,52,217.155329795352,217.155329795352,7580,7580,5000,38,38,65.5073,65.5073,8,0,0,0,0,5000,8,8,0,0,Ouessant (LFEC)
2026,1,JAN,LFED,Pontivy,France,1,0,0,0,0,24000,1,1,0,0,1,0,0,0,0,18000,1,1,0,0,Pontivy (LFED)
2026,1,JAN,LFEH,Aubigny sur Nere,France,6,94.95267780018807,65.35118183189236,2040,1460,5217.472527472527,0,2,78.55937349999999,80.92187349999999,5,22.42498566216397,19.54521604373344,400,360,10066.6666666667,2,3,-1.91415,-1.6149,Aubigny sur Nere (LFEH)
2026,1,JAN,LFEY,Ile d'Yeu,France,7,113.643285114227,77.38518576217476,2200,1680,18030,4,5,24.157811,5.979235,7,0,0,0,0,24000,7,7,0,0,Ile d'Yeu (LFEY)
2026,1,JAN,LFFI,Ancenis,France,1,16.72066234701225,16.72066234701225,280,280,4456.666666666666,0,0,14.0322,14.0322,1,0,0,0,0,18000,1,1,0,0,Ancenis (LFFI)
2026,1,JAN,LFGA,Colmar Houssen,France,49,1105.453309235432,902.807531870826,30205,26565,3300,5,6,224.2004035,219.4915985,45,311.01984208177504,304.06039883723406,8865,8765,8000,36,39,40.851294999999986,31.13355499999999,Colmar Houssen (LFGA)
2026,1,JAN,LFGF,Beaune,France,2,6.73275593267186,6.73275593267186,140,140,11697.0518244315,1,1,4.335189499999999,4.335189499999999,2,0,0,0,0,22000,2,2,0,0,Beaune (LFGF)
2026,1,JAN,LFGJ,Dole,France,73,2169.7218577079584,1774.1759493156662,56089,51109,3254.747847478474,9,22,3308.9246404999994,2213.298030499999,70,491.49465118714306,325.60407786096107,12180,10660,10994.4642857143,46,60,1426.692006,1230.0763829999999,Dole (LFGJ)
2026,1,JAN,LFHO,Aubenas,France,1,0,0,0,0,9000,1,1,0,0,1,0,0,0,0,5000,1,1,0,0,Aubenas (LFHO)
2026,1,JAN,LFHP,Le Puy,France,32,158.787635290487,117.161310224079,3280,2540,5714.880952380952,8,9,108.0701427,107.1949657,29,9.33576993467886,5.44153601884667,180,120,18000,26,28,4.28085,0.0787499999999994,Le Puy (LFHP)
2026,1,JAN,LFHQ,Saint Flour Coltines,France,2,0,0,0,0,16500,2,2,0,0,2,4.8596112311015105,0,60,0,17960,1,2,1.2595809999999998,0,Saint Flour Coltines (LFHQ)
2026,1,JAN,LFHS,Bourg Ceyzeriat,France,1,2.1009857672924004,0,40,0,10141.3461538462,0,1,0.7013995,0,1,8.55831533477321,0,120,0,21993.75,0,1,-1.31964,0,Bourg Ceyzeriat (LFHS)
2026,1,JAN,LFHV,Villefranche Tarare,France,12,58.63671639693375,38.52681018342842,1480,1160,6561.25,4,6,31.378876199999997,19.167225199999997,14,92.50183479364476,63.57277928029685,2760,2300,18500,10,12,34.30833399999999,13.01075899999999,Villefranche Tarare (LFHV)
2026,1,JAN,LFHY,Moulins Montbeugny,France,5,83.65010253763161,83.65010253763161,2440,2440,3876.553672316384,1,1,33.338025,33.338025,2,16.678173942805877,0,340,0,8958.333333333334,1,2,3.5742,0,Moulins Montbeugny (LFHY)
2026,1,JAN,LFJL,Metz/Nancy,France,61,1724.76756795318,807.326655812106,24080,15420,4493.977591036415,2,6,7102.6509602,5792.189940199999,56,669.2628757052611,38.42692584593232,7280,1020,33000,38,54,1353.394874,11.42662899999999,Metz/Nancy (LFJL)
2026,1,JAN,LFJR,Angers Marce,France,59,1187.079521240673,743.455121769251,25918,18638,3316.393442622951,3,4,649.7409825000001,406.4946205,51,252.593669914297,79.54855162658868,3700,1980,11000,42,49,91.41940080000003,1.1509099999999999,Angers Marce (LFJR)
2026,1,JAN,LFKB,Bastia,France,467,4030.1384296988895,1743.9422940706932,55200,34540,5325,152,190,20906.9547875,18124.7395125,475,914.6665956027621,90.39390689574599,11140,2300,28000,418,468,2911.801951999999,977.8364300000001,Bastia (LFKB)
2026,1,JAN,LFKC,Calvi,France,140,1920.6593852644621,1214.149284792637,39620,33160,3404.383116883117,43,53,4965.942384500001,3159.1421765,136,627.2552237905401,274.240588601037,9800,6260,14000,111,131,757.107807,-54.97012999999997,Calvi (LFKC)
2026,1,JAN,LFKF,Figari,France,171,1882.4361292382341,893.5293034067221,31960,18420,4453.333333333333,56,70,7392.700701499999,5863.880583499999,163,441.477646053378,38.66860283731202,6380,1140,16046.4285714286,136,161,546.3661235000001,51.747699999999966,Figari (LFKF)
2026,1,JAN,LFKJ,Ajaccio,France,429,2302.326039583393,1794.169490501628,38100,32580,3417.0731707317073,163,178,14368.8122912,13877.285181000001,427,635.7492545093611,5.324378158331339,7580,80,28000,381,424,963.4265760000001,28.47258999999999,Ajaccio (LFKJ)
2026,1,JAN,LFKS,Solenzara,France,18,408.88118978864003,88.80646294468148,4680,1540,5111.666666666668,2,8,1096.4460780000002,418.738102,17,91.56444218874636,0,1060,0,25952,10,17,257.726087,0,Solenzara (LFKS)
2026,1,JAN,LFLA,Auxerre,France,80,1405.79241261752,1332.384801419957,50440,49040,3075.804666435862,15,17,404.953211,396.50176100000004,56,249.59812924489,164.126763458282,5380,4480,6000,42,45,91.685108,2.558325,Auxerre (LFLA)
2026,1,JAN,LFLB,Chambery,France,696,18341.151598997698,6781.326977039386,273320,127260,6500,50,104,124857.7610755,67098.2075407,667,4812.328784678473,381.35361813868303,49831,7651,24000,305,637,8477.209732700001,333.911752,Chambery (LFLB)
2026,1,JAN,LFLC,Clermont-Ferrand,France,259,2585.1481555450832,1617.737360169339,51642,39402,4517.5,61,86,7155.238962899999,5866.19813,249,1321.80603143179,227.81589411540102,16520,5860,18000,167,239,1659.7540375,218.453425,Clermont-Ferrand (LFLC)
2026,1,JAN,LFLD,Bourges,France,24,360.570021271173,216.821046285697,6640,5260,4341.25,7,8,598.1400665,290.33103650000004,25,210.535135436991,210.535135436991,4140,4140,9000,19,19,195.78338,195.78338,Bourges (LFLD)
2026,1,JAN,LFLH,Chalon,France,13,237.703447385015,213.85535523238698,6060,5520,3243.827160493827,2,2,68.260581,63.512480999999994,9,36.53649643512389,0,440,0,17963.333333333303,6,9,7.375719,0,Chalon (LFLH)
2026,1,JAN,LFLI,Annemasse,France,27,308.19446571758704,43.59201346166912,4240,900,15025,9,23,86.07215599999999,59.9062845,24,161.80353373210002,64.41669967882454,2720,1320,13504.0322580645,9,14,80.19335049999998,50.69904749999999,Annemasse (LFLI)
2026,1,JAN,LFLJ,Courchevel,France,47,569.49902287573,0,8400,0,13027.2727272727,15,47,180.1052635,0,46,616.447257008323,22.12221347034505,10480,340,13996.4285714286,15,43,359.3725547,-6.251936,Courchevel (LFLJ)
2026,1,JAN,LFLL,Lyon,France,3492,34626.34779425691,8351.474274505468,407956,158636,9043.791602662572,1003,1785,255278.0942495999,138363.7509104,3524,11126.8589245254,303.57107332352007,97851,4400,33000,2581,3481,24454.695087199998,1357.2449099999992,Lyon (LFLL)
2026,1,JAN,LFLM,Macon Charnay,France,2,21.9635689933944,21.9635689933944,640,640,3605.3936464088392,0,0,6.4491,6.4491,3,9.89625747972949,9.89625747972949,240,240,8000,2,2,1.28625,1.28625,Macon Charnay (LFLM)
2026,1,JAN,LFLN,Saint Yan,France,165,3223.646113749125,2870.037690321104,81660,75580,4103.333333333333,20,22,1672.1792214999991,1383.842571499999,157,734.7389219607061,600.409588757275,17160,15820,7000,124,127,342.8087780000001,185.785963,Saint Yan (LFLN)
2026,1,JAN,LFLO,Roanne,France,9,165.750614203265,165.750614203265,4354,4354,3600,1,1,34.690965000000006,34.690965000000006,4,17.62845857577295,17.62845857577295,480,480,10475.4166666667,2,2,1.5025499999999998,1.5025499999999998,Roanne (LFLO)
2026,1,JAN,LFLP,Annecy,France,134,2792.107116424673,907.716664675421,48500,18720,6448.04329327591,11,26,6175.9808705000005,2311.9273707,131,1152.852306724144,222.191344839895,16720,5240,13956.7567567568,57,121,920.3010779,12.1312225,Annecy (LFLP)
2026,1,JAN,LFLS,Grenoble,France,495,7611.1019362664565,3733.615442694424,121640,76760,4458.928571428571,87,123,44705.9619964,27926.4564029,490,2318.8668588723963,411.75280310550204,27286,9666,30000,296,456,4239.3149547,350.89909500000005,Grenoble (LFLS)
2026,1,JAN,LFLU,Valence,France,120,1670.582275068638,1269.7124492406372,45260,39200,3174.3055555555547,8,14,600.9059199999999,431.9288813,91,375.694387651044,300.050048150709,10274,9354,8000,71,77,179.8747285,73.84440499999998,Valence (LFLU)
2026,1,JAN,LFLV,Vichy,France,11,126.93703943276401,94.26740300367786,2580,2080,3971.3797814207655,4,4,-49.20554749999997,-73.35246849999999,10,90.40143863860524,90.40143863860524,2880,2880,6000,6,6,7.478619999999999,7.478619999999999,Vichy (LFLV)
2026,1,JAN,LFLW,Aurillac,France,73,525.183805763055,278.021281097026,11600,7800,5540.02920317063,25,34,1177.868659499999,675.8127385,72,216.10682393007102,83.65507030623989,3740,2040,18000,64,70,-35.668100999999986,-1.83855,Aurillac (LFLW)
2026,1,JAN,LFLX,Chateauroux Deols,France,66,1037.903093545322,788.6944614736791,20640,17580,3181.562499999999,12,13,19266.9102993,17236.9114343,57,314.80925346048605,8.99839877216602,3160,300,19000,41,54,2658.947903,53.847149999999985,Chateauroux Deols (LFLX)
2026,1,JAN,LFLY,Lyon Bron,France,282,3946.080643795572,2018.967958230607,69140,46300,3159.583333333333,26,40,5965.906913699999,3818.285159399999,268,1516.9450144415232,494.57578921962806,23080,12460,19000,179,231,801.0120219,194.1935982,Lyon Bron (LFLY)
2026,1,JAN,LFMA,Aix-en-Provence,France,16,129.839034989245,62.236586601022275,3360,1640,7713.910256410255,8,10,32.08966499999999,22.20392499999999,23,67.18105101127642,8.207343412527,1098,258,10000,19,22,12.30694500000001,1.2484499999999998,Aix-en-Provence (LFMA)
2026,1,JAN,LFMC,Le Luc,France,2,17.14089556235256,14.4535529460752,400,360,3180.3979366249077,0,0,2.40765,1.41015,4,40.46791819058173,4.35626166855804,660,100,9500,2,2,16.9365,1.8584999999999998,Le Luc (LFMC)
2026,1,JAN,LFMD,Cannes,France,261,5507.6489205969065,4208.998518815427,116080,100020,2332.5,26,39,7842.510276,6281.0060515000005,291,1765.081675721907,772.8570619907331,32302,20782,17000,176,238,1179.7038149,167.46535450000002,Cannes (LFMD)
2026,1,JAN,LFMH,Saint Etienne,France,45,614.4418052605281,474.62191659391306,15120,12880,4289.830508474576,7,7,789.895397,599.876705,36,88.97622931075323,70.00323483504033,2060,1860,10000,25,30,56.297923000000004,6.092911,Saint Etienne (LFMH)
2026,1,JAN,LFMI,Istres Le Tube,France,95,2239.0238771108898,1055.248211196251,31980,20180,2459.166666666667,12,21,32266.662071,25512.955234499997,109,419.93084898009704,61.90080524705587,4560,1060,20540.833333333303,67,96,2943.6948780000002,1375.6852375,Istres Le Tube (LFMI)
2026,1,JAN,LFMK,Carcassonne,France,95,977.621789254139,612.2560288250521,26480,21820,3815.168539325842,16,28,1293.11758,277.95022,82,166.00991167518202,121.057801503618,4003,3543,7000,67,71,244.53027,23.49269999999999,Carcassonne (LFMK)
2026,1,JAN,LFML,Marseille,France,3145,51618.5338512797,8963.133712019418,553060,169220,6165.675675675676,677,1521,283743.67306249996,145397.6443602,3150,10952.1674587776,198.398646246477,95560,3280,34000,2324,3098,20427.9914117,1685.7930265,Marseille (LFML)
2026,1,JAN,LFMN,Nice,France,4053,52545.1862422654,26390.531643994196,739940,492420,3776.3043478260875,719,1169,440648.895242,361053.8856808,4030,9511.91992140477,273.638375295805,84920,3480,34000,3162,3979,16589.5936692,760.0661245,Nice (LFMN)
2026,1,JAN,LFMO,Orange Caritat,France,16,448.5503276772131,113.79616981919301,5060,1920,3284.57627118644,2,5,1550.459310499999,268.693801,16,57.054062253077255,8.2328897559163,760,140,18995.8221925134,9,14,54.41935749999999,3.0932999999999997,Orange Caritat (LFMO)
2026,1,JAN,LFMP,Perpignan,France,352,3804.7218518856284,3285.355549276509,107008,101448,3905.0423728813553,92,110,7491.7569145,6307.4685005,329,1948.995555030804,948.44383401308,36245,26245,7000,236,280,4162.4497296,140.15033390000002,Perpignan (LFMP)
2026,1,JAN,LFMQ,Le Castellet,France,29,530.046252077994,278.827021383573,9060,6600,5069.354838709677,2,7,1920.97372,1366.593039,21,292.144471435654,104.716533160123,6140,3300,14040,9,17,39.118192,3.333745,Le Castellet (LFMQ)
2026,1,JAN,LFMS,Ales,France,1,0,0,0,0,25000,1,1,0,0,1,112.574286604346,0,1480,0,19000,0,1,40.79880000000001,0,Ales (LFMS)
2026,1,JAN,LFMT,Montpellier,France,733,7474.626044699936,4018.4730214811993,153000,117480,3064.239332096475,169,251,33100.127649,24168.271808,726,3398.1108879071585,1160.2666396086352,54926,34769,29522.5,502,650,6924.640619100001,437.81637200000006,Montpellier (LFMT)
2026,1,JAN,LFMU,Beziers,France,160,1777.3944520393322,1583.1582890067912,59060,57000,3129.7027972027972,38,40,801.9249531000002,726.7892150000001,128,455.05041049333005,427.365294935501,13652,13372,5000,88,92,77.73059999999998,55.63161999999999,Beziers (LFMU)
2026,1,JAN,LFMV,Avignon,France,138,2225.0226865559753,1453.088660987105,55078,45138,3400.2298263534212,24,38,1467.8127425,725.3793860000001,108,520.779231697571,309.462026473186,10648,8488,8000,72,85,465.49027900000004,208.78665,Avignon (LFMV)
2026,1,JAN,LFMY,Salon de Provence,France,18,179.850264232344,159.26100228239,3840,3660,4204.583333333333,3,5,67.14725500000003,43.141902,22,28.87816908514132,13.157832619292089,440,260,12000,15,18,31.02258999999997,2.40975,Salon de Provence (LFMY)
2026,1,JAN,LFMZ,Lezignan,France,1,1.52987760979119,0,20,0,15025,0,1,0.1065745000000002,0,1,59.98334086761429,8.38146901736233,800,120,8033.333333333333,0,0,5.938248999999989,2.9883,Lezignan (LFMZ)
2026,1,JAN,LFNH,Carpentras,France,4,67.65890533497495,64.54701635505887,1420,1380,8980.187025131503,1,2,3.30959,3.4712899999999998,4,15.85348930975136,15.85348930975136,340,340,12938.8425664217,2,2,12.532011499999989,12.532011499999989,Carpentras (LFNH)
2026,1,JAN,LFOA,Avord,France,72,1584.878232770191,1162.894739996602,29260,24100,2985.321524324102,5,6,4733.6957112,3224.2765085,75,209.312465905494,165.50484185127402,3740,3180,9000,61,68,127.32914500000001,118.931913,Avord (LFOA)
2026,1,JAN,LFOB,Beauvais,France,1142,39067.968381043,20801.0537638524,487500,309220,6960.118650352244,117,422,330482.2384024999,251279.3487235,1141,5956.718508395418,1436.024656759521,55760,17760,35000,632,952,18203.2562035,10897.823758499999,Beauvais (LFOB)
2026,1,JAN,LFOE,Evreux Fauville,France,108,2439.5360947362283,1420.3339888671821,41060,28500,2941.3890086206893,19,30,12246.7931195,8357.266744,108,737.0704330922721,164.495668126828,8840,2640,15000,64,85,722.855978,449.4442,Evreux Fauville (LFOE)
2026,1,JAN,LFOH,Le Havre,France,13,371.25311483239,249.42543964022602,9520,8420,3050,0,0,544.8788700000001,252.52994000000004,13,98.71122532042585,31.07331476940332,1340,780,10962.0689655172,6,11,44.332525,-2.14725,Le Havre (LFOH)
2026,1,JAN,LFOJ,Orleans Bricy,France,63,973.1071768378431,572.2163731138891,14920,10700,4940,9,20,2442.5829105000003,1377.9891115,68,290.33939536815905,16.72463261762588,3280,280,18991.0714285714,59,65,1104.7821629999992,109.497559,Orleans Bricy (LFOJ)
2026,1,JAN,LFOK,Chalons Vatry,France,101,2490.267071834265,1371.26930794926,38480,27080,3033.661202185792,16,26,37221.5313825,28361.1923155,92,1230.382240010527,47.173233308067765,11660,700,19000,40,83,4922.342265999999,681.5260230000001,Chalons Vatry (LFOK)
2026,1,JAN,LFOP,Rouen,France,71,1808.1514044071812,1475.127574610932,56740,52520,3223.516483516483,5,6,1453.711699949999,1064.168017,55,375.25026562218403,99.98456983109408,5700,3080,6000,39,48,595.8891595,47.82178499999999,Rouen (LFOP)
2026,1,JAN,LFOT,Tours,France,105,1724.120509992162,1163.1328358694682,40920,34820,3335.76923076923,22,27,1640.9106234999992,1090.091672,93,583.573325158452,420.52094933049005,16594,14954,10584.195402298901,71,82,471.70057,51.358125,Tours (LFOT)
2026,1,JAN,LFOU,Cholet,France,10,45.37103220270549,45.37103220270549,1260,1260,2983.96978021978,2,2,-1.9457075,-1.9457075,6,0,0,0,0,7000,6,6,0,0,Cholet (LFOU)
2026,1,JAN,LFOV,Laval Entrammes,France,42,731.8503543474541,422.10402081281205,14900,11840,3406.626821493624,8,9,1040.56548,599.3550270000001,40,97.61449966223925,1.74179614017975,1120,20,19000,33,39,79.664584,-0.8520699999999994,Laval Entrammes (LFOV)
2026,1,JAN,LFOZ,Orleans,France,110,926.713249948099,656.2475031387951,23880,20620,4000,41,46,755.852656,520.5740340000001,85,233.226255608784,95.38976072810773,4297,2657,8000,60,77,83.63853780000002,41.577635,Orleans (LFOZ)
2026,1,JAN,LFPB,Paris Le Bourget,France,2062,90672.892353452,61648.137735533404,1280580,957320,4888.365749525617,11,159,265964.6455124,209447.9797965,2060,15848.4993367429,6280.734900800661,187080,91040,24000,857,1365,22037.314763000002,8486.3229702,Paris Le Bourget (LFPB)
2026,1,JAN,LFPG,Paris Charles de Gaulle,France,17983,449536.545720992,151770.14257753213,5677800,2744660,4673.563218390806,547,2494,6643359.6508675,4321176.6141075,18093,62023.138779723406,6791.8555339904005,537313,81620,33000,11908,16802,194540.072659,55292.118346,Paris Charles de Gaulle (LFPG)
2026,1,JAN,LFPM,Melun,France,98,1647.3389468087569,1492.426415134261,46060,43600,2887.8290463874773,26,27,399.106147,315.418472,53,607.6225034699901,391.695953028922,11655,9235,4000,33,33,256.45349,150.900793,Melun (LFPM)
2026,1,JAN,LFPN,Paris Saclay Versailles,France,355,9504.299716636524,8525.594493132861,222620,207900,3200.780274656679,25,27,3026.5566589,2586.2333324,357,3821.2488185164443,3125.316137986021,89747,79207,5173.946360153256,144,165,1115.5609587,759.5550005000001,Paris Saclay Versailles (LFPN)
2026,1,JAN,LFPO,Paris Orly,France,7915,252921.61579928262,31822.330458870703,2831300,571700,4622.499999999999,574,2975,1835402.215234,648790.2347959998,7940,35999.947490833205,6416.611443829439,367488,84420,35000,4794,7051,182916.5521624,65843.043063,Paris Orly (LFPO)
2026,1,JAN,LFPT,Pontoise,France,35,1030.364810171763,913.824390896709,22240,20320,2580.689928628073,3,3,444.1498862,439.8393792,40,819.556585572899,578.739141764545,18388,14508,4655,10,12,148.03750499999998,47.98030000000001,Pontoise (LFPT)
2026,1,JAN,LFPV,Villacoublay Airbase,France,150,5263.402488078522,3936.9783708959794,78780,62420,3598.728813559321,3,9,6393.7386583,4231.138170799999,152,1752.042623574129,916.753532310634,26540,15320,7996.72131147541,34,61,1525.7175758,927.0374408,Villacoublay Airbase (LFPV)
2026,1,JAN,LFQA,Reims Prunay,France,25,373.4152354148421,331.581569656594,9680,8840,2759.414225941422,2,3,91.66591429999998,78.95356929999998,25,200.10850130692302,175.317333678675,5660,5280,9000,19,23,64.36872299999997,52.80449499999998,Reims Prunay (LFQA)
2026,1,JAN,LFQB,Troyes,France,78,1380.865046297783,1349.314068786917,44640,44260,2727.777777777777,8,9,397.515886,348.209466,50,509.80388654029105,392.46213794065307,11600,10020,7000,34,40,94.3337575,17.865545,Troyes (LFQB)
2026,1,JAN,LFQF,Autun Bellevue,France,1,41.08415394565042,41.08415394565042,1120,1120,3581.0593220338983,0,0,-0.7370950000000018,-0.7370950000000018,,,,,,,,,,,Autun Bellevue (LFQF)
2026,1,JAN,LFQG,Nevers Fourchambault,France,31,322.42583346887506,316.52343066110006,9440,9320,3750,9,11,127.69629,128.51739,25,9.85422552944609,8.054369517927,220,200,7000,22,23,1.2327,1.2431999999999999,Nevers Fourchambault (LFQG)
2026,1,JAN,LFQM,Besancon La Veze,France,3,31.655401220575587,31.655401220575587,640,640,3874.942528735631,1,1,35.91247,35.91247,3,24.284211109265097,24.284211109265097,340,340,18000,2,2,0.4287150000000039,0.4287150000000039,Besancon La Veze (LFQM)
2026,1,JAN,LFQP,Phalsbourg-Bourscheid Airbase,France,8,233.300545423739,201.532780956768,4560,4040,3018.6494252873563,1,1,1033.614864999999,990.4388650000001,7,142.90388847746902,134.792123625554,3519,3420,16000,3,5,12.00949700000001,27.70425,Phalsbourg-Bourscheid Airbase (LFQP)
2026,1,JAN,LFQQ,Lille,France,387,6521.59640843823,1169.5396828731111,75760,28040,4918.75,73,190,25396.7335108,11664.262947000001,385,16771.7548313375,22.91991992855106,148340,300,28993.333333333303,97,379,56015.0272553,143.2226515,Lille (LFQQ)
2026,1,JAN,LFQT,Merville Calonne,France,33,773.49573377464,752.5278498407121,26380,26000,2566.1375661375664,6,6,158.104265,161.665865,33,195.200315708261,195.200315708261,5952,5952,5000,22,22,36.348369999999996,36.348369999999996,Merville Calonne (LFQT)
2026,1,JAN,LFQV,Charleville Mezieres,France,1,131.140519594776,106.770469198808,2300,1900,3985,0,0,-22.75876,-17.44313,,,,,,,,,,,Charleville Mezieres (LFQV)
2026,1,JAN,LFQW,Vesoul Frotey,France,2,0,0,0,0,9500,2,2,0,0,2,0,0,0,0,8500,2,2,0,0,Vesoul Frotey (LFQW)
2026,1,JAN,LFRB,Brest,France,361,2101.389044602542,1573.285143035963,42480,36520,3561.5384615384614,103,114,19719.4511765,16831.9960325,333,1054.970132156066,251.47689633059403,15178,8658,30000,265,319,615.8952965000001,173.39586400000002,Brest (LFRB)
2026,1,JAN,LFRC,Cherbourg,France,15,453.664265456853,406.84871190440003,11260,10480,3453.333333333333,1,1,120.6609655,125.5686655,13,62.18778610123368,58.65878270721947,1240,1200,8999.918032786885,10,12,-4.276918,-7.84455,Cherbourg (LFRC)
2026,1,JAN,LFRD,Saint Malo,France,58,981.935410027714,695.416742995298,21360,17200,3256.666666666666,10,13,2653.129977999999,2217.818987,47,281.321935284663,52.19405459465949,3740,1000,18000,35,43,143.291089,3.70293000000001,Saint Malo (LFRD)
2026,1,JAN,LFRE,La Baule Escoublac,France,3,8.09876193511077,8.09876193511077,240,240,19000,2,2,2.38875,2.38875,8,5.38156947444205,0,80,0,21500,7,8,-0.7093799999999999,0,La Baule Escoublac (LFRE)
2026,1,JAN,LFRG,Deauville,France,50,1104.509965861871,595.77864324795,23040,17400,3200,4,5,3586.2377429999992,2157.9109579999995,47,368.52195891361606,63.80125362720138,4780,2080,15000,33,43,530.5315545000001,24.39884999999999,Deauville (LFRG)
2026,1,JAN,LFRH,Lorient,France,110,1501.051522222124,1256.420082296718,31220,27920,3331.9644839067705,20,23,2199.908672,1604.447457,113,343.3185235897171,149.820578559804,5040,2480,19000,92,107,243.0736235,101.563388,Lorient (LFRH)
2026,1,JAN,LFRI,La Roche sur Yon,France,71,1886.167620482574,1387.8707835532052,42118,33078,2681.4814814814813,13,13,1454.2476809999991,1299.954052999999,60,540.334315296722,249.712291102702,7468,4548,17993.611111111102,40,56,41.71632089999998,-47.07535629999999,La Roche sur Yon (LFRI)
2026,1,JAN,LFRJ,Landivisiau,France,35,891.2429842855671,675.648659355769,15360,12440,2700,4,5,1179.725349,904.0945690000001,29,93.92809865533337,1.4398848092152599,780,20,23000,22,28,10.2055615,-0.8431500000000006,Landivisiau (LFRJ)
2026,1,JAN,LFRK,Caen,France,100,2857.1728966286364,1015.80216039245,39100,21220,3222.1867584243005,4,11,15552.5457786,5798.431687,97,1329.1272135881882,0,11060,0,28985.185185185197,60,97,3054.7127499999992,0,Caen (LFRK)
2026,1,JAN,LFRL,Lanveoc Poulmic,France,1,133.352807185261,60.434591462191186,3220,1540,2145,0,0,-3.7107,0.9439500000000023,,,,,,,,,,,Lanveoc Poulmic (LFRL)
2026,1,JAN,LFRM,Le Mans,France,24,679.3533673598259,522.0613600157661,16760,15240,3063.333333333333,2,2,629.9581330000001,520.249933,18,49.83073873284615,6.39422530408094,580,160,8975.510204081633,11,17,31.12306499999999,0.1669499999999999,Le Mans (LFRM)
2026,1,JAN,LFRN,Rennes,France,353,2947.054378527654,1885.5880721920953,55480,43520,2600,84,105,18714.8249265,13607.2898315,349,1310.694696943997,41.931285813428026,13840,1820,26992.866004962798,270,344,1104.569352199999,34.51318,Rennes (LFRN)
2026,1,JAN,LFRO,Lannion,France,12,300.248936160196,300.248936160196,10480,10480,3079.166666666666,1,1,87.84753799999999,87.84753799999999,7,10.78873833398298,0,140,0,18075.757575757598,5,7,4.3869,0,Lannion (LFRO)
2026,1,JAN,LFRQ,Quimper,France,24,655.298012984418,604.5310155258941,19372,18592,3037.5,3,4,287.810175,219.05197,11,59.2512425706842,0,580,0,19000,9,11,139.965837,0,Quimper (LFRQ)
2026,1,JAN,LFRS,Nantes,France,1505,13022.554966432901,4927.9333090628,174940,94100,5916.666666666668,509,746,118486.70056899989,82576.18533050001,1489,5143.112503821304,99.5896787274361,43040,1540,33000,1116,1473,7721.46998,988.1243945000001,Nantes (LFRS)
2026,1,JAN,LFRT,Saint Brieuc,France,26,95.3062897984273,92.9397694426364,2260,2220,4000,13,14,212.894382,210.301407,22,62.196891014576885,0,620,0,20000,18,22,16.91337999999999,0,Saint Brieuc (LFRT)
2026,1,JAN,LFRU,Morlaix,France,16,112.04192493006099,112.04192493006099,3200,3200,3338.333333333333,2,2,155.521302,155.521302,10,10.09665667236053,1.68736501079914,100,20,23000,8,9,0.2848119999999978,-0.7129500000000001,Morlaix (LFRU)
2026,1,JAN,LFRV,Vannes,France,19,367.238003992946,262.609130698805,8017,7017,2734.4444444444443,5,5,341.900428,167.728523,13,51.24190064794815,48.74010079193664,1320,1300,11000,10,11,11.04311299999999,11.22555,Vannes (LFRV)
2026,1,JAN,LFRZ,Saint Nazaire,France,100,1123.513965692022,709.280519202804,24220,18760,3199.583333333333,24,25,10279.0559825,7580.179778000001,92,261.437176885489,217.416747705586,5600,5180,21000,78,84,61.69791300000002,29.11901499999999,Saint Nazaire (LFRZ)
2026,1,JAN,LFSB,Basel/Mulhouse,France,2384,40498.5450729678,5539.308739507987,437540,100840,8000.833333333332,329,1209,221438.0461605,73141.1830076,2389,11435.290085709801,104.982566694358,99200,2080,35000,1628,2369,20887.373635699998,381.67674800000003,Basel/Mulhouse (LFSB)
2026,1,JAN,LFSD,Dijon Longvic,France,45,1362.490221458721,1073.112530081542,37750,32010,3346.6292134831465,8,12,1299.9658044999992,1232.999954499999,47,402.219146052582,210.73104013430103,8099,6279,8000,40,45,852.2524555,738.2052905,Dijon Longvic (LFSD)
2026,1,JAN,LFSG,Epinal Mirecourt,France,23,515.980994565735,424.080346617571,10602,9902,3287.7551020408164,3,3,238.83677,169.837105,14,10.77741033220123,6.464482841372689,160,100,11000,10,12,1.345045,-1.9624549999999998,Epinal Mirecourt (LFSG)
2026,1,JAN,LFSH,Haguenau,France,1,67.52170171213884,0,1100,0,9050,0,1,-5.48100000000001,0,,,,,,,,,,,Haguenau (LFSH)
2026,1,JAN,LFSI,Saint Dizier,France,12,316.55651437437405,97.1234822585464,3500,1460,3052.083333333333,1,3,-127.97004000000001,51.85170399999997,15,42.54835463351202,9.13426925845932,543,120,18458.620689655196,9,14,11.327135,-17.611409999999967,Saint Dizier (LFSI)
2026,1,JAN,LFSL,Brive Souillac,France,123,1833.053490976343,1745.4298620718812,53755,52335,3133.123791102514,19,20,1162.888807699999,1092.110911499999,96,158.712245899464,33.124410890333294,3360,1800,18000,84,90,167.23617750000003,79.07864999999998,Brive Souillac (LFSL)
2026,1,JAN,LFSM,Montbeliard,France,2,21.12763904700353,11.888811606935878,540,300,3477.478813559322,0,0,5.3697,3.9128249999999998,1,0,0,0,0,9000,1,1,0,0,Montbeliard (LFSM)
2026,1,JAN,LFSN,Nancy Essey,France,42,605.647986037306,329.52537050829903,12860,9120,3539.166666666666,2,5,392.60235950000003,272.1809935,35,103.24914204377899,20.94851716881954,1600,520,14000,29,33,26.89186750000003,3.81833,Nancy Essey (LFSN)
2026,1,JAN,LFSO,Nancy Ochey,France,10,305.997553482235,74.53119643974402,3860,1280,4593.395252837976,1,2,-6.016923000000019,33.01529799999999,10,208.517576658383,36.28509719222462,2420,480,19000,6,9,67.68050999999996,-4.049454,Nancy Ochey (LFSO)
2026,1,JAN,LFST,Strasbourg,France,407,8753.33506521924,2023.6135023256452,103660,38920,3928.6474164133733,39,98,43882.619807400006,23485.873416899998,401,2897.982438358514,1.4398848092152599,27000,20,31000,249,400,9791.8531527,2.71897,Strasbourg (LFST)
2026,1,JAN,LFSX,Luxeuil,France,7,209.12778083876802,68.34817155060226,2460,1240,3268.1818181818185,0,1,244.4444065,377.279468,5,37.317666760572195,10.00485178577018,420,200,18000,3,4,50.362199999999994,34.73925,Luxeuil (LFSX)
2026,1,JAN,LFTF,Cuers,France,7,81.32680084106264,31.63663695423201,1280,680,10000,1,4,17.9481765,22.8829165,9,99.54879343886817,4.90193062052994,1380,80,10783.3333333333,3,7,24.12319369999999,3.56265,Cuers (LFTF)
2026,1,JAN,LFTH,Toulon/Hyeres,France,177,3627.041917538244,1618.000998302734,55260,29340,3018.64406779661,42,67,8066.3311965,5728.749902500001,159,885.324784461293,104.823614110871,10900,2940,28000,109,157,1205.7755392,5.638316,Toulon/Hyeres (LFTH)
2026,1,JAN,LFTW,Nimes,France,262,4097.6393410846495,2925.451751039043,111800,98380,3151.558427910886,35,63,5623.271545499999,2734.041188499999,246,1181.806350778181,635.392296115817,24575,18495,7533.064516129032,171,193,2313.863674,960.19456,Nimes (LFTW)
2026,1,JAN,LFTZ,Saint Tropez,France,36,381.00877190728005,276.317223739303,9440,8100,3900,10,14,238.53832400000002,172.491479,27,97.23225781645813,7.325413966882649,1080,100,24000,21,26,33.37936599999999,3.832715,Saint Tropez (LFTZ)
2026,1,JAN,LFXA,Amberieu,France,2,11.70806335493162,8.963282937364989,240,180,7462.583333333333,0,1,-0.0734999999999997,-0.1837499999999998,2,0,0,0,0,19000,2,2,0,0,Amberieu (LFXA)
2026,1,JAN,LGAD,Andravida,Greece,3,28.61771058315343,0,300,0,12050,2,3,458.1096,0,3,58.353832520876004,0,460,0,19680.0889877642,2,3,-30.331271000000008,0,Andravida (LGAD)
2026,1,JAN,LGAL,Alexandroupolis,Greece,190,840.291937162646,188.58012056106003,11820,3620,15000,123,152,4101.741899,3083.008662,186,108.698789453919,21.110628647999338,1720,360,18000,164,181,255.2242895,70.79834749999999,Alexandroupolis (LGAL)
2026,1,JAN,LGAV,Athens,Greece,8752,42483.4962488507,20099.4224313978,628180,376500,7649.863387978141,3533,4396,437283.7458362,335254.11773999996,8820,19286.5490448906,408.60998287149005,191048,7608,33000,7214,8753,21891.7179097,962.5637725,Athens (LGAV)
2026,1,JAN,LGBL,Nea Anchialos,Greece,16,71.14033386116867,1.61987041036718,1040,40,12027.4590163934,7,15,37.90410999999991,0,17,94.68364359603873,11.94889873926365,900,160,16000,10,16,185.247545,8.34197999999999,Nea Anchialos (LGBL)
2026,1,JAN,LGEL,Elefsis Airbase,Greece,150,1219.374024910554,526.215460524295,20120,9720,6772.083333333333,54,69,1892.7092794,965.73981,152,192.37319849587703,32.66565535011282,2600,460,20000,136,147,430.26834,24.12223,Elefsis Airbase (LGEL)
2026,1,JAN,LGHI,Chios,Greece,218,701.012708189637,499.109313439236,12560,9660,13000,161,169,2006.7432995000001,1835.2364495,217,220.039669700523,75.67947374617638,3720,1540,14000,201,208,397.87107900000007,191.623084,Chios (LGHI)
2026,1,JAN,LGIK,Ikaria,Greece,43,216.999954853709,164.12035018372,3760,3000,15000,28,31,394.68603500000006,342.593925,42,18.14818089147336,7.6029707097116495,280,120,14000,37,41,23.25828800000001,11.046,Ikaria (LGIK)
2026,1,JAN,LGIO,Ioannina,Greece,58,261.223820025579,27.237531558940805,4000,540,12051.6666666667,31,53,2160.7389969999995,592.5654,59,190.57087015019803,0,2500,0,17000,47,59,95.02681899999997,0,Ioannina (LGIO)
2026,1,JAN,LGIR,Heraklion,Greece,628,2493.2596646133184,1553.5360462731321,43960,30660,14000,331,363,21571.390671999998,20432.784163,631,752.843395020211,28.85011626000937,8660,500,24000,580,628,643.9576578000001,19.228911999999998,Heraklion (LGIR)
2026,1,JAN,LGKA,Kastoria,Greece,9,45.89083003027535,7.108982243644319,760,160,10000,4,7,102.718607,51.583607,9,7.7890320498498,0,100,0,17000,7,9,2.969925,0,Kastoria (LGKA)
2026,1,JAN,LGKC,Kithira,Greece,18,49.38877045638081,27.07055591354422,1060,660,13000,11,14,183.104505,118.613505,17,2.1071485012906304,0,40,0,15000,16,17,6.0165,0,Kithira (LGKC)
2026,1,JAN,LGKF,Kefallinia,Greece,44,270.54778187568604,45.47338712087406,4460,1000,10000,20,34,555.864315,129.61200000000002,38,93.85473297074027,23.79972381365817,1200,320,15000,28,36,37.946065000000004,19.83874999999998,Kefallinia (LGKF)
2026,1,JAN,LGKJ,Kastelorizo,Greece,4,0,0,0,0,9000,4,4,0,0,7,0,0,0,0,8000,7,7,0,0,Kastelorizo (LGKJ)
2026,1,JAN,LGKL,Kalamata,Greece,16,192.26840112122602,41.01178665188858,3060,800,10932.708333333301,1,9,231.2663242,27.165553,15,84.17001709983641,0,1000,0,14456.6666666667,8,15,33.16037,0,Kalamata (LGKL)
2026,1,JAN,LGKM,Kavala,Greece,9,58.939523952123466,23.781472189484838,1540,680,8240.496031746032,3,6,7.57953,2.6365499999999997,2,25.773938084953198,25.773938084953198,1802,1802,9273.333333333334,1,1,16.60049999999999,16.60049999999999,Kavala (LGKM)
2026,1,JAN,LGKO,Kos,Greece,221,406.842562009206,280.116117810055,6800,5260,15000,173,180,1614.332304,1652.6416040000001,219,381.34043455339304,19.959465180847467,5180,320,16000,197,215,471.15476350000006,36.68791849999999,Kos (LGKO)
2026,1,JAN,LGKP,Karpathos,Greece,49,512.7112812834271,58.498608686269534,7240,1140,15000,36,40,253.893395,210.83948,48,84.8504451262571,0,1280,0,14531.803278688501,42,48,182.13414500000002,0,Karpathos (LGKP)
2026,1,JAN,LGKR,Corfu,Greece,87,734.486852440707,473.384718007213,12940,9100,3737.6492537313434,35,40,6839.100456,4943.289136,87,79.95729977729253,0,1060,0,19000,76,87,61.402684999999984,0,Corfu (LGKR)
2026,1,JAN,LGKS,Kassos,Greece,5,0,0,0,0,5000,5,5,0,0,2,0,0,0,0,6500,2,2,0,0,Kassos (LGKS)
2026,1,JAN,LGKV,Kavala Alexander the Great,Greece,62,150.120240506983,44.56463904389985,2260,820,14000,35,55,751.85307,379.37444000000005,61,93.87200609696306,1.1674741696339899,1280,20,16000,53,60,82.54348499999999,3.6854999999999998,Kavala Alexander the Great (LGKV)
2026,1,JAN,LGKY,Kalymnos,Greece,9,114.497497954174,90.10415530393932,2200,1880,17000,7,7,214.55176500000002,216.441755,8,0,0,0,0,16000,8,8,0,0,Kalymnos (LGKY)
2026,1,JAN,LGKZ,Kozani,Greece,11,174.276043264241,41.4269784185201,2880,820,9000,3,6,339.900465,166.44414,9,35.88188554671723,35.88188554671723,549,549,17000,7,7,32.785129999999995,32.785129999999995,Kozani (LGKZ)
2026,1,JAN,LGLE,Leros,Greece,17,60.390892273756485,55.10586053084138,980,900,15000,13,13,33.397884999999995,27.528385,14,4.80561555075594,0.8999280057595379,80,20,14000,12,13,7.769212,4.25775,Leros (LGLE)
2026,1,JAN,LGLM,Lemnos,Greece,116,466.35996708234904,159.288687487707,7100,2940,13006.6666666667,83,97,996.999486,151.040667,116,263.529563917067,57.42459766200233,3140,960,14000,105,110,53.42525249999992,72.14628249999998,Lemnos (LGLM)
2026,1,JAN,LGLR,Larissa,Greece,15,198.37218645804,108.020309114187,3300,1940,9300,4,10,372.672315,254.486735,13,31.294872448939927,0,280,0,15000,12,13,520.5251000000001,0,Larissa (LGLR)
2026,1,JAN,LGMG,Megara,Greece,3,86.9936720851805,84.11390246674999,3880,3840,6725,1,1,33.293407500000015,33.07762750000001,18,129.61916829007,129.61916829007,4100,4100,7046.88888888889,7,7,9.064644999999999,9.064644999999999,Megara (LGMG)
2026,1,JAN,LGMK,Mikonos,Greece,81,88.67596983339399,83.88835284275325,1400,1340,11000,66,66,93.21975300000001,97.51976300000001,79,33.333733522889844,33.333733522889844,560,560,12000,72,72,91.45971999999998,91.45971999999998,Mikonos (LGMK)
2026,1,JAN,LGML,Milos,Greece,56,357.187357962288,184.47115183957402,8800,5060,9000,35,38,355.158025,361.61075,48,32.45098163407924,0,400,0,12000,46,48,-13.35599999999999,0,Milos (LGML)
2026,1,JAN,LGMT,Mitilini,Greece,262,622.408519899757,330.89915856128306,10680,6400,15000,223,237,1875.2003924999992,1513.857452,259,365.57147264006005,51.70821343059358,5200,760,14000,235,255,545.6362735,133.740015,Mitilini (LGMT)
2026,1,JAN,LGNX,Naxos,Greece,60,122.30170398979301,120.42359336907701,2740,2720,9000,45,46,212.355265,216.051265,59,86.45135014668831,86.45135014668831,1420,1420,10000,39,39,29.99301900000002,29.99301900000002,Naxos (LGNX)
2026,1,JAN,LGPA,Paros,Greece,81,112.49951934300101,112.49951934300101,2080,2080,9000,66,66,18.945215000000008,18.945215000000008,78,93.39138569621473,93.39138569621473,1420,1420,8000,54,54,64.59499999999998,64.59499999999998,Paros (LGPA)
2026,1,JAN,LGPL,Astypalaia,Greece,15,3.73770098392131,3.73770098392131,100,100,15000,14,14,16.5396,16.5396,13,28.479559473079988,0,420,0,16000,11,13,31.40653999999999,0,Astypalaia (LGPL)
2026,1,JAN,LGPZ,Preveza,Greece,26,224.14232473216302,192.809421177698,7145,6625,9000,10,15,340.14594,272.644065,23,61.13064445469459,4.70132602157785,780,80,17000,15,22,6.42233,8.90347499999999,Preveza (LGPZ)
2026,1,JAN,LGRD,Rhodes Maritsa,Greece,2,1.0799136069114499,1.0799136069114499,20,20,12600,1,1,0,0,3,0,0,0,0,18000,3,3,0,0,Rhodes Maritsa (LGRD)
2026,1,JAN,LGRP,Rhodes,Greece,331,1229.575845529187,990.4577956037771,21440,18400,11000,176,189,12934.2933058,12314.574956,333,332.45177110872106,1.1999040076793899,4440,20,30000,313,332,429.70990000000006,4.14225,Rhodes (LGRP)
2026,1,JAN,LGRX,Araxos,Greece,16,159.151935711953,56.59884705748666,2560,1080,5496.335447498238,1,6,418.78916150000003,269.7694215,16,54.607631389488844,11.33909287257019,700,240,17000,13,15,110.66059999999999,80.16069999999998,Araxos (LGRX)
2026,1,JAN,LGSA,Chania,Greece,343,1381.1862679372591,757.7352873364291,22540,14280,11400,157,194,14187.2734495,11614.876013000001,353,400.67795402608806,13.53407021555921,4040,340,24000,325,351,508.6440363,82.09896999999998,Chania (LGSA)
2026,1,JAN,LGSK,Skiathos,Greece,18,48.78599921796468,26.28062482274148,920,560,12000,13,15,148.75329000000002,110.28129,18,0,0,0,0,13000,18,18,0,0,Skiathos (LGSK)
2026,1,JAN,LGSM,Samos,Greece,140,301.564066853916,249.195404289079,5660,4820,14000,95,100,993.693695,886.29947,138,226.481229118192,25.50854639629214,3360,400,14000,121,135,355.595947,66.16629,Samos (LGSM)
2026,1,JAN,LGSO,Syros,Greece,14,76.91494782853118,76.91494782853118,1560,1560,7000,9,9,90.76098999999999,90.76098999999999,14,11.81532271676639,11.81532271676639,180,180,8000,10,10,-10.63649999999999,-10.63649999999999,Syros (LGSO)
2026,1,JAN,LGSR,Santorini,Greece,215,522.965048262253,375.871892138319,9300,7400,13000,152,158,2487.4671604999994,2325.265913,217,213.18124975873903,54.460824124969896,3000,840,14000,200,212,286.73931650000003,129.44872,Santorini (LGSR)
2026,1,JAN,LGST,Sitia,Greece,43,197.258675796907,79.83746809492186,3180,1700,15000,29,31,247.510505,218.769375,41,18.702381898758368,2.4909534032019596,300,40,18000,36,40,21.567792999999998,-3.91387,Sitia (LGST)
2026,1,JAN,LGSY,Skiros,Greece,37,187.480965698244,141.518195911317,3580,2940,11000,18,22,384.828875,361.460305,33,32.982361411087105,0,460,0,14000,32,33,0,0,Skiros (LGSY)
2026,1,JAN,LGTG,Tanagra,Greece,5,14.05281125897033,0,180,0,11033.3333333333,2,5,40.66706999999998,0,5,15.11879049676025,0,120,0,8000,4,5,29.64148800000001,0,Tanagra (LGTG)
2026,1,JAN,LGTL,Kasteli,Greece,6,61.46322087336463,2.51979841612672,720,40,11500,3,5,96.80790999999995,11.18039999999999,6,0,0,0,0,22000,6,6,0,0,Kasteli (LGTL)
2026,1,JAN,LGTS,Thessaloniki,Greece,1853,9312.172253781373,4531.250926814887,132912,86632,14000,831,1034,83582.7559665,74508.214456,1879,3996.413520033701,15.384849400727179,42200,360,31985.714285714297,1569,1874,15324.0756812,26.40828199999999,Thessaloniki (LGTS)
2026,1,JAN,LGZA,Zakinthos,Greece,46,144.246035447786,36.3365891787007,2460,820,14000,27,36,246.974515,99.37937,43,47.23664471374309,10.683431039802528,620,160,17000,36,41,9.0628125,12.508907499999989,Zakinthos (LGZA)
2026,1,JAN,LHBP,Budapest,Hungary,4888,78344.55809923851,10003.2819421408,770520,189640,30000.4892823858,1170,3048,426891.84596559993,245740.7276500999,4920,23851.8748006918,134.014794238539,203980,1800,34071.5435606061,3467,4896,50516.8363822,1479.00486,Budapest (LHBP)
2026,1,JAN,LHDC,Debrecen,Hungary,68,526.009033022573,199.09381278292602,6900,3840,4057.5,21,31,4050.717852,3090.0989339999987,69,178.62204536578602,4.98782491223096,1640,60,34000,54,68,654.835013,30.47231,Debrecen (LHDC)
2026,1,JAN,LHKE,Kecskemet,Hungary,23,236.648999377657,71.02323287295215,2600,1300,4000,5,9,593.0168453,519.0023653,18,113.389423040386,0,920,0,33000,12,18,37.88018799999996,0,Kecskemet (LHKE)
2026,1,JAN,LHNY,Nyiregyhaza,Hungary,1,5.406170767208209,5.406170767208209,140,140,2991.576086956522,0,0,4.024179999999999,4.024179999999999,,,,,,,,,,,Nyiregyhaza (LHNY)
2026,1,JAN,LHPA,Papa,Hungary,19,467.64114998433797,186.452567950038,7720,3380,3454.166666666667,5,5,15655.814053,13615.237023,17,1.68736501079914,0,20,0,27000,16,17,50.208400000000005,0,Papa (LHPA)
2026,1,JAN,LHPP,Pecs Pogany,Hungary,12,184.019329813626,64.68817500730904,2260,1200,22500,4,8,245.283539,24.05242900000001,15,61.565567365448196,0,540,0,24000,12,15,58.836780000000005,0,Pecs Pogany (LHPP)
2026,1,JAN,LHPR,Gyor Per,Hungary,53,568.27182234851,424.24518627915404,10960,9540,4389.583333333333,14,19,748.9469985000001,609.973746,48,144.822050824702,47.92434140699301,2038,918,19000,28,37,156.4332317,59.327527499999995,Gyor Per (LHPR)
2026,1,JAN,LHSM,Heviz Balaton,Hungary,24,209.595861384037,58.303111597582244,3560,1580,6421.739130434784,9,13,740.0257932000001,208.181413,25,76.28766693163735,13.1604689016183,1100,500,18013.2034632035,17,22,52.367985999999995,2.358825,Heviz Balaton (LHSM)
2026,1,JAN,LHSN,Szolnok,Hungary,1,2.00555384140705,2.00555384140705,40,40,2628.5714285714284,0,0,4.1832,4.1832,1,3.9870024683739698,0,40,0,39465.1785714286,0,1,2.5278245,0,Szolnok (LHSN)
2026,1,JAN,LIBA,Amendola,Italy,1,31.95396507316847,22.30223721139742,560,420,3010.588235294117,0,0,25.38196,13.099375,,,,,,,,,,,Amendola (LIBA)
2026,1,JAN,LIBC,Crotone,Italy,108,278.97172539328704,47.82425911533172,3540,860,30000,79,99,2275.8882060000005,789.10501,107,200.75696490426,0,1860,0,36000,87,107,343.848307,0,Crotone (LIBC)
2026,1,JAN,LIBD,Bari,Italy,1516,9589.14538761757,2821.513100287307,109020,47780,28395,719,1035,61370.112523200005,41708.8182902,1528,3159.894088624504,5.22518715541534,26900,80,35986.8571428571,1292,1525,4074.422548999999,69.48689000000002,Bari (LIBD)
2026,1,JAN,LIBF,Foggia,Italy,49,289.81794323509604,185.056896328117,5300,4120,9015.384615384617,22,26,2843.490771,2658.8225350000002,47,82.72179948567056,38.12266447255648,880,460,32000,41,45,167.687094,64.04986900000002,Foggia (LIBF)
2026,1,JAN,LIBG,Taranto,Italy,16,96.3164785006485,78.60003690715496,1580,1420,25002.5862068966,8,11,2193.629919,2136.306947,20,63.83925649584396,0,580,0,32000,17,20,197.557925,0,Taranto (LIBG)
2026,1,JAN,LIBN,Lecce,Italy,8,362.18031721136805,362.18031721136805,6200,6200,2686.695075757576,2,2,803.191686,803.191686,7,33.30134498331041,28.15015707834282,500,440,20200,3,5,53.941551000000004,55.748470000000005,Lecce (LIBN)
2026,1,JAN,LIBP,Pescara,Italy,291,1237.9472964263011,283.291925823155,16460,5880,32000,169,253,8113.236276,2540.357257499999,277,373.41139897942406,27.548811505159858,4320,1000,35000,239,275,1664.631092,1320.3845000000001,Pescara (LIBP)
2026,1,JAN,LIBR,Brindisi,Italy,586,2148.6841994235738,936.531633167453,29260,16700,35000,372,432,18190.3033238,13804.1589628,594,873.6410530513491,0,7840,0,36000,498,594,1936.6249025,0,Brindisi (LIBR)
2026,1,JAN,LIBV,Gioia del Colle,Italy,5,410.92234820627203,255.05815580098002,5880,3900,7290,1,2,688.0911163,389.26408180000004,4,63.77707965180965,43.17036455265396,1120,800,18000,2,3,179.98073,141.69248000000002,Gioia del Colle (LIBV)
2026,1,JAN,LICA,Lamezia Terme,Italy,654,2955.8866028346524,619.668524148641,37640,11340,11295.9139784946,280,525,27287.180289,11595.599648,656,1120.378077972851,1.9079652023910099,9840,40,36000,556,655,2439.973016,6.938639,Lamezia Terme (LICA)
2026,1,JAN,LICB,Comiso,Italy,108,418.63966700291405,291.67193842372797,7400,5800,20478.8461538462,54,60,5304.8909202,4867.8468392,98,114.10316059096601,0,1000,0,34000,86,98,246.34119,0,Comiso (LICB)
2026,1,JAN,LICC,Catania,Italy,2204,8530.513650526347,2870.9835508077263,126000,56260,29000,1137,1537,94618.928845,57340.790928500006,2209,2954.806510562624,80.79067960277463,26720,1900,36000,1904,2207,5298.568884,183.73265500000002,Catania (LICC)
2026,1,JAN,LICD,Lampedusa,Italy,88,455.958879666432,327.36453479652204,9940,8040,11168.3333333333,44,44,1114.412217999999,1107.086884999999,92,188.63327359179002,1.91984641228702,2420,40,16000,81,91,71.55077499999997,13.95975,Lampedusa (LICD)
2026,1,JAN,LICG,Pantelleria,Italy,119,519.404078409275,144.084299246655,9420,3280,9052.5641025641,46,69,1565.9913669999992,453.29055500000004,119,60.255175554089156,2.1071485012906304,940,40,12000,108,118,64.85608299999998,7.0245,Pantelleria (LICG)
2026,1,JAN,LICJ,Palermo,Italy,1762,5244.74801511511,2858.326463647078,75940,51360,33000,1093,1272,50088.520905000005,42045.876979,1760,2326.518711919142,14.587798926247089,20560,220,36000,1548,1752,3421.622547999999,74.37070550000001,Palermo (LICJ)
2026,1,JAN,LICP,Palermo Boccadifalco,Italy,1,0,0,0,0,17000,1,1,0,0,1,0,0,0,0,16000,1,1,0,0,Palermo Boccadifalco (LICP)
2026,1,JAN,LICR,Reggio Calabria,Italy,232,1390.570684845761,425.81174368796707,16040,7220,18960,94,145,10564.268667,7407.0404149999995,229,552.5335663874,0,4700,0,36000,198,229,1006.6677080000001,0,Reggio Calabria (LICR)
2026,1,JAN,LICT,Trapani,Italy,257,913.7451277052052,396.513333490786,14080,7180,29000,165,197,9601.331973999999,3873.5080785,250,508.64219610810306,0,4360,0,34000,221,250,936.327352,0,Trapani (LICT)
2026,1,JAN,LICZ,Catania Sigonella,Italy,70,1535.9506263554592,628.46137833932,21253,10793,4493.200146627566,26,31,14188.2134983,8430.8125143,70,168.286719881649,0,2100,0,27008.333333333303,58,70,525.031580999999,0,Catania Sigonella (LICZ)
2026,1,JAN,LIEA,Alghero,Italy,299,1437.120635902761,631.536916877204,21040,12240,6100,109,149,11076.114371,7952.146628499999,300,335.96209276212403,31.85938327080523,3080,440,31458.888888888898,266,299,666.697656,53.07014999999999,Alghero (LIEA)
2026,1,JAN,LIED,Decimomannu,Italy,16,442.36828076761304,254.621030340435,5566,3986,4861.775956284153,5,6,709.2008112000001,506.99438870000006,11,266.285368675092,12.386668407186761,3000,200,19967.8571428571,5,9,224.873082,24.80099199999999,Decimomannu (LIED)
2026,1,JAN,LIEE,Cagliari,Italy,981,3212.6573277568805,915.6065554549431,38920,16500,31014.666666666697,640,789,24540.533252999998,15617.785367,972,2607.360643983686,49.88242113137371,21720,540,32000,814,965,3327.4118807,152.8861987,Cagliari (LIEE)
2026,1,JAN,LIEO,Olbia,Italy,368,1376.6357036952431,662.7085236287891,19800,11760,11022.5,167,220,12229.585294,8807.0735907,370,582.654918094836,90.35380642403612,6860,2240,30000,330,365,1707.394857499999,64.79121099999998,Olbia (LIEO)
2026,1,JAN,LIMA,Torino Aeritalia,Italy,2,10.80507194911393,0,260,0,8988.201542912248,0,2,1.9036499999999998,0,,,,,,,,,,,Torino Aeritalia (LIMA)
2026,1,JAN,LIMB,Milan Bresso,Italy,11,82.56631287678783,12.026894991257798,1660,260,11005.4545454545,4,9,9.81145799999999,7.76422,12,29.684066833094928,19.13691060559313,580,440,17000,10,11,5.619075,0.5890500000000003,Milan Bresso (LIMB)
2026,1,JAN,LIMC,Milan Malpensa,Italy,7737,102244.52348478741,34406.107960288,1242600,631580,4494.42889137738,1562,3318,1268211.553803,948580.9421553,7801,26773.268975688803,238.72685367701604,221167,3220,35000,5701,7723,49987.384917300005,3585.529413,Milan Malpensa (LIMC)
2026,1,JAN,LIME,Bergamo,Italy,3600,63626.5783022643,5393.964985443107,612120,88800,31094.457013574698,1133,2866,260861.0070204999,77320.41652900001,3640,18758.801128274597,258.973504578534,156180,5620,35956.5053763441,2492,3611,18575.9934135,647.332341,Bergamo (LIME)
2026,1,JAN,LIMF,Turin,Italy,1759,18624.0878348393,4058.110566112873,204620,72160,20900,470,1062,92702.9490218,54446.7824843,1769,5138.655666870379,84.88372810601398,44580,2060,35000,1321,1756,6987.64683,259.1675672,Turin (LIMF)
2026,1,JAN,LIMG,Albenga,Italy,16,187.297532779171,106.661159941642,4140,3020,4647.602823629247,4,7,296.56097,146.26607,16,132.82375322368,112.216027961001,2940,2680,15000,10,13,-1.3759529999999898,-10.51574999999999,Albenga (LIMG)
2026,1,JAN,LIMJ,Genoa,Italy,438,5498.168332015397,1714.827608206816,71560,29360,10006.6715542522,108,234,31632.8030307,17341.0143442,447,1125.178737193531,21.80965913458408,9780,320,32043.1034482759,353,445,1897.770653999999,338.93475,Genoa (LIMJ)
2026,1,JAN,LIML,Milan Linate,Italy,4695,46968.403054907,14824.7990009818,568860,274260,3508.510638297872,1074,1940,326818.3381828999,222332.8103909,4722,12681.967968555202,108.178424898944,109748,1380,33015.641025641,3653,4681,21733.1804479,543.2074142,Milan Linate (LIML)
2026,1,JAN,LIMN,Cameri,Italy,1,0,0,0,0,24000,1,1,0,0,1,0,0,0,0,21000,1,1,0,0,Cameri (LIMN)
2026,1,JAN,LIMP,Parma,Italy,35,282.55120296709697,93.4091917181053,3620,1720,19000,14,22,364.41678,127.08596050000001,34,140.14756141369702,6.725166420183919,1500,180,29000,23,32,100.566708,5.343322,Parma (LIMP)
2026,1,JAN,LIMW,Aosta,Italy,2,11.96719511705921,0,160,0,18978.323558162298,0,2,1.18125,0,2,2.64193150262265,0,40,0,18916.0714285714,1,2,0.8084474999999998,0,Aosta (LIMW)
2026,1,JAN,LIMZ,Cuneo,Italy,55,869.39819109603,393.50657304995,18440,12620,11000,21,32,1210.5922765,513.1895785,62,290.843121976058,245.275615432583,8460,8040,25000,42,50,127.74901750000001,92.48373199999999,Cuneo (LIMZ)
2026,1,JAN,LIPA,Aviano,Italy,20,505.23317000419104,125.19732763094801,7000,2100,3093.295454545454,1,5,5515.8671895,2872.9317915,20,132.700858453748,17.341612670986308,1680,240,20854.6511627907,11,18,250.07609100000002,33.20795399999998,Aviano (LIPA)
2026,1,JAN,LIPB,Bolzano,Italy,286,3774.644818350912,43.61669483658471,50460,860,16040.5194805195,104,280,10956.8835519,226.16454099999999,283,852.818910279111,8.565276718871049,8820,180,24000,231,282,939.4322757000001,-0.34649999999999975,Bolzano (LIPB)
2026,1,JAN,LIPC,Cervia,Italy,3,21.65075238496899,9.267631103074171,420,260,10869.783132530101,1,2,100.98477,79.09541999999998,3,37.77537796976241,0,400,0,15000,2,3,-112.92800000000001,0,Cervia (LIPC)
2026,1,JAN,LIPE,Bologna,Italy,2703,33030.9289991958,5317.698357495696,342000,93900,17000,858,1769,162100.3552252,85861.261458,2726,8364.970804625807,36.340799167712504,70587,460,35000,2086,2710,10646.316169,264.165425,Bologna (LIPE)
2026,1,JAN,LIPH,Treviso,Italy,804,7912.145012742681,703.9452589695001,80620,13040,32000,318,692,31853.179646,10221.172681,780,4275.639304097523,138.270044847338,36780,2020,35000,515,776,5580.751342999999,195.46941,Treviso (LIPH)
2026,1,JAN,LIPI,Rivolto,Italy,6,141.854614435992,45.97213439406579,2180,860,8993.694638694638,1,4,86.79621130000001,2.1140360000000102,6,53.58964804373509,23.533843099003686,660,320,27000,3,5,68.21340800000002,14.44144,Rivolto (LIPI)
2026,1,JAN,LIPK,Forli,Italy,56,385.451406715331,240.31487113792102,7060,5400,8274.056603773584,21,34,1693.9995194999992,1149.436677499999,52,101.797813509996,50.345362460421924,1680,1180,31945.3974358974,42,49,172.9792792,52.408855199999984,Forli (LIPK)
2026,1,JAN,LIPL,Ghedi,Italy,2,10.49027339428022,7.01643517230571,200,160,13084.1036866359,0,1,1004.867425,1001.91535,2,0,0,0,0,22500,2,2,0,0,Ghedi (LIPL)
2026,1,JAN,LIPN,Verona Boscomantico,Italy,2,31.42641692112906,0,680,0,8962.78530377668,0,2,3.169425,0,8,12.47910133966691,12.47910133966691,380,380,8000,6,6,2.4654,2.4654,Verona Boscomantico (LIPN)
2026,1,JAN,LIPO,Brescia,Italy,190,2030.134650515713,597.689907232066,25980,12360,10925,58,106,11324.455732,7448.486579999999,194,478.028546211018,61.239042628085365,5400,1560,34000,158,187,1313.838804,246.726107,Brescia (LIPO)
2026,1,JAN,LIPQ,Trieste,Italy,420,4212.692286909334,666.047584626319,44400,12200,15000,147,271,20751.489277,10108.120506000001,424,1120.7177524329861,8.67630937957019,9660,120,34011.1458333333,344,422,1496.500828,44.458439999999996,Trieste (LIPQ)
2026,1,JAN,LIPR,Rimini,Italy,69,1248.321672938963,772.400318768777,19980,14300,3356.25,16,24,7482.2379147,6238.227955499999,70,437.14190091831205,178.059076291145,5340,2520,24000,50,66,678.8852730000001,372.389018,Rimini (LIPR)
2026,1,JAN,LIPS,Treviso Istrana,Italy,7,56.96937258647048,23.409517267944207,760,380,11000,2,4,120.076683,90.37875499999998,8,34.67826022194085,0,260,0,29518.75,7,8,46.549179999999986,0,Treviso Istrana (LIPS)
2026,1,JAN,LIPU,Padova,Italy,1,0,0,0,0,30000,1,1,0,0,,,,,,,,,,,Padova (LIPU)
2026,1,JAN,LIPV,Venice Lido,Italy,1,12.91296085735788,12.91296085735788,440,440,2934.2342342342345,0,0,0.7559999999999998,0.7559999999999998,2,9.10845165173671,9.10845165173671,281,281,11702.4590163934,1,1,0.4567499999999999,0.4567499999999999,Venice Lido (LIPV)
2026,1,JAN,LIPX,Verona,Italy,1027,15629.389483824201,2147.6656602775224,165260,40180,26086.3636363636,293,654,89289.533565,34464.726306000004,1047,4326.248245695262,21.73824353868745,36980,320,35000,733,1044,6070.620516999999,41.79421399999998,Verona (LIPX)
2026,1,JAN,LIPY,Ancona,Italy,256,2209.5642289335483,604.2973915857991,31460,12200,8960.897435897437,68,130,18106.7093417,6535.1405967,251,564.917150750236,34.6336145584644,6460,520,30000,213,247,883.3815480000001,188.1758,Ancona (LIPY)
2026,1,JAN,LIPZ,Venice,Italy,2729,24479.420626365303,5003.617206568511,255700,85920,29000,1003,1727,137420.3442922,84537.04483350001,2746,11027.1738686243,51.76448965196166,96180,680,35000,1948,2731,24204.038164699996,448.44851200000005,Venice (LIPZ)
2026,1,JAN,LIQS,Siena,Italy,2,31.272874173408947,20.1234246659549,460,360,3962.429452196739,0,0,56.79912299999999,38.62569299999999,2,0,0,0,0,32000,2,2,0,0,Siena (LIQS)
2026,1,JAN,LIRA,Rome Ciampino,Italy,1577,13605.0372259723,2288.3068178606613,140100,39820,31005.846774193502,619,1150,35463.383207499995,15697.038808700001,1587,3880.3700481024125,291.15279454639705,34244,4200,36000,1239,1550,4693.7490511999995,1140.3667777,Rome Ciampino (LIRA)
2026,1,JAN,LIRE,Pratica di Mare,Italy,125,1907.475172176405,1232.957292211634,28040,20800,2781.4988290398123,29,45,10293.9156651,8491.610342599999,146,354.190282638689,44.68729528781615,4160,640,25000,118,136,766.1082172,327.25507700000003,Pratica di Mare (LIRE)
2026,1,JAN,LIRF,Rome Fiumicino,Italy,10970,83981.74945926461,26863.3730902849,1026720,483840,7481.666666666666,3414,5485,887738.0909437999,603075.6021524998,11057,26151.499972845602,304.88374950156907,217745,3960,35000,8658,10976,64187.380062000004,3104.667507,Rome Fiumicino (LIRF)
2026,1,JAN,LIRI,Salerno,Italy,42,341.1785770782081,135.04054105560002,4760,2640,10224,16,23,3763.1387245,2603.9420445,42,55.77259552324605,0,480,0,38000,38,42,100.466175,0,Salerno (LIRI)
2026,1,JAN,LIRJ,Marina di Campo,Italy,23,49.50898169753863,46.76256504723428,1020,980,11000,18,19,-13.99471,-14.746509999999999,29,131.87568371153702,0,2600,0,12000,27,29,10.403479999999979,0,Marina di Campo (LIRJ)
2026,1,JAN,LIRN,Naples,Italy,2467,14084.6842774963,4026.335026022933,174400,69800,24000,1115,1720,110870.4560856,64555.331732000006,2467,5898.547355597278,46.43136807146667,51140,620,35773.3333333333,1931,2456,9650.6116685,445.08488800000003,Naples (LIRN)
2026,1,JAN,LIRP,Pisa,Italy,1110,8650.907528246538,1868.004309040912,99611,35351,29966.666666666697,493,812,39240.1888105,20055.0679865,1081,3581.0736604165104,34.35742136936683,30320,520,36000,812,1078,5322.193850199999,156.862451,Pisa (LIRP)
2026,1,JAN,LIRQ,Florence,Italy,1193,11702.5091633228,3338.377748177631,143080,62340,5138.181818181818,352,571,83331.1049954,52324.2127882,1192,3941.26407836864,23.82249917744136,35960,320,35000,891,1187,7301.916531700001,170.236206,Florence (LIRQ)
2026,1,JAN,LIRS,Grosseto,Italy,21,245.054310098345,111.929284217709,3980,2300,10931.4516129032,5,11,734.2712690000001,343.073592,16,34.36356925107324,0,320,0,29000,12,16,140.059422,0,Grosseto (LIRS)
2026,1,JAN,LIRU,Rome Urbe,Italy,18,288.617773970968,165.929302022699,5600,3840,3851.923076923077,4,5,227.6105038,172.7333628,18,39.38175698989485,18.899395578807738,700,400,10000,12,13,11.490414999999999,9.600415,Rome Urbe (LIRU)
2026,1,JAN,LIRV,Viterbo,Italy,16,314.35914799580604,261.00622032390004,5080,4360,3682.046675191816,5,5,37.97874569999998,-12.50325800000001,18,247.107255152919,85.82005202281724,4300,1540,10022.8315833103,7,8,65.2441965,13.058903499999989,Viterbo (LIRV)
2026,1,JAN,LIRZ,Perugia,Italy,127,1419.809032819034,278.958345944673,20123,5743,11013.244047619,39,100,6956.3505267,1952.305883,125,326.28271383532007,0,3020,0,35000,97,125,669.674028,0,Perugia (LIRZ)
2026,1,JAN,LJCE,Cerklje,Slovenia,14,50.044219835536005,38.95710680457847,1080,900,6340,5,6,16.974141,9.881551,15,43.92211123110151,43.92211123110151,620,620,9000,13,13,5.84785400000001,5.84785400000001,Cerklje (LJCE)
2026,1,JAN,LJLJ,Ljubljana,Slovenia,662,6306.5208813661175,1027.753650881811,69920,19720,11989.285714285701,242,401,22716.3373002,12082.6153467,661,2104.9066111161064,27.547644910337407,19340,460,33000,516,658,3199.7503182,0.5602319999999982,Ljubljana (LJLJ)
2026,1,JAN,LJMB,Maribor,Slovenia,24,368.416241276009,257.915722183274,8900,7460,3421.333333333333,2,3,318.22776430000005,248.8143523,23,58.8756851064818,44.942404607631374,1520,1340,9000,19,20,8.619769999999999,1.24583,Maribor (LJMB)
2026,1,JAN,LJPZ,Portoroz,Slovenia,22,201.83718803028103,81.02507769305844,5040,2340,8000,8,12,42.71961599999999,22.63285349999999,23,180.996089442231,176.15807648326802,5040,5000,12000,16,17,7.22609499999999,4.38112499999999,Portoroz (LJPZ)
2026,1,JAN,LKCS,Ceske Budejovice,Czech Republic,9,250.660294399331,85.69449166354941,5340,2200,4345,1,1,22.898199800000008,15.2578218,9,25.03779595994827,4.24922527936895,600,180,11000,6,8,5.625895,1.21905,Ceske Budejovice (LKCS)
2026,1,JAN,LKCV,Caslav,Czech Republic,1,6.313221216028979,6.313221216028979,200,200,2973.0991230991235,0,0,9.19459,9.19459,3,13.138948884089269,0,100,0,28035,2,3,4.706619999999989,0,Caslav (LKCV)
2026,1,JAN,LKHK,Hradec Kralove,Czech Republic,13,177.52621298959102,28.34005577690449,2260,620,9737.19298245614,6,8,112.64077300000001,13.32418399999999,11,53.2624765795134,4.55106448626967,740,60,20043.75,7,10,18.905124,3.020745,Hradec Kralove (LKHK)
2026,1,JAN,LKKB,Kbely,Czech Republic,43,563.161288031145,236.032772146654,8520,5040,3200,4,10,2449.234946999999,1646.302522,38,37.965979041127845,4.602505095787669,380,100,33484.375,31,36,38.508694000000006,5.501974,Kbely (LKKB)
2026,1,JAN,LKKT,Klatovy,Czech Republic,2,177.386951900991,2.44094758133633,3680,100,7775.952380952381,0,1,117.86076500000001,9.624089999999999,1,27.492800575953908,0,740,0,15121.6666666667,0,1,48.01209,0,Klatovy (LKKT)
2026,1,JAN,LKKU,Kunovice,Czech Republic,19,273.122761035935,77.21943391786769,4420,1960,4315.625,6,9,27.87016799999999,45.99524999999999,20,73.24106444365803,64.48426498761452,1540,1440,17000,18,19,34.96283500000002,29.191825000000026,Kunovice (LKKU)
2026,1,JAN,LKKV,Karlovy Vary,Czech Republic,9,158.660950608435,154.855540755509,3920,3840,4591.86046511628,3,3,82.20897049999998,82.33917049999998,7,0,0,0,0,11000,7,7,0,0,Karlovy Vary (LKKV)
2026,1,JAN,LKMH,Mnichovo Hradiste,Czech Republic,1,1.7998560115190698,1.7998560115190698,40,40,3020,0,0,0.95235,0.95235,6,8.94303455723542,8.94303455723542,180,180,10000,5,5,1.4899499999999999,1.4899499999999999,Mnichovo Hradiste (LKMH)
2026,1,JAN,LKMT,Ostrava,Czech Republic,222,2074.351862605131,508.15844701169704,27440,12540,12019.9265552995,96,140,9642.6922865,4674.4254265,216,433.49802487179306,57.66189071443199,6320,1600,27000,186,211,639.0403505,7.81452,Ostrava (LKMT)
2026,1,JAN,LKPD,Pardubice,Czech Republic,38,866.920802508247,90.65894040215179,9140,2380,25014.646904969497,9,29,3360.258332499999,516.4150055000001,43,265.630945952895,32.696312866399246,2560,460,29971.875,27,40,435.99268200000006,226.976475,Pardubice (LKPD)
2026,1,JAN,LKPM,Pribram,Czech Republic,22,192.005309364698,33.647350637658654,4120,900,10966.6666666667,11,16,34.640807499999994,10.22332,25,105.018598512119,88.53191744660425,1860,1620,12000,17,18,3.4419,-0.7748999999999994,Pribram (LKPM)
2026,1,JAN,LKPR,Prague,Czech Republic,4653,79643.3933672712,14150.6561832937,882840,278420,5347.540983606557,974,2178,606845.3742236,309910.7014521,4650,18619.183848309,139.30471070858,161817,2440,35000,3328,4633,38120.9750872,892.6385600000001,Prague (LKPR)
2026,1,JAN,LKRO,Roudnice nad Labem,Czech Republic,1,6.39838922776289,0,100,0,9864.102564102563,0,1,5.46,0,2,8.943034557235409,7.593142548596109,160,140,17587.1875,0,1,14.825054999999999,14.84658,Roudnice nad Labem (LKRO)
2026,1,JAN,LKTB,Brno,Czech Republic,163,1604.2955536588042,843.3751197751271,29440,22300,12000,71,93,8992.4593798,6519.998349499999,172,665.6181698626131,96.1864668788008,9200,2160,30000,137,167,963.2151693,3.860851,Brno (LKTB)
2026,1,JAN,LKVM,Vysoke Myto,Czech Republic,1,40.91297696184301,0,860,0,8949.166666666668,0,1,-2.7027,0,1,7.365910727141829,7.365910727141829,180,180,9097.916666666666,0,0,0.48510000000000003,0.48510000000000003,Vysoke Myto (LKVM)
2026,1,JAN,LKVO,Praha Vodochody,Czech Republic,6,61.58834412570871,48.19291575997797,1540,1240,3051.6571969696975,0,1,26.8212467,27.4323467,9,127.359096986527,114.380849532037,2740,2620,16000,7,8,35.501125,2.70270000000001,Praha Vodochody (LKVO)
2026,1,JAN,LLBG,Tel Aviv,Israel,5665,69511.1598758332,31324.355709959502,917380,481960,5062.666666666666,1678,2223,884145.807534,553777.0220035,5698,35816.197597382205,15409.0101181541,354224,186160,34000,3543,4466,184242.5129290999,134846.91443530002,Tel Aviv (LLBG)
2026,1,JAN,LLHA,Haifa,Israel,220,3790.9914079611704,2278.7339772074383,59080,38360,3053.3212560386473,69,83,3258.0628375,2457.8176794999995,227,4982.903173553025,3337.4187526076494,73605,48540,5826.656095842142,72,84,4647.08959005,2168.44590555,Haifa (LLHA)
2026,1,JAN,LLHS,Hazor IAF,Israel,3,31.5955994423456,8.80364353460418,380,140,3845.6521739130444,0,0,-28.71329999999999,21.39269999999999,3,0,0,0,0,17000,3,3,0,0,Hazor IAF (LLHS)
2026,1,JAN,LLMG,Megiddo,Israel,1,0,0,0,0,4000,1,1,0,0,,,,,,,,,,,Megiddo (LLMG)
2026,1,JAN,LLNV,Nevatim AFB Negev,Israel,18,377.95988601654705,253.670216169593,6280,5060,4115.945399393327,4,5,11905.665867,10896.690537,10,103.950522520041,68.2053821312721,1280,940,5955.3413120567375,3,3,1587.7819200000001,1206.90117,Nevatim AFB Negev (LLNV)
2026,1,JAN,LLOV,Ovda,Israel,3,22.139946087030317,22.139946087030317,380,380,5746.666666666668,1,1,90.622905,90.622905,3,5.57145428365731,5.57145428365731,60,60,9747.619047619048,1,1,-8.85675499999999,-8.85675499999999,Ovda (LLOV)
2026,1,JAN,LMML,Malta,Malta,2412,11755.4330723496,7091.907922275576,180360,134400,34000,1266,1449,134448.1168844999,111481.98380849989,2420,3708.468756067796,51.3644212632504,32240,660,36000,2046,2410,6168.661586199999,437.34546,Malta (LMML)
2026,1,JAN,LOAG,Krems Langenlois,Austria,10,27.00983921286296,22.51019918406526,1040,940,5175,4,5,4.56015,5.350275,11,32.981623765180736,16.87291246208499,680,400,6000,8,8,6.878654999999999,5.20338,Krems Langenlois (LOAG)
2026,1,JAN,LOAN,Wiener Neustadt East,Austria,69,1081.167534271635,761.3134172266871,34520,26680,3805.833333333333,12,17,253.196228,241.449883,82,469.591173497408,299.630770329662,10938,7338,9000,59,62,-13.207036200000008,-9.92827500000001,Wiener Neustadt East (LOAN)
2026,1,JAN,LOAV,Voslau,Austria,21,389.97325700734905,200.053188317762,10980,5700,3456.593406593406,2,6,37.82949999999999,13.66374999999999,18,23.799418627154978,23.799418627154978,809,809,10000,15,15,4.18446,4.18446,Voslau (LOAV)
2026,1,JAN,LOGG,Punitz Gussing,Austria,1,0,0,0,0,6000,1,1,0,0,1,0,0,0,0,5000,1,1,0,0,Punitz Gussing (LOGG)
2026,1,JAN,LOIH,Dornbirn,Austria,8,107.252376331633,10.13514571008232,2960,280,9465.833333333334,3,5,34.742536,7.665267,6,23.538689858547958,18.29210958496985,360,280,10513.3333333333,2,3,0.39136100000000074,1.10565,Dornbirn (LOIH)
2026,1,JAN,LOIJ,St Johann in Tirol,Austria,26,135.93291692790203,18.43025644072871,2560,480,11450,10,22,59.52503349999999,32.1678,28,168.170832047722,44.61843052555793,2640,880,16000,17,23,32.12070999999999,4.921455,St Johann in Tirol (LOIJ)
2026,1,JAN,LOWG,Graz,Austria,369,5181.474014256758,1893.672953425826,90360,54280,8853.191489361703,59,195,15503.368470200001,5259.7355442,373,1780.898484208918,97.19246516882421,20167,2787,28000,290,365,3355.5633595000004,38.66152499999999,Graz (LOWG)
2026,1,JAN,LOWI,Innsbruck,Austria,1014,29996.418179853,147.304934221695,332460,3700,10141.6037735849,78,985,168994.9162458,1874.845099299999,1014,6085.224505415474,110.163610362113,57720,3200,33972.5,614,1008,12070.2331755,495.15478500000006,Innsbruck (LOWI)
2026,1,JAN,LOWK,Klagenfurt,Austria,111,981.067839510095,116.418760547196,12320,3100,16000,49,91,2084.082895099999,258.6525636,115,343.17861949585205,0,3140,0,24000,96,115,544.2254185,0,Klagenfurt (LOWK)
2026,1,JAN,LOWL,Linz,Austria,239,3496.903778108854,2079.517556302361,82860,63040,4420,51,84,6390.2578422,4579.9125692,226,855.48944581337,133.585313174946,11627,4807,22510.2941176471,182,213,1244.162120999999,30.603824999999997,Linz (LOWL)
2026,1,JAN,LOWS,Salzburg,Austria,1313,19579.593516745197,4986.9006128332585,238440,102600,4561.111111111111,170,496,76358.0884324,43876.2945801,1318,6185.974659062761,359.472553067906,59987,7469,33000,892,1304,9933.1780377,912.305432,Salzburg (LOWS)
2026,1,JAN,LOWW,Vienna,Austria,7939,70355.74786650711,24680.3888613948,874800,472620,5213.333333333333,2235,3445,763044.578659,613991.5999356998,8009,31370.620168667298,323.81960073672303,271660,4260,34000,6012,7928,61612.816499199995,3889.270717,Vienna (LOWW)
2026,1,JAN,LOWZ,Zell am See,Austria,32,202.876359811445,0,3720,0,10592.0212765957,17,32,55.513653,0,29,70.45714724041244,6.87604008072797,1160,160,13100,20,26,24.788108499999996,2.101575,Zell am See (LOWZ)
2026,1,JAN,LOXZ,Zeltweg,Austria,2,5.099592032637389,5.099592032637389,180,180,7033.611111111111,0,0,0.5985,0.5985,1,0,0,0,0,11000,1,1,0,0,Zeltweg (LOXZ)
2026,1,JAN,LPAR,Alverca,Portugal,6,96.40355576344585,43.790097128537994,1500,860,4026.203054386785,1,3,705.5418920000001,295.953752,5,19.42763377594975,0,200,0,28081.423804226903,3,5,1.9944629999999999,0,Alverca (LPAR)
2026,1,JAN,LPAZ,Santa Maria,Portugal,81,92.48146124374179,92.48146124374179,1740,1740,9000,70,70,127.64326100000001,127.64326100000001,75,76.98329632422491,0,1280,0,10000,71,75,277.2908107,0,Santa Maria (LPAZ)
2026,1,JAN,LPBG,Braganca,Portugal,10,83.2073600885691,61.38289794026775,1560,1220,4600.358109632303,2,2,7.14845770000001,14.424248700000009,6,28.143955380121298,13.00654568324188,380,220,10000,5,5,69.69888,45.56065999999999,Braganca (LPBG)
2026,1,JAN,LPBJ,Beja,Portugal,35,492.448868953001,345.100337244059,8220,6980,3045.161290322581,4,6,2375.4164100000003,2217.042352,38,76.51194024336398,13.65424021122616,1000,320,27000,29,37,175.6432365,25.75436899999999,Beja (LPBJ)
2026,1,JAN,LPCO,Coimbra,Portugal,1,2.4643058981245103,0,40,0,11025.8620689655,0,1,0,0,1,2.43851459625165,2.43851459625165,40,40,5100,0,0,0,0,Coimbra (LPCO)
2026,1,JAN,LPCS,Cascais,Portugal,172,2500.670643141942,1781.6415720191283,44620,34040,2973.494983277591,37,43,7234.396388799999,6195.2264207,171,639.5177164528441,61.52142687058246,5820,1060,32000,124,159,674.0291073000001,49.156058999999985,Cascais (LPCS)
2026,1,JAN,LPEV,Evora,Portugal,4,66.98064045999011,40.95472253342427,1220,980,3749.666666666666,0,1,95.98042299999997,26.302388,4,16.83430223682107,16.83430223682107,360,360,9994.117647058823,2,2,-10.726495,-10.726495,Evora (LPEV)
2026,1,JAN,LPFR,Faro,Portugal,1279,5255.337126070469,1763.6125237947163,63620,32660,35000,795,942,37923.7910912,29702.6906112,1301,3640.371820189527,5.64185634380019,30420,60,36000,1033,1300,4020.1629404999994,35.95725,Faro (LPFR)
2026,1,JAN,LPHR,Horta,Portugal,5,0,0,0,0,35000,5,5,0,0,16,2.5114269928173196,0,20,0,37000,15,16,1.155,0,Horta (LPHR)
2026,1,JAN,LPLA,Lajes,Portugal,283,482.301101864023,259.21902284508,6460,4340,16000,261,268,3297.682474,2127.384814,136,101.27869573066401,0,860,0,37000,130,136,61.014998,0,Lajes (LPLA)
2026,1,JAN,LPMA,Madeira,Portugal,1290,10645.2413362163,7385.177266666537,168540,126220,19000,678,717,151413.28667,114617.925682,1260,1143.615619623152,13.015729575802409,10095,215,36000,1141,1254,1922.8679630000001,38.275642,Madeira (LPMA)
2026,1,JAN,LPMR,Monte Real,Portugal,7,70.09414339711047,70.09414339711047,1160,1160,3590.1020408163263,2,2,62.79052700000002,62.79052700000002,9,14.324282628818251,12.83040213925742,320,300,21208.333333333303,7,8,6.542734,-0.1323000000000007,Monte Real (LPMR)
2026,1,JAN,LPMT,Montijo Airbase,Portugal,14,428.282813674523,229.51494962346902,9680,6480,2466.601779755283,0,1,1360.783930999999,1106.941679,20,81.86908356206193,28.301425988921327,960,400,16500,16,18,-5.56123,0.5657410000000009,Montijo Airbase (LPMT)
2026,1,JAN,LPOV,Ovar,Portugal,2,44.28173735353311,14.224141961164369,460,260,2458.658008658008,0,0,32.976855,53.310124999999985,2,24.57260472453739,0,240,0,21518.9393939394,1,2,58.463583,0,Ovar (LPOV)
2026,1,JAN,LPPD,Ponta Delgada,Portugal,752,1328.1126888084632,1160.1213905865861,24920,21700,15000,542,548,17324.547173,14610.742758,749,208.781846977212,24.13283221927226,2080,340,25000,723,746,307.707908,42.09004300000003,Ponta Delgada (LPPD)
2026,1,JAN,LPPI,Pico,Portugal,8,0,0,0,0,35000,8,8,0,0,7,0,0,0,0,36000,7,7,0,0,Pico (LPPI)
2026,1,JAN,LPPM,Portimao,Portugal,23,71.05974577488291,62.93161859559019,1400,1280,3452.941176470588,7,8,-6.436939799999999,-11.0104798,24,46.362982854384285,46.362982854384285,1792,1792,8000,22,22,9.902545,9.902545,Portimao (LPPM)
2026,1,JAN,LPPR,Porto,Portugal,3683,29993.663094405598,5714.832464805027,337460,102980,31000,1725,2469,208097.141697,104330.6834835,3689,20909.196048023998,64.39213647010003,165060,820,34000,2593,3679,18124.719478,695.3398300000001,Porto (LPPR)
2026,1,JAN,LPPS,Porto Santo Madeira,Portugal,88,361.51662428243804,361.51662428243804,6360,6360,3257.034632034631,34,34,147.03521,147.03521,44,29.53535146570248,3.56698736828327,462,62,9459.32163187856,39,42,1.209234,-2.9211,Porto Santo Madeira (LPPS)
2026,1,JAN,LPPT,Lisbon,Portugal,8614,74412.4107096372,31146.7085503983,1066800,539960,7966.152751423149,2719,4467,1022549.2783791,636466.4810101999,8669,20018.0200657711,80.92168331864566,163959,1100,34035.2941176471,7060,8653,38116.84327020001,405.660048,Lisbon (LPPT)
2026,1,JAN,LPST,Sintra,Portugal,1,31.240977600863896,31.240977600863896,740,740,2995.967741935483,0,0,-0.42996999999999813,-0.42996999999999813,1,0,0,0,0,4000,1,1,0,0,Sintra (LPST)
2026,1,JAN,LPTN,Tancos,Portugal,2,23.81079689063472,23.81079689063472,620,620,11017.803768681,1,1,417.50930000000005,417.50930000000005,1,2.5712228735986797,2.5712228735986797,60,60,4942.857142857143,0,0,2.0097,2.0097,Tancos (LPTN)
2026,1,JAN,LPVR,Vila Real,Portugal,1,8.3010593483346,0,120,0,8230.672268907563,0,1,-4.351094,0,,,,,,,,,,,Vila Real (LPVR)
2026,1,JAN,LPVZ,Viseu,Portugal,6,44.911055915269614,35.41480250493928,860,700,5337.38665426645,1,1,6.664931,7.733952499999999,16,65.53927097957855,65.53927097957855,1360,1360,9656.25,8,8,25.585552999999997,25.585552999999997,Viseu (LPVZ)
2026,1,JAN,LQBK,Banja Luka,Bosnia and Herzegovina,127,1228.1344717698682,142.586071623669,13560,2600,31000,68,99,5406.037001000001,1500.724203,131,556.138849116695,67.66480420696779,6640,2280,34000,105,130,1157.346677,0,Banja Luka (LQBK)
2026,1,JAN,LQMO,Mostar,Bosnia and Herzegovina,22,148.017210669124,44.71208307981817,2540,880,7934.583333333333,8,13,1918.995130999999,886.0914690000001,21,0,0,0,0,25000,21,21,0,0,Mostar (LQMO)
2026,1,JAN,LQSA,Sarajevo,Bosnia and Herzegovina,565,5440.825657246958,1351.362010491189,71540,25340,7076.413255360623,154,277,50447.677095,24399.13859,566,947.356844085745,21.536083616869547,8300,320,34000,477,557,1359.916812999999,170.041938,Sarajevo (LQSA)
2026,1,JAN,LQTZ,Tuzla,Bosnia and Herzegovina,103,904.7075864831621,109.257939771604,10360,2020,33000,45,67,7156.7414635,1956.510930999999,116,354.26560321792203,0,3000,0,36000,92,116,712.9858240000001,0,Tuzla (LQTZ)
2026,1,JAN,LRAR,Arad,Romania,8,42.8330894567851,28.14466011687085,900,680,6205.2914544425585,4,4,185.91894,152.40398000000002,2,13.72535358461645,13.72535358461645,360,360,9748.790322580644,1,1,2.8665,2.8665,Arad (LRAR)
2026,1,JAN,LRBC,Bacau,Romania,147,795.8780812041481,466.254593731638,12820,9380,7019.964349376114,47,64,9777.761176,8082.152538,138,359.33485878728806,12.32730218380406,3440,180,34000,100,136,1349.898930999999,26.139195999999988,Bacau (LRBC)
2026,1,JAN,LRBM,Baia Mare,Romania,27,220.56630145449,102.940568655971,3100,1960,3854.452187379016,8,9,1124.772862,732.282662,27,52.985261931515545,0,480,0,19000,22,27,119.52772000000002,0,Baia Mare (LRBM)
2026,1,JAN,LRBS,Bucharest Baneasa,Romania,440,5948.178479663,990.2797963027681,60080,19040,30000,152,269,19508.2378525,14039.3385745,449,2246.252240943558,76.37917724451971,20467,1320,34032.7586206897,317,439,4578.4007985,205.1159615,Bucharest Baneasa (LRBS)
2026,1,JAN,LRCK,Constanta,Romania,76,886.4141593897781,693.593203962816,16200,14160,2984.3008057778848,13,17,5630.144287000001,5441.101446,74,344.857042957477,144.430035285684,4120,2240,28000,61,73,328.99125000000004,80.06442000000004,Constanta (LRCK)
2026,1,JAN,LRCL,Cluj,Romania,1003,5387.4095531423,1873.5664857227082,70580,35960,17000,445,563,46181.8262303,33779.593923,1004,4623.221768013775,1.86192001191629,41340,20,33982.8125,725,1003,12131.208760500002,9.87,Cluj (LRCL)
2026,1,JAN,LRCV,Craiova,Romania,196,2701.080544003913,1186.0793933706102,36160,23080,2890.564111892634,36,58,27570.4489655,23618.753508499998,192,633.3499585847801,0,5920,0,36000,149,192,1854.2894299999991,0,Craiova (LRCV)
2026,1,JAN,LRIA,Iasi,Romania,605,3448.746000425356,1581.6180427008942,55000,30680,19000,351,399,42909.0964245,28744.847748,599,1317.1158405047831,20.44354420746205,12180,240,35960.714285714304,452,595,3145.440856,104.42164,Iasi (LRIA)
2026,1,JAN,LROD,Oradea,Romania,127,968.081738735996,270.703567992992,13820,5360,14961.3590263692,59,74,5291.625557,4146.9166000000005,125,147.68670289039,0,1420,0,27000,114,125,172.005853,0,Oradea (LROD)
2026,1,JAN,LROP,Bucharest Otopeni,Romania,4607,49072.432857721804,8717.859048548291,504200,170000,20000,1883,2869,242285.71812029998,189026.034905,4620,17419.3490766648,222.820226821886,156166,3739,34000,3499,4592,38131.753883900004,621.9689650000001,Bucharest Otopeni (LROP)
2026,1,JAN,LRSB,Sibiu,Romania,217,3585.081683890056,424.56831778771004,37500,8440,22000,63,122,15366.753111,9308.202875,223,1208.765216375094,0,10780,0,36000,163,223,3399.8342429999993,0,Sibiu (LRSB)
2026,1,JAN,LRSM,Satu Mare,Romania,27,441.28665215368403,66.19780824435561,4520,1260,6000.208986415883,7,10,1893.503969,740.724139,26,89.2133178525621,9.338129479118871,900,140,33984.375,18,25,271.57068400000003,14.26164,Satu Mare (LRSM)
2026,1,JAN,LRSV,Suceava,Romania,278,2256.078917995904,495.618246711952,32080,9800,18000,141,172,25824.8321135,9105.949208,276,1010.824732414986,2.01087361286959,9440,20,34000,201,275,3557.1495879999998,-0.0525000000000002,Suceava (LRSV)
2026,1,JAN,LRTC,Tulcea,Romania,2,21.380494624880708,21.380494624880708,360,360,4417.575083426028,0,0,11.68730699999998,11.68730699999998,1,0,0,0,0,38000,1,1,0,0,Tulcea (LRTC)
2026,1,JAN,LRTM,Targu Mures Transilvania,Romania,26,34.923416425137525,30.95252038714315,600,560,24500,16,17,380.557243,376.89065000000005,24,6.481892162912689,0,60,0,32000,23,24,1.5267049999999998,0,Targu Mures Transilvania (LRTM)
2026,1,JAN,LRTR,Timisoara,Romania,561,4458.78427053875,2148.089283704368,61656,40356,3536.541889483065,166,204,39062.4777665,31650.0364915,572,2075.6919164142205,0,19040,0,33956.90476190481,441,572,4600.963913300001,0,Timisoara (LRTR)
2026,1,JAN,LSGC,Les Eplatures,Switzerland,42,586.5169562857711,430.836298334454,16280,12080,7058.0714477571855,6,11,272.8737462,249.6376662,34,106.62167736547299,93.59463511326848,3140,2980,8000,21,22,28.818825,22.297275,Les Eplatures (LSGC)
2026,1,JAN,LSGG,Geneva,Switzerland,7062,137961.7243481469,13545.290025461802,1465840,249080,12010.8906970046,1097,4469,915285.6231528,240788.2958227999,7104,23585.0882581317,161.91524223157,203173,2580,34405.5952380952,5028,7067,47093.2447356,466.06990950000005,Geneva (LSGG)
2026,1,JAN,LSGK,Saanen,Switzerland,126,1755.698005705813,271.129594022541,27440,5760,9390.209790209788,30,100,1059.2763834,427.7908845,128,793.449178572274,261.92521094908005,11556,4236,13032.7526132404,50,73,258.5922879,162.27824,Saanen (LSGK)
2026,1,JAN,LSGL,Lausanne,Switzerland,39,193.19051474172102,93.44793387738854,3580,2100,9000,17,27,52.30148950000001,27.06811699999999,41,241.592549325409,64.43268961277353,3700,1060,14000,28,34,77.92242929999996,23.08019129999999,Lausanne (LSGL)
2026,1,JAN,LSGP,La Cote,Switzerland,1,11.374187996900329,11.374187996900329,220,220,6205.263157894736,0,0,-0.9555000000000007,-0.9555000000000007,1,0,0,0,0,9000,1,1,0,0,La Cote (LSGP)
2026,1,JAN,LSGS,Sion,Switzerland,462,19490.9480441889,143.58215786735198,222580,2920,17143.333333333303,34,448,58381.2457583,320.1918645,447,4063.772185802967,33.17091928564082,38680,440,28000,247,444,6001.038818399999,36.67542499999999,Sion (LSGS)
2026,1,JAN,LSGY,Yverdon les Bains,Switzerland,1,0,0,0,0,8000,1,1,0,0,1,0,0,0,0,9000,1,1,0,0,Yverdon les Bains (LSGY)
2026,1,JAN,LSMD,Dubendorf,Switzerland,46,1364.3640344646421,545.321920017167,19360,10160,6089.673913043479,3,8,12594.815716199999,6442.784630999999,39,330.912623689423,2.62681688167649,2840,40,31007.1428571429,24,37,298.7650745,3.1489499999999997,Dubendorf (LSMD)
2026,1,JAN,LSME,Emmen,Switzerland,7,109.481476100856,89.93489057094814,2520,2240,6000,3,3,2492.2436900000002,2306.83078,5,25.37735355730717,3.08476739898244,340,60,13000,2,4,127.21911,19.789089999999998,Emmen (LSME)
2026,1,JAN,LSMP,Payerne,Switzerland,76,1398.434012953565,319.56021800749204,16420,6280,5450.611413043479,5,24,3653.0712465,1908.614192,83,419.23683107025204,55.09288281202711,4080,780,26000,57,79,744.2245457,39.50611499999998,Payerne (LSMP)
2026,1,JAN,LSPN,Triengen,Switzerland,1,142.54859611231103,142.54859611231103,3009,3009,4800,0,0,2.20505,2.20505,5,8.52258935497499,8.52258935497499,200,200,9000,4,4,0.5291999999999997,0.5291999999999997,Triengen (LSPN)
2026,1,JAN,LSTS,St Stephan,Switzerland,12,140.42094536930702,4.3133019946639,2000,100,12793.75,4,10,171.745975,18.154237,11,86.58265639571646,61.864196842405526,1600,1320,24000,5,7,9.2022638,4.50082,St Stephan (LSTS)
2026,1,JAN,LSZA,Lugano,Switzerland,104,1749.280786980291,426.00776985870704,26520,11080,6290.47619047619,17,41,4721.2898025,2344.600816,100,185.238926035755,26.83148803245242,2260,700,21000,82,98,118.43813800000001,7.169474999999999,Lugano (LSZA)
2026,1,JAN,LSZB,Bern,Switzerland,344,5620.243209061953,1713.786368151759,81840,41660,4448.176097246127,41,102,15937.7583323,6157.3087993,343,1668.957343246085,404.860741583119,21060,8880,22000,242,317,1781.2240839,69.26809200000001,Bern (LSZB)
2026,1,JAN,LSZC,Buochs,Switzerland,36,785.185306349056,289.767998077544,11600,5560,5588.10750618538,4,13,984.9311014,564.17429,46,269.19897745794907,122.354110593949,3820,1980,10330.379115397402,17,26,288.06754270000005,169.988682,Buochs (LSZC)
2026,1,JAN,LSZF,Birrfeld,Switzerland,2,13.26943844492444,0,200,0,10000,1,2,7.9301295,0,3,10.79131060819482,10.79131060819482,360,360,6000,2,2,2.10945,2.10945,Birrfeld (LSZF)
2026,1,JAN,LSZG,Grenchen,Switzerland,60,1193.2516724583681,733.9120501814771,26440,19060,6053.75,16,20,776.6793065,530.763417,59,382.19715085444005,96.38721767256331,7460,2180,9949.698340874813,48,55,129.31357400000002,10.93760599999999,Grenchen (LSZG)
2026,1,JAN,LSZH,Zurich,Switzerland,9835,134741.5266827946,19172.685167563297,1479200,349300,11950,2177,5835,997013.70182615,389854.79396564997,9877,44570.6777198907,442.780884183977,367417,6184,33000,6796,9744,76293.5901678,4059.369698499999,Zurich (LSZH)
2026,1,JAN,LSZK,Speck Fehraltorf,Switzerland,3,34.48965377906098,34.48965377906098,1000,1000,6019.565217391304,0,0,1.5172499999999998,1.5172499999999998,2,17.90344033275588,17.90344033275588,520,520,5970.338983050847,1,1,0.7853999999999994,0.7853999999999994,Speck Fehraltorf (LSZK)
2026,1,JAN,LSZL,Locarno,Switzerland,13,289.42480008666604,195.34462014281002,6316,4716,6623.214285714286,5,6,110.57233599999999,101.309246,29,385.88385723004205,209.537638637941,9800,6160,10963.9742524917,19,24,-0.904312999999993,4.9455,Locarno (LSZL)
2026,1,JAN,LSZR,Altenrhein,Switzerland,309,5262.1028678668035,2225.330117729576,80080,46320,5300.833333333333,37,62,14279.3602703,9199.0715851,298,1221.0591610683562,146.482508312533,13420,2980,29000,222,290,1217.872995199999,152.22638,Altenrhein (LSZR)
2026,1,JAN,LSZS,Samedan,Switzerland,456,13542.637562643402,0,166480,0,14918.5369318182,52,456,50873.427458699996,0,451,3010.77251910926,0,32980,0,22000,281,451,4848.9662243,0,Samedan (LSZS)
2026,1,JAN,LTAC,Ankara,Türkiye,3461,5713.309573988336,331.94292760860003,73960,6640,32000,2984,3368,59246.4060657,7395.8450745,2419,4654.5313783740585,0,36835,0,34000,2140,2419,3481.612872999999,0,Ankara (LTAC)
2026,1,JAN,LTAE,Ankara Nurted,Türkiye,5,1.2856114367993998,1.2856114367993998,20,20,33000,4,4,23.24437,23.24437,8,29.5852817083344,0,280,0,31500,5,8,48.135397999999995,0,Ankara Nurted (LTAE)
2026,1,JAN,LTAF,Adana,Türkiye,1,7.45335721979444,1.07991360691142,100,20,3057.5,0,0,33.201,9.387,1,0,0,0,0,34000,1,1,0,0,Adana (LTAF)
2026,1,JAN,LTAG,Incirlik,Türkiye,5,64.94261761060363,18.815715897382802,680,300,3300,2,2,599.2544,565.27955,4,0,0,0,0,31000,4,4,0,0,Incirlik (LTAG)
2026,1,JAN,LTAI,Antalya,Türkiye,3353,16350.6983947104,5619.571799839513,243160,110900,29000,1780,2219,225659.00729,116551.357563,3467,7254.893099115559,69.49619646331213,60228,1060,34000,2988,3458,13262.155950999999,742.66002,Antalya (LTAI)
2026,1,JAN,LTAJ,Gaziantep,Türkiye,721,1897.473533548872,599.861920384854,25700,11120,35000,526,634,21646.079655999998,12045.687264,663,1007.663224096565,52.425201952128184,9540,700,34000,572,649,3707.900293,499.17528500000003,Gaziantep (LTAJ)
2026,1,JAN,LTAL,Kastamonu,Türkiye,16,31.892365419612467,8.674049425515081,520,220,29000,11,13,581.711035,334.97888,20,154.554485081572,0,1649,0,28000,18,20,845.3177000000001,0,Kastamonu (LTAL)
2026,1,JAN,LTAN,Konya,Türkiye,317,2437.7143723260033,428.32327580268606,39460,8900,9202.94117647059,133,238,42104.343767000006,11243.472327,327,353.196166708479,1.4398848092152599,3020,20,32000,303,326,856.243256,14.867999999999999,Konya (LTAN)
2026,1,JAN,LTAP,Amasya Merzifon,Türkiye,41,267.881135704199,49.82791233913792,4340,1020,9854.347826086958,19,28,4426.460335,1097.528479999999,46,64.11607366050723,0,560,0,34000,41,46,166.84909000000002,0,Amasya Merzifon (LTAP)
2026,1,JAN,LTAR,Sivas,Türkiye,120,1225.687452873248,28.8034510007032,17580,640,10714.069767441899,48,112,16601.019683,856.086085,122,287.53310358522504,0,2620,0,34000,101,122,964.7829210000001,0,Sivas (LTAR)
2026,1,JAN,LTAS,Zonguldak,Türkiye,26,31.103823500030497,19.120944402163698,460,320,27500,20,21,358.49623,293.13113000000004,24,15.4217872360421,0,180,0,31000,22,24,15.08655000000001,0,Zonguldak (LTAS)
2026,1,JAN,LTAT,Malatya,Türkiye,221,1441.2939930605721,145.130020369225,15760,2920,25010.1063829787,93,177,10918.803381,3549.701597,218,516.4333319419981,2.9644687248549495,4860,40,34000,189,217,2089.033175999999,34.98599999999999,Malatya (LTAT)
2026,1,JAN,LTAU,Kayseri Mil,Türkiye,690,3526.641288849327,269.50575157447804,56020,6120,31000,403,638,61230.059719000004,7673.26828,685,705.214000615824,13.54141796008244,6580,180,34000,615,681,2551.637534,130.20246,Kayseri Mil (LTAU)
2026,1,JAN,LTAW,Tokat,Türkiye,54,266.42489034892606,33.46373383684238,4440,760,29055.5555555556,28,45,5318.10997,944.362895,53,94.8575411736723,0,1040,0,34000,51,53,736.6487300000001,0,Tokat (LTAW)
2026,1,JAN,LTAY,Denizli Cardak,Türkiye,141,932.385789505902,74.63801058577074,13640,1500,14969.5744680851,66,128,12907.275507,1834.326225,142,272.424631756158,0,2560,0,30000,126,142,979.5066300000001,0,Denizli Cardak (LTAY)
2026,1,JAN,LTAZ,Kapadokya,Türkiye,153,1122.141339468282,217.461315643765,16980,4100,10095.238095238099,51,123,18748.318304,4900.493895999999,150,73.28890316839998,0,640,0,32000,145,150,161.33393999999998,0,Kapadokya (LTAZ)
2026,1,JAN,LTBA,Istanbul Ataturk,Türkiye,615,6374.214463733302,2404.644021819342,85420,46340,8200,180,313,35200.6774563,23089.161915,631,3030.1582483824395,323.4197288245011,27457,4320,33097.6744186046,380,560,6143.7013838,1177.8470353,Istanbul Ataturk (LTBA)
2026,1,JAN,LTBH,Canakkale,Türkiye,31,114.51929662698701,107.444827031872,2040,1920,30000,20,22,2239.559999999999,2128.149759999999,31,5.52267720087184,0,40,0,33000,30,31,-5.982766,0,Canakkale (LTBH)
2026,1,JAN,LTBJ,Izmir,Türkiye,2762,13509.1806086535,5661.6329885341665,215568,109428,26000,1415,1643,219771.2981405,119194.1851714999,2785,5101.305056809964,87.29696936185054,41863,1120,33000,2433,2765,4398.9287285,689.321484,Izmir (LTBJ)
2026,1,JAN,LTBQ,Kocaeli,Türkiye,4,76.72273952477074,71.72171103562141,1300,1220,24089.7321428571,2,3,1437.2386500000002,1356.9779600000002,3,89.22261106647339,7.261281625186169,720,120,28970.2083333333,0,2,174.23597,138.0293,Kocaeli (LTBQ)
2026,1,JAN,LTBR,Bursa Yenisehir,Türkiye,75,367.15717117400305,268.948677543343,6440,5160,14000,37,49,6629.117267,5689.334937,71,250.720197006494,8.74423391292849,1960,100,34970.1847704367,54,70,63.091688000000055,-9.027373999999979,Bursa Yenisehir (LTBR)
2026,1,JAN,LTBS,Mugla Dalaman,Türkiye,294,1226.058003708248,710.2463099836871,21920,15000,30000,172,214,21647.058298699998,16216.131811000001,298,344.554867425579,1.58036137596797,2880,20,32000,272,297,579.859045,16.22512,Mugla Dalaman (LTBS)
2026,1,JAN,LTBU,Tekirdag Corlu Ataturk,Türkiye,21,310.922330680314,84.22996198039948,4880,1720,3918.3673469387754,4,8,6488.295874999999,2281.6692749999993,23,41.068656514200285,14.601826033936469,460,200,31000,20,21,177.817065,100.37748,Tekirdag Corlu Ataturk (LTBU)
2026,1,JAN,LTBY,Eskisehir Anadolu,Türkiye,46,454.338977908481,238.226065193093,7620,4920,5952.162407277058,13,17,8071.383171999999,5789.42953,48,186.155456740124,0,1620,0,33364.205210772794,37,48,394.4396500000001,0,Eskisehir Anadolu (LTBY)
2026,1,JAN,LTBZ,Zafer,Türkiye,49,406.91685430122703,81.71648345958097,5740,1620,14032.2222222222,22,38,4801.774758,1885.4112,48,136.98061658068602,0,1100,0,26000,39,48,181.355595,0,Zafer (LTBZ)
2026,1,JAN,LTCA,Elazig,Türkiye,272,1299.04526857532,90.77257701475561,21660,1840,33000,158,241,22482.951789,2189.95201,279,708.698024324101,0,6480,0,34000,238,279,2430.963391,0,Elazig (LTCA)
2026,1,JAN,LTCC,Diyar Bakir,Türkiye,211,591.0750102573501,155.446985708502,8200,3000,35000,185,197,6441.6407899999995,3391.1731299999988,64,14.537951118860489,0,140,0,34000,62,64,59.251442999999995,0,Diyar Bakir (LTCC)
2026,1,JAN,LTCD,Erzincan,Türkiye,99,1052.346017802927,28.833231935915297,20280,540,18083.333333333303,46,96,26990.427147,500.24156500000004,99,289.98588077467406,0,2600,0,34000,85,99,987.79011,0,Erzincan (LTCD)
2026,1,JAN,LTCE,Erzurum,Türkiye,372,3282.2960987110264,0,55420,0,22500,186,372,61274.006143,0,396,1293.17295179467,0,11700,0,34000,342,396,4233.140834,0,Erzurum (LTCE)
2026,1,JAN,LTCF,Kars Harakani,Türkiye,156,2071.4635645234393,0,30820,0,11907.5119300106,63,156,28705.013949,0,160,80.12778127318438,0,700,0,34000,154,160,210.77301,0,Kars Harakani (LTCF)
2026,1,JAN,LTCG,Trabzon,Türkiye,544,1726.155768744254,1341.254798076283,30140,25800,11000,338,358,26764.0525022,24318.3596922,440,532.162514746313,0,4480,0,32000,404,440,1004.4120307000001,0,Trabzon (LTCG)
2026,1,JAN,LTCI,Van,Türkiye,370,1382.6789297358491,5.64233391309347,24120,120,14000,235,366,26987.378795,134.316,403,458.882752072494,0,4280,0,32000,389,403,1857.603394,0,Van (LTCI)
2026,1,JAN,LTCJ,Batman,Türkiye,72,175.90064066791,64.91179022467873,2400,1200,35000,56,62,2025.159936,1437.880184,43,212.779293029781,0,2387,0,34000,40,43,2250.62887,0,Batman (LTCJ)
2026,1,JAN,LTCK,Mus,Türkiye,112,785.6175879477191,0,12820,0,29000,58,112,12663.293624,0,100,264.266194470547,0,2580,0,34000,90,100,1302.497977999999,0,Mus (LTCK)
2026,1,JAN,LTCM,Sinop,Türkiye,7,55.05881702478495,55.05881702478495,1380,1380,2547.3733583489684,2,2,1516.673524999999,1516.673524999999,5,0,0,0,0,30000,5,5,0,0,Sinop (LTCM)
2026,1,JAN,LTCN,Kahramanmaras,Türkiye,76,610.279579185326,32.59781054010021,9800,700,26000,41,68,11111.638225,941.48531,72,176.34064049562198,0,1660,0,34000,60,72,646.9711649999999,0,Kahramanmaras (LTCN)
2026,1,JAN,LTCO,Agri,Türkiye,95,1100.0347183285542,0.9190754101373955,15020,20,14026.3184079602,30,94,13730.373815500001,28.02187999999999,94,201.15817828107902,0,1900,0,34000,82,94,790.8791160000001,0,Agri (LTCO)
2026,1,JAN,LTCP,Adiyaman,Türkiye,96,511.46269786337103,124.67055264557601,7000,2340,16048.3766233766,42,83,6953.152041999999,2940.4687049999993,89,111.00125265250101,0,1040,0,34000,80,89,466.223175,0,Adiyaman (LTCP)
2026,1,JAN,LTCR,Mardin,Türkiye,38,31.93488706949955,0,240,0,35000,36,38,-10.90924000000001,0,27,202.369749752679,0,1875,0,34000,25,27,1010.9426900000001,0,Mardin (LTCR)
2026,1,JAN,LTCS,Sanliurfa Gap,Türkiye,261,827.4304853824841,458.06660632182803,13440,8620,35000,194,223,14244.747181,9534.045226,171,233.060623031178,11.158561309028538,2280,160,34000,149,168,1044.92937,128.366275,Sanliurfa Gap (LTCS)
2026,1,JAN,LTCT,Igdir,Türkiye,75,716.415250393497,3.7298903501464298,9800,80,27000,36,71,9923.754597,115.983,79,107.77805220602801,0,980,0,34000,66,79,348.648113,0,Igdir (LTCT)
2026,1,JAN,LTCU,Bingol,Türkiye,32,430.77909701085,0,8280,0,13817.974036192001,14,32,9988.158862,0,35,43.51673948463988,0,380,0,34000,32,35,91.98157000000002,0,Bingol (LTCU)
2026,1,JAN,LTDA,Hatay,Türkiye,204,1384.4289018843172,303.654428799844,21720,6640,13054.7872340426,95,136,20807.350413,7750.297806,201,380.38462771630503,0,3540,0,34000,174,201,1355.0278609999991,0,Hatay (LTDA)
2026,1,JAN,LTFC,Isparta,Türkiye,28,329.5821047840071,101.269741620896,5540,2380,7182.172284644195,0,9,6449.261088,3308.801524999999,28,169.144608011935,0,1340,0,30000,23,28,206.131315,0,Isparta (LTFC)
2026,1,JAN,LTFD,Balikesir Koca Seyit,Türkiye,56,154.601139752968,45.28516785510512,2560,920,23000,33,39,2013.9786156999992,977.807405,59,42.76545724716236,17.0669712541206,460,240,24000,53,56,139.084855,167.81624,Balikesir Koca Seyit (LTFD)
2026,1,JAN,LTFE,Bodrum,Türkiye,353,978.7948190727631,641.090628025518,16240,12460,5138.095238095238,135,149,16118.2862115,13780.6939065,357,349.01572159102903,6.29949604031677,2900,80,32000,336,356,650.937864,22.93200000000001,Bodrum (LTFE)
2026,1,JAN,LTFG,Gazipasa Alanya,Türkiye,119,468.392526400628,84.58794283278972,6560,1800,33000,82,98,4977.3180059999995,1811.6891070000001,120,330.75168638028697,0,2800,0,34000,103,120,740.094362,0,Gazipasa Alanya (LTFG)
2026,1,JAN,LTFH,Samsun Carsamba,Türkiye,334,956.1569030008981,307.697520824615,14080,6180,33000,233,281,11587.214062000001,6172.056227,349,449.74075159663,2.88010730248522,3960,40,32000,324,348,1388.8834150000002,22.62015,Samsun Carsamba (LTFH)
2026,1,JAN,LTFJ,Istanbul Sabiha Gokcen,Türkiye,10747,103611.3368151968,31577.9248198999,1715760,669880,3998.4126984126983,3086,4757,1635106.612862,694712.4855514999,11136,26242.160698342497,3042.7069851269302,238621,44720,33000,8581,10183,76071.1413917,32428.403656,Istanbul Sabiha Gokcen (LTFJ)
2026,1,JAN,LTFM,Istanbul,Türkiye,19488,315802.466084352,201039.51569199722,5383688,4007448,4644.318181818181,2002,3206,7112799.1980427,5848762.1535868,20389,49404.1860595971,2217.9167137225904,428050,31000,33000,16303,19960,186719.9439814999,32816.479841,Istanbul (LTFM)
2026,1,JAN,LUKK,Chisinau,Moldova,1667,6776.310284344854,4278.654985003869,109500,80800,11000,742,899,103555.8670845,85485.278151,1675,3563.3367977089033,1.2856114367993399,31060,20,35000,1350,1674,7329.7913505,21.75599999999999,Chisinau (LUKK)
2026,1,JAN,LWOH,Ohrid,Macedonia,48,1872.889360440914,72.66737863998162,16780,1880,32985.5952380952,8,28,5079.111325,2184.268459999999,46,112.526215294081,0,1280,0,36000,40,46,563.8743300000001,0,Ohrid (LWOH)
2026,1,JAN,LWSK,Skopje,Macedonia,940,15000.1547330016,1799.05795967992,149220,35020,11148.468992248101,264,518,65588.5866185,33661.0747682,925,2445.1984507476204,11.67310296168743,23049,160,35000,743,921,4860.421517499999,119.6556405,Skopje (LWSK)
2026,1,JAN,LYBE,Belgrade,Serbia,3253,27750.985808640897,7730.702370853677,334820,145760,18000,1383,1809,208971.332121,125856.533121,3272,7262.308001231353,24.19912036144911,67220,400,34000,2733,3268,12798.1715035,66.93182399999999,Belgrade (LYBE)
2026,1,JAN,LYNI,Nis,Serbia,175,3102.910344311706,479.168101174336,33880,9260,12000,50,105,22228.158791,10344.188437,174,522.0333541066921,0,4820,0,34000,144,174,1952.703442,0,Nis (LYNI)
2026,1,JAN,LYPG,Podgorica,Montenegro,435,2726.356198875468,236.828858731875,35620,4920,19000,237,358,24338.8488345,4800.6844895,441,668.569787275232,0,7160,0,31040,389,441,498.8492655,0,Podgorica (LYPG)
2026,1,JAN,LYPR,Pristina,Serbia,22,1767.371817566126,31.464408976772678,21500,540,11128.7625822687,1,15,2497.9971525,157.691993,19,1523.2886497045981,0,19240,0,14000,2,19,4790.1358338,0,Pristina (LYPR)
2026,1,JAN,LYTV,Tivat,Montenegro,135,664.012978522717,240.953038804734,9680,4480,9793.023255813954,64,78,5116.721576500001,3206.294867,133,217.469306702912,3.2614355137303295,2140,40,25000,113,132,224.53657,2.12751,Tivat (LYTV)
2026,1,JAN,LYVR,Vrsac,Serbia,1,9.82946364290865,9.82946364290865,260,260,2493.125,0,0,2.0081249999999997,2.0081249999999997,1,0,0,0,0,12000,1,1,0,0,Vrsac (LYVR)
2026,1,JAN,LZIB,Bratislava,Slovakia,911,11581.697836696501,1830.692512269021,119892,35832,29973.333333333303,334,616,44495.4209971,23085.2603882,910,4047.472611581346,133.932868139475,36664,2584,35000,664,905,7260.793695899999,137.30776500000002,Bratislava (LZIB)
2026,1,JAN,LZKZ,Kosice,Slovakia,232,1498.369737610923,199.169903681181,15160,4080,25000,131,180,3340.83797,2563.916732,232,235.150697701091,0,2140,0,30000,208,232,464.263775,0,Kosice (LZKZ)
2026,1,JAN,LZMC,Malacky,Slovakia,6,31.63415948463272,22.26928367469747,680,560,3847.765700483091,1,2,143.89911,143.89911,7,43.736501079913594,0,620,0,27000,6,7,447.91220000000004,0,Malacky (LZMC)
2026,1,JAN,LZPP,Piestany,Slovakia,17,288.562026426649,104.529546158971,4520,2560,3315.625,4,4,1547.153014999999,1217.6162649999992,15,91.91964646498162,46.22976594113783,2000,1600,22000,8,12,78.56913600000001,3.7551419999999998,Piestany (LZPP)
2026,1,JAN,LZTN,Trencin,Slovakia,1,4.31965442764579,4.31965442764579,220,220,3200,0,0,1.4017499999999998,1.4017499999999998,4,4.30477745249085,4.30477745249085,140,140,4675.473005255614,2,2,0.8462999999999996,0.8462999999999996,Trencin (LZTN)
2026,1,JAN,LZTT,Poprad Tatry,Slovakia,66,473.84727261554605,161.559387269177,7080,3180,11265.8333333333,32,39,2550.7221525,1783.7677805,67,13.091283130074778,0,200,0,24000,63,67,29.189889999999988,0,Poprad Tatry (LZTT)
2026,1,JAN,LZZI,Zilina,Slovakia,6,16.65767268752152,12.46183814151923,540,460,4523.369565217391,1,2,5.084099999999999,4.997999999999999,7,16.57296726606698,9.091772658187338,340,200,8974.074074074073,3,4,12.21516999999999,2.2354499999999997,Zilina (LZZI)
2026,1,JAN,UDSG,Gyumri,Armenia,31,245.23321150372502,8.32503397940218,3700,160,9300,4,27,3864.75318,200.45131800000001,30,356.77767141533803,0,2720,0,36476.71875,15,30,182.62633,0,Gyumri (UDSG)
2026,1,JAN,UDYE,Yerevan Erebuni,Armenia,2,11.92813665815811,1.3498920086392399,180,20,8648.4375,0,1,420.29276000000004,41.27754999999999,3,2.15982721382289,0,20,0,33000,2,3,7.580999999999989,0,Yerevan Erebuni (UDYE)
2026,1,JAN,UDYZ,Yerevan,Armenia,1580,13805.5074266329,2703.235835862963,172180,51640,13204.9731182796,514,1010,142107.9742308,60902.092890800006,1599,5065.030166261693,41.623890315933515,41340,620,33000,1255,1591,5992.174209,564.824715,Yerevan (UDYZ)
2026,1,JAN,UGKO,Kutaisi,Georgia,376,1881.9088541704532,618.226156746474,27300,11380,35000,218,251,15558.843517,10607.096756,403,2488.0123736925175,124.118749745303,24940,1940,34000,298,402,7750.623772000001,211.29743000000002,Kutaisi (UGKO)
2026,1,JAN,UGSB,Batumi,Georgia,219,1212.5204513839772,524.67706998576,18080,10020,25000,115,148,11595.708957,8132.53629,220,731.8511188017511,0,6593,0,33045.089285714304,167,220,1910.3320310000001,0,Batumi (UGSB)
2026,1,JAN,UGTB,Tbilisi,Georgia,2135,15986.4956179865,5168.65106370574,196040,100460,5203.01724137931,697,946,153250.367972,118380.480591,2148,10248.3031889223,3.2173977805913503,87280,40,34000,1579,2146,21888.606503,15.62609999999999,Tbilisi (UGTB)
2026,2,FEB,BIAR,Akureyri,Iceland,223,396.343561237147,144.01795032507698,6440,2820,21000,188,200,4511.8801035,2441.346904999999,232,164.76041084511002,12.82991868320004,1980,300,20000,220,231,427.70332800000006,5.07198100000001,Akureyri (BIAR)
2026,2,FEB,BIBD,Bildudalur,Iceland,23,0.9817396426467723,0.9817396426467723,20,20,14000,22,22,-0.8589000000000002,-0.8589000000000002,22,0,0,0,0,15000,22,22,0,0,Bildudalur (BIBD)
2026,2,FEB,BIEG,Egilsstadir,Iceland,91,185.501910655246,28.23244577321884,2640,620,23000,79,83,467.62644350000005,89.12469349999998,94,185.664835797732,0,2360,0,21580.959595959597,88,94,467.46273500000007,0,Egilsstadir (BIEG)
2026,2,FEB,BIGJ,Gjogur,Iceland,7,3.28160703665445,3.28160703665445,80,80,17000,6,6,-2.8581,-2.8581,7,0,0,0,0,17000,7,7,0,0,Gjogur (BIGJ)
2026,2,FEB,BIGR,Grimsey,Iceland,2,0.9390553103577801,0.9390553103577801,20,20,4700,1,1,-0.5733000000000001,-0.5733000000000001,1,0,0,0,0,7000,1,1,0,0,Grimsey (BIGR)
2026,2,FEB,BIHN,Hofn Hornafjordur,Iceland,27,9.749413815891689,1.9475645595768798,140,40,23000,24,25,-0.717155,-0.4315499999999996,28,4.73662107031437,0,80,0,20000,27,28,13.83375,0,Hofn Hornafjordur (BIHN)
2026,2,FEB,BIIS,Isafjordur,Iceland,49,74.86673773873602,74.86673773873602,1720,1720,17000,36,36,408.02625200000006,408.02625200000006,48,0,0,0,0,18000,48,48,0,0,Isafjordur (BIIS)
2026,2,FEB,BIKF,Keflavik,Iceland,1732,3531.439368915188,2310.4490073872853,60640,44200,36000,1190,1216,54548.274775000005,40016.632799,1739,1819.894496806783,9.465876593468531,15023,120,35147.91666666671,1561,1735,1458.5908234999993,69.53067,Keflavik (BIKF)
2026,2,FEB,BIKR,Saudarkrokur,Iceland,4,0,0,0,0,18000,4,4,0,0,2,0,0,0,0,13000,2,2,0,0,Saudarkrokur (BIKR)
2026,2,FEB,BINF,Nordfjordur,Iceland,5,0,0,0,0,17000,5,5,0,0,5,0,0,0,0,18000,5,5,0,0,Nordfjordur (BINF)
2026,2,FEB,BIRK,Reykjavik,Iceland,404,406.142684324696,283.9245316211541,7980,6260,18000,349,354,763.473877,642.7936825,400,382.289714473746,116.450665824482,6680,1980,21000,384,397,433.267,292.018897,Reykjavik (BIRK)
2026,2,FEB,BITN,Thorshofn,Iceland,16,50.30221463551043,50.30221463551043,1200,1200,5711.363636363637,9,9,17.7316145,17.7316145,16,89.92642476079227,89.92642476079227,2257,2257,10000,14,14,60.53872149999997,60.53872149999997,Thorshofn (BITN)
2026,2,FEB,BIVM,Vestmannaeyjar,Iceland,24,37.65617946508076,36.75625145932122,920,900,9000,19,20,-2.1467685,-4.0624934999999995,16,6.176407173917919,6.176407173917919,100,100,10000,14,14,4.230555,4.230555,Vestmannaeyjar (BIVM)
2026,2,FEB,BIVO,Vopnafjordur,Iceland,18,26.79051958195977,26.79051958195977,560,560,9000,15,15,-10.83678,-10.83678,8,13.33240240364686,13.33240240364686,329,329,7000,5,5,9.7766,9.7766,Vopnafjordur (BIVO)
2026,2,FEB,EBAW,Antwerp,Belgium,318,6241.7699296628825,1829.4939042172502,87440,42240,3091.274509803921,39,84,11868.9178534,4411.6960988,293,1388.2142995948432,99.73343832648382,14500,1920,29000,214,274,1522.0946736,37.80248700000004,Antwerp (EBAW)
2026,2,FEB,EBBE,Beauvechain,Belgium,4,82.78225223538556,82.78225223538556,2060,2060,3054.909899337609,0,0,717.01221,717.01221,3,4.56151007919367,4.56151007919367,100,100,4759.375,1,1,117.09756999999999,117.09756999999999,Beauvechain (EBBE)
2026,2,FEB,EBBL,Kleine Brogel,Belgium,2,92.18787497000245,22.8574214062875,980,340,5038.020833333333,0,0,228.79667,79.03777999999998,,,,,,,,,,,Kleine Brogel (EBBL)
2026,2,FEB,EBBR,Brussels,Belgium,6919,133594.1714138464,18794.568892859,1452920,359920,3535.135135135135,1025,2409,1126757.3512412,478802.8714579999,6916,40495.955521328004,586.709273760781,337380,8240,34000,4612,6710,75607.3998318,7451.073211,Brussels (EBBR)
2026,2,FEB,EBCI,Charleroi,Belgium,2587,50866.194454908204,5015.096252124,517820,95520,9880.13468013468,449,1336,250097.58767759992,74085.88291920001,2574,26607.286303788896,1305.3409305131622,226540,17020,35000,1329,2302,43711.1769033,7512.9733248,Charleroi (EBCI)
2026,2,FEB,EBCV,Chievres,Belgium,12,182.771603145402,40.307799130355605,2260,840,3040,2,4,838.7518795,204.2807025,11,66.96226398662301,0,520,0,17000,9,11,56.408835000000025,0,Chievres (EBCV)
2026,2,FEB,EBFN,Koksijde,Belgium,1,44.59909339975915,44.59909339975915,1580,1580,2217.2463768115945,0,0,9.636899999999999,9.636899999999999,,,,,,,,,,,Koksijde (EBFN)
2026,2,FEB,EBFS,Florennes,Belgium,3,44.1606602701936,6.2578101452623995,600,140,3600,1,1,7.376249499999999,7.133175499999999,1,0,0,0,0,23000,1,1,0,0,Florennes (EBFS)
2026,2,FEB,EBKT,Kortrijk/Wevelgem,Belgium,179,3432.9500017200344,1197.701218006921,56580,29860,2961.0714285714284,28,55,2432.7796300999994,1594.710755999999,170,1212.389500252834,252.46820249096703,15880,5160,23000,108,147,833.7592278000001,206.675181,Kortrijk/Wevelgem (EBKT)
2026,2,FEB,EBLG,Liege,Belgium,1290,25404.7474878324,4475.823409416125,279860,84460,3900,189,411,435974.92762619996,214903.029283,1279,4123.236791308834,144.97357830350902,33160,2100,31000,996,1238,17020.730556299997,3828.8412619999995,Liege (EBLG)
2026,2,FEB,EBNM,Namur,Belgium,1,0,0,0,0,4000,1,1,0,0,1,0,0,0,0,6000,1,1,0,0,Namur (EBNM)
2026,2,FEB,EBOS,Ostend/Bruges,Belgium,276,4161.920445848022,1468.290785410763,56740,29880,3228.787878787879,37,80,38802.508330900004,26056.1403386,274,1553.780233715679,182.060490816964,15452,3532,33920.6300813008,183,263,2020.264320799999,62.957136,Ostend/Bruges (EBOS)
2026,2,FEB,EBSP,Spa,Belgium,1,0,0,0,0,7000,1,1,0,0,1,0,0,0,0,8000,1,1,0,0,Spa (EBSP)
2026,2,FEB,EBST,St Truiden,Belgium,5,50.27177725692028,47.550566382361644,1280,1200,5960,2,2,6.943124999999999,6.155625,4,33.83079638123971,33.83079638123971,680,680,7490.789473684211,2,2,5.665506,5.665506,St Truiden (EBST)
2026,2,FEB,EDAB,Bautzen,Germany,12,155.614162950533,29.947489011720396,2600,700,3266.9191919191912,4,5,93.53995499999996,62.09507499999999,10,90.93153797696182,28.55809035277176,1920,620,22000,8,9,-0.8315999999999981,-0.8315999999999981,Bautzen (EDAB)
2026,2,FEB,EDAC,Leipzig Altenburg,Germany,15,238.993442687453,199.366419300937,5900,5500,4000,1,1,157.586729,80.59653899999999,11,6.23050155987521,6.23050155987521,240,240,15000,9,9,2.2118249999999997,2.2118249999999997,Leipzig Altenburg (EDAC)
2026,2,FEB,EDAD,Dessau,Germany,1,0,0,0,0,26000,1,1,0,0,1,0,0,0,0,24000,1,1,0,0,Dessau (EDAD)
2026,2,FEB,EDAH,Heringsdorf,Germany,1,0,0,0,0,26000,1,1,0,0,2,0,0,0,0,28000,2,2,0,0,Heringsdorf (EDAH)
2026,2,FEB,EDAY,Strausberg,Germany,18,329.77996618549,297.206373797019,8413,7913,4009.1598360655735,5,6,50.65202499999999,52.50001499999999,16,142.927641754109,132.14650424511,3500,3340,11000,12,13,14.03891999999999,14.98979999999999,Strausberg (EDAY)
2026,2,FEB,EDAZ,Schonhagen,Germany,61,698.5613706102491,592.4143419257781,16000,14180,3349.726775956284,15,20,322.211718,305.767669,84,430.949265243454,369.82901871552,11860,10860,12000,60,66,99.43499449999999,79.16999450000002,Schonhagen (EDAZ)
2026,2,FEB,EDBC,Magdeburg Cochstedt,Germany,2,16.01871850251978,14.218862491000719,320,300,3091.666666666667,0,0,93.26892,92.44886999999999,2,0,0,0,0,15500,2,2,0,0,Magdeburg Cochstedt (EDBC)
2026,2,FEB,EDBH,Barth,Germany,3,0,0,0,0,16000,3,3,0,0,2,0,0,0,0,15000,2,2,0,0,Barth (EDBH)
2026,2,FEB,EDBJ,Jena Schongleina,Germany,7,46.040316774657974,37.40100791936646,800,620,18000,4,5,24.12479999999999,22.62749999999999,5,91.79265658747299,91.79265658747299,2072,2072,18000,4,4,23.71529999999999,23.71529999999999,Jena Schongleina (EDBJ)
2026,2,FEB,EDBK,Kyritz,Germany,20,181.36000664366702,181.36000664366702,5640,5640,4572.916666666668,10,10,9.470475,9.470475,,,,,,,,,,,Kyritz (EDBK)
2026,2,FEB,EDBM,Magdeburg City,Germany,14,770.5754639458161,696.9476447814151,21040,19380,3192.222222222222,1,1,28.41692200000001,29.58715800000001,3,0,0,0,0,10000,3,3,0,0,Magdeburg City (EDBM)
2026,2,FEB,EDBR,Rothenburg Gorlitz,Germany,3,1.4398848092152399,0,20,0,24000,2,3,0.8268749999999998,0,3,0,0,0,0,25000,3,3,0,0,Rothenburg Gorlitz (EDBR)
2026,2,FEB,EDCM,Kamenz,Germany,3,4.499640028797699,4.499640028797699,100,100,9000,2,2,-0.5859,-0.5859,4,0,0,0,0,10000,4,4,0,0,Kamenz (EDCM)
2026,2,FEB,EDDB,Berlin Brandenburg,Germany,6131,51246.3373568617,14262.6083367514,617880,262260,5388.461538461539,1471,2925,402025.7077742,249524.3842792999,6107,13016.0343356585,129.909017151828,112595,1980,35000,4895,6041,23082.9135929,1573.058141999999,Berlin Brandenburg (EDDB)
2026,2,FEB,EDDC,Dresden,Germany,321,2561.178155347277,881.7721419354971,36980,18120,8000,88,173,9768.851948499998,5687.0803295000005,330,796.768652538405,266.86044908201603,12400,7140,28000,286,319,944.7942710000001,40.920599499999994,Dresden (EDDC)
2026,2,FEB,EDDE,Erfurt,Germany,49,766.6710364925971,389.81447619062004,14680,9840,4156.666666666666,10,16,2024.654505199999,397.2861902000001,48,541.5581415149811,347.79064347947605,11328,9588,20500,33,41,842.662866,3.89117600000006,Erfurt (EDDE)
2026,2,FEB,EDDF,Frankfurt,Germany,14610,326237.97728631535,94135.7610131336,4061820,1659560,4700,670,3131,4222039.38343935,2413861.9301551,14605,43946.697841986104,1044.8066736104731,363736,14340,33000,10736,14343,101999.5704128,16721.1746655,Frankfurt (EDDF)
2026,2,FEB,EDDG,Munster Osnabruck,Germany,412,4712.445774089675,3024.134934475806,99320,81260,3085.5478861087145,71,114,14731.4839562,10057.509268,440,1528.1905515961691,545.0754322871511,25779,16499,23000,348,410,1192.1941925,203.691564,Munster Osnabruck (EDDG)
2026,2,FEB,EDDH,Hamburg,Germany,3914,22671.0152203742,13758.230813173699,361920,264720,3114.792806388731,913,1135,294357.9999635,246250.52377970002,3904,9109.515542737166,191.55381625410098,78540,3840,35000,3240,3858,13881.0956173,874.9117165,Hamburg (EDDH)
2026,2,FEB,EDDK,Cologne/Bonn,Germany,3449,58978.5657531842,13727.9625668328,715330,256270,4600,604,1329,625164.8680965999,298594.1638516,3479,9827.938014422925,532.618294271163,88993,9993,33000,2701,3388,19650.4203501,5484.392652399999,Cologne/Bonn (EDDK)
2026,2,FEB,EDDL,Dusseldorf,Germany,4665,51492.1639032812,11306.6485597756,573260,212580,3772.131147540983,1007,1875,359892.7721433999,229316.8701682,4668,19139.209676157498,158.48708775365998,155160,2300,33000,3299,4598,21328.061300999998,1711.240692,Dusseldorf (EDDL)
2026,2,FEB,EDDM,Munich,Germany,10466,202376.8825870847,62724.5032838647,2352380,1092440,4943.333333333333,585,1719,1747434.3520993,1201202.460313,10483,58145.13447873611,647.9236935707911,486164,8600,33000,6704,10285,115451.44715400001,4591.5046581999995,Munich (EDDM)
2026,2,FEB,EDDN,Nuremberg,Germany,1204,20508.344488397,2727.42246722826,222860,54700,9000,175,619,96222.6191128,33500.46961,1236,8455.517140164278,335.866477241703,74560,6440,32000,790,1227,9731.6683593,376.19533250000006,Nuremberg (EDDN)
2026,2,FEB,EDDP,Leipzig/Halle,Germany,2405,28283.3211336483,9711.597847849915,367140,177980,3993.566021867115,362,820,446901.05975249986,307522.667697,2405,4546.298965052555,133.42612214584403,40240,2900,33000,2069,2389,7639.248075,464.16982,Leipzig/Halle (EDDP)
2026,2,FEB,EDDR,Saarbrucken,Germany,110,2463.530672953895,571.525058209956,37380,13180,4008.3408408408404,8,34,4938.1104695,1447.9958195000002,115,736.314703430128,353.299930998647,10860,6400,20991.666666666697,83,99,163.715984,175.5069725,Saarbrucken (EDDR)
2026,2,FEB,EDDS,Stuttgart,Germany,2422,50789.946854747504,5913.444338998921,539160,112940,4668.276586801177,273,943,273732.9055085,84552.438301,2468,16164.638031693901,903.404664272331,157629,29189,32962.651515151505,1702,2437,22237.1750834,382.290846,Stuttgart (EDDS)
2026,2,FEB,EDDV,Hanover,Germany,1468,12883.8550428777,5167.733524956107,179700,104360,3228.934426229508,342,531,99134.5047363,69890.91553130001,1476,3534.2976466392724,214.93361130952002,34900,6040,33016.8003565062,1217,1462,4094.060765499999,161.2425245,Hanover (EDDV)
2026,2,FEB,EDDW,Bremen,Germany,691,7783.353657583984,3562.911201376192,124440,80820,3088.419117647058,130,209,49781.421911,32610.8996935,699,2209.7569807273944,983.481860733227,37327,26860,29985.699797160203,584,665,2539.0332241,1189.5601116,Bremen (EDDW)
2026,2,FEB,EDFE,Frankfurt Egelsbach,Germany,78,953.687377291306,711.0454589212131,19560,16240,3456.516393442623,17,21,416.695168,183.54278299999999,33,254.5685567737,187.64102468206102,3920,2700,21000,25,30,-205.6709825,-212.6831,Frankfurt Egelsbach (EDFE)
2026,2,FEB,EDFH,Frankfurt Hahn,Germany,574,12134.5136453062,1330.562158899959,130720,24740,14000,133,356,132399.6695735,48372.9717945,575,2881.608397783143,185.842763303423,25040,2800,35000,372,546,7754.6172480000005,2857.726165,Frankfurt Hahn (EDFH)
2026,2,FEB,EDFM,Mannheim,Germany,185,3799.87226591028,1819.576724204725,74000,47000,4995,29,49,3031.5220816,1639.5033141000001,181,1815.615936534173,1424.7185056308442,40162,34842,15000,139,154,182.7976289,87.39725389999994,Mannheim (EDFM)
2026,2,FEB,EDFQ,Allendorf,Germany,4,22.70058590005166,22.70058590005166,440,440,5739.781420765027,2,2,6.318365,6.318365,4,1.90572989454961,0,20,0,16000,3,4,6.17663,0,Allendorf (EDFQ)
2026,2,FEB,EDFZ,Mainz,Germany,15,133.607560981376,129.81757846569099,3640,3580,3814.166666666666,4,5,2.4887649999999897,2.4887649999999897,4,8.45032397408207,8.45032397408207,263,263,6708.75,3,3,1.3103999999999998,1.3103999999999998,Mainz (EDFZ)
2026,2,FEB,EDGE,Eisenach Kindel,Germany,8,31.989827910541297,3.77969762419005,420,60,13730.967741935501,4,7,26.867664999999988,-0.1947800000000015,3,0,0,0,0,35000,3,3,0,0,Eisenach Kindel (EDGE)
2026,2,FEB,EDGS,Siegerland,Germany,31,761.600172719331,538.533908140919,16160,12220,5050,5,9,881.6118157000001,870.8784250000001,36,265.69553508380903,172.261864357422,4980,3980,18004.166666666697,24,30,79.5540608,29.679765999999997,Siegerland (EDGS)
2026,2,FEB,EDHE,Uetersen,Germany,1,8.568494848280979,8.568494848280979,240,240,2959.0163934426223,0,0,0.9449999999999985,0.9449999999999985,,,,,,,,,,,Uetersen (EDHE)
2026,2,FEB,EDHF,Itzehoe Hungriger Wolf,Germany,2,3.57492712058445,3.57492712058445,100,100,8948.360655737704,1,1,1.3356,1.3356,,,,,,,,,,,Itzehoe Hungriger Wolf (EDHF)
2026,2,FEB,EDHI,Hamburg Finkenwerder,Germany,122,1188.172558328951,772.4797371990941,18980,14240,3014.166666666666,14,19,22276.128789,19883.475627,139,2165.5777728977064,196.693736505048,22900,4780,33000,102,130,9132.760728,710.2005770000001,Hamburg Finkenwerder (EDHI)
2026,2,FEB,EDHK,Kiel Holtenau,Germany,44,849.777575536153,700.015872652835,19600,17240,3000,11,16,17.82777899999998,17.03030049999997,38,211.31576975415,150.037804351688,5660,4480,18000,31,32,37.668859999999995,30.212284999999998,Kiel Holtenau (EDHK)
2026,2,FEB,EDHL,Lubeck Blankensee,Germany,122,3072.3164037267384,2965.3363564680058,85320,84240,3125.0824175824173,28,33,942.2986435,863.3301015000001,109,844.928223299462,520.899356676413,19849,14448,23000,77,92,133.452822,37.47597,Lubeck Blankensee (EDHL)
2026,2,FEB,EDJA,Memmingen,Germany,830,18507.3216955969,2315.043827673749,218113,52733,10000,96,507,96366.0365898,22131.5524604,814,6414.569924203715,602.7248842321171,59263,10300,33000,426,749,8737.028879,2711.8563265,Memmingen (EDJA)
2026,2,FEB,EDKA,Aachen,Germany,3,16.986456284689492,16.986456284689492,400,400,6996.666666666668,1,1,6.1551,6.1551,2,0,0,0,0,30000,2,2,0,0,Aachen (EDKA)
2026,2,FEB,EDLA,Arnsberg Menden,Germany,9,59.689050645071504,31.4185380925273,880,560,17000,4,5,78.31508699999999,39.17398499999999,5,17.50769029386741,0,180,0,27000,3,5,10.478375,0,Arnsberg Menden (EDLA)
2026,2,FEB,EDLB,Borkenberge,Germany,1,34.64246827195972,34.64246827195972,1060,1060,2109.917355371901,0,0,4.340695,4.340695,1,0,0,0,0,6000,1,1,0,0,Borkenberge (EDLB)
2026,2,FEB,EDLD,Dinslaken,Germany,18,265.126482640088,158.72400040040202,5428,3848,3556.132929001781,5,7,80.23370339999998,86.886189,7,21.2885455270663,5.150504793507269,340,80,23000,4,5,8.1303845,7.762884,Dinslaken (EDLD)
2026,2,FEB,EDLE,Essen Mulheim,Germany,109,671.271813527911,662.898604074322,25200,25080,2665.573770491803,29,29,182.354386,182.11445600000002,10,225.586628394404,219.2053207172,4500,4420,5100,7,8,-21.00261999999999,-19.88909999999999,Essen Mulheim (EDLE)
2026,2,FEB,EDLH,Hamm Lippewiesen,Germany,1,2.7267818574514,2.7267818574514,60,60,4917.5,0,0,0.12915000000000013,0.12915000000000013,,,,,,,,,,,Hamm Lippewiesen (EDLH)
2026,2,FEB,EDLI,Bielefeld,Germany,22,174.81570968362502,38.88372107135847,2380,860,19000,13,17,214.03360800000002,29.096555,15,15.05399182287163,0,140,0,24000,12,15,6.085275000000009,0,Bielefeld (EDLI)
2026,2,FEB,EDLM,Marl Loemuhle,Germany,5,0,0,0,0,22000,5,5,0,0,1,1.0799136069114499,1.0799136069114499,20,20,6555,0,0,1.1549999999999998,1.1549999999999998,Marl Loemuhle (EDLM)
2026,2,FEB,EDLN,Moenchengladbach,Germany,201,2610.802221069848,1555.102823140826,60100,46940,2165,31,46,2065.701147,1071.846665,225,1823.4770553689862,1445.0560570462571,47651,43491,10000,147,174,457.6889902000001,161.610622,Moenchengladbach (EDLN)
2026,2,FEB,EDLP,Paderborn Lippstadt,Germany,187,1781.3208254101091,1263.944690753566,39280,33360,3545.614035087719,42,56,2519.403362,1781.272117,193,433.6282273137,146.83336922696,6260,3580,17000,155,181,285.438619,47.77090699999999,Paderborn Lippstadt (EDLP)
2026,2,FEB,EDLS,Stadtlohn Vreden,Germany,4,7.28021978021979,7.28021978021979,260,260,3923.333333333333,2,2,1.7555999999999998,1.7555999999999998,1,3.42061305046335,0,40,0,24000,0,1,7.5977999999999994,0,Stadtlohn Vreden (EDLS)
2026,2,FEB,EDLT,Munster Telgte,Germany,4,22.909221202018298,22.909221202018298,500,500,5423.381147540984,1,1,9.76028,9.76028,1,0,0,0,0,23000,1,1,0,0,Munster Telgte (EDLT)
2026,2,FEB,EDLV,Weeze,Germany,471,10695.1217145268,1146.736505557159,114900,36000,26008.620689655196,111,348,22164.015282,5545.152204,468,2146.068052184947,127.36550886007801,20180,3160,35000,312,452,2824.047403999999,332.53312999999997,Weeze (EDLV)
2026,2,FEB,EDLW,Dortmund,Germany,726,7886.319036056885,2964.2384311749593,130640,82700,4012.979192938209,152,308,40696.8070947,20403.265209,705,3782.3866052831554,421.41433684265104,38260,11100,34986.7816091954,462,670,3032.9705951999995,380.8945245,Dortmund (EDLW)
2026,2,FEB,EDMA,Augsburg,Germany,207,4092.8081206368843,2628.4066348844394,89874,70414,3940,17,26,5436.5767092999995,3637.0544767,203,1590.208274417075,972.112769134516,36228,28268,17000,134,169,1317.085035999999,881.8896165000001,Augsburg (EDMA)
2026,2,FEB,EDME,Eggenfelden,Germany,26,511.56621611831304,507.27290104693304,17520,17440,3473.9617486338802,2,2,125.0360115,125.1914115,19,130.380345870319,120.661123408116,4890,4750,5830,11,12,41.68137799999999,39.91501599999999,Eggenfelden (EDME)
2026,2,FEB,EDML,Landshut,Germany,5,59.52386237943468,14.518838492920558,1440,540,8970.833333333334,0,3,23.258025,23.8644,2,0,0,0,0,19000,2,2,0,0,Landshut (EDML)
2026,2,FEB,EDMO,Oberpfaffenhofen,Germany,265,5797.644472184118,2082.1353483580137,78540,39100,4058.045977011494,27,57,10668.1360582,6050.8545717,236,1071.222024002451,62.922341810741244,10740,1120,27000,160,226,1444.5578372,266.42663400000004,Oberpfaffenhofen (EDMO)
2026,2,FEB,EDMS,Straubing,Germany,50,961.7198504242341,716.378549798828,22900,19400,4429.583333333333,4,11,595.13231815,424.97310795000004,46,646.817552190703,461.881766408404,14780,12580,10000,31,35,236.7794845,62.31711200000002,Straubing (EDMS)
2026,2,FEB,EDMV,Vilshofen,Germany,19,210.02890202025202,170.346677548019,4880,4160,6000,6,10,114.5355865,96.32254950000001,10,0,0,0,0,21000,10,10,0,0,Vilshofen (EDMV)
2026,2,FEB,EDNL,Leutkirch Unterzeil,Germany,3,38.625306491874106,36.28549367689929,800,760,5506.55737704918,0,1,2.646525,0.3307500000000009,2,0,0,0,0,13500,2,2,0,0,Leutkirch Unterzeil (EDNL)
2026,2,FEB,EDNX,Oberschleissheim,Germany,1,0,0,0,0,13000,1,1,0,0,1,0,0,0,0,16000,1,1,0,0,Oberschleissheim (EDNX)
2026,2,FEB,EDNY,Friedrichshafen,Germany,329,6065.753360856299,3209.744920406601,120500,90500,4595.3125,38,87,10854.691602300001,4668.2421168,302,1776.354204409588,332.875411135703,22229,8489,23001.2784090909,211,279,1805.9317816999992,102.04479500000001,Friedrichshafen (EDNY)
2026,2,FEB,EDQM,Hof,Germany,38,742.7579523094361,333.267706424423,13128,8608,4665.5365566037735,7,15,1185.202567999999,557.618358,42,141.500818721873,1.4398848092152599,1440,80,23480,31,41,231.958797,0.819,Hof (EDQM)
2026,2,FEB,EDQT,Hassfurt,Germany,1,12.644673118631989,0,220,0,10000.4508780256,0,1,0,0,,,,,,,,,,,Hassfurt (EDQT)
2026,2,FEB,EDRK,Koblenz Winningen,Germany,17,166.921880298627,68.56765796509688,3080,1860,4812.5,5,6,183.63570700000002,39.676598,4,141.873650107991,141.873650107991,3180,3180,12940,2,2,12.566399999999978,12.566399999999978,Koblenz Winningen (EDRK)
2026,2,FEB,EDRT,Trier Fohren,Germany,2,14.39737280033992,4.8761344994039995,260,120,13457.4316939891,0,1,2.69115,0.2772000000000005,1,5.478761699064079,0,80,0,13078,0,1,0.0682489999999998,0,Trier Fohren (EDRT)
2026,2,FEB,EDRY,Speyer,Germany,59,1393.794001241602,800.3787310351051,27560,18620,2980,4,8,1088.7224552999992,577.7936288000001,31,173.076425730391,87.24756256787592,2560,1820,24000,20,27,33.92407869999999,-1.91509599999999,Speyer (EDRY)
2026,2,FEB,EDRZ,Zweibruecken,Germany,45,714.344677831698,308.404787460186,12120,6760,4066.241379310344,9,16,885.3514505,371.3036905,49,349.222565003751,121.71010877564501,3820,1660,18965.1515151515,36,42,506.24082300000003,62.822333,Zweibruecken (EDRZ)
2026,2,FEB,EDSB,Karlsruhe/Baden-Baden,Germany,667,12459.547082397901,2800.0169599755022,161887,66027,18012.5,110,408,47989.910008700004,12241.0443082,665,3837.502152474799,279.31874337915605,37388,5674,33048.3870967742,438,646,4651.243710199999,197.2126437,Karlsruhe/Baden-Baden (EDSB)
2026,2,FEB,EDTD,Donaueschingen,Germany,39,715.2171019384501,191.93770388259702,12520,5320,6495.522388059701,10,18,310.3371075,198.57922250000001,36,456.5508322538271,60.290691498778465,6700,1560,9521.428571428572,24,32,59.948,12.346434999999989,Donaueschingen (EDTD)
2026,2,FEB,EDTF,Freiburg im Breisgau,Germany,13,106.908454501023,52.62108516904687,1500,880,9000,5,7,-36.608850000000004,-41.017325,6,18.76280515382717,9.18292638283853,360,240,18500,4,5,-1.7135999999999998,-0.45045,Freiburg im Breisgau (EDTF)
2026,2,FEB,EDTG,Bremgarten,Germany,5,29.79061675065989,14.806815454763598,440,280,12960,3,4,37.27627499999999,6.34117499999999,2,0,0,0,0,20500,2,2,0,0,Bremgarten (EDTG)
2026,2,FEB,EDTL,Lahr,Germany,70,1071.102510129572,667.801794403328,24620,18720,4426.303672316383,6,8,1346.659174999999,901.2766180000001,69,371.145025905336,52.41076957845063,5713,1548,11000,48,60,183.6710645,12.8641325,Lahr (EDTL)
2026,2,FEB,EDTM,Mengen,Germany,23,164.97563214453402,94.34829332065105,3780,2680,5810,9,10,139.226955,88.22572499999998,21,117.123818046751,8.7594855765576,1100,220,8000,12,18,74.07408699999999,14.002537,Mengen (EDTM)
2026,2,FEB,EDTY,Schwaebisch Hall,Germany,156,2916.85821073476,1721.482670458721,63240,50820,4485.2868852459005,22,30,2907.9797536,1507.1651902999993,135,809.333429762453,167.409303249859,12350,4650,23000,103,126,292.59618250000005,16.551569999999998,Schwaebisch Hall (EDTY)
2026,2,FEB,EDVE,Braunschweig,Germany,183,1864.259631173038,1204.423435508286,37780,28860,6114.754098360655,81,91,1143.0158147,495.73159200000003,201,729.5373720659081,403.84636261900204,14420,10480,23000,161,179,152.73454949999999,33.29672649999999,Braunschweig (EDVE)
2026,2,FEB,EDVI,Hoxter Holzminden,Germany,1,12.19181154032267,12.19181154032267,340,340,2863.169398907103,0,0,4.2294,4.2294,,,,,,,,,,,Hoxter Holzminden (EDVI)
2026,2,FEB,EDVK,Kassel,Germany,81,933.9290590573291,688.3582240980151,19640,16620,3606.666666666666,9,19,827.4696862000001,624.7666042000001,87,428.03025195995406,201.470499826108,7546,4766,17000,68,79,107.868894,25.2582205,Kassel (EDVK)
2026,2,FEB,EDVM,Hildesheim,Germany,2,4.948128739864759,4.948128739864759,120,120,7239.754098360655,1,1,3.1736247,3.1736247,,,,,,,,,,,Hildesheim (EDVM)
2026,2,FEB,EDVY,Porta Westfalica,Germany,15,69.27510243260748,30.47355027201952,1140,620,5003.27868852459,6,7,-2.0792105,-11.8846305,10,74.32082314428071,4.93717000587969,1020,80,23491.2121212121,5,9,35.011615,2.463565,Porta Westfalica (EDVY)
2026,2,FEB,EDWC,Damme,Germany,5,32.26079031108275,32.26079031108275,640,640,4000,3,3,-1.8479999999999999,-1.8479999999999999,1,0,0,0,0,23000,1,1,0,0,Damme (EDWC)
2026,2,FEB,EDWE,Emden,Germany,10,290.19313258828504,290.19313258828504,8920,8920,2277.5,1,1,92.510615,92.510615,2,0,0,0,0,14000,2,2,0,0,Emden (EDWE)
2026,2,FEB,EDWF,Leer Papenburg,Germany,3,27.76177500120474,0,280,0,24000,2,3,13.934577999999979,0,2,0,0,0,0,29000,2,2,0,0,Leer Papenburg (EDWF)
2026,2,FEB,EDWI,Wilhelmshaven,Germany,14,218.804015338015,169.04529826661798,4840,4380,3225.358618654073,3,4,135.76029,93.61857,8,1.0955897721730699,1.0955897721730699,20,20,15508.870967741901,7,7,1.1484365,1.1484365,Wilhelmshaven (EDWI)
2026,2,FEB,EDWO,Osnabruck Atterheide,Germany,13,0,0,0,0,22000,13,13,0,0,3,0,0,0,0,27000,3,3,0,0,Osnabruck Atterheide (EDWO)
2026,2,FEB,EDWQ,Ganderkesee,Germany,7,72.68763124646547,61.49031028337404,1980,1780,10000,4,6,12.398399999999999,12.50865,2,0,0,0,0,19500,2,2,0,0,Ganderkesee (EDWQ)
2026,2,FEB,EDWY,Norderney,Germany,1,2.11747766061069,2.11747766061069,40,40,3056.8627450980393,0,0,-0.1343999999999998,-0.1343999999999998,,,,,,,,,,,Norderney (EDWY)
2026,2,FEB,EDXB,Heide Busum,Germany,3,100.458852636051,100.458852636051,3100,3100,2224.375,0,0,28.96949999999999,28.96949999999999,3,0,0,0,0,9000,3,3,0,0,Heide Busum (EDXB)
2026,2,FEB,EDXO,St Peter Ording,Germany,1,0,0,0,0,8000,1,1,0,0,,,,,,,,,,,St Peter Ording (EDXO)
2026,2,FEB,EDXR,Rendsburg Schachtholm,Germany,3,0,0,0,0,20000,3,3,0,0,2,48.41612670986321,48.41612670986321,920,920,13525,1,1,-4.07924999999999,-4.07924999999999,Rendsburg Schachtholm (EDXR)
2026,2,FEB,EDXW,Sylt,Germany,68,624.305395598639,521.483746595403,10740,9780,3000,19,22,2341.969509999999,2253.9832,72,432.5605855130591,299.25444535379705,7580,6380,28500,58,65,176.98934150000002,146.1852925,Sylt (EDXW)
2026,2,FEB,EEEI,Amari Airbase,Estonia,6,52.92536628505,29.84221293731798,940,640,2323.090659340659,0,1,811.73691,181.47147,6,0,0,0,0,25000,6,6,0,0,Amari Airbase (EEEI)
2026,2,FEB,EEKA,Kardla,Estonia,35,37.55849532037436,5.197084233261339,600,100,10000,32,33,39.089400000000005,-13.9986,34,0,0,0,0,9000,34,34,0,0,Kardla (EEKA)
2026,2,FEB,EEKE,Kuressaare,Estonia,47,77.08196063798357,41.140249475935214,1440,980,14000,31,32,145.637615,138.38736500000002,47,0,0,0,0,15000,47,47,0,0,Kuressaare (EEKE)
2026,2,FEB,EEPU,Parnu,Estonia,3,59.105732117150346,26.51633926857823,1580,680,7000,2,2,-0.5711999999999992,-0.76755,5,237.665213198038,237.665213198038,6280,6280,24000,3,3,15.28169999999999,15.28169999999999,Parnu (EEPU)
2026,2,FEB,EETN,Tallinn,Estonia,1367,2478.9437330466403,1884.7775482462232,44560,38700,9000,832,918,35299.802458700004,33141.5908912,1366,1814.621056304528,90.91354513427393,17431,1340,32032.751572327,1192,1358,4905.1256017000005,580.596049,Tallinn (EETN)
2026,2,FEB,EETU,Tartu,Estonia,54,56.303414815971074,56.303414815971074,1300,1300,16000,46,46,116.2260755,116.2260755,49,51.203024876022326,21.674766018718497,800,420,18000,47,48,-2.6460000000000203,0,Tartu (EETU)
2026,2,FEB,EFET,Enontekio,Finland,14,40.1317151059045,35.323528332274904,760,700,37000,8,10,949.2493000000001,902.3458,14,2.5409731927328196,0,20,0,38000,13,14,-0.47249999999999653,0,Enontekio (EFET)
2026,2,FEB,EFHA,Halli,Finland,4,27.97957981543294,27.97957981543294,880,880,6088.636363636364,2,2,8.562750000000001,8.562750000000001,4,4.99357002875431,4.99357002875431,280,280,7881.111898853834,3,3,37.714635,37.714635,Halli (EFHA)
2026,2,FEB,EFHK,Helsinki,Finland,5829,17155.711684524096,10013.9309954385,284960,200480,18000,3280,3789,282341.783115,236951.1705925,5832,6974.975613616361,235.49386300298102,67497,3420,36000,4826,5780,14852.082757,743.043839,Helsinki (EFHK)
2026,2,FEB,EFIM,Immola,Finland,1,27.71778257739379,27.71778257739379,620,620,2820,0,0,-2.13517,-2.13517,1,0,0,0,0,10000,1,1,0,0,Immola (EFIM)
2026,2,FEB,EFIV,Ivalo,Finland,228,722.9680078750541,601.552584080373,12780,11500,4154.545454545455,84,96,12044.2064695,11441.8324115,227,221.430344523542,0,2620,0,36000,205,227,412.758911,0,Ivalo (EFIV)
2026,2,FEB,EFJO,Joensuu,Finland,46,12.717453494531979,12.717453494531979,260,260,20000,41,41,43.078669999999995,43.078669999999995,46,6.644039905379,0,100,0,18000,44,46,7.3395,0,Joensuu (EFJO)
2026,2,FEB,EFJY,Jyvaskyla,Finland,120,617.33740522377,504.01150786248206,14080,12420,16000,82,87,559.663853,528.3277720000001,112,27.0210149157959,12.94001373631579,660,440,18000,110,111,57.25177499999998,50.91450499999999,Jyvaskyla (EFJY)
2026,2,FEB,EFKE,Kemi Tornio,Finland,51,48.96249662153279,46.451069628715445,860,820,20000,49,50,1066.262349999999,1057.484349999999,51,263.432570056185,0,3320,0,21000,42,51,41.66252899999996,0,Kemi Tornio (EFKE)
2026,2,FEB,EFKI,Kajaani,Finland,45,178.723019074153,12.186763486227669,2440,240,18000,35,40,195.60003250000003,44.92425,45,83.05991812385606,14.6048811531844,1200,220,18000,37,43,101.302165,25.740495,Kajaani (EFKI)
2026,2,FEB,EFKK,Kruunupyy,Finland,58,58.09213876576598,9.22604805302299,840,200,16018.75,55,56,28.057839000000026,-20.714661,58,13.07048260059458,0,180,0,17000,53,58,5.70885,0,Kruunupyy (EFKK)
2026,2,FEB,EFKS,Kuusamo,Finland,169,496.23132740576204,254.859714818448,8500,5320,17000,106,126,5646.716209499999,4013.3509610000006,168,261.87873439062105,0,2500,0,24000,147,168,364.958679,0,Kuusamo (EFKS)
2026,2,FEB,EFKT,Kittila,Finland,406,1686.989861540049,961.443337316932,26080,16860,4809.825227963526,139,178,21038.449646699995,15637.0790567,407,371.916173312893,4.99845726627584,3140,80,37000,348,406,346.7262847,3.38352,Kittila (EFKT)
2026,2,FEB,EFKU,Kuopio,Finland,149,408.432064177006,131.85097479072098,6820,2760,19000,123,128,702.2652495000001,467.689585,150,77.50420438066786,34.25123904766642,2400,1780,18000,146,149,304.3760725,235.047455,Kuopio (EFKU)
2026,2,FEB,EFLA,Vesivehmaa,Finland,2,56.69546436285096,22.67818574514038,1620,840,3000,0,0,5.725125,3.126375,,,,,,,,,,,Vesivehmaa (EFLA)
2026,2,FEB,EFLP,Lappeenranta,Finland,1,0,0,0,0,32000,1,1,0,0,1,0,0,0,0,34000,1,1,0,0,Lappeenranta (EFLP)
2026,2,FEB,EFMA,Mariehamn,Finland,81,264.887087413899,184.09546378726702,5460,4220,12000,58,62,408.1549312,290.8415362,82,27.00916925999509,0,340,0,12000,80,82,2.5278700000000103,0,Mariehamn (EFMA)
2026,2,FEB,EFOU,Oulu,Finland,240,286.953329990504,261.27340742578303,5340,5080,18000,158,161,5970.306485,5846.859825,240,64.65893568620999,0,660,0,35000,225,240,23.855995,0,Oulu (EFOU)
2026,2,FEB,EFPO,Pori,Finland,60,761.7013303975251,610.5910190430251,26920,20140,2770.70707070707,26,26,700.4191995000001,602.2321245,50,176.339361494983,153.080240081839,7560,7280,17000,46,47,109.33778600000001,112.39515,Pori (EFPO)
2026,2,FEB,EFRO,Rovaniemi,Finland,819,2960.150160700425,2150.702352421418,53780,42560,9957.142857142855,394,417,40274.2234802,33553.2261472,824,611.523401596894,97.4571132670042,7200,2680,36000,734,821,1081.642102999999,79.47924599999997,Rovaniemi (EFRO)
2026,2,FEB,EFSA,Savonlinna,Finland,25,120.383466171457,118.293310803241,2540,2520,2754.999999999999,5,6,135.732251,127.416251,24,0,0,0,0,18000,24,24,0,0,Savonlinna (EFSA)
2026,2,FEB,EFSI,Seinajoki,Finland,6,10.88998445261754,10.88998445261754,280,280,2866.6379310344823,1,1,2.378775,2.378775,6,0,0,0,0,11500,6,6,0,0,Seinajoki (EFSI)
2026,2,FEB,EFTP,Tampere,Finland,152,819.7369871536271,619.925708877397,17280,14580,10028.2608695652,82,97,2532.3648805000003,2256.2206015,153,202.46790886904202,30.85244668929913,4380,1440,24000,137,151,227.10342730000002,21.118859999999998,Tampere (EFTP)
2026,2,FEB,EFTU,Turku,Finland,184,578.891230334814,407.93780576207,10920,8980,10037.1036022167,91,106,5036.787068499999,4566.895655999999,186,194.21202653680302,10.59338850570871,1880,320,26500,174,184,346.80224030000005,50.57377499999999,Turku (EFTU)
2026,2,FEB,EFUT,Utti,Finland,2,30.890671603414578,14.6148308135349,660,440,7600,1,1,73.64909999999998,70.32846999999998,1,0,0,0,0,16000,1,1,0,0,Utti (EFUT)
2026,2,FEB,EFVA,Vaasa,Finland,115,195.77293202210802,44.41984600552165,3020,920,17000,103,108,604.3480320000001,450.066805,116,178.651563459725,35.34757541977286,2427,520,19000,102,115,144.82862,56.36399999999997,Vaasa (EFVA)
2026,2,FEB,EGAA,Belfast Aldergrove,United Kingdom,1857,5154.9351118894665,2452.882545858762,78880,49660,24000,1237,1384,58049.3295353,40914.129245300006,1859,2809.801698865684,177.096829440785,25444,2764,27000,1590,1821,5032.589275299999,1300.115608,Belfast Aldergrove (EGAA)
2026,2,FEB,EGAB,Enniskillen,United Kingdom,4,38.75727062119889,15.79601661242867,840,380,7735,1,2,131.3865,131.3865,5,18.141711453781372,8.35049475111759,240,100,13026.6666666667,3,4,24.46079999999999,24.46079999999999,Enniskillen (EGAB)
2026,2,FEB,EGAC,Belfast City,United Kingdom,1116,3979.085750875086,1666.430808761748,64500,32840,14000,578,679,24128.2631635,17766.8586955,1114,1201.319990273478,254.28589396439102,14100,4400,17000,924,1012,2521.6566499999994,1834.526045,Belfast City (EGAC)
2026,2,FEB,EGAE,City of Derry,United Kingdom,149,514.6727665583371,385.1024798688351,9060,7660,18000,74,82,4273.242729999999,3838.0728899999995,149,30.503008035219228,0,280,0,32000,145,149,34.314293799999966,0,City of Derry (EGAE)
2026,2,FEB,EGBB,Birmingham,United Kingdom,3195,49816.846088618804,2932.052728294861,520420,54700,11000,754,2327,314426.51219119993,56724.529638500004,3192,7458.5275202734465,371.646362247999,68104,5680,33000,2453,3097,13998.939003700001,2138.151034,Birmingham (EGBB)
2026,2,FEB,EGBE,Coventry,United Kingdom,3,95.53111315004575,15.41245121442918,1200,220,3873.333333333333,0,1,106.92634,5.180705,4,16.16645668346532,13.82289416846652,320,280,19976.5625,2,3,2.28816,0.0861000000000001,Coventry (EGBE)
2026,2,FEB,EGBG,Leicester,United Kingdom,2,4.644218626444289,0,80,0,17500,1,2,3.115875,0,,,,,,,,,,,Leicester (EGBG)
2026,2,FEB,EGBJ,Gloucestershire,United Kingdom,57,1532.973581554783,523.8589674464921,26000,12880,3574.2647058823522,13,17,2986.3567738,720.4098488,153,353.68983021009603,184.03299506825402,6040,4100,8000,102,116,171.0632845,57.06913049999999,Gloucestershire (EGBJ)
2026,2,FEB,EGBO,Wolverhampton,United Kingdom,5,22.81087214749668,11.022733565930128,560,320,7062.5,2,2,7.69755,7.365749999999999,6,19.84822080964948,14.08868157278843,520,440,7992.857142857143,2,3,9.7440215,6.188201499999999,Wolverhampton (EGBO)
2026,2,FEB,EGBP,Costwold,United Kingdom,6,195.259080778721,60.62826100219002,2960,1380,2951.077996195307,1,2,856.170702,495.68003000000004,6,3.14974802015839,0,40,0,19500,5,6,8.681189999999999,0,Costwold (EGBP)
2026,2,FEB,EGBT,Turweston,United Kingdom,3,11.859289638458218,0,200,0,9017.41935483871,1,3,7.825125,0,1,0,0,0,0,27000,1,1,0,0,Turweston (EGBT)
2026,2,FEB,EGBW,Wellesbourne Mountford,United Kingdom,8,105.914927699972,6.255264109422679,900,100,10000,1,5,34.054135,16.35374999999999,23,21.08680146221353,15.33684997507892,300,240,9000,19,20,63.27983,48.359849999999994,Wellesbourne Mountford (EGBW)
2026,2,FEB,EGCC,Manchester,United Kingdom,6717,59815.551037498706,29261.0823817036,792440,475860,7025,2296,3002,682383.1103636998,482314.5134097,6724,20127.3877652209,1245.64406994289,173725,17580,34982.3159636063,4889,6450,47627.3578185,13127.343435,Manchester (EGCC)
2026,2,FEB,EGEC,Campbeltown,United Kingdom,12,32.062378493203354,32.062378493203354,720,720,6000,9,9,-2.26013,-2.26013,40,28.16131852308957,22.858171346292288,580,540,6000,35,36,16.077075,14.236424999999999,Campbeltown (EGEC)
2026,2,FEB,EGEO,Oban,United Kingdom,3,54.470187839518324,54.470187839518324,1440,1440,5124.848484848485,1,1,1.8165,1.8165,2,0,0,0,0,16000,2,2,0,0,Oban (EGEO)
2026,2,FEB,EGET,Lerwick,United Kingdom,1,92.80507559395245,92.80507559395245,2360,2360,3637.604166666666,0,0,0.2278500000000018,0.2278500000000018,,,,,,,,,,,Lerwick (EGET)
2026,2,FEB,EGFE,Haverfordwest,United Kingdom,21,153.854150787613,149.89446756227102,3220,3160,11000,10,11,-4.6389030000000195,-8.582178000000019,18,26.214569748559466,0,340,0,17000,16,18,18.65061999999999,0,Haverfordwest (EGFE)
2026,2,FEB,EGFF,Cardiff,United Kingdom,391,10999.656640785,3879.289256898292,198408,125708,4900,65,180,42461.1028997,10259.0794562,330,1635.479044469568,154.96883875663602,18331,4340,29000,232,321,1926.834307,70.48978500000001,Cardiff (EGFF)
2026,2,FEB,EGGD,Bristol,United Kingdom,2420,50541.6265879813,2963.300667142054,522060,57320,16010,478,1652,300566.8154022999,45676.0042525,2431,11190.837150101599,45.02672872865689,95340,580,33000,1617,2422,19337.531690199998,291.804348,Bristol (EGGD)
2026,2,FEB,EGGP,Liverpool,United Kingdom,1443,13509.7986620265,7609.065625841728,208100,148360,2904.4444444444443,327,437,145728.2191275499,122300.11863805,1451,4166.274986630104,334.09499643909203,38620,6340,30000,1087,1366,7872.2214324999995,1505.3152645,Liverpool (EGGP)
2026,2,FEB,EGGW,London Luton,United Kingdom,4547,114325.1870706193,20916.9679874338,1373360,350500,5913.333333333333,351,1814,1019966.0517861,276279.2836042,4527,17179.190448437195,3544.9277832996504,166820,49500,34000,2687,3727,60443.6047471,30122.3981469,London Luton (EGGW)
2026,2,FEB,EGHC,Lands End,United Kingdom,2,41.28297223434403,41.28297223434403,1060,1060,4560.431985294117,0,0,17.55253499999999,17.55253499999999,,,,,,,,,,,Lands End (EGHC)
2026,2,FEB,EGHH,Bournemouth,United Kingdom,350,5697.699395334305,2454.130068088818,85729,48589,6971.590909090909,68,151,66038.3657945,38593.5410064,329,1971.1903280396073,556.179226798171,19320,6860,12050,141,220,5865.7286152,2791.1556705000003,Bournemouth (EGHH)
2026,2,FEB,EGHI,Southampton,United Kingdom,667,11554.5724494911,3248.793446915252,174980,64680,4594.922630560929,75,249,51281.772569,19460.588901,661,1633.6808625594372,438.87039666854207,20220,6500,14000,478,585,3413.3837205,1326.775995,Southampton (EGHI)
2026,2,FEB,EGHL,Lasham,United Kingdom,3,4.643628509719219,4.643628509719219,100,100,4000,2,2,57.329999999999984,57.329999999999984,4,2.7402807775378,2.7402807775378,40,40,7522.5,3,3,11.49751,11.49751,Lasham (EGHL)
2026,2,FEB,EGJA,Alderney,Guernsey,31,38.87912418661157,38.87912418661157,980,980,6000,24,24,5.1970149999999995,5.1970149999999995,18,0,0,0,0,7000,18,18,0,0,Alderney (EGJA)
2026,2,FEB,EGJB,Guernsey,Guernsey,573,3747.8373572678993,1575.640530232715,68533,35213,12000,354,395,9195.2796935,5578.775729,482,732.229790136456,240.96307699147204,8486,3506,15000,441,472,428.47567680000003,-83.96031099999985,Guernsey (EGJB)
2026,2,FEB,EGJJ,Jersey,Jersey,654,3958.5305496485935,2158.4394683116343,70020,48640,9897.727272727274,312,358,29546.787518999998,21690.6741675,550,1037.733545022194,41.492043291795675,10519,559,19000,470,548,1814.9310008,-15.83531250000001,Jersey (EGJJ)
2026,2,FEB,EGKA,Shoreham,United Kingdom,19,315.794188969962,303.01412046635204,9780,9600,2537.777777777777,3,5,116.80483100000001,114.80931100000001,12,22.960952410162058,22.960952410162058,440,440,10500,8,8,1.9963099999999998,1.9963099999999998,Shoreham (EGKA)
2026,2,FEB,EGKB,London Biggin Hill,United Kingdom,664,15445.0720026029,8875.010343728572,233960,154480,3139.1346153846152,26,32,43013.8011167,27979.6749594,666,3805.73639603294,681.451382420195,42520,10020,19090.4343501326,313,482,3843.854189499999,995.3049165000001,London Biggin Hill (EGKB)
2026,2,FEB,EGKK,London Gatwick,United Kingdom,8322,157878.4840622441,12786.178129629001,1781020,248480,9010.357142857145,1435,5354,1438781.4129642,335328.8761405,8340,35064.341706156905,7724.827235036994,338920,106120,32000,4633,6629,161253.5926273,93788.6397503,London Gatwick (EGKK)
2026,2,FEB,EGKR,Redhill,United Kingdom,1,0,0,0,0,10000,1,1,0,0,1,0,0,0,0,10000,1,1,0,0,Redhill (EGKR)
2026,2,FEB,EGLC,London City,United Kingdom,1893,42525.9767852048,31145.6961748709,673920,548000,2900,11,18,414818.7040771999,363162.5376451999,1893,10244.6028318679,5968.822993230785,123060,85900,7971.071428571429,634,807,50915.9700103,44813.5580608,London City (EGLC)
2026,2,FEB,EGLF,Farnborough,United Kingdom,989,25668.345501857697,10821.0928644905,380320,206180,2953.333333333333,4,20,100403.0894431,53563.52680280001,988,6349.411593751247,1588.0808401321813,67732,26600,20000,417,651,11252.694653300001,5627.052611099999,Farnborough (EGLF)
2026,2,FEB,EGLK,Blackbushe,United Kingdom,35,736.747780254399,310.39756897042605,12180,6100,3022.5,1,2,677.8812345,340.5788295,47,141.168781553839,60.442357603770816,2100,1120,10000,24,33,70.86748199999998,20.62777799999999,Blackbushe (EGLK)
2026,2,FEB,EGLL,London Heathrow,United Kingdom,17759,397031.536611584,36430.7658792503,5478700,662260,7990,1278,10544,8180703.6354369,1264351.1418847,17747,89530.5706282226,39397.0623241097,907397,495560,29000,8036,11541,691602.4464732,528357.4334592,London Heathrow (EGLL)
2026,2,FEB,EGLM,White Waltham,United Kingdom,1,5.14595196020682,5.14595196020682,120,120,2900,0,0,0.2078999999999995,0.2078999999999995,1,9.86648340860004,9.86648340860004,240,240,3777.272727272727,0,0,0.6583500000000004,0.6583500000000004,White Waltham (EGLM)
2026,2,FEB,EGMC,London Southend,United Kingdom,277,6004.251910418679,2497.7958257434125,97700,56920,3835,24,74,33264.3919487,15029.5221082,259,1986.602343153178,401.899091143371,20760,6100,18963.333333333303,94,164,7772.9119212000005,2326.190798199999,London Southend (EGMC)
2026,2,FEB,EGMD,Lydd,United Kingdom,16,85.61317882213694,65.68477309459509,2100,1840,4906.639344262295,5,7,76.8922425,75.49537749999999,8,31.861940330487837,12.55510987692413,880,620,18493.75,3,6,32.942962,19.028624999999998,Lydd (EGMD)
2026,2,FEB,EGNC,Carlisle,United Kingdom,2,0,0,0,0,20500,2,2,0,0,2,57.96483034603984,14.39931558722055,780,220,7328.311688311689,0,0,3.63830050000001,8.4578,Carlisle (EGNC)
2026,2,FEB,EGNE,Retford Gamston,United Kingdom,20,293.056733737538,61.520234962832134,3700,1180,7487.5,8,11,432.30326920000005,172.1677252,38,174.945992990383,95.295756995444,3460,2460,10000,26,30,116.7630315,54.34326849999997,Retford Gamston (EGNE)
2026,2,FEB,EGNH,Blackpool,United Kingdom,38,825.5179279951981,484.381796306392,16500,11940,2612.0080079445574,3,5,2443.8767425,1991.308511499999,39,107.924486694302,12.35806510077113,1180,300,18000,23,36,146.536653,1.31145,Blackpool (EGNH)
2026,2,FEB,EGNJ,Humberside,United Kingdom,129,1144.475451719417,514.6265771411731,18290,11390,4480,36,64,5176.5976171,2481.303355099999,126,379.704124043075,183.99887215429402,5380,3460,27000,103,123,593.9662765,307.7034175,Humberside (EGNJ)
2026,2,FEB,EGNL,Barrow Walney Island,United Kingdom,102,355.181475948694,225.434529685586,6380,4840,18000,52,66,31.594107499999968,-7.9753525,101,146.07156177766203,0,1580,0,23000,81,101,107.2740496,0,Barrow Walney Island (EGNL)
2026,2,FEB,EGNM,Leeds,United Kingdom,920,10204.8094477757,2630.4154721168575,137140,54840,8071.447368421052,263,492,61788.456177700005,29747.5014185,915,2354.301765868993,84.38121070450772,21380,1140,33000,708,889,3744.3983405000004,591.1270340000001,Leeds (EGNM)
2026,2,FEB,EGNO,Warton,United Kingdom,44,600.068700688155,286.60376587352704,9340,5700,3262.051282051282,6,15,2732.0435779999993,2374.072306,45,87.1410111617119,7.6108197058521,780,100,19000,35,41,80.90810999999998,33.908173,Warton (EGNO)
2026,2,FEB,EGNR,Hawarden,United Kingdom,78,1273.378428226923,826.760342232974,23180,18040,2922.234848484848,1,1,16762.8248245,14742.2106545,86,224.43484701813702,81.17436319380161,3260,1660,29000,63,78,351.540339,28.440389999999997,Hawarden (EGNR)
2026,2,FEB,EGNS,Isle of Man,Isle of Man,447,3419.7780133718784,2153.836184803386,65180,46480,3300,144,171,18477.6840112,12462.4110632,439,449.55602297088706,149.79048350075,6080,2620,13000,395,416,386.177895,150.436813,Isle of Man (EGNS)
2026,2,FEB,EGNT,Newcastle,United Kingdom,1291,15911.7657142381,1834.93571484072,165720,37200,16028.3333333333,445,824,87197.58562065,31877.10491295,1291,4030.9217312415813,30.66954643628509,34940,740,31000,945,1290,6218.5702807,2.95313,Newcastle (EGNT)
2026,2,FEB,EGNV,Durham Teesside,United Kingdom,159,1988.9814153836821,979.2573121767962,38100,26140,4197.674418604651,38,70,10959.3565205,7233.7945415,146,471.98926996779005,48.14283822811415,4640,1060,31015,106,140,807.9426270000001,305.69761300000005,Durham Teesside (EGNV)
2026,2,FEB,EGNX,East Midlands,United Kingdom,1514,21160.081129634204,2424.8175632967923,231080,49680,11062.5,409,999,156927.2685206999,59828.7767717,1513,3219.477368221656,55.17896623952547,27300,760,31000,1246,1494,5305.120554199998,624.912095,East Midlands (EGNX)
2026,2,FEB,EGOV,Valley,United Kingdom,1,14.07498342381849,14.07498342381849,340,340,2700,0,0,37.558510000000005,37.558510000000005,,,,,,,,,,,Valley (EGOV)
2026,2,FEB,EGOW,Woodvale,United Kingdom,1,1.96347928529352,1.96347928529352,40,40,2261.818181818181,0,0,1.304625,1.304625,1,0,0,0,0,15000,1,1,0,0,Woodvale (EGOW)
2026,2,FEB,EGPA,Kirkwall,United Kingdom,223,1121.365260026496,938.0310892153881,23800,21220,5996.260162601626,103,107,2245.929598499999,2141.0364915,216,193.843318842825,104.070686699908,2740,1540,13000,199,202,88.03667850000001,27.76667849999998,Kirkwall (EGPA)
2026,2,FEB,EGPB,Sumburgh,United Kingdom,327,2030.023458303082,1406.007220738729,42540,34420,2602.905982905982,98,105,4867.492153,4912.892947999999,319,166.172855057991,5.30188689760554,2220,80,16000,309,316,91.28499699999996,7.875527,Sumburgh (EGPB)
2026,2,FEB,EGPC,Wick,United Kingdom,62,544.743218193602,465.64030654151804,11720,10460,2547.997135153353,17,20,118.045359,76.269547,63,185.098304190076,1.1076036993963598,3060,20,13740,54,62,57.007276999999966,2.0317499999999997,Wick (EGPC)
2026,2,FEB,EGPD,Aberdeen,United Kingdom,1213,6044.127022646624,3717.2495614541313,104400,75540,3910.975609756097,413,540,59215.6981795,48390.9780455,1223,1662.506881634579,48.4414469470706,18960,860,31000,1089,1217,1903.2602214999993,166.0581295,Aberdeen (EGPD)
2026,2,FEB,EGPE,Inverness,United Kingdom,332,1674.809669200831,640.0447381030431,24800,13180,11000,132,185,14993.2756248,7279.004458800001,333,426.614269990169,45.86579688711942,3880,660,33028.3333333333,288,326,547.6126775,115.55794,Inverness (EGPE)
2026,2,FEB,EGPF,Glasgow,United Kingdom,2406,9825.201828499852,6578.713386549253,165280,126860,8012.296640141469,1079,1244,97810.96933620001,78906.19367220001,2401,3642.9521601751208,337.62122915164,37280,7100,33000,2045,2347,4977.2219955,696.1498320000001,Glasgow (EGPF)
2026,2,FEB,EGPH,Edinburgh,United Kingdom,3926,15493.6042048004,5230.5775161418105,209560,102540,18000,1945,2502,152777.2367319999,93596.52946450001,3922,5433.583203086744,85.31226710543648,47080,1220,35000,3334,3901,6505.197409,502.61740000000003,Edinburgh (EGPH)
2026,2,FEB,EGPI,Islay,United Kingdom,48,80.00375002004233,80.00375002004233,2260,2260,7000,26,26,266.36183500000004,266.36183500000004,52,7.44842954936487,7.44842954936487,120,120,9000,51,51,14.24377499999999,14.24377499999999,Islay (EGPI)
2026,2,FEB,EGPK,Prestwick,United Kingdom,318,6075.125760213081,3735.108958112989,107718,82118,4679.166666666666,74,120,106819.810405,74019.32772150001,319,1081.55142597074,107.27671573508201,10800,2280,30998.333333333303,238,312,4831.964695299998,206.716205,Prestwick (EGPK)
2026,2,FEB,EGPL,Benbecula,United Kingdom,76,469.83076067443005,464.55118304064104,10820,10740,2502.035533910534,15,15,1408.479151,1406.285701,50,0,0,0,0,17000,50,50,0,0,Benbecula (EGPL)
2026,2,FEB,EGPN,Dundee,United Kingdom,79,606.22041160586,372.0904987816971,13080,9400,2861.363636363636,19,22,1915.992533,1784.139333,76,100.50463069771801,6.422537921104239,1300,100,21000,66,73,74.11279200000001,17.092344,Dundee (EGPN)
2026,2,FEB,EGPO,Stornoway,United Kingdom,201,1925.334096363996,1714.467496739531,42400,39380,2408.853932584269,38,39,5669.2989075,5377.8020675,189,251.73413560672202,69.3599057529943,3560,1420,17000,180,186,277.00469000000004,53.64712499999999,Stornoway (EGPO)
2026,2,FEB,EGPR,Barra,United Kingdom,11,73.90863276392433,30.352117285162638,1720,680,8000,8,9,4.806374999999989,-8.826825,39,75.33870017671313,75.33870017671313,1760,1760,9000,35,35,28.32111500000001,28.32111500000001,Barra (EGPR)
2026,2,FEB,EGPT,Perth Scone,United Kingdom,2,36.24623054921545,29.15704768384466,820,740,2961.414141414141,0,0,3.749708,5.9373879999999994,2,2.45434910661692,2.45434910661692,60,60,17972.7272727273,1,1,0.3307500000000001,0.3307500000000001,Perth Scone (EGPT)
2026,2,FEB,EGPU,Tiree,United Kingdom,19,77.43854379463957,77.43854379463957,2180,2180,8000,14,14,100.097282,100.097282,44,36.45853786242554,36.45853786242554,760,760,7000,41,41,-8.682975,-8.682975,Tiree (EGPU)
2026,2,FEB,EGQS,Lossiemouth,United Kingdom,16,139.14198048045398,83.70924070784778,2540,1680,3170.204198207331,5,6,3256.924469,2694.2740089999993,15,0,0,0,0,27000,15,15,0,0,Lossiemouth (EGQS)
2026,2,FEB,EGSC,Cambridge,United Kingdom,46,1170.623734865984,976.642105031879,32780,30460,2374.150641025641,2,3,1259.80563,775.093246,32,104.567902722673,56.15888925172457,1640,1160,10000,14,23,161.69994000000003,66.83218000000001,Cambridge (EGSC)
2026,2,FEB,EGSF,Peterborough Conington,United Kingdom,1,0,0,0,0,8000,1,1,0,0,1,0,0,0,0,8000,1,1,0,0,Peterborough Conington (EGSF)
2026,2,FEB,EGSH,Norwich,United Kingdom,169,2985.6076844126023,453.49395400316297,33060,9760,4488.970588235295,29,84,11811.380651000001,4293.684830999999,164,552.313521734082,2.94431617884363,5620,40,23000,115,163,1108.2394815,12.53437999999999,Norwich (EGSH)
2026,2,FEB,EGSS,London Stansted,United Kingdom,7075,110594.6163520057,14333.4374897857,1279100,271320,11008.3333333333,1476,4582,932152.6926326,315266.4254153,7074,20715.2442566384,2460.379912716659,184287,34129,35029.171301446,4862,6358,50372.867672,26370.230355,London Stansted (EGSS)
2026,2,FEB,EGSU,Duxford,United Kingdom,1,5.147588192944539,0,80,0,11970,0,1,1.29386,0,1,0,0,0,0,11000,1,1,0,0,Duxford (EGSU)
2026,2,FEB,EGSX,North Weald,United Kingdom,2,22.69879699946585,8.60592442927145,360,180,4992.5,0,0,-1.5668579999999999,1.079662,2,0,0,0,0,7500,2,2,0,0,North Weald (EGSX)
2026,2,FEB,EGSY,St Athan,United Kingdom,3,54.99789681667211,20.60264843654252,920,460,4156.716417910448,0,1,719.034075,524.2640250000001,3,48.60651996646633,0,540,0,16006.0123784262,1,3,132.03644,0,St Athan (EGSY)
2026,2,FEB,EGTB,Wycombe Air Park,United Kingdom,6,146.29674638890802,99.49022959282135,2900,2100,3099.35606060606,0,0,200.5516825,156.0670845,8,92.26087831977776,5.7619979321462,1380,100,14513.3333333333,5,6,16.93025,11.665704999999999,Wycombe Air Park (EGTB)
2026,2,FEB,EGTC,Cranfield,United Kingdom,89,2259.761705212914,1926.691142344063,69220,64780,3067.213114754098,14,18,1986.7090175,1706.240413,29,339.77052886083703,98.25772687592963,5941,2200,11972.777777777801,16,22,99.33772850000001,33.3949925,Cranfield (EGTC)
2026,2,FEB,EGTE,Exeter,United Kingdom,204,1680.893851784567,812.058069681837,26220,16640,3815.452433745116,59,85,6231.594335,3893.239943,199,463.20533722394504,24.98539398657879,4640,360,20000,157,192,750.1428772000002,99.10792999999998,Exeter (EGTE)
2026,2,FEB,EGTF,Fairoaks,United Kingdom,46,778.084740773532,227.87966207331402,13280,4840,4202.916666666668,2,10,325.34886900000004,94.24670449999998,50,305.48112870242204,189.115290225258,5800,4140,14508.3333333333,26,36,70.45723179999999,49.845132,Fairoaks (EGTF)
2026,2,FEB,EGTK,Oxford,United Kingdom,297,7659.568566503441,4251.599824883143,159591,111791,2803.8461538461534,16,40,12521.1491591,7553.294054400001,349,1609.4642304621511,1096.72142549989,29420,24240,8000,177,206,937.1166277000001,383.84704020000004,Oxford (EGTK)
2026,2,FEB,EGTR,Elstree,United Kingdom,7,204.817077940764,203.377193131548,4090,4070,2497.169811320754,0,0,21.733744500000007,21.337894500000008,18,68.27582407910033,57.71351116939627,1520,1380,7000,11,11,6.6768198,4.161938,Elstree (EGTR)
2026,2,FEB,EGUL,Lakenheath,United Kingdom,25,430.045766693964,142.27197578935403,5680,2720,26000,13,22,3629.330512,297.852577,19,61.01617953292104,0,520,0,27000,10,19,10.61808999999993,0,Lakenheath (EGUL)
2026,2,FEB,EGUN,Mildenhall,United Kingdom,64,1624.729058314107,105.880135585877,17140,1680,20000,22,59,18909.158135,2206.056689999999,57,495.59178058695403,0,5600,0,24656.722689075603,26,57,2298.996032999999,0,Mildenhall (EGUN)
2026,2,FEB,EGVA,Fairford,United Kingdom,1,33.7881052748911,33.7881052748911,640,640,2525.945643037265,0,0,80.69767299999998,80.69767299999998,1,49.830601787151124,0,400,0,22965,0,1,-2.11263499999998,0,Fairford (EGVA)
2026,2,FEB,EGVN,RAF Brize Norton,United Kingdom,129,4436.9006165990295,1214.5829232847432,59360,25400,2824.242424242424,4,20,113636.0229589999,63337.253451000004,132,716.2465779675831,160.11742701089,7060,2160,26500,66,109,7187.066944000001,3459.585652999999,RAF Brize Norton (EGVN)
2026,2,FEB,EGWU,Northolt,United Kingdom,346,7313.280103169461,3326.324214178313,122700,71260,2956.745283018867,3,10,31444.2632372,19559.3422764,341,1573.957368388413,352.72929903217903,15530,5150,21000,178,242,2539.8745752,869.4862907,Northolt (EGWU)
2026,2,FEB,EGXC,Coningsby,United Kingdom,13,359.989203913926,111.215130020562,5260,2220,2646.666666666667,0,0,866.053135,718.876805,13,10.799136069114459,0,100,0,16000,12,13,32.41611999999999,0,Coningsby (EGXC)
2026,2,FEB,EGXE,Leeming,United Kingdom,1,19.467383868997697,2.9121265804353396,280,80,2715.7303370786512,0,0,55.081425,25.83473,2,11.30108304127301,0,140,0,20013.596138374898,1,2,0.6476974999999995,0,Leeming (EGXE)
2026,2,FEB,EGXW,Waddington,United Kingdom,3,151.45128948180698,121.58341113043801,2620,2320,2904.395604395604,0,0,4841.447124,4785.52061,6,54.203287466010956,35.13721135349857,960,760,27000,3,5,-100.96212100000001,-46.97073100000001,Waddington (EGXW)
2026,2,FEB,EGYD,Cranwell,United Kingdom,3,66.6334734660404,36.92278788767802,1420,720,2253.723404255319,0,0,270.761415,105.575925,14,91.86053669744551,11.5190715930125,1380,200,14012.0614035088,5,12,160.531865,22.01009999999999,Cranwell (EGYD)
2026,2,FEB,EGYM,Marham,United Kingdom,3,11.626453596111439,8.706963017426691,180,140,10000,1,2,-34.454909999999984,-35.01875999999998,2,9.24676025917928,0,100,0,25480,1,2,52.555960000000006,0,Marham (EGYM)
2026,2,FEB,EHAM,Amsterdam,Netherlands,16676,184437.9719765096,120898.16989087871,2706040,2115600,2975.89027530204,3043,4345,2959459.9610344,2652701.5835337,16677,44193.391180848,438.81893563813406,364179,6180,35000,12735,16549,63423.394152500005,5716.6983945,Amsterdam (EHAM)
2026,2,FEB,EHBD,Weert,Netherlands,26,549.333868384662,251.780473931621,9320,5300,2306.879371466896,2,3,241.76141800000002,165.66184,31,170.749508343473,12.918326100443219,2520,240,16977.9411764706,20,25,75.30796420000004,3.9279439999999997,Weert (EHBD)
2026,2,FEB,EHBK,Maastricht,Netherlands,207,5484.791166387013,1176.865800222919,64540,24300,3900,20,54,41471.2959692,18778.8911537,208,1086.864314098641,129.86846784011001,11760,2880,25477.2727272727,143,194,3289.8341123,163.073452,Maastricht (EHBK)
2026,2,FEB,EHEH,Eindhoven,Netherlands,1307,17708.1395919646,2189.174033216233,185140,38220,15975.8620689655,308,824,112702.1848985,44273.1470655,1303,5130.670229610026,40.273265941950484,41480,520,35000,912,1296,4710.324308,149.096135,Eindhoven (EHEH)
2026,2,FEB,EHGG,Groningen,Netherlands,179,3631.713107549547,2562.5365946336274,92400,77440,2287.7551020408164,26,34,3874.5970459999994,1658.5756709999991,142,713.4737490073401,292.18747584873904,13160,6700,10000,110,127,242.596244,33.7342,Groningen (EHGG)
2026,2,FEB,EHHV,Hilversum,Netherlands,1,4.7957791283674,4.7957791283674,140,140,2369.400244798041,0,0,-0.3160500000000001,-0.3160500000000001,,,,,,,,,,,Hilversum (EHHV)
2026,2,FEB,EHKD,De Kooy,Netherlands,8,208.87273240418102,208.87273240418102,5560,5560,2043.75,0,0,-259.29631500000005,-259.29631500000005,5,66.54512935132435,66.54512935132435,920,920,5000,4,4,126.87464,126.87464,De Kooy (EHKD)
2026,2,FEB,EHLE,Lelystad,Netherlands,53,966.6103212448561,829.683684468271,25320,23580,3000,19,20,1098.7535865,827.6021255,52,406.848367858297,292.22572035903903,8221,6901,5049.166666666668,25,27,227.67845400000002,128.15375400000002,Lelystad (EHLE)
2026,2,FEB,EHLW,Leeuwarden,Netherlands,3,151.081041898295,146.612433869696,2980,2920,2103.030303030303,0,0,-22.927088999999988,-53.679059999999986,2,28.077753779697627,0,240,0,22500,1,2,39.179999999999964,0,Leeuwarden (EHLW)
2026,2,FEB,EHRD,Rotterdam,Netherlands,801,9492.878967341776,5986.194122963576,153740,121380,2585.9375,116,207,52088.5644962,44568.7854967,779,4039.12892536746,896.3511063408391,44057,17277,33000,463,639,5912.6838357,2625.782983999999,Rotterdam (EHRD)
2026,2,FEB,EHSE,Breda Seppe,Netherlands,4,24.214158039247668,24.214158039247668,500,500,2937.5,1,1,2.75835,2.75835,3,0,0,0,0,13000,3,3,0,0,Breda Seppe (EHSE)
2026,2,FEB,EHTE,Teuge,Netherlands,12,51.065559122089184,51.065559122089184,1580,1580,3533.397772966284,4,4,5.658449999999999,5.658449999999999,15,58.69824357829385,46.78598493190298,2020,1700,5000,12,12,21.276149999999998,16.5459,Teuge (EHTE)
2026,2,FEB,EHTW,Enschede,Netherlands,4,11.41676597940102,11.41676597940102,220,220,10000,3,3,67.73917999999999,67.73917999999999,4,74.25248344664446,4.481907457255639,700,60,23527.5862068966,1,3,115.518905,17.222625,Enschede (EHTW)
2026,2,FEB,EHWO,Woensdrecht Airbase,Netherlands,5,98.5946949574991,66.82084976833995,2100,1800,2297.892720306513,0,0,999.40808,813.641555,5,9.9637405183134,4.28488448196872,100,60,36882.7586206897,3,4,29.579819999999998,43.69574999999999,Woensdrecht Airbase (EHWO)
2026,2,FEB,EICK,Cork,Ireland,759,4664.619056648373,1736.339220213016,70140,40360,32042.8571428571,379,481,30095.876088999998,19508.827138,758,1673.90759804078,7.07343412526998,14126,120,33992.2204301075,640,757,860.8504912000001,-2.153997,Cork (EICK)
2026,2,FEB,EIDL,Donegal,Ireland,65,266.88972512495803,265.4498403157431,5920,5880,14000,45,45,607.178052,605.524302,64,21.80295107887396,17.5851608425184,600,540,13000,62,63,36.544996999999995,32.766829,Donegal (EIDL)
2026,2,FEB,EIDW,Dublin,Ireland,8628,55137.0739311595,28680.203709649602,845040,521060,7030.217391304348,3111,4221,731047.6858021,528551.0783449,8641,18895.252782361596,130.66925498630303,154257,1820,34000,7089,8611,13398.738663299999,963.1659660000001,Dublin (EIDW)
2026,2,FEB,EIKN,Ireland West,Ireland,205,1136.9932704307262,450.48275039679106,15980,8140,34000,151,167,11517.261862,7659.870952000001,204,294.415968041254,3.013170711049,2360,40,34970,185,203,223.228654,6.5596119999999996,Ireland West (EIKN)
2026,2,FEB,EIKY,Kerry,Ireland,149,539.8791432311331,220.463276854656,7400,4100,24000,100,120,3539.779637,2487.4978175,150,269.692588004643,0,2040,0,27000,137,150,-62.134738000000006,0,Kerry (EIKY)
2026,2,FEB,EIME,Baldonnel Airbase,Ireland,37,333.869164406081,224.521700157427,6280,4720,3630.188679245283,7,9,107.9542653,89.17173349999999,40,189.72913887047002,8.51576336536209,2400,160,23000,29,38,100.630882,22.110534999999988,Baldonnel Airbase (EIME)
2026,2,FEB,EINN,Shannon,Ireland,725,4024.973773120122,1707.761643432495,58360,34180,32000,392,453,46159.5235532,30352.3542087,733,2168.469644766818,35.86738592608933,19322,680,35000,615,727,7282.949186,141.639548,Shannon (EINN)
2026,2,FEB,EISG,Sligo,Ireland,7,29.241115560253508,25.77985399963992,980,880,4591.666666666668,4,4,6.2254499999999995,5.28045,5,25.54445644348451,25.54445644348451,580,580,8000,3,3,-3.797325,-3.797325,Sligo (EISG)
2026,2,FEB,EIWF,Waterford,Ireland,12,72.40168114386614,29.50091197440565,1360,640,7131.410256410255,6,7,73.3978347,28.073529699999998,12,88.17595291677362,0,1080,0,20000,10,12,-1.3453950000000099,0,Waterford (EIWF)
2026,2,FEB,EIWT,Weston,Ireland,22,147.431064866335,127.449778146387,2940,2640,5050,8,11,2.24038119999998,-3.55373380000002,20,330.523529932935,304.10830881779106,11620,11300,19000,15,17,189.2999532,191.6132137,Weston (EIWT)
2026,2,FEB,EKAH,Aarhus,Denmark,238,928.6785606849731,706.495516147921,17460,14680,10000,124,131,4591.814506000001,4355.710034,232,177.83481013331598,3.95325516815798,1640,80,15000,215,230,253.017125,0.3906,Aarhus (EKAH)
2026,2,FEB,EKBI,Billund,Denmark,1077,3649.3755606890472,2506.058245343144,64100,52120,7260,491,538,54409.6777515,51082.0884585,1072,1227.1171611149252,9.21632226508271,11000,120,35000,933,1070,2653.849537,-0.521849999999997,Billund (EKBI)
2026,2,FEB,EKCH,Copenhagen,Denmark,9206,53456.764247316,39045.621917208206,917820,782560,3802.6627406281664,3448,3819,840398.1664784,792682.8630538998,9219,14068.0159075151,257.598509489971,122220,3660,36000,7788,9174,18621.0433903,1983.858702,Copenhagen (EKCH)
2026,2,FEB,EKEB,Esbjerg,Denmark,12,68.26870169391951,38.956760934894525,1120,900,35500,7,7,384.2134300000001,395.34343000000007,13,0,0,0,0,36000,13,13,0,0,Esbjerg (EKEB)
2026,2,FEB,EKHG,Herning,Denmark,2,107.095931233186,107.095931233186,2560,2560,3225.787657189721,0,0,-0.5481000000000122,-0.5481000000000122,3,0,0,0,0,8000,3,3,0,0,Herning (EKHG)
2026,2,FEB,EKKA,Karup Midtjyllands,Denmark,26,213.062773008795,205.11287328648703,4780,4680,2613.1780538302282,11,12,779.0628695,776.1065995,25,60.83630665282172,40.4687119224691,1060,820,25000,20,22,61.574789999999965,-44.1342,Karup Midtjyllands (EKKA)
2026,2,FEB,EKMB,Lolland Falster,Denmark,1,0,0,0,0,4000,1,1,0,0,1,0,0,0,0,7000,1,1,0,0,Lolland Falster (EKMB)
2026,2,FEB,EKOD,Odense,Denmark,34,258.93849300975603,217.053264264452,5880,5460,2273.90873015873,6,6,123.93055500000001,84.43559999999998,30,690.976996094044,655.4478384266571,12900,12520,27000,25,27,-581.572,-583.65625,Odense (EKOD)
2026,2,FEB,EKRK,Copenhagen Roskilde,Denmark,172,2302.934409696873,2106.6290471342118,45480,42960,2898.333333333333,34,36,1924.6249132,1762.4668382,171,478.12428904371905,229.022029410245,6920,4480,24000,142,161,52.589913999999965,-92.63744000000001,Copenhagen Roskilde (EKRK)
2026,2,FEB,EKRN,Bornholm,Denmark,119,338.15345059331304,338.15345059331304,6320,6320,11000,103,103,145.535013,145.535013,118,467.54823339640905,465.454594435913,7440,7420,10000,112,113,-62.68005149999999,-61.930429999999994,Bornholm (EKRN)
2026,2,FEB,EKSB,Soenderborg,Denmark,104,355.91203933769407,284.439180811696,7280,6600,3075.833697116936,47,49,806.263487,746.0869720000001,103,15.253992954629798,4.8897253218468695,240,80,17000,101,102,7.36716599999999,-1.319064,Soenderborg (EKSB)
2026,2,FEB,EKSP,Vojens,Denmark,12,350.083572876908,167.548986454632,6440,3740,2269.791666666667,2,2,823.6798895000001,203.0875695,9,17.331649182351118,0,160,0,15000,8,9,-21.11969999999999,0,Vojens (EKSP)
2026,2,FEB,EKVD,Kolding,Denmark,2,31.97195002017705,31.97195002017705,540,540,2313.7479096989964,0,0,50.463252499999996,50.463252499999996,5,57.364417564015355,37.0976036202818,1320,1040,9040.625,1,1,7.248308,3.866468,Kolding (EKVD)
2026,2,FEB,EKVG,Vagar,Faroe Islands,132,706.7995837527151,620.051734412383,13400,11340,4300,11,12,15790.758376,12918.708896,132,139.70141978175002,0,1080,0,37000,113,132,3.27518000000001,0,Vagar (EKVG)
2026,2,FEB,EKVJ,Stauning,Denmark,2,78.5976395658056,0,3140,0,7976.87828475872,1,2,56.359799999999986,0,1,2.5338597912167002,2.5338597912167002,60,60,4841.927083333334,0,0,0.0440999999999998,0.0440999999999998,Stauning (EKVJ)
2026,2,FEB,EKYT,Aalborg,Denmark,629,2526.565237205873,2298.1339295531084,47400,45100,4050,296,305,20507.3550515,20026.6180735,629,2229.026819939139,1729.309638937586,32240,26780,24000,588,621,-1524.5177310000001,-1737.421671,Aalborg (EKYT)
2026,2,FEB,ELLX,Luxembourg,Luxembourg,2394,35126.832968353505,5845.149244532214,393120,108800,10315.295698924701,733,1314,339224.0633865,136589.4873034,2364,7386.1442760763675,142.712214028391,66020,3600,31000,1833,2344,15768.2312417,1610.4215629999992,Luxembourg (ELLX)
2026,2,FEB,ENAL,Alesund,Norway,412,711.5384817491121,410.10874357498903,13160,8240,25000,323,335,4170.3856559999995,2629.2072200000002,412,127.356361054021,27.84377249820014,1500,440,27000,397,410,370.0817933,273.35595,Alesund (ENAL)
2026,2,FEB,ENAN,Andoya,Norway,124,85.82486216137022,85.82486216137022,1660,1660,9000,101,101,-40.00800100000002,-40.00800100000002,124,2.33033988859838,2.33033988859838,41,41,11000,123,123,6.75536,6.75536,Andoya (ENAN)
2026,2,FEB,ENAT,Alta,Norway,316,867.1808809517561,720.400304143513,20360,17420,15000,226,231,7953.2114044,7540.766789399999,318,244.50764741497403,191.096391611998,5942,5382,17000,301,310,486.3225732,455.1636575,Alta (ENAT)
2026,2,FEB,ENBL,Forde,Norway,124,266.70538432974604,44.169116624556096,5520,1000,22000,106,112,458.3218772,131.3881582,124,53.35145689756451,41.205000042684325,1620,1380,23000,121,122,51.757545,5.61435,Forde (ENBL)
2026,2,FEB,ENBN,Bronnoysund,Norway,201,446.350508176216,445.29693392557,10580,10560,19000,168,169,491.56043700000004,485.595912,199,185.361981346246,182.72622382740101,5480,5440,20000,192,194,39.40641699999999,37.201422,Bronnoysund (ENBN)
2026,2,FEB,ENBO,Bodo,Norway,1348,1659.484235548618,959.7202390907701,30020,18480,12000,1046,1096,10180.4783784,6448.0723912,1364,460.15438175659506,58.30208419467344,5793,1033,15000,1310,1354,676.7664288,118.43407,Bodo (ENBO)
2026,2,FEB,ENBR,Bergen,Norway,2577,3446.065070776678,1744.220968890292,53980,32040,24000,2028,2126,23080.5085798,14992.6602957,2585,1380.727482705806,16.69777926946318,13100,240,25000,2425,2581,1211.3604673,23.57434,Bergen (ENBR)
2026,2,FEB,ENBS,Batsfjord,Norway,55,37.29485561353628,37.29485561353628,800,800,5000,45,45,13.19535499999999,13.19535499999999,36,136.395038460738,31.425765953307497,2245,565,10050.889328063202,29,31,262.133579,13.3333,Batsfjord (ENBS)
2026,2,FEB,ENBV,Berlevag,Norway,57,131.661232284143,99.81727779187308,2880,2360,5000,42,44,261.25926000000004,172.312737,49,9.42586020850412,4.51000347704264,149,69,9000,46,47,10.443019999999999,-1.82259,Berlevag (ENBV)
2026,2,FEB,ENCN,Kristiansand Kjevik,Norway,379,963.9639912716661,660.2653710387291,17680,13420,23000,238,242,7067.702224,6469.280065,378,216.91656010675,0,2680,0,24000,351,378,302.0412985,0,Kristiansand Kjevik (ENCN)
2026,2,FEB,ENDU,Bardufoss,Norway,112,596.171621584577,215.43470822848903,11980,4580,35000,68,91,9222.9371292,3146.340005,114,500.976041224148,457.18715436589105,10800,10380,38000,102,108,155.88458,23.076949999999968,Bardufoss (ENDU)
2026,2,FEB,ENEV,Evenes,Norway,414,574.005922786799,375.32513755020807,9720,6580,14000,298,323,6425.466072,5054.656463,409,285.07379348750203,64.0097824391831,3064,964,24000,371,403,483.0606315,341.1155915,Evenes (ENEV)
2026,2,FEB,ENFL,Floro,Norway,191,237.05030760669203,157.671907175941,4680,3300,13000,171,174,789.565193,638.050098,196,61.112008613009486,0,880,0,15000,191,196,46.145825499999994,0,Floro (ENFL)
2026,2,FEB,ENGM,Oslo,Norway,7442,17820.6077169411,10056.631324872602,280500,181380,24000,4072,4544,244375.98311180001,184041.8621463,7449,6264.910114507288,361.22323463451403,59219,6340,35000,6630,7363,9368.6496107,1121.8040922,Oslo (ENGM)
2026,2,FEB,ENHA,Hamar,Norway,1,0,0,0,0,9000,1,1,0,0,1,0,0,0,0,7000,1,1,0,0,Hamar (ENHA)
2026,2,FEB,ENHD,Haugesund,Norway,237,489.792959526113,220.77531553981302,8920,4640,15000,191,199,5862.4323655,2367.385612499999,236,79.50783930571731,29.57585817863542,1520,940,25000,228,234,113.32447,53.01659999999999,Haugesund (ENHD)
2026,2,FEB,ENHF,Hammerfest,Norway,330,419.00230152996306,376.800826207739,9640,8660,15000,306,307,2174.173252,1848.2252449999992,327,84.6421542276478,2.9123202058728896,1554,54,16000,316,325,196.821813,9.511050000000001,Hammerfest (ENHF)
2026,2,FEB,ENHK,Hasvik,Norway,41,6.82289528297269,6.82289528297269,140,140,8000,38,38,-2.703228,-2.703228,41,123.86387054216901,123.86387054216901,2594,2594,14000,37,37,471.285051,471.285051,Hasvik (ENHK)
2026,2,FEB,ENHV,Honningsvag,Norway,51,64.38062293934675,57.0105228921781,1740,1560,7000,43,44,293.00187,272.1824730000001,43,51.95019017534835,51.95019017534835,960,960,10000,37,37,71.73238199999997,71.73238199999997,Honningsvag (ENHV)
2026,2,FEB,ENJA,Jan Mayen,Norway,1,0,0,0,0,28000,1,1,0,0,1,0,0,0,0,27000,1,1,0,0,Jan Mayen (ENJA)
2026,2,FEB,ENKB,Kristiansund,Norway,168,382.25610930399,232.949429025695,6660,4280,25000,144,145,4230.915506,2821.1292549999994,168,13.174233997028699,0,120,0,24000,166,168,30.364684999999998,0,Kristiansund (ENKB)
2026,2,FEB,ENKJ,Kjeller,Norway,1,4.13066954643628,4.13066954643628,100,100,3797.5,0,0,0.3543750000000001,0.3543750000000001,3,10.56740460763138,10.56740460763138,260,260,5850,1,1,5.075699999999999,5.075699999999999,Kjeller (ENKJ)
2026,2,FEB,ENKR,Kirkenes,Norway,249,486.89157334501,318.795285548762,8260,6120,17000,184,190,2576.134097,1980.015907,196,145.874294422882,114.03619295072201,2603,2343,24000,182,190,67.619728,60.66030800000001,Kirkenes (ENKR)
2026,2,FEB,ENLK,Leknes,Norway,243,126.332882786521,88.83705128420999,2580,1960,10000,212,214,131.291964,77.46664399999997,244,10.26737203054385,9.21379777989854,226,206,9000,239,240,27.204435,23.665934999999998,Leknes (ENLK)
2026,2,FEB,ENML,Molde,Norway,149,142.326478966276,116.978839334382,2520,1920,25000,131,136,1407.340259999999,1325.264335,149,23.86056496678766,1.5110879041764598,320,20,24000,144,148,97.41275499999999,6.3950249999999995,Molde (ENML)
2026,2,FEB,ENMS,Mosjoen,Norway,115,173.09971116203502,137.016510861537,3640,2920,18000,92,94,714.5397937,560.8226737000001,116,28.71701298378889,0,440,0,19000,115,116,35.547230000000006,0,Mosjoen (ENMS)
2026,2,FEB,ENNA,Banak,Norway,91,53.05440408926254,48.81720295840111,900,840,19000,83,84,1243.744307499999,1233.5393574999991,94,6.5220236926500395,0,100,0,20000,93,94,9.743995,0,Banak (ENNA)
2026,2,FEB,ENNM,Namsos,Norway,69,30.22195738902091,30.22195738902091,560,560,11000,65,65,10.14728900000001,10.14728900000001,58,4.763511977203169,4.763511977203169,89,89,11500,56,56,2.1014649999999997,2.1014649999999997,Namsos (ENNM)
2026,2,FEB,ENNO,Notodden,Norway,4,62.01054894911489,62.01054894911489,2280,2280,4089.6497469955725,1,1,8.722350000000011,8.722350000000011,4,0,0,0,0,9500,4,4,0,0,Notodden (ENNO)
2026,2,FEB,ENOL,Orland,Norway,53,201.172284515482,127.499153014214,3540,2420,18000,34,37,285.683674,182.763694,53,61.2382296780811,11.5055795536357,780,120,21000,49,52,80.877575,8.14682,Orland (ENOL)
2026,2,FEB,ENOV,Orsta Volda,Norway,228,285.92057644639,67.51138719751378,7200,1800,20000,201,213,378.56901350000004,126.2929195,228,62.735725903392584,11.22076433043841,1140,360,21832.2966507177,220,227,61.79738379999996,1.6106999999999998,Orsta Volda (ENOV)
2026,2,FEB,ENRA,Mo i Rana Roessvoll,Norway,199,102.134022293105,45.25554798088651,2100,1040,13000,172,178,303.7292223,115.8395283,201,46.85621306605529,45.82772391661581,688,668,18000,199,200,11.01559999999999,7.16419999999999,Mo i Rana Roessvoll (ENRA)
2026,2,FEB,ENRK,Rakkestad,Norway,6,31.75130377524354,31.75130377524354,880,880,5498.142817982456,2,2,27.630755999999998,27.630755999999998,6,7.41906749154983,7.41906749154983,180,180,10000,5,5,-1.0200749999999998,-1.0200749999999998,Rakkestad (ENRK)
2026,2,FEB,ENRM,Rorvik,Norway,74,62.51944546146377,60.555966176170195,1520,1480,12500,65,65,148.0689525,148.1057025,58,38.203160646203465,38.203160646203465,860,860,14500,56,56,49.70864499999998,49.70864499999998,Rorvik (ENRM)
2026,2,FEB,ENRO,Roros,Norway,48,89.84830679142418,27.684117365001946,1520,720,17500,37,37,212.23988,226.98188000000002,48,6.57677656651034,0,100,0,18000,45,48,8.76225000000001,0,Roros (ENRO)
2026,2,FEB,ENRS,Rost,Norway,50,78.93309601080804,69.8134834557925,2500,2260,9000,44,44,-15.353201999999989,-15.13480199999999,49,10.11286574277705,10.11286574277705,157,157,9000,47,47,-14.124125,-14.124125,Rost (ENRS)
2026,2,FEB,ENSB,Svalbard,Norway,52,184.87803449469502,128.87137692154502,4560,3040,35500,32,32,4818.7373705,3660.538202499999,52,157.548117393551,0,1300,0,37510.2272727273,42,52,80.68360000000008,0,Svalbard (ENSB)
2026,2,FEB,ENSD,Sandane,Norway,96,18.91024593603409,3.16731418243299,340,60,14000,89,94,51.66995999999999,7.8440199999999995,98,28.018395087846798,1.2557134964086598,460,20,16000,95,97,55.248904999999986,0.6662250000000007,Sandane (ENSD)
2026,2,FEB,ENSG,Sogndal,Norway,203,237.83163476838402,121.21401043083401,6880,4320,15000,173,177,1513.4598165,928.7116885000002,204,115.60976501607699,30.66321098670458,2000,520,14000,199,201,316.19429400000007,48.93713499999997,Sogndal (ENSG)
2026,2,FEB,ENSH,Helle,Norway,137,116.076124802527,116.076124802527,2580,2580,9000,123,123,126.030005,126.030005,136,23.032613791638777,23.032613791638777,401,401,9000,134,134,34.308101,34.308101,Helle (ENSH)
2026,2,FEB,ENSK,Stokmarknes,Norway,210,117.130252224339,83.87689385306382,2320,1780,13000,183,187,202.9039993,150.7284443,210,64.98168669244431,10.512543611895659,1020,180,14000,204,209,65.06305000000002,0.1784999999999996,Stokmarknes (ENSK)
2026,2,FEB,ENSO,Stord,Norway,61,31.77726128726695,31.77726128726695,740,740,18000,56,56,125.934905,125.934905,61,108.034293531098,0,1380,0,19000,53,61,16.96693000000002,0,Stord (ENSO)
2026,2,FEB,ENSR,Sorkjosen,Norway,48,13.31762272347815,13.31762272347815,260,260,10000,44,44,13.36641,13.36641,47,0,0,0,0,10000,47,47,0,0,Sorkjosen (ENSR)
2026,2,FEB,ENSS,Vardo,Norway,67,133.75121203731902,133.75121203731902,2860,2860,5000,50,50,8.65664250000003,8.65664250000003,37,6.71387284779929,6.71387284779929,139,139,6000,35,35,6.8658399999999995,6.8658399999999995,Vardo (ENSS)
2026,2,FEB,ENST,Sandnessjoen,Norway,145,70.61077823470485,58.162871987141884,1300,1100,16000,133,135,117.802935,94.91213499999998,146,30.332621522738698,7.8887566545696695,480,140,20000,144,145,80.90159599999998,32.114255,Sandnessjoen (ENST)
2026,2,FEB,ENTC,Tromso,Norway,1912,8043.119218995554,3900.27674740407,131420,74080,16000,1126,1210,108925.6357541,66571.93128240001,1943,1066.9038351701831,80.83002066731214,10540,1240,25000,1776,1937,2626.347127999999,1018.24222,Tromso (ENTC)
2026,2,FEB,ENTO,Sandefjord,Norway,550,1550.4967932981401,680.330746986666,22640,13580,25000,403,445,10173.270338,7118.656468000001,550,884.2498904779541,12.76428252814302,8000,220,34343.3823529412,489,547,1081.3272202,117.67035000000001,Sandefjord (ENTO)
2026,2,FEB,ENVA,Trondheim,Norway,1812,2170.19876511514,1165.180968684295,35680,22180,24000,1481,1538,16756.3742055,12369.588547,1821,534.850446935249,1.91636454797902,5360,20,28000,1749,1820,807.0273840000001,0.7311669999999991,Trondheim (ENVA)
2026,2,FEB,ENVD,Vadso,Norway,182,387.7111388764941,356.93360107951804,8180,7820,4040.7332350773763,144,145,401.5674000000001,401.60310000000004,96,211.936954356158,211.936954356158,4344,4344,5992.857142857143,82,82,125.733464,125.733464,Vadso (ENVD)
2026,2,FEB,ENZV,Stavanger,Norway,1443,1769.8835299102702,1219.500966187274,31580,25020,25000,1109,1150,19838.7702425,17541.4604555,1446,834.593291566479,20.26637868970481,7360,280,31000,1354,1445,814.581943,62.92649999999997,Stavanger (ENZV)
2026,2,FEB,EPBC,Warszaw Babice,Poland,10,38.66154993314823,9.89920806335493,660,240,9500,7,9,0.151200000000002,0,8,78.37737111465864,4.16705793971265,1820,120,11981.25,5,6,7.97265,0.21105000000000013,Warszaw Babice (EPBC)
2026,2,FEB,EPBY,Bydgoszcz,Poland,139,2489.8744289150163,119.661900332371,24880,2420,20000,38,115,8045.470565,1404.187934,139,162.175923855799,3.59167695155816,1600,40,36000,120,138,226.09305300000003,4.380965,Bydgoszcz (EPBY)
2026,2,FEB,EPGD,Gdansk,Poland,1804,6641.679705405165,3141.0952003195994,99800,63340,20000,863,1166,58210.671020999995,49355.758656000005,1803,1726.6460696844313,18.83051183768905,15740,280,36000,1629,1789,3247.060376999999,221.72731800000003,Gdansk (EPGD)
2026,2,FEB,EPKK,Krakow,Poland,3266,22978.089641435003,5566.931409579287,269520,102000,32998.27586206901,1592,2135,158878.5441257999,87428.5031848,3272,7821.871007117708,99.96768212953647,67170,1420,36000,2597,3239,13980.661479,642.5635677,Krakow (EPKK)
2026,2,FEB,EPKS,Poznan Krzesiny,Poland,1,1.4398848092152599,1.4398848092152599,40,40,3100,0,0,20.5506,20.5506,,,,,,,,,,,Poznan Krzesiny (EPKS)
2026,2,FEB,EPKT,Katowice,Poland,1355,8798.66409222327,2143.7832013702255,99980,40160,24000,577,832,59059.040406500004,39742.906814,1359,3231.8875208293084,49.4751633205794,30860,4140,35000,1088,1330,12182.019023,7840.477863000002,Katowice (EPKT)
2026,2,FEB,EPLB,Lublin,Poland,126,650.136639549527,215.552582668738,9180,4300,19000,71,96,2817.6054292,1333.361237,125,154.293594175826,37.589992800575935,2340,1260,36000,110,124,162.62736600000002,2.66175,Lublin (EPLB)
2026,2,FEB,EPLK,Lask,Poland,2,5.75953923686107,0,120,0,13058.3333333333,1,2,0,0,3,0,0,0,0,10000,3,3,0,0,Lask (EPLK)
2026,2,FEB,EPLL,Lodz,Poland,119,498.689115208235,215.049920984993,10640,7020,37000,77,104,2487.208299999999,1554.24388,121,110.294616342989,3.62797063191466,1020,100,37000,108,119,212.661305,-3.3453,Lodz (EPLL)
2026,2,FEB,EPMB,Malbork,Poland,1,4.03280237580992,0,40,0,9970.3125,0,1,8.504999999999999,0,,,,,,,,,,,Malbork (EPMB)
2026,2,FEB,EPMI,Miroslawiec,Poland,1,4.71562275017999,4.71562275017999,120,120,3150,0,0,0,0,,,,,,,,,,,Miroslawiec (EPMI)
2026,2,FEB,EPML,Mielec,Poland,6,48.08550098600808,48.08550098600808,1920,1920,6000,5,5,51.47625,51.47625,3,88.36627852380505,88.36627852380505,2560,2560,6259.375,1,1,40.73579999999999,40.73579999999999,Mielec (EPML)
2026,2,FEB,EPMO,Warsaw Modlin,Poland,695,2044.5683544149472,996.2610991605872,28480,18760,36000,401,487,17597.7593345,15209.7519555,687,638.495825343619,17.90299977235154,5720,260,36000,619,676,951.607513,197.703251,Warsaw Modlin (EPMO)
2026,2,FEB,EPOK,Oksywie,Poland,6,97.0730770057187,89.64867095820253,2380,2260,2054.347826086956,0,0,420.9910750000001,413.47444,6,0,0,0,0,13000,6,6,0,0,Oksywie (EPOK)
2026,2,FEB,EPPO,Poznan Lawica,Poland,933,7053.066994805349,1486.889571436616,81500,29260,10122.5,333,594,31762.1542482,18302.4530082,939,2493.886815265741,166.691171349494,23680,2360,34255.1724137931,769,927,2862.3936014999995,147.9342395,Poznan Lawica (EPPO)
2026,2,FEB,EPRA,Warsaw Radom,Poland,12,114.22801957221701,71.74579315033002,2260,1760,5921.71875,2,6,575.9535500000001,247.35345,12,11.615651042621879,4.6796256299496,180,120,33358.0128205128,8,11,31.59113,11.309339999999999,Warsaw Radom (EPRA)
2026,2,FEB,EPRU,Rudniki,Poland,1,0,0,0,0,6000,1,1,0,0,4,16.9341370723129,16.9341370723129,420,420,6585.9375,2,2,1.42065,1.42065,Rudniki (EPRU)
2026,2,FEB,EPRZ,Rzeszow Jasionka,Poland,487,7248.251944830828,779.769397216205,77100,15860,10037.5,173,315,40139.277732500006,14775.9176145,494,962.4785761789581,181.93565379431303,10040,2660,34000,436,484,2630.682101999999,340.40063000000004,Rzeszow Jasionka (EPRZ)
2026,2,FEB,EPSC,Szczecin Goleniow,Poland,184,935.6505096789841,567.2289609332321,20720,15460,25000,99,130,5781.735128999999,4132.343756,184,174.313582686522,46.265962657413624,2409,1229,29000,164,180,311.64009000000004,0.1627499999999997,Szczecin Goleniow (EPSC)
2026,2,FEB,EPSD,Szczecin Dabie,Poland,1,24.64615191200567,24.64615191200567,840,840,2712.6415094339613,0,0,13.819049999999999,13.819049999999999,,,,,,,,,,,Szczecin Dabie (EPSD)
2026,2,FEB,EPSY,Mazury,Poland,53,244.933722645413,140.653855675164,4160,2860,10000,22,29,1994.839921,1513.685320999999,52,222.843428736881,69.42641327824208,3120,1020,31496.875,33,41,481.35856950000004,248.7297915,Mazury (EPSY)
2026,2,FEB,EPWA,Warsaw Chopin,Poland,7107,30496.737615554397,19918.9606323608,500900,379140,4498.113207547169,2730,3145,429873.526185,363625.99968929996,7126,6155.507916915859,439.570488113905,55641,6360,35000,6237,6966,14105.0376062,3924.731972,Warsaw Chopin (EPWA)
2026,2,FEB,EPWR,Wroclaw,Poland,1327,11525.2883875073,1565.836231242838,128280,28880,10575.4464285714,460,980,62815.5450502,22238.183424,1329,2751.3729742083174,11.05045736115333,23840,180,35454.464285714304,1106,1322,4178.995343,138.06267499999998,Wroclaw (EPWR)
2026,2,FEB,EPZG,Zielona Gora,Poland,38,143.36772612135002,123.267656495341,2340,2080,7475.111507582515,15,20,772.7735700000001,671.42565,38,115.975702652625,108.900822214488,1800,1740,25000,34,35,-213.627227,-217.956377,Zielona Gora (EPZG)
2026,2,FEB,ESCF,Linkoping Malmen Airbase,Sweden,14,130.213197885245,94.33772376733057,2200,1800,2714.6577878643093,3,5,432.91177220000003,296.6197872,18,14.53544430731254,0,180,0,19938.3928571429,17,18,39.547525,0,Linkoping Malmen Airbase (ESCF)
2026,2,FEB,ESCM,Uppsala,Sweden,2,0,0,0,0,33000,2,2,0,0,2,8.921025448398911,8.921025448398911,120,120,22984.2391304348,1,1,3.9047699999999903,3.9047699999999903,Uppsala (ESCM)
2026,2,FEB,ESDF,Ronneby,Sweden,101,475.14181970025703,157.314800049022,7840,3380,16000,78,85,991.1763990000001,720.648611,102,78.23397487489098,0,1000,0,17000,97,102,30.24760700000001,0,Ronneby (ESDF)
2026,2,FEB,ESGG,Gothenburg,Sweden,1670,4755.6833206679175,2662.156952830903,73220,51080,25000,964,1060,47381.983374200005,41921.3777347,1674,3000.0131104396532,1.7998560115190798,26460,20,36000,1422,1673,3334.5442711999995,14.03849999999999,Gothenburg (ESGG)
2026,2,FEB,ESGJ,Jonkoping,Sweden,92,280.9606142137,254.04705998096603,6300,6060,19000,56,57,2399.8267565,2385.9614565,91,107.65190686007502,45.6938072467013,1460,880,23000,83,89,38.92443999999999,-6.2139,Jonkoping (ESGJ)
2026,2,FEB,ESGT,Gothenburg Stallbacka,Sweden,61,445.58650265659503,283.16468272643203,11480,8660,3600,25,28,76.53823849999999,-27.13063099999999,59,213.74331584348002,35.99720635120684,4580,2240,15000,49,57,168.45218,123.01013,Gothenburg Stallbacka (ESGT)
2026,2,FEB,ESIB,Satenas,Sweden,14,82.87650216833163,80.68067783427836,1520,1500,9911.666666666668,7,8,85.19903349999996,89.12997299999995,17,83.00972534305947,1.6814138739868598,1020,20,19946.5517241379,14,16,200.846359,0,Satenas (ESIB)
2026,2,FEB,ESKM,Mora,Sweden,106,135.028908577844,135.028908577844,2580,2580,11000,80,80,59.21799730000001,59.21799730000001,104,3.41352002184653,0,40,0,17000,103,104,5.16416,0,Mora (ESKM)
2026,2,FEB,ESKN,Stockholm Skavsta,Sweden,63,1483.7194534098142,1346.068257276581,27400,25920,10450,32,39,3050.156572999999,2227.1319129999993,66,600.3994625481121,543.017333880814,11100,10620,35000,56,60,390.24540720000005,291.1608292,Stockholm Skavsta (ESKN)
2026,2,FEB,ESMG,Feringe,Sweden,5,0,0,0,0,11000,5,5,0,0,6,5.31252581760672,0,120,0,10000,5,6,0.5118749999999999,0,Feringe (ESMG)
2026,2,FEB,ESMK,Kristianstad Everod,Sweden,9,73.93054087578646,48.466081925717155,1300,1060,2884.285714285714,2,3,390.596532,370.688537,9,19.62653745001175,0,180,0,35000,7,9,7.787425,0,Kristianstad Everod (ESMK)
2026,2,FEB,ESMQ,Kalmar,Sweden,71,321.66594924211404,176.990406881656,5740,3580,14000,48,51,143.153415,-49.02283500000002,69,117.98598889087499,0,1540,0,15000,65,69,28.43429800000006,0,Kalmar (ESMQ)
2026,2,FEB,ESMS,Malmo,Sweden,447,2202.511091947903,1478.1019672304142,39560,32420,18000,220,249,15318.5167809,13887.1324225,447,545.4868637130311,75.34957431029817,9010,2020,35000,401,439,375.9120510000001,46.813750999999996,Malmo (ESMS)
2026,2,FEB,ESMT,Halmstad,Sweden,93,848.307856969256,426.720192829655,15360,9020,14000,57,67,1044.212117999999,240.86457000000001,92,578.06824458148,385.826978844119,12520,10220,17000,79,88,-44.09519549999991,-168.00259599999998,Halmstad (ESMT)
2026,2,FEB,ESMX,Vaxjo,Sweden,68,278.19278363245104,79.07389496172634,4140,1860,16000,49,54,327.238699,147.37522,68,116.21319304168401,0,1300,0,16500,62,68,94.89603520000007,0,Vaxjo (ESMX)
2026,2,FEB,ESND,Sveg,Sweden,46,64.47564103691765,64.47564103691765,1300,1300,10000,24,24,-76.47489449999998,-76.47489449999998,49,0,0,0,0,11000,49,49,0,0,Sveg (ESND)
2026,2,FEB,ESNG,Gallivare,Sweden,63,226.02352643759102,181.297104551342,4220,3620,18000,34,35,295.813582,232.956222,54,22.18231016094983,0,320,0,22000,52,54,24.10767000000001,0,Gallivare (ESNG)
2026,2,FEB,ESNK,Kramfors,Sweden,84,143.73512210569,143.73512210569,2920,2920,21000,54,54,246.39127,246.39127,84,48.41383756964076,0,680,0,21620.591397849497,73,84,46.969013499999974,0,Kramfors (ESNK)
2026,2,FEB,ESNL,Lycksele,Sweden,88,220.879859794561,215.573187554147,4520,4440,9000,52,52,266.955716,255.8559135,89,14.57538456279063,0,220,0,18000,85,89,20.8378087,0,Lycksele (ESNL)
2026,2,FEB,ESNM,Optand,Sweden,1,0,0,0,0,28000,1,1,0,0,2,0,0,0,0,17000,2,2,0,0,Optand (ESNM)
2026,2,FEB,ESNN,Sundsvall,Sweden,78,328.93258753086803,134.001974263046,7600,3840,16000,53,58,617.480014,78.66202899999999,71,63.04875418532224,27.318421313679476,1240,780,17000,62,70,49.389099999999985,3.1573499999999997,Sundsvall (ESNN)
2026,2,FEB,ESNO,Ornskoldsvik,Sweden,60,148.28726046020302,140.09442382524702,3020,2900,21000,38,40,427.7729825,380.5830945000001,58,2.06791967280915,0,20,0,22000,57,58,15.20924999999999,0,Ornskoldsvik (ESNO)
2026,2,FEB,ESNQ,Kiruna,Sweden,116,406.10977742719905,204.306538227689,6620,3960,32500,66,68,6514.973160499999,3676.038370499999,114,120.036114431155,0,980,0,38000,99,114,83.61680200000005,0,Kiruna (ESNQ)
2026,2,FEB,ESNS,Skelleftea,Sweden,161,919.42467970221,631.413914244766,23920,20360,3304.999999999999,64,68,1973.9217214999992,1869.358524499999,155,155.959175396955,0,2040,0,34000,148,155,169.314342,0,Skelleftea (ESNS)
2026,2,FEB,ESNU,Umea,Sweden,383,498.562649946186,321.22187960877807,8800,6500,25000,268,280,3270.348437,2615.082769499999,367,374.05209543360604,220.228164000317,8140,6540,36000,351,365,362.3169950000001,32.87759999999999,Umea (ESNU)
2026,2,FEB,ESNV,Vilhelmina,Sweden,53,164.54405225380802,122.85814574701801,2980,2360,9000,33,34,192.6439662,120.41473,51,12.061721325719608,0,160,0,11000,49,51,4.634568499999999,0,Vilhelmina (ESNV)
2026,2,FEB,ESNX,Arvidsjaur,Sweden,169,665.875957633522,424.380003011158,11400,8400,5100,74,76,4748.8025698,4145.2766145000005,172,199.82008559695902,13.8588912886969,2100,200,25000,150,170,201.42618900000002,70.08803,Arvidsjaur (ESNX)
2026,2,FEB,ESNZ,Are Ostersund,Sweden,226,477.557983158616,366.98142841303905,8620,7080,24000,146,151,3955.0566570000005,3812.203739999999,224,151.122092170462,81.28836796961916,3100,2480,36500,217,223,47.97663199999997,8.0808,Are Ostersund (ESNZ)
2026,2,FEB,ESOE,Orebro,Sweden,96,538.7182663736951,251.0683970487,9940,5000,10033.3333333333,43,51,7731.536733500001,7253.4855835,88,90.75735567431559,0,920,0,32000,79,88,265.61800500000004,0,Orebro (ESOE)
2026,2,FEB,ESOH,Hagfors,Sweden,48,87.92627522745477,87.92627522745477,1860,1860,5000,27,27,-39.83196349999999,-39.83196349999999,37,0,0,0,0,19000,37,37,0,0,Hagfors (ESOH)
2026,2,FEB,ESOK,Karlstad,Sweden,92,434.8062029920421,199.879767566117,8800,5640,18000,63,67,287.88574900000003,18.491694,88,16.525041050873536,0,240,0,20000,84,88,21.00066,0,Karlstad (ESOK)
2026,2,FEB,ESOW,Stockholm Vasteras,Sweden,37,162.86179303993302,112.04602326315201,4360,3780,37000,25,27,738.45657,438.8049700000001,37,167.050516004522,137.909181726849,4774,4514,36000,32,35,102.69582700000001,6.6144799999999995,Stockholm Vasteras (ESOW)
2026,2,FEB,ESPA,Lulea,Sweden,490,751.906415582741,687.1547719664901,14620,13960,37000,346,354,8071.946146,7959.196552999999,470,214.96360248907303,2.54097319273282,2060,40,38000,436,469,183.617892,12.37898,Lulea (ESPA)
2026,2,FEB,ESPE,Vidsel,Sweden,3,19.32061432658468,12.637923135428299,360,280,3388.636363636364,0,0,16.54028,16.54028,2,0,0,0,0,27500,2,2,0,0,Vidsel (ESPE)
2026,2,FEB,ESSA,Stockholm Arlanda,Sweden,7045,21367.487419819397,14609.4708433518,346420,271140,10058.3333333333,3381,3667,276100.17462869996,246904.89255699993,7043,8666.980131068556,417.65509045525005,86240,6280,36000,6152,6932,11558.7848037,1411.8321032000001,Stockholm Arlanda (ESSA)
2026,2,FEB,ESSB,Stockholm Bromma,Sweden,376,2887.039853050269,2514.629774197182,52640,48600,2600,54,58,7673.509268,7295.5822835,376,640.668064395368,243.68294774859802,7700,3940,24000,291,318,795.0443052,285.3382442,Stockholm Bromma (ESSB)
2026,2,FEB,ESSD,Borlange,Sweden,14,81.36416645550912,81.36416645550912,1700,1700,11500,9,9,189.5567575,189.5567575,10,0,0,0,0,18500,10,10,0,0,Borlange (ESSD)
2026,2,FEB,ESSL,Linkoping Saab,Sweden,100,374.50549282687604,301.220396514753,6620,5880,3557.635135135135,40,45,2970.3959475,2622.2985874999995,98,182.553806926816,2.92329364934738,1520,40,34000,79,96,28.80988849999998,6.6825149999999995,Linkoping Saab (ESSL)
2026,2,FEB,ESSP,Norrkoping,Sweden,22,33.4723048672804,27.24418242742038,680,600,18000,15,15,370.67704200000003,312.822042,22,115.41367050723899,113.157399775055,2240,2220,34000,20,21,178.2348455,177.5882025,Norrkoping (ESSP)
2026,2,FEB,ESST,Torsby,Sweden,27,32.910904425926844,32.910904425926844,720,720,4000,18,18,-1.2571595,-1.2571595,15,3.23974082073434,3.23974082073434,60,60,21000,14,14,-2.6713,-2.6713,Torsby (ESST)
2026,2,FEB,ESSU,Eskilstuna,Sweden,4,7.829092357145699,7.829092357145699,180,180,5178.887415621986,2,2,-2.331,-2.331,2,0,0,0,0,15000,2,2,0,0,Eskilstuna (ESSU)
2026,2,FEB,ESSV,Visby,Sweden,244,309.626866363384,219.994036989734,5980,4740,14000,202,204,393.707904,370.82074400000005,236,172.887547035305,53.42850933408648,3160,2040,14000,230,234,327.5129515,120.5412565,Visby (ESSV)
2026,2,FEB,ESTA,Angelholm,Sweden,121,483.63622092039805,406.94654391844705,9500,8400,2762.708333333333,51,54,2358.107168999999,2268.6511100000002,121,194.368265508758,5.5870530357571395,2240,100,25000,109,118,108.76495700000001,4.061395,Angelholm (ESTA)
2026,2,FEB,ESUP,Pajala,Sweden,43,79.19051168074553,79.19051168074553,1620,1620,3123.103639899972,19,19,-65.8107405,-65.8107405,43,15.14877056474874,0,240,0,18000,41,43,16.5312,0,Pajala (ESUP)
2026,2,FEB,ESUT,Hemavan,Sweden,39,40.605233567257436,31.66894847006521,780,640,18000,26,27,154.5705025,134.7402025,38,14.668205853876499,0,200,0,19000,36,38,7.10075100000001,0,Hemavan (ESUT)
2026,2,FEB,EVRA,Riga,Latvia,2032,4149.1784809282735,2996.5865280400194,69100,57300,20000,1072,1186,59288.0199948,54599.2302273,2050,2951.967479453931,25.271506130968397,26280,300,34000,1793,2048,5298.3708111999995,76.88624999999998,Riga (EVRA)
2026,2,FEB,EYKA,Kaunas,Lithuania,426,1155.612303073312,527.854522541695,17520,9860,36000,279,351,12024.5375925,8906.9141475,423,726.4650079144441,0,6560,0,36000,379,423,2585.2225779999994,0,Kaunas (EYKA)
2026,2,FEB,EYPA,Palanga,Lithuania,159,628.5415255069261,356.493753262658,10100,7160,20000,87,102,5005.0886325,4041.7803974999993,158,338.031237594356,0,2880,0,34000,135,158,589.622118,0,Palanga (EYPA)
2026,2,FEB,EYSA,Siauliai,Lithuania,14,250.409282733811,225.57398653863902,8241,7861,7373.809523809523,5,7,2839.062171999999,2783.542912,15,209.74389903794201,125.17469190700001,2240,1340,24000,10,13,209.794595,36.186775,Siauliai (EYSA)
2026,2,FEB,EYVI,Vilnius,Lithuania,1411,3897.843671209026,2040.88731459648,60040,41180,29000,806,899,43401.6889715,36071.9658835,1406,1901.824680219842,1.74179614017975,17660,20,34994.7916666667,1235,1405,3185.2522473000004,6.19658,Vilnius (EYVI)
2026,2,FEB,GCFV,Fuerteventura,Spain,2042,5684.112772694739,3884.822603795943,88920,71940,9000,1178,1322,60725.355364999996,56413.799119,2039,5894.672583099201,445.5166154268921,52388,6540,33966.66666666671,1607,1971,11539.629766,650.053524,Fuerteventura (GCFV)
2026,2,FEB,GCGM,La Gomera,Spain,101,137.95446542884898,122.06482750897301,2240,2020,8000,86,89,80.74788899999997,74.46285199999997,101,40.434754023129635,40.434754023129635,640,640,9000,91,91,74.19904499999998,74.19904499999998,La Gomera (GCGM)
2026,2,FEB,GCHI,El Hierro,Spain,214,216.406080591986,188.53613809119,4420,4060,10000,179,181,307.02220500000004,317.6450500000001,215,112.401251710127,103.212408103647,1720,1560,9000,202,204,136.393155,112.508275,El Hierro (GCHI)
2026,2,FEB,GCLA,La Palma,Spain,1000,1210.285259600834,1110.264500973131,24560,23220,8000,818,831,10397.868110000001,10152.327443,1000,436.66394869626004,203.68717060403202,6540,4560,9000,934,959,406.548292,121.406762,La Palma (GCLA)
2026,2,FEB,GCLP,Gran Canaria,Spain,5732,19343.3486010979,14795.3463777826,315960,263660,9000,3222,3477,227763.77063019993,201870.382879,5748,7231.165279770755,1387.1573067495042,69888,20080,32688.469202898596,4886,5456,12975.739685999999,5866.265522500001,Gran Canaria (GCLP)
2026,2,FEB,GCRR,Lanzarote,Spain,2781,7442.77234803331,4642.750702542725,113840,85540,11000,1694,1898,80598.950488,70743.870652,2779,6156.365299361166,329.85374677914405,56100,4760,34000,2269,2714,12276.9052145,816.8510775,Lanzarote (GCRR)
2026,2,FEB,GCTS,Tenerife Sur,Spain,3826,13682.9173649035,10038.961961360801,208080,173280,33000,2115,2392,153191.59201649998,140656.6810319999,3847,5874.737953374134,177.425434918011,51466,4000,36000,3292,3832,7770.565477500001,547.534973,Tenerife Sur (GCTS)
2026,2,FEB,GCXO,Tenerife Norte,Spain,3083,9509.676548833611,5256.80936828743,157240,98500,8000,1771,2073,65946.584825,50725.8477825,3084,2477.4911814279294,808.705217038102,27200,12340,11000,2753,2925,3466.8918835000004,2104.8108105,Tenerife Norte (GCXO)
2026,2,FEB,GMAA,Agadir Inezgane,Morocco,34,199.333814341857,109.23734535265,3180,1980,6048.062015503876,11,15,730.2127700000001,453.10975,33,24.58750415351388,0,280,0,19000,30,33,97.959375,0,Agadir Inezgane (GMAA)
2026,2,FEB,GMAT,Tan Tan,Morocco,19,138.487438398897,138.487438398897,4080,4080,2781.25,8,8,213.438505,213.438505,18,26.21184848053678,0,360,0,18010,14,18,8.684277,0,Tan Tan (GMAT)
2026,2,FEB,GMAZ,Zagora,Morocco,15,5.43786284331298,4.237958835633609,140,120,13000,13,14,47.8296,42.3486,14,40.68586568265561,0,700,0,16000,9,14,126.172205,0,Zagora (GMAZ)
2026,2,FEB,GMFB,Bouarfa,Morocco,2,9.77381870117728,9.77381870117728,180,180,14188.1193124368,1,1,54.561203,54.561203,1,0,0,0,0,19000,1,1,0,0,Bouarfa (GMFB)
2026,2,FEB,GMFF,Fez,Morocco,489,1645.405017507927,656.3330999700171,23580,11860,35000,313,386,17534.9714393,12186.7373073,491,1768.813890236749,31.739394669153416,14680,440,36000,381,488,1785.315385999999,413.74886000000004,Fez (GMFF)
2026,2,FEB,GMFI,Ifrane,Morocco,1,98.57075070358003,0,1760,0,12097.7272727273,0,1,-12.647249999999989,0,,,,,,,,,,,Ifrane (GMFI)
2026,2,FEB,GMFK,Errachidia,Morocco,71,183.627739527789,53.44406621444491,2440,1000,25000,44,58,1409.030968,683.902453,80,78.04459473876105,0,740,0,28000,71,80,206.163654,0,Errachidia (GMFK)
2026,2,FEB,GMFM,Meknes,Morocco,5,34.34125269978401,32.9913606911447,740,720,4900,1,2,30.390660000000008,28.49541000000001,5,2.99052998837016,2.99052998837016,60,60,14000,4,4,2.51055,2.51055,Meknes (GMFM)
2026,2,FEB,GMFO,Oujda,Morocco,273,1595.506164243352,351.231012986328,20460,5680,31000,166,217,15285.180851000001,5007.324306,275,1195.325822434178,31.59475113872625,16660,3180,36000,208,272,10005.007322,6894.00765,Oujda (GMFO)
2026,2,FEB,GMMA,Smara,Western Sahara,15,42.16071910513994,34.466334655895864,980,880,9000,11,11,193.57379,188.84879,15,119.274687776749,84.1816037541069,3400,2880,15000,10,12,3827.87629,3776.8318500000005,Smara (GMMA)
2026,2,FEB,GMMB,Benslimane,Morocco,27,322.919492143954,309.68708974774603,6200,6000,3391.666666666666,7,7,229.717611,230.857911,21,400.623637275198,309.20602457584005,7276,6056,11000,16,17,285.212535,243.282895,Benslimane (GMMB)
2026,2,FEB,GMME,Rabat,Morocco,757,3687.346716396255,2705.109016136949,58140,46080,9890.625,353,406,48215.8756808,41592.8874188,769,3443.3796586018702,222.668172608795,29780,3240,35000,539,733,5282.6801647,1738.300934,Rabat (GMME)
2026,2,FEB,GMMH,Dakhla,Western Sahara,141,811.562696747143,206.473401712669,10280,3940,29000,84,100,7253.156965999999,3730.255264999999,141,469.4772432652301,87.9445503202566,4840,1200,36000,116,134,1420.198862,499.60294500000003,Dakhla (GMMH)
2026,2,FEB,GMMI,Essaouira,Morocco,89,622.321635792235,364.290801941137,9820,6040,37000,51,57,9884.039408,6014.273302999999,89,700.878930436348,46.58395348977156,6120,680,36000,55,83,1191.4353970000002,207.03081,Essaouira (GMMI)
2026,2,FEB,GMML,Laayoune,Western Sahara,151,287.02148306794805,188.92730736054,4700,3340,20000,109,116,1555.2961950000001,1416.3323090000001,153,80.74533479955937,33.711037760713786,960,460,30000,140,146,152.48855600000002,70.40584099999998,Laayoune (GMML)
2026,2,FEB,GMMN,Casablanca,Morocco,3543,18215.5682443188,11844.201753741201,281940,204980,7000,1527,1763,309581.23571799987,256567.389224,3567,7960.464488768422,395.389382180305,75895,6320,35000,2960,3543,20126.3836193,7862.003727999998,Casablanca (GMMN)
2026,2,FEB,GMMW,Nador El Aroui,Morocco,284,1408.8273703068583,596.9576441938781,21440,11460,11005.7564102564,128,170,19350.2280195,12041.261948,283,999.5018850814171,26.809608305847217,8720,320,36000,217,278,1959.2990150000003,231.19081,Nador El Aroui (GMMW)
2026,2,FEB,GMMX,Marrakech,Morocco,3142,13150.8294796443,5759.065898370506,185060,95560,33000,1703,2092,162466.890424,94561.698604,3151,11588.3002516144,423.324584483357,97252,5440,36000,2336,3041,17827.221633,3808.3614149999994,Marrakech (GMMX)
2026,2,FEB,GMMZ,Ouarzazate,Morocco,56,117.15683000578801,1.1999040076793799,1440,20,17921.4285714286,49,55,640.1470300000001,7.049169999999999,61,111.251992353981,0,1340,0,22000,48,61,204.17094400000002,0,Ouarzazate (GMMZ)
2026,2,FEB,GMTA,Al Hoceima,Morocco,48,261.368984046876,80.82096657136492,3580,1440,13000,28,35,2557.849674999999,1267.49015,47,151.80803669049803,11.183381059351959,1480,160,21000,34,43,186.946345,16.437749999999998,Al Hoceima (GMTA)
2026,2,FEB,GMTN,Tetouan,Morocco,74,363.32768412863203,97.22489246990892,5440,1720,16000,41,54,2511.767175,1091.445115,75,334.691280405715,107.53522507656099,3680,1680,34000,57,67,1425.505361,1127.398835,Tetouan (GMTN)
2026,2,FEB,GMTT,Tangier,Morocco,868,5642.736154822456,2909.996478078221,90540,53720,11000,391,496,70475.7094455,42665.852934999995,864,2377.5004561236,245.47593887846003,23304,3060,34012.4902516838,662,820,4496.401361800001,1821.426539,Tangier (GMTT)
2026,2,FEB,LATI,Tirana,Albania,1892,13300.183389229,3144.675988585984,151660,55080,12055.698924731201,712,1054,86988.84034149999,49686.516979,1888,10502.8892713852,28.08655029595946,91880,440,34050,1237,1872,20797.2742,323.53107600000004,Tirana (LATI)
2026,2,FEB,LBGO,Gorna Oryahovitsa,Bulgaria,5,45.036211929977455,0,480,0,13000,1,5,19.88280119999998,0,5,0,0,0,0,14000,5,5,0,0,Gorna Oryahovitsa (LBGO)
2026,2,FEB,LBPD,Plovdiv,Bulgaria,97,1125.781161578649,102.72129720967601,11780,1560,23017.6470588235,32,84,4949.354384,649.46788,95,730.496953547174,11.54828506214431,6466,186,34048.27586206901,53,92,1749.620599,63.427609999999994,Plovdiv (LBPD)
2026,2,FEB,LBSF,Sofia,Bulgaria,2450,21268.0880636545,1908.042934511925,210340,35720,32950,1168,1906,88713.30758760001,35124.6478697,2493,8641.601309157762,46.69698945883015,75680,800,35000,1868,2486,18534.762251800003,203.27447,Sofia (LBSF)
2026,2,FEB,LBWN,Varna,Bulgaria,307,2048.696844208322,518.347342751032,23580,10700,27000,179,238,13905.725900000001,10043.015757000001,230,1073.821087694212,3.2693036730974603,9400,40,34000,161,229,2937.784833,21.19424999999999,Varna (LBWN)
2026,2,FEB,LCLK,Larnaca,Cyprus,1925,7252.379767159141,3354.35300003779,97120,63520,30985,1096,1264,70237.9481584,64637.1299642,1906,8336.905682483435,112.413661794614,74004,1600,34000,1443,1881,23369.4017713,855.4045659999999,Larnaca (LCLK)
2026,2,FEB,LCPH,Paphos,Cyprus,659,3688.4302676487323,1305.300544636405,45500,24180,35000,393,509,29968.3644795,25193.5753595,651,6698.204536513808,71.36325117122396,59288,1540,34000,439,642,16533.0754082,162.8056622,Paphos (LCPH)
2026,2,FEB,LCRA,RAF Akrotiri,Cyprus,93,907.2639887434931,387.307318906568,11680,7000,13000,36,52,14938.743688,9723.566546,88,249.438312736145,5.792965134217829,2280,80,31000,78,87,2041.40046,153.01784,RAF Akrotiri (LCRA)
2026,2,FEB,LDDU,Dubrovnik,Croatia,163,640.6109348627781,459.988716919057,10160,8200,5479.364224137931,68,81,11155.8250622,10797.9391192,161,301.565452209275,0,2740,0,32000,142,161,771.968365,0,Dubrovnik (LDDU)
2026,2,FEB,LDLO,Losinj,Croatia,9,18.34728221742261,2.05858531317494,320,60,14000,7,8,24.817266999999998,9.21217,9,0,0,0,0,24000,9,9,0,0,Losinj (LDLO)
2026,2,FEB,LDOS,Osijek,Croatia,67,341.129310054833,89.85878528638936,6020,2000,17000,53,59,1895.88758,1126.08817,67,222.127029471055,201.77371130793603,5867,5567,17000,60,65,63.445187999999995,-7.071174999999999,Osijek (LDOS)
2026,2,FEB,LDPL,Pula,Croatia,68,301.198607231683,192.25698889401698,6640,4340,14000,36,39,759.965277,716.955697,73,123.500134475317,18.863601711302078,1680,540,17000,65,71,405.400671,2.63655,Pula (LDPL)
2026,2,FEB,LDRI,Rijeka,Croatia,63,605.753029487592,222.659844389052,11720,6600,8451.785714285714,22,40,1169.509512,345.64083700000003,65,256.770738011298,63.837853733765314,4800,2860,19000,41,58,223.580664,18.33929999999999,Rijeka (LDRI)
2026,2,FEB,LDSB,Brac,Croatia,1,0,0,0,0,21000,1,1,0,0,1,0,0,0,0,16000,1,1,0,0,Brac (LDSB)
2026,2,FEB,LDSP,Split,Croatia,269,955.9802302093971,708.41526246156,17060,14440,3687.5,110,120,9282.214361999999,8773.533196,268,342.92672525667905,120.39911807055401,5200,2760,24000,244,267,386.683025,13.85999999999999,Split (LDSP)
2026,2,FEB,LDVA,Varazdin,Croatia,4,0,0,0,0,3500,4,4,0,0,5,4.93004037937834,4.93004037937834,192,192,6000,4,4,0.9029999999999995,0.9029999999999995,Varazdin (LDVA)
2026,2,FEB,LDZA,Zagreb,Croatia,1619,14386.3479123262,3196.5222713521794,158560,61180,16000,594,916,67102.4671488,42977.307619800005,1621,5430.838319297197,150.544150280301,50157,3396,33000,1263,1613,13069.6729645,779.7683300000001,Zagreb (LDZA)
2026,2,FEB,LDZD,Zadar,Croatia,59,579.7153235297311,388.897949563038,12940,10640,13000,31,35,677.5610700000001,416.8696500000001,62,156.375576533125,82.87632641562585,3768,2568,17000,56,59,30.83435999999999,28.09169999999999,Zadar (LDZD)
2026,2,FEB,LEAB,Albacete,Spain,40,1170.937767367997,685.609945409548,24920,18200,5284.523809523809,1,6,5808.4814989999995,3899.5800839999993,47,467.03899876807606,61.17710583153347,4320,820,15080,19,41,430.470055,4.13229000000001,Albacete (LEAB)
2026,2,FEB,LEAL,Alicante,Spain,3961,25116.4447127341,6166.769859437847,290760,116300,29000,1779,2745,191321.4077548999,118135.5006309,3981,17425.2415304083,89.67350896931147,148460,1240,36000,2769,3958,37435.7258583,886.438713,Alicante (LEAL)
2026,2,FEB,LEAM,Almeria,Spain,263,826.2369562950311,533.329797165685,18360,15220,18000,162,185,3418.143125,2224.7608478,261,438.581356343261,25.45651740294428,4920,860,30000,221,257,1076.6021965,43.526492499999975,Almeria (LEAM)
2026,2,FEB,LEAS,Asturias,Spain,505,2066.8400435438293,785.294691940623,26660,13720,29000,262,340,19166.6851405,13501.6946415,506,1411.602563807858,68.42726368298302,13767,2787,33000,406,504,1696.280962,16.412025,Asturias (LEAS)
2026,2,FEB,LEBA,Cordoba,Spain,16,126.68185342807801,79.78700653563591,2060,1580,13525,7,9,1898.2826,1823.12518,16,20.91511066211475,0,180,0,35500,13,16,41.93694,0,Cordoba (LEBA)
2026,2,FEB,LEBB,Bilbao,Spain,1440,9949.930594834002,4643.764104133765,134140,84520,6166.513605442177,441,589,107375.1463845,84849.0109575,1443,3894.6701765725543,6.11951043916487,31640,80,33000,1163,1441,5509.6546579999995,63.606899999999996,Bilbao (LEBB)
2026,2,FEB,LEBG,Burgos,Spain,33,618.924868480001,447.1023695385,20540,17240,5550,5,8,497.155686,156.7723545,47,153.69827343158002,44.06292394567617,1980,980,9000,35,37,24.643360199999968,14.26424499999999,Burgos (LEBG)
2026,2,FEB,LEBL,Barcelona,Spain,12196,102037.317664325,51491.8527934966,1480140,958320,4286.25,3657,5317,1466860.6302549,1127284.5176389,12220,60797.6979122417,353.44793126008904,504921,4520,33000,8577,12145,118283.7967853,3624.557764,Barcelona (LEBL)
2026,2,FEB,LEBZ,Badajoz,Spain,123,1327.743495034304,943.014562350393,39240,31740,3851.0638297872342,41,49,2818.6825429999994,1562.359205,120,279.89023989968103,93.02793707537877,4538,2838,21058.333333333303,91,111,146.950913,117.90580299999999,Badajoz (LEBZ)
2026,2,FEB,LECO,La Coruna,Spain,364,3042.2623457388963,1188.2032988572053,43620,24720,4205.157232704403,126,152,31309.9967552,21411.4975715,368,763.3942629449301,52.93663740943277,7158,1558,30000,315,365,255.101363,127.42118,La Coruna (LECO)
2026,2,FEB,LEDA,Lleida,Spain,135,1477.3574798583902,952.1995717729501,48600,35500,5116.666666666668,41,52,2508.4780975,1028.081611,132,994.6113170596941,465.47629643362,20397,14359,10000,101,113,584.1769685,91.423451,Lleida (LEDA)
2026,2,FEB,LEGE,Gerona,Spain,329,2610.054916681459,1331.0667897971061,61980,44100,10448.275862069,124,189,6021.6357456999995,3357.7832309999994,284,1603.6593805581551,159.14583039563001,18959,4999,28031.666666666697,180,275,2364.585349,140.52529800000002,Gerona (LEGE)
2026,2,FEB,LEGR,Granada,Spain,366,4111.525677084417,2859.225876629062,67500,49300,6100,39,54,54947.839717200004,43633.807387700006,369,958.815149767464,35.07292143901214,10536,520,32000,301,357,2221.6923570000004,253.14871000000002,Granada (LEGR)
2026,2,FEB,LEGT,Madrid Getafe,Spain,50,1250.7569600210552,656.029839214,21300,11720,4581.25,10,13,13927.7709685,12575.864187500001,46,124.34846371560101,49.44806392725998,1560,780,20000,33,39,68.43407999999995,65.34884999999998,Madrid Getafe (LEGT)
2026,2,FEB,LEIB,Ibiza,Spain,1186,6766.6246840077165,2699.925891469146,93100,53440,9000,613,715,27861.0815025,17714.6819185,1185,1787.5754717391683,187.451361340791,17480,3040,18000,1060,1169,3112.0406816999994,125.547135,Ibiza (LEIB)
2026,2,FEB,LEJR,Jerez de la Frontera,Spain,271,2869.1130464570183,1063.2649856576102,47120,26600,5146.666666666668,105,124,7912.4970197,6142.671627,273,854.1928240723611,140.158878581848,10541,4020,28000,225,265,1387.593912999999,14.608654999999999,Jerez de la Frontera (LEJR)
2026,2,FEB,LELC,Murcia San Javier Airbase,Spain,41,756.5880039502881,365.631193310265,12600,7100,3904.166666666667,1,9,605.2421543,403.2107556,50,196.889753138686,81.94744420446362,3440,1860,23000,36,44,1329.565176,1264.5634525,Murcia San Javier Airbase (LELC)
2026,2,FEB,LELL,Sabadell,Spain,63,963.1885490074081,720.990443396533,27700,23320,2500,11,14,525.0862117,473.49078920000005,130,898.832071743036,748.470025195508,34058,31898,5690.206404082808,52,55,283.624021,245.9084915,Sabadell (LELL)
2026,2,FEB,LELN,Leon,Spain,32,218.70859269874302,136.519962988229,4080,2940,5991.666666666666,8,9,1654.205621999999,1237.569009999999,32,73.02615790736739,31.35692001782714,1828,1508,32000,28,31,23.698507999999958,13.16122,Leon (LELN)
2026,2,FEB,LEMD,Madrid Barajas,Spain,16311,176055.0410386791,41370.6171247414,2182660,751600,10317.902813299199,4970,9179,1844146.2077138,925154.8793577,16359,67505.7360298514,105.318244683002,571708,1460,33000,11862,16325,239360.3276424999,1462.894986999999,Madrid Barajas (LEMD)
2026,2,FEB,LEMG,Malaga,Spain,5329,24801.629308866995,12783.3465454103,379440,237160,24000,2737,3494,305812.7443886,218204.0773256,5368,14569.6450727661,574.7257465342541,133030,9000,35038.156922043,4212,5269,27887.9550847,3876.9499025,Malaga (LEMG)
2026,2,FEB,LEMH,Mahon,Spain,575,1799.23895253822,1303.763544571654,31620,26320,9000,286,300,7889.279771999999,7378.228693,570,148.201703493561,8.98239065244529,1560,180,11000,553,565,320.380878,4.55846,Mahon (LEMH)
2026,2,FEB,LEMO,Seville Moron,Spain,82,2096.070841600451,1045.563290594805,30540,19060,2835.833333333333,18,23,39621.6144768,25870.0355168,67,346.43607386683505,26.373115957175028,4580,540,24000,44,65,1678.172845,379.48420000000004,Seville Moron (LEMO)
2026,2,FEB,LEPA,Palma de Mallorca,Spain,4348,23584.428735851303,8464.317511327192,293020,151380,11000,2027,2576,136455.0268991999,92291.40004400001,4355,12223.1841115198,528.4954898038831,111600,8840,31000,3629,4286,21796.8965115,1930.540866,Palma de Mallorca (LEPA)
2026,2,FEB,LEPP,Pamplona,Spain,150,1279.7330896749643,681.6004681849711,23840,15360,5239.871541501976,37,52,9397.307383,7065.417697,149,341.186698162535,95.23038156947443,5523,3243,21000,123,143,408.9596482,18.68999999999999,Pamplona (LEPP)
2026,2,FEB,LERI,Murcia Alcantarilla,Spain,1,36.092696790542014,3.15533177974288,580,160,2344.1579371474613,0,0,0,0,1,0,0,0,0,14000,1,1,0,0,Murcia Alcantarilla (LERI)
2026,2,FEB,LERL,Ciudad Real,Spain,12,225.040306340468,137.174164481538,3800,2740,3606.7288931076305,0,2,571.73392,310.52365,12,121.483073753818,28.95380614448803,1400,420,21000.6896551724,2,8,224.197847,63.574355000000004,Ciudad Real (LERL)
2026,2,FEB,LERS,Reus,Spain,71,903.665909888307,748.5531576181661,29220,27400,2891.666666666666,11,13,950.0273800000001,561.3435385,62,361.31954118292504,51.45589723414919,4900,1760,10000,41,51,605.0436132000001,40.08976599999999,Reus (LERS)
2026,2,FEB,LERT,Rota Naval Station,Spain,83,942.2553516811071,483.168745690655,12900,8840,3750,23,29,16487.8739895,14693.2777625,82,613.907257161803,104.940721625387,6520,1240,24000,54,79,2262.2476610000003,1780.3356,Rota Naval Station (LERT)
2026,2,FEB,LESA,Salamanca,Spain,40,794.756299861259,409.07405403279404,17940,11740,5089.461538461538,5,10,1731.0029066999991,997.0457747,33,236.24898078947,100.425965922726,3888,2448,12000,24,29,313.94473000000005,219.27179,Salamanca (LESA)
2026,2,FEB,LESB,Son Bonet,Spain,31,352.57316390252805,281.248644057664,7600,6360,3525,9,11,114.16982,106.826902,41,534.101496483982,177.53823459899803,10900,4440,6000,26,29,143.6105625,45.797522,Son Bonet (LESB)
2026,2,FEB,LESJ,Palma Son San Juan,Spain,3,51.17371394519381,12.26715614014784,860,260,3439,1,1,52.2246633,9.80133,2,67.01635297747607,67.01635297747607,1040,1040,10900,1,1,0.8819899999999734,0.8819899999999734,Palma Son San Juan (LESJ)
2026,2,FEB,LESL,San Luis Menorca,Spain,1,50.445055304666525,50.445055304666525,1300,1300,2800,0,0,0.0976499999999971,0.0976499999999971,2,19.56746668822643,13.443865667217208,460,360,10185.808823529402,0,1,4.543351,0.4557000000000002,San Luis Menorca (LESL)
2026,2,FEB,LESO,San Sebastian,Spain,144,1413.752515900951,794.768105214995,22580,15820,3264.5764430477734,30,41,15717.10457,12917.612862,139,419.0807059829191,30.441564674826008,5608,1420,29000,116,137,1301.947259,11.42295,San Sebastian (LESO)
2026,2,FEB,LEST,Santiago,Spain,473,3168.146154949326,1759.281675244745,48640,34840,5065.579710144928,156,182,37129.077033,31235.6232825,488,1124.9470644018072,42.727960847639565,9140,740,32000,419,486,1119.586517,746.51876,Santiago (LEST)
2026,2,FEB,LESU,Seu d'Urgell,Spain,41,445.66037789334,195.312008745446,8040,3900,7182.99109351806,10,16,1454.043403299999,727.8562800000001,37,123.653049692509,24.27627921556129,1620,580,18990,24,33,71.99839220000001,31.587145,Seu d'Urgell (LESU)
2026,2,FEB,LETO,Madrid Torrejon,Spain,73,1803.2748138127672,716.666320242651,25680,13080,4776.157407407407,3,7,14145.1427154,9288.576702899998,71,660.600837620713,20.635349172066217,7260,260,27000,49,67,3272.735561,94.88296200000002,Madrid Torrejon (LETO)
2026,2,FEB,LEVC,Valencia,Spain,2928,11940.967378000401,5363.419948559811,173440,107280,23000,1454,1801,114518.0142457,91345.04744750001,2947,13916.809887937701,153.99021839022302,116825,3085,34000,2175,2932,15291.9837398,1014.7206750000001,Valencia (LEVC)
2026,2,FEB,LEVD,Valladolid,Spain,100,1072.631198057973,393.170385632398,17940,9480,11000,41,60,5185.442621799999,3931.1310318000005,73,591.8625546761841,63.085587797971876,10587,3176,30000,46,68,986.778436,30.50250499999999,Valladolid (LEVD)
2026,2,FEB,LEVT,Vitoria,Spain,424,3354.028493428576,1386.644988388348,52000,27500,9178.125,160,239,43009.8764687,26634.6967057,419,1461.2896390569151,349.207667897512,15860,6680,31000,333,403,2628.3096003,1422.3249013,Vitoria (LEVT)
2026,2,FEB,LEVX,Vigo,Spain,322,2417.971480368066,1506.642263714183,39900,28100,5700,116,133,24341.207975,20888.881615,324,471.237388497124,25.68683167745254,4320,900,30000,280,319,130.6704613,4.524188,Vigo (LEVX)
2026,2,FEB,LEXJ,Santander,Spain,246,1117.444848281331,273.761834841153,14680,5160,24000,126,169,7185.994159,3352.774355,248,628.963616677898,19.346972812513748,6180,820,30000,202,246,707.0392045000001,5.621175,Santander (LEXJ)
2026,2,FEB,LEZG,Zaragoza,Spain,363,4094.0044026295122,1802.7035933498362,56040,34480,5100,91,139,63053.2548582,51678.8497072,354,1622.1874448365081,0.8999280057595396,14480,20,31000,239,353,3104.787393999999,46.28399999999999,Zaragoza (LEZG)
2026,2,FEB,LEZL,Seville,Spain,2710,19685.689623380298,4586.571625529813,235540,94940,33000,1314,1825,118467.4904088,80668.1225593,2729,9987.540211888505,457.792633227572,91457,12733,34000,2118,2717,10984.09196,125.67328,Seville (LEZL)
2026,2,FEB,LFAC,Calais,France,9,159.293246118539,159.293246118539,4500,4500,2028.8888888888891,1,1,116.306935,116.306935,9,0,0,0,0,8000,9,9,0,0,Calais (LFAC)
2026,2,FEB,LFAI,Nangis Les Loges,France,2,4.31965442764579,4.31965442764579,120,120,10925,1,1,0.9555000000000002,0.9555000000000002,2,35.34931959541595,21.976389429829208,620,440,6065.8401639344265,0,0,1.6445249999999898,-0.3255079999999988,Nangis Les Loges (LFAI)
2026,2,FEB,LFAQ,Albert Bray,France,54,760.65671690255,646.956971105403,24620,23360,3000,8,11,772.10927,1193.04692,32,250.736989343927,43.98902548645456,3578,1358,5500,23,27,55.668446999999944,-3.9953549999999898,Albert Bray (LFAQ)
2026,2,FEB,LFAT,Le Touquet,France,78,1190.8209112421441,1027.060392921626,30450,28070,2523.879349816849,13,15,471.30228320000003,345.602863,60,273.22649064575404,124.48083877839899,5376,3776,9000,47,53,152.27777700000001,14.213009999999999,Le Touquet (LFAT)
2026,2,FEB,LFAV,Valenciennes,France,65,1155.154173340285,822.131804585988,28140,25020,2754.166666666666,6,9,766.543813,288.023955,67,505.23570162612606,209.20415866179601,9441,5281,5363.806254767352,50,55,60.854713,4.554375000000009,Valenciennes (LFAV)
2026,2,FEB,LFAY,Amiens,France,11,166.040400977153,127.884074172952,4860,4160,2655,0,1,36.48908,34.63582999999999,3,38.995448593849495,38.995448593849495,1020,1020,6011.764705882354,1,1,1.7760749999999998,1.7760749999999998,Amiens (LFAY)
2026,2,FEB,LFBA,Agen,France,68,956.3787411655882,869.715674210944,29300,28360,2796.005747126437,10,10,180.0031092,183.952218,58,318.87246629015306,150.142816275057,6313,4333,7000,45,50,-6.708637000000009,13.43133799999999,Agen (LFBA)
2026,2,FEB,LFBC,Cazaux,France,24,282.629838074695,229.84417771972198,5720,4900,3278.70218579235,8,9,1688.217087499999,1569.3925035,29,342.91591476412106,170.976248997055,4560,2540,14061.034482758601,17,22,-90.75449730000017,88.33886050000001,Cazaux (LFBC)
2026,2,FEB,LFBD,Bordeaux,France,1727,21357.2298357264,3772.460205370069,236580,76280,20030,605,969,121104.374537,59129.380398500005,1723,8340.700963437781,56.41401870461835,72740,960,32000,1226,1714,18201.444890999996,62.59669199999999,Bordeaux (LFBD)
2026,2,FEB,LFBE,Bergerac,France,2,203.08522152267102,203.08522152267102,5100,5100,3044.582804700049,0,0,1.944075,1.944075,1,0,0,0,0,7000,1,1,0,0,Bergerac (LFBE)
2026,2,FEB,LFBF,Toulouse Francazal,France,26,182.290339999485,129.46460363202402,3040,2480,3219.4642857142853,6,7,1113.926199,857.319645,29,383.623858534264,43.94119338530991,4060,640,24000,18,26,451.648723,-16.301780000000022,Toulouse Francazal (LFBF)
2026,2,FEB,LFBG,Cognac,France,51,911.978072327302,747.743684440613,17560,15560,2779.393939393939,10,10,170.257793,185.36976900000002,48,403.21233961248504,39.59434794224188,5118,620,10000,34,43,82.6892162,19.32051499999999,Cognac (LFBG)
2026,2,FEB,LFBH,La Rochelle,France,88,1413.741581410361,1096.436122659617,30280,26020,2903.5714285714284,17,23,4276.7337149999985,3354.7824029999992,73,213.101779844788,80.95522228204784,3699,2019,19000,55,68,268.00365500000004,18.83596499999999,La Rochelle (LFBH)
2026,2,FEB,LFBI,Poitiers,France,118,3222.0496130999773,2842.8112235494423,89800,84020,3324.040977961432,7,9,2776.574077,2280.636677,92,244.524109640932,105.114332243821,4124,2844,8000,71,81,143.099421,11.576785,Poitiers (LFBI)
2026,2,FEB,LFBK,Montlucon,France,3,43.20540310603884,43.20540310603884,1040,1040,4058.27868852459,0,0,4.53916,4.53916,2,0,0,0,0,7500,2,2,0,0,Montlucon (LFBK)
2026,2,FEB,LFBL,Limoges,France,172,2116.3674691239203,1252.200947485662,43200,33300,4712.241379310346,53,78,4087.8277040000003,2194.618907,147,1380.198325037472,921.982365427648,26300,21320,17000,111,134,1620.0783693,905.4113633000001,Limoges (LFBL)
2026,2,FEB,LFBM,Mont de Marsan,France,40,454.060972510798,272.2347357884071,7600,5660,2820.340909090909,14,15,810.5809745,609.6233845000002,28,140.37048822928003,1.4398848092152599,1120,20,19000,21,27,-80.69041549999992,20.16262,Mont de Marsan (LFBM)
2026,2,FEB,LFBN,Niort,France,13,154.031835712381,152.26148553711602,4120,4080,3000,4,4,10.180785,9.879434999999999,9,15.192483342127149,15.192483342127149,407,407,8000,7,7,-0.1543499999999999,-0.1543499999999999,Niort (LFBN)
2026,2,FEB,LFBO,Toulouse Blagnac,France,2475,15633.7552730616,6187.204370548271,210360,120260,10346.6666666667,916,1296,139773.2698135,104952.4582235,2492,9841.83809810814,33.214697996574074,85680,400,32000,1854,2487,20676.3517895,219.570624,Toulouse Blagnac (LFBO)
2026,2,FEB,LFBP,Pau,France,226,1658.463480801018,1392.380116856917,34287,31347,3287.240595287308,28,36,10854.3675175,10040.893421499999,230,581.6958147151801,204.678164162107,8492,5092,28000,190,221,624.386411,11.73007499999999,Pau (LFBP)
2026,2,FEB,LFBR,Muret,France,40,456.56970516949605,436.42674517772303,14240,13780,3216.588983050847,12,13,80.53395499999999,81.85590499999999,33,211.768133338145,211.768133338145,5270,5270,7000,25,25,-5.50567,-5.50567,Muret (LFBR)
2026,2,FEB,LFBT,Tarbes Lourdes,France,174,2995.285539623288,1146.927743583042,46440,28420,16531.666666666697,57,97,15440.6435955,9644.1833905,170,939.3917697898111,56.220049196698845,9280,1220,33488.3333333333,114,167,2491.1508424999993,55.01496,Tarbes Lourdes (LFBT)
2026,2,FEB,LFBU,Angouleme,France,74,1664.9570833964751,1570.3411687905611,52020,49780,3000,6,6,340.384989,309.09390600000006,81,1278.540915192552,1278.540915192552,33651,33651,4397.159090909092,28,28,67.93266899999998,67.93266899999998,Angouleme (LFBU)
2026,2,FEB,LFBX,Perigueux Bassillac,France,10,120.46635454404101,120.46635454404101,3660,3660,3062.417582417582,3,3,22.2789,22.2789,7,194.273165463836,41.13241672373526,3560,1140,10000,4,6,21.61318,3.31118,Perigueux Bassillac (LFBX)
2026,2,FEB,LFBZ,Biarritz/Bayonne,France,284,2588.375826908087,1239.8373719579392,39920,25720,2900.7513499357765,63,88,20796.0619365,15711.7053615,277,814.321644708193,0,7440,0,31866.666666666697,219,277,1190.3862165,0,Biarritz/Bayonne (LFBZ)
2026,2,FEB,LFCC,Cahors,France,18,229.46568735142702,212.928366269317,6710,6310,4013.333333333333,8,8,71.90563199999998,63.766293999999995,11,12.95536357091432,0,260,0,10545,9,11,7.4108737,0,Cahors (LFCC)
2026,2,FEB,LFCH,Arcachon,France,5,45.393683062238935,45.393683062238935,1020,1020,5450.551378446115,2,2,15.83816899999999,15.83816899999999,10,36.19222806781898,36.19222806781898,660,660,7000,7,7,-0.1592849999999992,-0.1592849999999992,Arcachon (LFCH)
2026,2,FEB,LFCI,Albi le Sequestre,France,9,162.190255537613,162.190255537613,5660,5660,3958.489010989011,1,1,32.893608,32.893608,6,1.4398848092152599,1.4398848092152599,40,40,8060,5,5,0.13912499999999992,0.13912499999999992,Albi le Sequestre (LFCI)
2026,2,FEB,LFCK,Castres Mazamet,France,80,655.774195118864,606.996340662728,18120,17460,4206.08711499909,31,36,1316.6928859999991,1281.46075,66,346.05445966300607,12.34642859051735,4980,400,18000,55,64,161.43643600000001,2.4276,Castres Mazamet (LFCK)
2026,2,FEB,LFCL,Toulouse Lasbordes,France,3,51.34091087467897,51.34091087467897,1500,1500,3103.963227783452,1,1,6.215999999999999,6.215999999999999,17,10.619150467962559,10.619150467962559,280,280,5000,15,15,0.3008250000000001,0.3008250000000001,Toulouse Lasbordes (LFCL)
2026,2,FEB,LFCR,Rodez Marcillac,France,92,1206.397755468113,668.661100362615,23360,18040,4910.78431372549,16,19,8105.1747819,5755.096786899999,82,283.88241102485904,51.69938993207623,3700,1280,30010.5172413793,58,75,763.0493305,73.78888399999998,Rodez Marcillac (LFCR)
2026,2,FEB,LFCW,Villeneuve sur Lot,France,1,0,0,0,0,29000,1,1,0,0,1,25.46796256299495,0,320,0,17931.666666666697,0,1,8.544533,0,Villeneuve sur Lot (LFCW)
2026,2,FEB,LFCY,Royan,France,7,113.66363437394699,113.66363437394699,3600,3600,4000,2,2,19.13625,19.13625,2,0,0,0,0,4500,2,2,0,0,Royan (LFCY)
2026,2,FEB,LFDB,Montauban,France,2,51.93184586388178,51.93184586388178,1440,1440,7718.723849372385,1,1,0,0,7,39.626780677217944,39.626780677217944,1000,1000,9000,6,6,0,0,Montauban (LFDB)
2026,2,FEB,LFDH,Auch Gers,France,20,259.44106238752903,186.951651306823,7460,6660,2667.362637362637,3,3,659.188085,180.840975,12,46.81470377819456,46.81470377819456,1629,1629,6500,10,10,11.67075,11.67075,Auch Gers (LFDH)
2026,2,FEB,LFDJ,Pamiers les Pujols,France,10,112.74230458069799,112.74230458069799,3003,3003,3940.657634795718,3,3,9.2851495,9.2851495,12,23.934913886406278,23.934913886406278,785,785,11000,10,10,4.57695,4.57695,Pamiers les Pujols (LFDJ)
2026,2,FEB,LFDM,Marmande,France,3,20.911276250442338,20.911276250442338,620,620,8000,2,2,2.6754,2.6754,3,0,0,0,0,10000,3,3,0,0,Marmande (LFDM)
2026,2,FEB,LFDN,Rochefort Saint Agnant,France,10,240.600556616111,181.84190755434102,4293,3453,2258.264885699096,2,3,41.329215000000005,21.332125499999997,7,192.231947025633,176.471527439095,3720,3500,9000,4,5,-5.722185000000019,-10.80250500000001,Rochefort Saint Agnant (LFDN)
2026,2,FEB,LFEC,Ouessant,France,52,190.095299712928,190.095299712928,6800,6800,5000,35,35,79.88179500000001,79.88179500000001,2,0,0,0,0,5500,2,2,0,0,Ouessant (LFEC)
2026,2,FEB,LFEH,Aubigny sur Nere,France,3,19.73106667595624,0,260,0,18000,2,3,0.9114000000000004,0,2,58.68558460719192,0,720,0,17493.632075471698,0,2,-11.2753988,0,Aubigny sur Nere (LFEH)
2026,2,FEB,LFEY,Ile d'Yeu,France,6,97.04823614110872,97.04823614110872,2760,2760,16500,5,5,8.4168,8.4168,5,0,0,0,0,24000,5,5,0,0,Ile d'Yeu (LFEY)
2026,2,FEB,LFGA,Colmar Houssen,France,41,817.424490429009,673.7592143939271,24100,21040,3437.209302325581,3,4,163.170258,175.89079800000002,38,353.68724150317604,255.563543011959,8050,6550,8526.810516229978,24,27,64.18769000000002,45.104257,Colmar Houssen (LFGA)
2026,2,FEB,LFGF,Beaune,France,4,7.127429805615549,5.3995680345572294,140,120,14506.6666666667,2,3,0.4152749999999998,0.4704000000000001,4,113.064819221242,113.064819221242,2480,2480,10460.8333333333,2,2,3.26812000000001,3.26812000000001,Beaune (LFGF)
2026,2,FEB,LFGJ,Dole,France,68,1846.195470657301,1340.6892948543941,42488,36208,3597.013796313929,8,21,2096.01292,979.2835005000001,66,368.272902866571,137.967539668349,6200,4020,11000,46,60,563.7455162,30.81750499999999,Dole (LFGJ)
2026,2,FEB,LFHP,Le Puy,France,38,361.065868352656,103.79127454335101,5980,2380,5924.719512195122,9,11,48.385229200000026,113.60569290000001,37,126.568948994963,13.36980417664425,1980,460,18000,30,34,83.39728369999999,3.7453499999999997,Le Puy (LFHP)
2026,2,FEB,LFHS,Bourg Ceyzeriat,France,1,22.630576650642148,0,340,0,19059.462365591397,0,1,-0.5525599999999997,0,1,55.51441598957796,0,880,0,16883.333333333303,0,1,1.4231699999999998,0,Bourg Ceyzeriat (LFHS)
2026,2,FEB,LFHV,Villefranche Tarare,France,17,101.297104029987,94.37458935822102,2340,2240,4940.136612021858,5,7,46.27683849999999,43.90803899999998,14,10.07975788269226,10.07975788269226,160,160,20000,12,12,2.134918,2.134918,Villefranche Tarare (LFHV)
2026,2,FEB,LFHY,Moulins Montbeugny,France,10,165.85681282926902,165.85681282926902,4740,4740,3940.6220897746325,2,2,39.343399999999995,39.343399999999995,6,17.195398561663453,7.49940004799616,388,268,11987.0967741935,4,5,-4.51694,0.819,Moulins Montbeugny (LFHY)
2026,2,FEB,LFJL,Metz/Nancy,France,49,1531.2107442776871,886.765100458997,23379,17539,4602.216427640157,1,6,5969.507476,4289.564889,44,559.595618749761,12.72931525037399,5000,160,30992.0361247947,23,42,546.200781,58.204492,Metz/Nancy (LFJL)
2026,2,FEB,LFJR,Angers Marce,France,48,883.1476836325411,723.0469663443021,21840,19820,3231.666666666666,9,9,742.8641132,503.644644,41,511.359120253584,65.75173986081111,6440,2340,11000,31,40,493.460679,9.729825,Angers Marce (LFJR)
2026,2,FEB,LFKB,Bastia,France,423,3188.866469606898,1484.905897161363,46620,31220,6614,168,204,15253.4804855,13788.6316645,427,826.8231502981661,36.45924658348147,10919,939,28000,362,419,1895.326870699999,25.98224649999999,Bastia (LFKB)
2026,2,FEB,LFKC,Calvi,France,141,2270.132130880102,1443.3800786023512,51879,40739,3250,36,50,5108.198165999999,3658.9987029999993,123,136.352163895655,23.307471467856338,1640,480,12000,108,118,313.653157,8.786921999999999,Calvi (LFKC)
2026,2,FEB,LFKF,Figari,France,155,997.2310173436,713.7805696703031,17100,13640,7000,77,83,6129.185427,5624.464447999999,147,296.904859625841,8.14571836594992,4120,200,18000,125,146,672.4048185,9.02475,Figari (LFKF)
2026,2,FEB,LFKJ,Ajaccio,France,389,2277.340650524935,1827.762407721279,42720,35220,3510.491071428571,144,152,14533.2498225,12677.2696375,385,1131.6126032043812,198.93555055180403,16900,3980,26000,340,380,1423.725297499999,94.97192999999997,Ajaccio (LFKJ)
2026,2,FEB,LFKO,Propriano,France,3,37.600060502493726,37.600060502493726,780,780,5122.157894736842,0,0,12.980724799999988,12.980724799999988,1,0,0,0,0,24000,1,1,0,0,Propriano (LFKO)
2026,2,FEB,LFKS,Solenzara,France,22,642.0248504960621,104.802707376055,8880,1340,9013.368055555557,2,12,1030.138381499999,134.6536345,15,269.938923204665,100.02132596164701,3680,2100,16000,5,13,429.307011,212.933455,Solenzara (LFKS)
2026,2,FEB,LFLA,Auxerre,France,78,1532.422122356335,1480.193009149342,49738,49098,2864.0305218818753,9,10,627.9560395000001,645.0342895,58,256.89255405971,173.540773405371,7050,6010,6000,35,40,97.20900399999998,33.616805,Auxerre (LFLA)
2026,2,FEB,LFLB,Chambery,France,686,18670.1826421513,6926.5948115345,272980,126940,6402.58064516129,34,93,122447.3205947,66882.8971838,673,5261.870190568191,151.875454144515,53160,2445,22024.1935483871,265,635,11179.628745400001,603.6752297,Chambery (LFLB)
2026,2,FEB,LFLC,Clermont-Ferrand,France,238,2877.8376941402003,1279.6561261667391,46520,28520,4532.918265317986,53,80,8748.2543365,6575.0044595,219,1048.000014790556,138.243813111953,12600,4160,18000,141,207,967.1399335,155.76236550000002,Clermont-Ferrand (LFLC)
2026,2,FEB,LFLD,Bourges,France,23,222.862209893569,216.688408715696,6360,6240,3024.7175141242933,5,5,225.09924650000002,222.87376650000002,21,31.75735835761989,31.75735835761989,780,780,8000,15,15,4.837145,4.837145,Bourges (LFLD)
2026,2,FEB,LFLH,Chalon,France,9,47.70681630240577,27.72008026591915,880,560,4000,2,6,7.414893499999999,3.6086435,8,19.69160613869037,0,280,0,16009.301801801801,6,8,4.748993,0,Chalon (LFLH)
2026,2,FEB,LFLI,Annemasse,France,29,271.20754168863806,90.9311275323636,4220,1620,9000,7,21,122.333708,68.80581399999998,45,129.237197056317,48.743458305524825,2080,840,14000,27,36,94.13951519999999,20.717817999999998,Annemasse (LFLI)
2026,2,FEB,LFLJ,Courchevel,France,57,917.068297852698,0,14156,0,11991.875,14,57,278.6058706,0,46,496.05456972420103,55.81320632948469,7400,980,14504.5814132104,17,44,78.33157249999995,-8.43646,Courchevel (LFLJ)
2026,2,FEB,LFLL,Lyon,France,3420,36016.235176777,6943.258138927028,404640,127900,15006.6964285714,1033,1960,220674.59879329999,102741.1632332,3435,11416.52967867,151.70240328848,102000,2000,33000,2421,3397,28373.394811899998,1405.296894,Lyon (LFLL)
2026,2,FEB,LFLM,Macon Charnay,France,2,11.63191450236595,11.63191450236595,280,280,4294.6919619249065,0,0,0.7922250000000002,0.7922250000000002,4,6.21633075301364,6.21633075301364,120,120,7064.878002287459,2,2,1.8288905,1.8288905,Macon Charnay (LFLM)
2026,2,FEB,LFLN,Saint Yan,France,168,2877.4114468066878,2640.844718244217,76436,71316,4095.901639344262,20,23,1605.8305995,1292.4347445,157,508.96883144806606,507.1984812728021,12586,12546,7000,129,129,64.40926299999998,64.09688799999998,Saint Yan (LFLN)
2026,2,FEB,LFLO,Roanne,France,3,99.14298454484293,73.54565733102004,2360,2120,3254.999999999999,0,1,56.90004,21.85419,1,10.669546436285088,0,120,0,14000,0,1,6.2874,0,Roanne (LFLO)
2026,2,FEB,LFLP,Annecy,France,192,3743.2439124745592,1293.0122767664311,61580,26720,6239.722222222222,24,42,6755.4664578,2731.8736383,173,1106.598925933411,94.84923176261422,15340,2580,13985.2873563218,93,161,1079.3594578,68.56197379999999,Annecy (LFLP)
2026,2,FEB,LFLS,Grenoble,France,564,9439.310974139493,5086.9359788368765,143620,96040,4495.7787643359225,88,135,44969.37923245,32075.775742550002,546,3266.840486195058,197.687432918657,34311,4511,26000,291,511,8089.8894642000005,370.15859,Grenoble (LFLS)
2026,2,FEB,LFLU,Valence,France,131,1932.6719372669331,1498.9914085095122,53440,47420,3246.666666666667,14,18,1756.6022423999991,1104.0646924999992,116,673.9748995952821,427.5870802746671,16013,12713,8000,76,93,322.41104970000004,44.67014499999999,Valence (LFLU)
2026,2,FEB,LFLV,Vichy,France,12,91.71757596796455,91.71757596796455,2240,2240,3669.7161172161173,5,5,-50.561430499999986,-50.561430499999986,10,2.3661028466037295,2.3661028466037295,78,78,6500,9,9,0.14332500000000012,0.14332500000000012,Vichy (LFLV)
2026,2,FEB,LFLW,Aurillac,France,57,389.5440595427531,163.296819141321,7700,4320,9000,24,32,806.0583963,487.063756,53,117.97162603418101,7.01069338181759,1740,180,18000,44,51,58.894180000000006,12.6693,Aurillac (LFLW)
2026,2,FEB,LFLX,Chateauroux Deols,France,65,1631.49378784185,1233.364226732316,36759,31499,3107.404371584699,2,2,12415.091852,9849.177622,53,654.611050590247,294.583162480356,9640,5880,18000,35,48,1817.8608470000001,-24.347349999999988,Chateauroux Deols (LFLX)
2026,2,FEB,LFLY,Lyon Bron,France,320,4223.111985332215,2218.059956867757,77560,50960,3368.6011904761904,46,57,5506.7225530999995,3243.725328999999,310,1944.608252243036,687.2077321020131,30848,17228,19000,180,260,1264.9198068,171.61005550000002,Lyon Bron (LFLY)
2026,2,FEB,LFMA,Aix-en-Provence,France,25,272.52451062403196,138.802060440182,5640,3600,5000,12,13,88.43240119999997,25.9103712,32,116.589256265686,68.5696184151341,2549,1949,7500,21,23,36.93834249999999,10.017,Aix-en-Provence (LFMA)
2026,2,FEB,LFMC,Le Luc,France,6,53.67093442482891,22.70020026090193,940,580,6938.022598870057,1,3,-0.9173067999999978,4.3889995,6,3.3634083466870996,3.3634083466870996,60,60,21000,5,5,1.30158,1.30158,Le Luc (LFMC)
2026,2,FEB,LFMD,Cannes,France,254,4881.405891236748,3392.160525408815,101760,80300,2528.743169398907,33,61,5384.4338081999995,4100.6131695,257,1468.3783226277592,832.779680144755,27142,18700,16000,161,207,690.7246206,155.88209270000002,Cannes (LFMD)
2026,2,FEB,LFMH,Saint Etienne,France,39,522.4483609145151,389.446768892672,12740,11380,4355.05617977528,1,3,1186.2391975,1029.5602325,34,152.98014741033901,44.29263358292268,2600,1080,8000,26,30,30.06538499999999,0.018374999999999402,Saint Etienne (LFMH)
2026,2,FEB,LFMI,Istres Le Tube,France,87,1678.8002599289011,695.355939815335,22580,12820,2844.8275862068963,22,31,20190.8522845,13845.606096,90,625.532649842529,105.18596329563,6320,1680,21000,54,75,2266.189172999999,525.705497,Istres Le Tube (LFMI)
2026,2,FEB,LFMK,Carcassonne,France,65,926.865522787994,567.71706756384,22400,18920,3863.126614987079,9,20,1258.176872999999,968.6371230000001,54,269.50424138556104,198.481663764002,7608,6968,7000,33,39,227.401298,57.69435,Carcassonne (LFMK)
2026,2,FEB,LFML,Marseille,France,3078,51025.45550587981,8461.201583154296,533420,156840,9034.666666666666,696,1615,252178.0390815,136351.8757,3054,12240.1151326653,199.943397648183,109200,3960,33977.4596774194,2126,2998,27180.546158999998,1837.1116995000002,Marseille (LFML)
2026,2,FEB,LFMN,Nice,France,3931,47645.7326192459,22298.736253345898,652200,420320,4000,814,1382,376108.1969274,312072.1243586,3938,11057.8613807135,229.105452397963,101109,2860,34000,2939,3896,26338.2450132,984.591521,Nice (LFMN)
2026,2,FEB,LFMO,Orange Caritat,France,19,230.004655978806,58.57040875847334,3580,1480,5180,3,9,304.93178150000006,120.431764,20,69.17878939249212,14.890075772958399,1160,360,19004.838709677402,13,17,60.08737599999998,41.81351999999999,Orange Caritat (LFMO)
2026,2,FEB,LFMP,Perpignan,France,313,3819.6550114887664,3194.1521796080733,109020,97060,4000,86,106,8603.099512499999,7790.7347675,298,1283.6460259576759,452.60652379577505,21329,13209,7002.118644067797,215,259,2674.6825739999995,51.96292,Perpignan (LFMP)
2026,2,FEB,LFMQ,Le Castellet,France,39,830.014813387741,400.7682592992331,14480,10160,5036.452702702702,4,11,1222.010426,858.9401290000001,32,124.134154743149,10.757139428845688,1740,260,12006.5664128234,19,27,54.016835,14.984539999999999,Le Castellet (LFMQ)
2026,2,FEB,LFMS,Ales,France,3,60.892931632629555,16.07330429959043,1540,340,6313.11475409836,0,1,3.303826,-1.9078499999999998,4,39.25320926245697,19.186755382150068,800,520,14017.4242424242,2,3,7.6166849999999995,-0.757579999999999,Ales (LFMS)
2026,2,FEB,LFMT,Montpellier,France,658,7304.221045203726,3468.5483742901183,134960,96040,3685.30333911958,148,254,33111.0603947,22054.3271187,633,3199.870880115677,957.6210516509011,46884,26484,32000,447,587,6598.199148500001,117.634692,Montpellier (LFMT)
2026,2,FEB,LFMU,Beziers,France,149,1867.9195446693982,1674.4287734814181,57160,54540,2757.6591760299634,29,33,453.045899,405.584858,117,554.1229727514551,330.285602797776,13370,10890,5000,83,88,313.18248500000004,104.299645,Beziers (LFMU)
2026,2,FEB,LFMV,Avignon,France,152,2237.728291727221,1731.2305911127612,60104,53044,3604.166666666667,23,35,1498.5571525,1045.6616507,129,1062.8845222091911,654.600342305451,23692,17372,7182.295482295481,80,98,483.6748375,184.789016,Avignon (LFMV)
2026,2,FEB,LFMY,Salon de Provence,France,4,76.55689339468991,48.53099987295131,1940,1500,3127.549019607843,0,1,45.864524499999995,18.19125,5,14.950145188168769,14.950145188168769,360,360,7000,3,3,1.617,1.617,Salon de Provence (LFMY)
2026,2,FEB,LFNB,Mende Brenoux,France,2,23.56131042720251,18.745957950482612,560,460,5859.173728813559,0,0,2.3247,2.4968999999999997,1,0,0,0,0,9000,1,1,0,0,Mende Brenoux (LFNB)
2026,2,FEB,LFNH,Carpentras,France,1,10.60667760594724,0,140,0,10004.3548387097,0,1,0.9051030000000004,0,2,12.76852690494437,0,200,0,15993.75,1,2,4.517026199999999,0,Carpentras (LFNH)
2026,2,FEB,LFOA,Avord,France,98,2286.0066560788923,1973.488228544433,46520,41460,3088.611111111111,11,11,3450.1213055000003,2772.510361,106,341.16471690894406,278.45957267520697,6540,5440,8000,87,91,391.76998430000003,309.88022,Avord (LFOA)
2026,2,FEB,LFOB,Beauvais,France,1215,43431.1425715694,24039.3761255446,549360,359280,6551.666666666668,102,396,384075.185517,295571.39737900003,1216,6071.4879658886,1399.024589091315,55740,17360,35000,704,1020,16969.193281,11595.5345825,Beauvais (LFOB)
2026,2,FEB,LFOE,Evreux Fauville,France,90,2512.644379271654,1118.182346377559,39300,21640,2908.433734939758,13,27,7625.5638442,5837.816127,103,742.825164792667,206.475340019441,9626,3500,14000,57,73,413.8313193,583.399809,Evreux Fauville (LFOE)
2026,2,FEB,LFOH,Le Havre,France,25,675.9971191484101,492.49985698623607,16100,14260,3183.49846874437,3,4,770.4685850000001,282.213638,18,44.229854468785334,0,440,0,10005.46875,15,18,0.32888699999999277,0,Le Havre (LFOH)
2026,2,FEB,LFOJ,Orleans Bricy,France,66,1121.42475019927,634.1396903060471,17380,11740,4904.166666666666,21,26,3219.7128305,2081.5156855,71,305.17218735606804,32.66192276046487,3108,426,18025.714285714297,56,64,319.332235,28.39992799999999,Orleans Bricy (LFOJ)
2026,2,FEB,LFOK,Chalons Vatry,France,121,3519.749611064854,1850.460922042844,58773,41733,3252.542372881356,16,32,42247.143401,30348.2661745,110,2031.7840236626041,742.110302170895,27720,16580,18992.3076923077,49,95,6063.549172699999,114.88997370000001,Chalons Vatry (LFOK)
2026,2,FEB,LFOP,Rouen,France,80,1597.12711047383,1454.793505419816,55320,53400,3096.170634920634,3,7,1001.410156999999,712.257755,54,422.041909352037,122.99907489744201,6340,3000,7000,33,43,469.84316900000005,100.89280000000001,Rouen (LFOP)
2026,2,FEB,LFOT,Tours,France,144,2859.561248243031,1948.323852346609,65940,56440,3516.770833333333,18,26,2736.2263065,1358.2159425,134,1618.1154744040011,1196.7793829883472,43571,39171,8000,84,103,415.962851,133.70649,Tours (LFOT)
2026,2,FEB,LFOU,Cholet,France,11,48.26105430471235,30.042166988111457,880,660,3000,6,6,75.48758999999998,68.548135,8,192.48560115190799,182.82037437005,4360,4280,21980.833333333303,6,7,25.77057,19.4775,Cholet (LFOU)
2026,2,FEB,LFOV,Laval Entrammes,France,41,573.37814486071,495.584768330833,13533,12733,3920.833333333333,9,11,490.71304100000003,300.046394,35,337.86282495919,45.6947128440251,3760,1240,19000,22,33,199.615837,5.351088,Laval Entrammes (LFOV)
2026,2,FEB,LFOZ,Orleans,France,98,1251.742804050863,1004.251607266754,36960,33380,2872.4300380857753,25,28,795.6033285,549.5672765,91,222.34221570832102,123.160011776304,4147,2947,7000,73,81,28.731388499999998,6.3629999999999995,Orleans (LFOZ)
2026,2,FEB,LFPB,Paris Le Bourget,France,1761,78865.0540570611,56463.0371641642,1118580,866000,4707.142857142857,7,115,190885.6119691999,151486.4576831999,1791,13863.5286633066,5936.487359262161,168283,88500,22000,737,1130,16332.5322204,7698.9587374,Paris Le Bourget (LFPB)
2026,2,FEB,LFPG,Paris Charles de Gaulle,France,16934,424542.90253798343,137243.8753500359,5336500,2470340,4782.426470588236,529,2659,6101473.7465917,3815977.7970492,16916,61927.8744383199,7270.406961744913,535309,86960,33000,11044,15568,185465.3463835,56668.3038085,Paris Charles de Gaulle (LFPG)
2026,2,FEB,LFPM,Melun,France,128,2621.8302585510314,2540.768449657025,76580,75240,2808.418079096045,24,24,972.207352,986.297045,66,885.895454007624,816.412427586303,21220,20520,4831.211136235162,29,30,222.95091270000003,197.1701595,Melun (LFPM)
2026,2,FEB,LFPN,Paris Saclay Versailles,France,310,8691.40654319147,8009.652019366248,212467,199827,3369.37865497076,8,10,3151.260424,2855.2003773,345,3934.9896674987394,3275.032685797541,89969,80630,5000,129,147,733.3544093,387.0600136,Paris Saclay Versailles (LFPN)
2026,2,FEB,LFPO,Paris Orly,France,7585,252035.6369640901,33931.5933884939,2829940,605980,4846.666666666668,496,2902,1850458.7835604,688513.2298758999,7583,32262.0499974328,4590.293576343282,319979,60100,35000,4719,6865,148547.38875820002,46928.035741,Paris Orly (LFPO)
2026,2,FEB,LFPT,Pontoise,France,29,975.5347433974481,773.057947407427,22040,18300,2747.8991596638652,4,5,501.24330380000004,475.71500080000004,39,343.29494768036704,276.50463427189203,6980,5920,5000,16,19,26.53357919999999,19.04421399999999,Pontoise (LFPT)
2026,2,FEB,LFPV,Villacoublay Airbase,France,149,5952.274374450909,4224.8742235300615,92700,68340,3700,4,5,7708.834142499999,5712.8289965,138,1720.551543445596,872.729654139016,24840,13800,7025.192307692308,24,59,1236.9236181,721.2037677000001,Villacoublay Airbase (LFPV)
2026,2,FEB,LFQA,Reims Prunay,France,19,173.016547798921,155.759952798156,6480,6260,3025.5813953488364,2,2,128.86255500000001,126.74890500000001,21,24.027387145233,1.72696928047409,415,95,7000,18,20,9.286489999999999,1.4190749999999999,Reims Prunay (LFQA)
2026,2,FEB,LFQB,Troyes,France,76,1888.816741971681,1569.998236786223,57339,50779,2779.183690840994,10,13,542.414963,406.793203,56,539.323413216302,462.694002771472,12040,11120,7000,40,46,-13.003543699999979,-13.10920499999999,Troyes (LFQB)
2026,2,FEB,LFQG,Nevers Fourchambault,France,27,316.174500099,305.36604920704906,10200,10060,3103.0555555555547,2,3,103.046652,102.944277,25,114.070956317016,93.46260498512235,2800,2560,7000,18,19,19.19979,21.82216,Nevers Fourchambault (LFQG)
2026,2,FEB,LFQM,Besancon La Veze,France,13,300.17877194557,228.11648814778698,7060,5880,4050,5,5,131.003446,140.869746,13,402.03273436263305,28.37002126762608,5660,760,18000,10,12,6.389758999999989,0.1827000000000005,Besancon La Veze (LFQM)
2026,2,FEB,LFQQ,Lille,France,414,7762.446996625313,935.4813891830751,87920,20980,24957.240783410103,96,256,28866.92702025,9942.0067675,411,17725.0038785894,266.879919181158,158872,6012,28986.9565217391,101,401,54719.548841,107.082673,Lille (LFQQ)
2026,2,FEB,LFQT,Merville Calonne,France,68,1224.766217580784,1173.515317652778,42760,41580,2736.099033816425,7,7,353.056455,344.58085500000004,48,180.911786491385,153.433863757462,4532,4292,5168.253968253968,35,36,0.2179300000000141,24.98317999999999,Merville Calonne (LFQT)
2026,2,FEB,LFRB,Brest,France,354,2429.142583202549,1826.9018272331182,48540,42320,3661.2105926418153,115,132,22600.807527999998,20225.225728,322,992.1602140513841,131.173776078766,11494,4254,30000,259,316,589.286639,12.15270499999999,Brest (LFRB)
2026,2,FEB,LFRC,Cherbourg,France,14,181.22330087151798,145.622148963671,4380,3460,3307.8358313489284,3,3,114.756678,112.836228,13,149.78890374540802,0,1880,0,15000,10,13,49.322182300000016,0,Cherbourg (LFRC)
2026,2,FEB,LFRD,Saint Malo,France,56,1307.241197704607,1182.777045244892,29340,27440,3466.262626262626,5,7,2758.259543499999,2557.7526945,52,225.861293276341,54.622652345982004,3400,1680,17000,44,49,697.0259775,1.5687,Saint Malo (LFRD)
2026,2,FEB,LFRE,La Baule Escoublac,France,6,28.98750680408581,28.98750680408581,660,660,3702.5,1,1,15.8718002,15.8718002,8,8.44132469402448,0,120,0,11987.5,6,8,2.327724,0,La Baule Escoublac (LFRE)
2026,2,FEB,LFRG,Deauville,France,70,1704.45719329857,858.838253415806,33520,24800,3436.12370654575,7,12,4639.695634499999,1617.078638,63,528.674085537199,72.77508342528205,6940,2780,16000,40,56,764.352207,15.748949999999999,Deauville (LFRG)
2026,2,FEB,LFRH,Lorient,France,102,1207.143407900497,976.092270025008,23280,20100,3781.3897187241473,23,25,1444.721601,1286.5585535,106,621.8666812129401,175.198371513039,7940,2700,19000,85,101,243.88514720000003,80.352923,Lorient (LFRH)
2026,2,FEB,LFRI,La Roche sur Yon,France,73,847.754049678144,605.944837954021,18160,13820,2956.25,23,24,481.9801095,456.470343,73,319.70706704851403,23.22811117056271,3560,480,24000,54,71,59.5556755,0.7297450000000012,La Roche sur Yon (LFRI)
2026,2,FEB,LFRJ,Landivisiau,France,34,812.201416156878,489.030854110417,13240,9700,2800,4,10,896.5190795,762.2228775,30,99.81598149011258,23.52749280057594,980,300,21000,25,29,128.328507,-3.20729799999999,Landivisiau (LFRJ)
2026,2,FEB,LFRK,Caen,France,91,2810.437274287944,669.372992132378,36300,14640,3604.166666666667,4,20,17311.354062999995,3962.7206,86,1510.4586279971882,44.58286037482814,13560,1260,29000,44,83,3684.649567999999,44.55743,Caen (LFRK)
2026,2,FEB,LFRM,Le Mans,France,40,826.220426934623,606.4192799110041,19660,17240,2934.653916211293,7,7,796.3517385,367.5129465,31,106.612763399622,60.3191744660427,1320,820,8987.5,23,28,179.93090850000002,147.994349,Le Mans (LFRM)
2026,2,FEB,LFRN,Rennes,France,386,3178.360269039103,1672.503396116318,56000,38560,3073.844086021505,117,165,16990.1804121,11737.7576727,381,1644.719327629231,167.93972386882402,17689,4489,25000,279,370,1573.9243925,70.4829255,Rennes (LFRN)
2026,2,FEB,LFRO,Lannion,France,14,282.45035848380104,282.45035848380104,7320,7320,3082.771619098952,3,3,104.84881,104.84881,9,28.725701943844477,0,260,0,12000,8,9,-31.45303499999994,0,Lannion (LFRO)
2026,2,FEB,LFRQ,Quimper,France,19,460.68495421882204,402.882578408886,11660,10380,3379.166666666667,5,5,144.79152200000001,115.238348,8,49.46361475832665,0,660,0,18000,6,8,25.10294999999999,0,Quimper (LFRQ)
2026,2,FEB,LFRS,Nantes,France,1670,16616.141182313797,6127.184124549015,226640,116080,10011.2903225806,554,847,164709.5526165,103660.423263,1643,6231.206104414597,24.416415350366442,50920,480,33000,1189,1636,6818.0048682,527.00235,Nantes (LFRS)
2026,2,FEB,LFRT,Saint Brieuc,France,44,483.471340785278,417.83522445129205,14240,12940,2805.0847457627115,9,10,516.0808845,446.1524595,33,340.535659610859,181.771435029384,6518,4798,19000,22,30,-18.282694299999978,9.83593000000002,Saint Brieuc (LFRT)
2026,2,FEB,LFRU,Morlaix,France,20,229.026770795581,229.026770795581,6740,6740,3100.886392009987,7,7,236.674712,236.674712,8,3.9836813054955598,3.9836813054955598,140,140,27500,7,7,0.29925,0.29925,Morlaix (LFRU)
2026,2,FEB,LFRV,Vannes,France,11,181.36116982680304,161.247778898078,5820,5380,4000,5,6,34.66154999999999,31.777199999999997,11,27.33008850154852,2.80617944653098,360,80,15998.75,7,10,11.502519,-0.0787500000000001,Vannes (LFRV)
2026,2,FEB,LFRZ,Saint Nazaire,France,109,972.473715118702,657.975584916149,18520,14800,3078.050847457627,22,22,13112.975258,10889.303315000001,112,231.584442392715,85.40613454220366,3920,2180,22966.666666666697,93,111,48.69784499999998,1.8648,Saint Nazaire (LFRZ)
2026,2,FEB,LFSB,Basel/Mulhouse,France,2372,42990.9224833881,5233.293784886404,464160,94940,8954.598308668077,345,1239,249166.2339667,78210.91589630001,2357,13414.6051975746,255.47702182915302,118187,5987,34055,1504,2336,30289.4932741,4822.187863000001,Basel/Mulhouse (LFSB)
2026,2,FEB,LFSD,Dijon Longvic,France,47,1140.0744778513729,966.464041536277,32053,29593,3297.1751412429376,5,9,1450.5800534999992,1303.8401214999992,37,92.10097839725418,4.81985336699599,1080,120,11000,30,36,23.47177319999999,-0.1953,Dijon Longvic (LFSD)
2026,2,FEB,LFSG,Epinal Mirecourt,France,16,480.41239444684504,376.12701742132003,10240,8720,3481.11111111111,2,2,1287.654909,1111.644369,11,57.93125835647433,0,580,0,13000,9,11,197.38693,0,Epinal Mirecourt (LFSG)
2026,2,FEB,LFSI,Saint Dizier,France,16,462.62313950755305,65.78494130059548,7040,1580,4003.375937760489,0,6,2582.1458305,207.6583755,14,76.70993888219563,0,780,0,19000,10,14,53.28846759999999,0,Saint Dizier (LFSI)
2026,2,FEB,LFSL,Brive Souillac,France,113,1328.3807463767791,1255.581307407419,36788,35808,3316.666666666667,20,22,1843.6363019999992,1782.971422,103,198.27103146038002,123.61593072193901,5220,4280,18000,92,98,38.20155750000002,18.72517500000001,Brive Souillac (LFSL)
2026,2,FEB,LFSM,Montbeliard,France,5,171.835086857876,148.242379679856,4120,3740,5313.636363636364,0,1,122.46017900000001,120.204779,3,0,0,0,0,9000,3,3,0,0,Montbeliard (LFSM)
2026,2,FEB,LFSN,Nancy Essey,France,29,335.35424651993003,188.597666849259,6620,4680,3643.636363636364,3,6,220.031196,118.399627,29,295.211714435475,33.664493281215464,4060,760,16950,17,26,170.1690902,5.6316749999999995,Nancy Essey (LFSN)
2026,2,FEB,LFSO,Nancy Ochey,France,13,403.363608537685,159.195642377017,5020,2680,3459.322033898305,0,2,365.71668020000004,446.7842792,13,89.47270964483623,11.362532857836479,1360,200,20000,9,12,47.352423,5.85375,Nancy Ochey (LFSO)
2026,2,FEB,LFSP,Pontarlier,France,1,38.99332628169804,0,580,0,16037.0967741935,0,1,16.371862,0,1,0,0,0,0,8000,1,1,0,0,Pontarlier (LFSP)
2026,2,FEB,LFST,Strasbourg,France,397,8097.479750864509,1917.1163208854452,95780,37240,4192.5,44,95,45428.507727200005,21194.136966,389,3969.1137285110044,108.616338961414,38260,2560,31000,203,380,12617.1580185,23.93893249999999,Strasbourg (LFST)
2026,2,FEB,LFSX,Luxeuil,France,16,219.00243856273403,128.262913155832,3740,2480,3545.203081232492,5,6,490.5705755,323.2336755,18,191.336243003719,0,3400,0,17500,14,18,395.4985700000001,0,Luxeuil (LFSX)
2026,2,FEB,LFTF,Cuers,France,7,86.44183211554729,51.710997679076456,1420,920,11000,3,4,34.674451,19.005301,7,297.702283499364,207.308279026513,6320,5080,8733.863920099875,1,3,31.47385469999999,21.37729099999999,Cuers (LFTF)
2026,2,FEB,LFTH,Toulon/Hyeres,France,132,1616.279019824636,971.3176788611271,24300,17840,2872.621561544873,30,50,5129.2141277,4098.961857,133,669.533891180813,8.29385262082259,7480,100,24000,82,130,1387.394194199999,20.708884999999988,Toulon/Hyeres (LFTH)
2026,2,FEB,LFTW,Nimes,France,260,4232.44049705543,2702.9760704758332,102489,87309,3277.205882352941,41,66,8745.8528218,4211.8287068,239,878.4296596199421,469.41186417564506,19992,16012,8000,172,200,1742.662299,575.607256,Nimes (LFTW)
2026,2,FEB,LFTZ,Saint Tropez,France,33,380.907244782645,186.479614801009,6260,3720,7026.315789473685,7,11,249.86827,147.2812275,31,162.517652760814,9.199296314359371,2440,140,24000,23,29,106.5173412,5.53297,Saint Tropez (LFTZ)
2026,2,FEB,LGAD,Andravida,Greece,6,17.495356305762126,0,220,0,15000,4,6,-6.7457199999999995,0,8,0,0,0,0,17000,8,8,0,0,Andravida (LGAD)
2026,2,FEB,LGAL,Alexandroupolis,Greece,186,793.687520570131,288.61207943280806,14120,7320,15000,115,138,3203.308437,2307.6319579999995,186,326.21149499027,52.027466178159976,5160,1160,16000,161,179,553.1293875,97.32686000000001,Alexandroupolis (LGAL)
2026,2,FEB,LGAV,Athens,Greece,8270,38310.8655749037,16819.6757248485,545940,308560,10000,3470,4467,362949.6312614,264101.1230278,8327,17882.402310666403,607.003683516818,169565,10040,33000,6660,8262,25186.3897252,2333.9487607,Athens (LGAV)
2026,2,FEB,LGBL,Nea Anchialos,Greece,25,341.80027486717205,25.571454283657268,4220,480,12000,8,23,585.609507,92.18553699999995,15,11.267098632109429,0,140,0,13000,14,15,-1.08640000000003,0,Nea Anchialos (LGBL)
2026,2,FEB,LGEL,Elefsis Airbase,Greece,154,900.088773653542,423.965788757575,14560,7880,8450,62,85,2629.7007794,1652.1657822,154,440.061661842238,14.128869690424759,5820,220,19000,128,149,578.6199597000001,6.6172387,Elefsis Airbase (LGEL)
2026,2,FEB,LGHI,Chios,Greece,197,371.924676533703,210.51934506472801,6860,4300,13000,150,163,841.2205325,572.217892,198,174.081767059335,141.42859411274,3720,3140,14000,170,177,307.8920045,261.053087,Chios (LGHI)
2026,2,FEB,LGIK,Ikaria,Greece,39,118.92589571771401,27.74471814268373,1820,500,15000,30,34,303.15343750000005,64.24240799999998,38,33.771531914563646,11.461787282369519,520,180,14000,34,36,33.545979999999965,1.06417999999999,Ikaria (LGIK)
2026,2,FEB,LGIO,Ioannina,Greece,70,519.3303305697011,12.443625488981839,7860,300,11998.730158730199,25,65,1558.0793535,204.494063,71,361.380011011267,123.175600497415,6260,3040,16961.2903225806,53,70,210.643994,64.61067399999995,Ioannina (LGIO)
2026,2,FEB,LGIR,Heraklion,Greece,574,2056.1706289742538,1467.0899950307912,42700,35480,12000,289,308,21881.0257735,20988.536023499997,577,810.6514584793191,0,9240,0,26000,523,577,905.3347912,0,Heraklion (LGIR)
2026,2,FEB,LGKA,Kastoria,Greece,8,94.59769851573188,16.199822888326118,1600,340,5996.666666666668,2,4,195.79872,55.66313,9,35.42410983275527,20.18473344936718,580,380,15000,6,8,95.28591999999999,97.928235,Kastoria (LGKA)
2026,2,FEB,LGKC,Kithira,Greece,18,116.869574986331,48.995657456343075,2320,1180,11525,8,12,410.015525,233.75204000000002,18,5.59215262778977,0,80,0,14000,17,18,3.350288,0,Kithira (LGKC)
2026,2,FEB,LGKF,Kefallinia,Greece,35,281.099269595064,22.27956568492278,4280,500,14000,19,30,458.90035900000004,54.82574999999998,31,36.74820674072214,0,440,0,17000,26,31,-20.825169,0,Kefallinia (LGKF)
2026,2,FEB,LGKJ,Kastelorizo,Greece,6,10.052195824334039,10.052195824334039,160,160,10000,5,5,5.8456867,5.8456867,9,6.94744420446364,6.94744420446364,120,120,8000,8,8,10.17555,10.17555,Kastelorizo (LGKJ)
2026,2,FEB,LGKL,Kalamata,Greece,20,161.118613711758,90.8741506731414,2780,1780,11081.6524767802,6,15,596.0476865,338.682147,20,190.68489076336598,0,2620,0,15481.6666666667,12,20,262.0667445,0,Kalamata (LGKL)
2026,2,FEB,LGKM,Kavala,Greece,9,138.16718979554201,17.38412651125841,4100,700,8105.49180327869,4,7,6.55725,3.16575,7,162.51338730036102,23.14061028963836,5760,780,9000,4,5,24.791549999999997,3.74955,Kavala (LGKM)
2026,2,FEB,LGKO,Kos,Greece,212,578.7635104625281,289.561121473009,10260,5920,15000,172,181,1811.944625,1228.9778005,208,443.642491513887,31.32120018633803,7340,560,15998.774509803901,183,204,608.646295,25.078076,Kos (LGKO)
2026,2,FEB,LGKP,Karpathos,Greece,44,121.701453403675,105.191202381905,2100,1860,12000,32,34,308.234039,284.237602,40,56.589435084882034,9.883111790081179,820,140,14000,36,38,49.28442,2.1971199999999897,Karpathos (LGKP)
2026,2,FEB,LGKR,Corfu,Greece,167,1158.0097033511731,520.267492065357,19000,9880,15978.2608695652,87,100,7593.8648938,6509.4404418,166,449.8778803263951,0,5420,0,19000,143,166,130.305,0,Corfu (LGKR)
2026,2,FEB,LGKS,Kassos,Greece,5,0,0,0,0,3000,5,5,0,0,2,0,0,0,0,5000,2,2,0,0,Kassos (LGKS)
2026,2,FEB,LGKV,Kavala Alexander the Great,Greece,59,232.19518104537502,34.42041415996787,3540,620,13000,31,54,447.00700550000005,269.4788250000001,57,60.505937425072034,33.14189410301722,960,540,15935,51,55,107.824455,58.949629999999964,Kavala Alexander the Great (LGKV)
2026,2,FEB,LGKY,Kalymnos,Greece,9,18.10721779888274,18.10721779888274,360,360,15000,6,6,59.47884,59.47884,7,0,0,0,0,16000,7,7,0,0,Kalymnos (LGKY)
2026,2,FEB,LGKZ,Kozani,Greece,9,111.14807018335401,2.4966160131161,1660,40,12018.604651162801,3,8,74.92537000000004,7.223999999999999,8,11.825053995680339,0,180,0,13000,6,8,12.20100000000001,0,Kozani (LGKZ)
2026,2,FEB,LGLE,Leros,Greece,16,58.968299130295335,56.43050215405345,1120,1080,8996.666666666666,10,12,22.80448000000001,18.194980000000008,12,0,0,0,0,14000,12,12,0,0,Leros (LGLE)
2026,2,FEB,LGLM,Lemnos,Greece,104,508.62555278918506,279.3368748369651,8440,5360,13000,57,70,1513.369553499999,1105.9296565,105,395.46503889398707,322.47546786011304,5460,4460,14000,91,94,912.872713,556.5568055,Lemnos (LGLM)
2026,2,FEB,LGLR,Larissa,Greece,17,178.264404368539,20.49512268526723,2680,380,12048.3870967742,5,13,1165.6527979999992,651.044658,15,106.505548521636,0,680,0,15000,14,15,-10.66773000000009,0,Larissa (LGLR)
2026,2,FEB,LGMG,Megara,Greece,7,65.85339455364617,65.85339455364617,2900,2900,6550,3,3,20.331685,20.331685,38,266.902078110402,266.902078110402,9188,9188,6792.222222222221,12,12,33.91394499999999,33.91394499999999,Megara (LGMG)
2026,2,FEB,LGMK,Mikonos,Greece,70,210.27877757951902,161.499753793047,3720,3120,11000,50,50,720.9667533,529.5627533,69,13.328751131732849,6.12932708565654,180,100,12000,65,66,32.65605,3.3243,Mikonos (LGMK)
2026,2,FEB,LGML,Milos,Greece,54,328.80073964167,248.77122628496502,9760,7900,8981.132075471698,27,31,342.28029000000004,310.89369,42,0,0,0,0,12000,42,42,0,0,Milos (LGML)
2026,2,FEB,LGMT,Mitilini,Greece,218,535.39140989018,332.39938791299903,9420,6640,15000,177,191,1711.626855999999,1601.2715165,219,160.628696997944,24.78782019618378,2360,420,14000,205,214,329.6519025,73.42806999999998,Mitilini (LGMT)
2026,2,FEB,LGNX,Naxos,Greece,55,134.795489194163,133.355604384948,2600,2580,9000,40,40,97.62377000000001,97.33502000000001,53,82.12721857859457,82.12721857859457,1320,1320,8000,32,32,5.6616349999999995,5.6616349999999995,Naxos (LGNX)
2026,2,FEB,LGPA,Paros,Greece,78,171.776565599468,162.86195520914902,3040,2920,9000,56,57,-65.23077399999995,-65.11527999999996,77,146.769673265038,143.41841048904902,2389,2329,8000,45,47,260.707335,252.13933500000002,Paros (LGPA)
2026,2,FEB,LGPL,Astypalaia,Greece,16,19.70515086065841,14.542836573074139,360,300,15000,14,15,-8.87198,-2.41448,11,1.01241900647948,0,20,0,16000,10,11,3.28125,0,Astypalaia (LGPL)
2026,2,FEB,LGPZ,Preveza,Greece,32,118.57330862862099,71.04324343463229,2520,1700,10000,18,23,190.9351292,115.1458142,23,126.28029629143201,3.23974082073434,1400,60,15000,14,22,48.83791500000007,12.694499999999989,Preveza (LGPZ)
2026,2,FEB,LGRD,Rhodes Maritsa,Greece,5,2.8785562323553195,2.8785562323553195,40,40,19000,3,3,0.6045349999999984,0.6045349999999984,6,5.38156947444205,0,80,0,17000,5,6,0,0,Rhodes Maritsa (LGRD)
2026,2,FEB,LGRP,Rhodes,Greece,326,1248.2069132039162,844.5635373224901,20880,16640,13000,183,195,14292.802655,13909.94292,319,246.81376949356502,6.538264172908719,2760,120,30000,297,317,916.6458962,22.89971,Rhodes (LGRP)
2026,2,FEB,LGRX,Araxos,Greece,8,222.676677662096,80.50398952507166,4340,2240,6650.847457627118,2,4,148.1695273,160.3413903,5,17.28311735061195,7.90136789056875,260,140,16000,2,3,-11.47335,-11.47335,Araxos (LGRX)
2026,2,FEB,LGSA,Chania,Greece,385,2905.689274589406,1118.611035958198,42000,19760,10225.1092896175,154,213,32392.472781,17510.1231595,381,806.848792745699,14.55745241179906,7360,240,24000,335,377,2662.2904495000002,59.556000000000004,Chania (LGSA)
2026,2,FEB,LGSK,Skiathos,Greece,17,13.28519388169669,5.36947010794316,260,140,12000,13,14,31.609195,21.841574999999988,17,0,0,0,0,13000,17,17,0,0,Skiathos (LGSK)
2026,2,FEB,LGSM,Samos,Greece,128,621.3104021087581,338.22225048691104,9940,6220,14000,81,87,1143.486417,1069.12015,125,181.373775339768,5.97027505083984,3180,120,14000,109,122,479.82764000000003,32.65972999999999,Samos (LGSM)
2026,2,FEB,LGSO,Syros,Greece,15,37.71210538290223,37.71210538290223,1020,1020,7000,10,10,3.70702000000001,3.70702000000001,15,16.56587473002159,16.56587473002159,360,360,8000,12,12,7.50068,7.50068,Syros (LGSO)
2026,2,FEB,LGSR,Santorini,Greece,251,333.20099990369,270.017735237132,6160,5340,13000,199,205,1782.1875123,1702.2221098,251,171.841667682657,54.83507699301473,2684,860,14000,238,245,230.608396,140.362417,Santorini (LGSR)
2026,2,FEB,LGST,Sitia,Greece,35,203.728245179286,102.795394267822,3300,2080,15000,24,28,150.332268,200.47235,33,68.68119239466047,1.3498920086393098,980,20,16000,28,32,89.771113,-0.5355000000000006,Sitia (LGST)
2026,2,FEB,LGSY,Skiros,Greece,32,151.735021981619,119.42117851766801,4060,3580,11000,18,21,116.67836000000001,79.98767000000001,32,4.22966162706983,2.42980561555076,65,45,12000,30,31,7.166245,7.9983699999999995,Skiros (LGSY)
2026,2,FEB,LGTG,Tanagra,Greece,11,214.80038784300402,16.20077290368495,3160,320,8163.571428571428,3,7,1116.206286999999,155.8263,7,15.64681499562348,0,180,0,12011.2903225806,5,7,31.89770199999999,0,Tanagra (LGTG)
2026,2,FEB,LGTL,Kasteli,Greece,4,21.679718136515557,0,280,0,13002.979515828702,3,4,0,0,4,13.03908590538563,0,180,0,14500,3,4,47.412699999999965,0,Kasteli (LGTL)
2026,2,FEB,LGTS,Thessaloniki,Greece,1715,7957.025398247735,3618.719232873486,116880,70760,16000,814,1024,84392.2636167,67839.02259800001,1720,3282.378860227055,40.65891227917178,31460,1120,31921.169181034496,1450,1713,6385.4207158,67.62945499999998,Thessaloniki (LGTS)
2026,2,FEB,LGZA,Zakinthos,Greece,18,45.35798513788725,17.214497486464577,920,380,15000,15,16,143.85892,41.22929999999999,17,19.21904157443508,11.512927705279369,320,200,15000,13,15,42.11497999999999,29.12647499999999,Zakinthos (LGZA)
2026,2,FEB,LHBP,Budapest,Hungary,4732,72161.6766897457,7200.136893347521,676920,133680,31971.875,1229,3178,312732.8822982999,172733.9734841999,4742,26074.0021662281,88.21897343324939,221680,1160,34040.951236263696,3198,4713,51606.679842,1256.507762,Budapest (LHBP)
2026,2,FEB,LHDC,Debrecen,Hungary,65,828.185216104697,226.707774933514,10980,5200,3086.184558434691,11,23,6041.1821865,3931.7389779999994,64,221.805374177682,18.81563760613436,2020,260,34000,49,63,666.7570870000001,186.36951000000002,Debrecen (LHDC)
2026,2,FEB,LHKE,Kecskemet,Hungary,23,132.0045460766,102.989256462331,1620,1380,3250,8,9,423.24587,315.90016,22,25.58991468365816,0,220,0,34000,20,22,39.724279999999965,0,Kecskemet (LHKE)
2026,2,FEB,LHNY,Nyiregyhaza,Hungary,2,67.29981981876234,67.29981981876234,2520,2520,3443.20652173913,0,0,11.83455,11.83455,2,8.85326407089014,8.85326407089014,377,377,7708.312747035573,1,1,2.5389,2.5389,Nyiregyhaza (LHNY)
2026,2,FEB,LHPA,Papa,Hungary,14,265.068639842901,134.55866002964,4560,3120,2701.470588235294,0,2,9405.378015,7224.019384999999,14,1.92841715519901,0,20,0,30000,13,14,29.434099999999997,0,Papa (LHPA)
2026,2,FEB,LHPP,Pecs Pogany,Hungary,9,89.54994971830318,79.78948682433166,2860,2600,8000,5,5,3.3872999999999998,3.3872999999999998,6,0,0,0,0,10500,6,6,0,0,Pecs Pogany (LHPP)
2026,2,FEB,LHPR,Gyor Per,Hungary,60,608.996252513808,512.06838174347,15580,14020,4598.579545454545,20,21,403.629497,350.63243400000005,57,151.47242281328,106.924620566031,4181,3781,10000,47,48,57.74752999999999,23.85473999999999,Gyor Per (LHPR)
2026,2,FEB,LHSM,Heviz Balaton,Hungary,33,401.38878068813307,229.434444167233,8740,6940,4240.625,10,11,329.7332812,184.65100800000002,30,172.754894168203,140.69849439447103,4340,4080,8000,23,25,12.150772,0.0598499999999964,Heviz Balaton (LHSM)
2026,2,FEB,LIBA,Amendola,Italy,5,146.957954870247,90.3642028013543,2340,1620,4231.25,2,2,39.3453125,7.560502499999999,4,4.805615550755939,0,60,0,23000,3,4,0,0,Amendola (LIBA)
2026,2,FEB,LIBC,Crotone,Italy,93,295.120597886213,29.92732484149689,3420,600,33000,69,86,923.303885,217.92196,93,178.74477336448498,0,2000,0,36000,76,93,698.110318,0,Crotone (LIBC)
2026,2,FEB,LIBD,Bari,Italy,1581,10551.7807413271,2932.803836363772,120280,49220,31000,782,1110,65657.822278,43485.336106,1587,4068.41516360482,22.235673630169927,36516,836,36000,1287,1582,7858.6462665,1365.5719299999992,Bari (LIBD)
2026,2,FEB,LIBF,Foggia,Italy,42,312.786474241115,196.14017021569,6020,4580,2933.809070121951,10,18,3227.7495939999994,2790.542794,42,121.27368461881899,0,1220,0,32000,28,42,434.44695,0,Foggia (LIBF)
2026,2,FEB,LIBG,Taranto,Italy,11,227.944862786761,136.815962293389,2880,2180,6964.615384615385,2,5,1800.8265059999992,1265.489286,14,50.44226509695707,0,460,0,32000,9,14,384.16103000000004,0,Taranto (LIBG)
2026,2,FEB,LIBN,Lecce,Italy,7,205.350877074689,178.018777928335,3180,2880,2350,1,1,1.66731999999999,21.974349999999998,7,82.37580993520515,0,760,0,28000,5,7,18.72359999999999,0,Lecce (LIBN)
2026,2,FEB,LIBP,Pescara,Italy,284,1335.289225941535,335.90853243332305,17080,6220,32003.7735849057,167,243,8136.575323,2266.531805,274,599.7888300090451,14.19079547229295,5481,381,35000,225,273,1128.3292509999992,0.5402249999999991,Pescara (LIBP)
2026,2,FEB,LIBR,Brindisi,Italy,598,2697.752962342089,706.3618201497351,31780,12820,35000,363,456,20854.3914875,12317.7663655,603,1350.869633965273,43.79356968515689,12680,740,36000,476,601,3836.744271999999,140.419875,Brindisi (LIBR)
2026,2,FEB,LIBV,Gioia del Colle,Italy,7,27.94974665338062,12.2905571281004,380,200,8960.60606060606,3,4,21.46970499999999,17.14570699999999,6,10.04319654427646,0,120,0,22000,5,6,8.25656399999999,0,Gioia del Colle (LIBV)
2026,2,FEB,LICA,Lamezia Terme,Italy,653,2913.475843972117,950.267586420078,39560,17460,18140.1515151515,304,502,26722.1001253,14965.7728088,649,1236.2017757273832,15.582518633274558,11400,260,36000,537,646,3510.8794709999993,65.2874775,Lamezia Terme (LICA)
2026,2,FEB,LICB,Comiso,Italy,93,857.2071646750732,745.123594292242,13500,12380,33000,55,60,12618.921245,12386.575115,78,85.93826932898541,0,820,0,34000,69,78,209.290184,0,Comiso (LICB)
2026,2,FEB,LICC,Catania,Italy,2232,9139.875110684217,2851.6483698001684,123140,53740,29000,1131,1600,86303.1700242,51070.331403200005,2227,3713.944266135947,0,33360,0,36000,1852,2227,7769.797367,0,Catania (LICC)
2026,2,FEB,LICD,Lampedusa,Italy,88,512.691841873617,400.73738443710903,11580,9640,15000,48,50,844.6134880000001,837.8959255000001,90,135.48281560342,20.759185574557467,2060,440,16000,81,88,121.7063125,10.421249999999999,Lampedusa (LICD)
2026,2,FEB,LICG,Pantelleria,Italy,115,378.13733106087204,65.69388081531336,6360,1360,11000,74,97,818.4396380000001,155.43571,115,41.81434425701802,5.6745770897334395,640,100,12000,110,114,73.05926800000002,13.32712999999999,Pantelleria (LICG)
2026,2,FEB,LICJ,Palermo,Italy,1779,4877.696063212807,2302.2378305072402,66960,40640,33000,1156,1349,38256.445332,32400.2026835,1782,3282.7014193518294,13.65374560361801,30660,220,36000,1498,1775,8580.448220999999,123.295675,Palermo (LICJ)
2026,2,FEB,LICR,Reggio Calabria,Italy,238,1861.42184012342,329.06250233370804,18880,5400,33000,108,172,9280.113331999999,5419.847276999999,237,481.01373503076,1.7998560115190798,4400,20,36087.037037037,192,236,1472.5926529999992,13.707749999999999,Reggio Calabria (LICR)
2026,2,FEB,LICT,Trapani,Italy,252,1096.4904669582531,621.6437122366161,17063,11323,19975,149,180,9735.2039087,6081.6033707,250,512.890411850656,0,5340,0,34000,223,250,1001.754767,0,Trapani (LICT)
2026,2,FEB,LICZ,Catania Sigonella,Italy,99,1004.878193298051,521.333585742233,15120,9220,7267.272727272727,35,49,10547.9527085,8004.6388165,95,256.68920770850104,3.18574514038877,3240,40,24000,75,94,777.55201,7.601149999999989,Catania Sigonella (LICZ)
2026,2,FEB,LIEA,Alghero,Italy,266,1861.5301728126742,808.946824651937,27880,14760,8941.840659340658,102,134,17105.6607707,9462.6655217,265,259.40608277140103,32.608837262144235,2620,640,30000,240,263,736.58841,58.0823,Alghero (LIEA)
2026,2,FEB,LIED,Decimomannu,Italy,36,730.2483297603251,313.36096342784504,11680,5900,5342.570346320346,12,14,2215.852652299999,1545.7541752999991,31,410.81112250364004,7.94507867941993,7640,120,22030.612244898,24,30,21431.857607500002,21.25929999999999,Decimomannu (LIED)
2026,2,FEB,LIEE,Cagliari,Italy,950,4269.883316871714,1039.040362290359,53000,19340,33000,646,789,22300.5517855,12585.119237,948,2549.710104264231,80.90430392493487,22880,960,32000,779,940,5389.3144585,204.5234225,Cagliari (LIEE)
2026,2,FEB,LIEO,Olbia,Italy,343,1733.918459187049,825.6614480290431,23960,14120,14998,153,219,10653.2182293,7715.0155165,347,306.29222914648005,71.83162393254986,4240,2000,29000,314,343,950.373213,33.716555,Olbia (LIEO)
2026,2,FEB,LIMA,Torino Aeritalia,Italy,6,40.07667857936063,5.7671571073122,1060,140,8959.545454545454,2,4,5.179125,1.0274249999999998,9,72.12162843744873,72.12162843744873,2660,2660,10000,7,7,26.52772,26.52772,Torino Aeritalia (LIMA)
2026,2,FEB,LIMB,Milan Bresso,Italy,14,139.749159555083,84.84349446673204,3360,2140,8998.636655260907,3,8,22.857454999999998,17.779654999999998,17,40.28804623121119,18.85317532595982,880,500,13000,13,15,18.373635,9.7104,Milan Bresso (LIMB)
2026,2,FEB,LIMC,Milan Malpensa,Italy,7962,112861.9203784204,34674.4794812985,1324520,625160,4712.256006006005,1417,3467,1267565.3628263,919002.6104026,7971,30570.0604443159,382.66148274806403,258920,5120,34240.625,5538,7855,66104.12990449999,5196.067767,Milan Malpensa (LIMC)
2026,2,FEB,LIME,Bergamo,Italy,3723,64908.1531478873,6043.87248363944,622700,99140,30000,1068,2874,266643.8743724999,91414.7514312,3747,20115.2077901753,85.43382448571072,165020,1300,35000,2457,3716,23069.829234,675.200828,Bergamo (LIME)
2026,2,FEB,LIMF,Turin,Italy,1725,20039.296536762802,3545.538937117167,210780,63100,20025,437,1079,82870.4557367,42750.608264999995,1726,6327.508010060959,184.78328606683903,58000,4160,35000,1241,1711,10526.367622200001,365.56429870000005,Turin (LIMF)
2026,2,FEB,LIMG,Albenga,Italy,26,327.08438150520504,109.25026877055001,6500,2640,4707.7667578659375,5,10,361.901268,227.23233000000002,22,41.77691687958285,3.98011934695019,500,100,17000,18,20,29.1295528,1.6301249999999998,Albenga (LIMG)
2026,2,FEB,LIMJ,Genoa,Italy,494,5872.232455618398,1862.8611604616272,72720,32160,10000,139,260,31668.962735499998,18750.5253242,497,1380.211043967445,66.64679695993779,14060,2380,30047.331378299103,379,494,1988.1315052,309.943433,Genoa (LIMJ)
2026,2,FEB,LIML,Milan Linate,Italy,4686,50068.0178563613,14201.8391854736,589920,259920,3846.68224983075,1068,2047,303509.74944009987,190257.8307752,4676,15807.046078890002,151.981760060426,139100,2000,33000,3373,4613,30894.2129523,926.4309815,Milan Linate (LIML)
2026,2,FEB,LIMN,Cameri,Italy,5,421.01064704936704,117.15071633816899,5320,1600,2600,0,2,333.971448,-9.49671399999997,6,152.935814620828,0,1100,0,22034,1,6,-198.02564999999998,0,Cameri (LIMN)
2026,2,FEB,LIMP,Parma,Italy,56,542.377591577693,182.757409949149,6900,3880,21013.782051282098,23,37,789.9449787000001,522.0312577000001,51,191.19409314626003,1.7998560115190798,2240,20,29000,38,50,169.6495912,2.2784999999999997,Parma (LIMP)
2026,2,FEB,LIMW,Aosta,Italy,9,216.982177001167,0,2300,0,18041.0714285714,1,9,184.879327,0,9,54.14013051628877,0,820,0,17028.2051282051,2,9,159.521402,0,Aosta (LIMW)
2026,2,FEB,LIMZ,Cuneo,Italy,55,466.38685000100605,93.34623858771617,7640,2140,9000,20,32,1086.0351599,451.89816160000004,54,203.73768927342402,59.21750764665408,2741,1441,29444.6428571429,34,45,119.72649400000002,61.391264,Cuneo (LIMZ)
2026,2,FEB,LIPA,Aviano,Italy,28,582.776829576306,216.04010041859902,8200,3620,2976.229508196721,1,3,1453.415614699999,795.6247700000001,29,81.80955578015426,17.46538199022,820,260,23000,25,27,143.778532,17.735232,Aviano (LIPA)
2026,2,FEB,LIPB,Bolzano,Italy,331,5160.974415774378,3.34731415197658,65800,120,16000,105,329,15419.7853559,35.0673737,323,1252.022558570556,0,12980,0,24000,243,323,1452.149468299999,0,Bolzano (LIPB)
2026,2,FEB,LIPC,Cervia,Italy,4,89.1944277824408,36.49488560395687,1340,680,3111.464646464646,0,0,246.364893,195.46902,4,30.43735820175998,14.090512103294019,400,260,18000,3,3,97.11586999999996,68.26995999999995,Cervia (LIPC)
2026,2,FEB,LIPE,Bologna,Italy,2652,34226.3764396409,4789.759848906617,344660,83940,20000,835,1814,145226.6771005,72633.18624020001,2660,9905.822392922692,260.605559384639,86805,4660,35000,1930,2639,15581.0008277,925.2257000000001,Bologna (LIPE)
2026,2,FEB,LIPH,Treviso,Italy,755,8785.879115401802,1118.47627567221,95560,19320,29032.1428571429,301,641,53911.390328,15597.8229555,710,3139.8769853129893,11.11385305282051,26880,140,35000,506,707,4383.7526785,42.493715000000016,Treviso (LIPH)
2026,2,FEB,LIPI,Rivolto,Italy,2,24.29772416562113,9.11797080395456,400,200,2265.133267894895,0,0,33.750727499999996,12.1364775,2,6.13390928725702,0,80,0,19987,1,2,8.00746,0,Rivolto (LIPI)
2026,2,FEB,LIPK,Forli,Italy,63,534.506643162067,306.277911053797,8420,6000,21961.2903225806,25,39,1194.1108915,851.5088055000001,77,275.782640435287,81.17856789544815,4386,2626,30106.333333333303,57,71,480.178093,30.665443999999997,Forli (LIPK)
2026,2,FEB,LIPL,Ghedi,Italy,4,29.32695688146634,16.77178738198279,520,380,2428.365600448933,0,0,1985.222379999999,1450.75524,4,47.04510595674085,0,460,0,23023.333333333303,1,4,1.14598199999987,0,Ghedi (LIPL)
2026,2,FEB,LIPN,Verona Boscomantico,Italy,9,31.26378699373003,20.88490301873376,740,580,13959.2592592593,4,5,9.146025,5.5135499999999995,11,51.25842840326784,38.31138624456262,1020,840,22000,8,9,10.14232249999999,1.6421999999999999,Verona Boscomantico (LIPN)
2026,2,FEB,LIPO,Brescia,Italy,230,2319.272445248739,615.117238669871,31260,14760,11484.5108695652,82,130,9822.4205915,5227.925360999999,228,829.7502984910741,124.947350185893,9812,3752,33000,168,215,839.9901235,45.406209999999994,Brescia (LIPO)
2026,2,FEB,LIPQ,Trieste,Italy,450,4411.372874179673,779.200266910323,48380,14420,14998.5887096774,154,296,22796.4571115,11682.999518,449,1546.941634063467,74.3294001078432,14140,1480,33953.947368421104,344,445,2205.008488,83.61779999999997,Trieste (LIPQ)
2026,2,FEB,LIPR,Rimini,Italy,51,465.741504520757,222.782575202918,8240,5380,3527.777777777777,15,21,1455.610037299999,704.0609390000001,45,238.525154547608,60.00734906452133,4220,1520,28000,33,43,213.971984,11.12107999999999,Rimini (LIPR)
2026,2,FEB,LIPS,Treviso Istrana,Italy,4,31.464072505879237,20.245885545251607,480,380,7920,2,2,194.11469499999998,160.608074,5,0,0,0,0,31000,5,5,0,0,Treviso Istrana (LIPS)
2026,2,FEB,LIPU,Padova,Italy,5,9.30782680242723,0,200,0,18000,4,5,-1.07415,0,6,5.45544509749324,2.9273372415921,100,60,20500,4,5,0.6527849999999995,-0.3255000000000001,Padova (LIPU)
2026,2,FEB,LIPV,Venice Lido,Italy,12,92.7143410283174,36.935441268594566,1720,700,8993.762028297548,3,7,19.127287,14.386842,10,29.4586134203031,27.53019626510409,860,820,19468.75,8,9,0.8116450000000022,-0.0451549999999976,Venice Lido (LIPV)
2026,2,FEB,LIPX,Verona,Italy,1025,13478.046597885901,1945.3745107857992,138900,35500,26000,277,671,69064.2283648,28058.8580295,1030,4732.006779729484,11.64678956918919,40440,160,34977.7726727296,695,1024,8346.8180692,92.73974500000001,Verona (LIPX)
2026,2,FEB,LIPY,Ancona,Italy,280,2755.546577664322,1274.000069781888,42660,24940,10010.0961538462,92,167,12273.9342055,7073.188494999999,269,747.2456801803071,165.951366466796,9080,2440,28000,219,263,1214.8772307000002,322.625713,Ancona (LIPY)
2026,2,FEB,LIPZ,Venice,Italy,2901,30813.2552407556,7508.51496106364,338000,126780,26000,1018,1748,183165.0624332999,109229.0805939,2921,13834.5183435442,59.47211701231058,121420,800,34021.134593993294,1960,2898,32265.7798912,552.1852630000001,Venice (LIPZ)
2026,2,FEB,LIQS,Siena,Italy,1,36.344966984923296,7.77537796976253,520,160,4170,0,0,121.72856999999999,36.23235499999999,1,0,0,0,0,34000,1,1,0,0,Siena (LIQS)
2026,2,FEB,LIRA,Rome Ciampino,Italy,1510,13688.1823294518,2376.162618967142,147200,43580,30973.446969697,599,1128,29056.1085365,13849.8988567,1533,3852.388749316542,176.64036875958698,33980,2560,36000,1178,1488,5365.5591914999995,1184.72231,Rome Ciampino (LIRA)
2026,2,FEB,LIRE,Pratica di Mare,Italy,149,2592.3882596012945,1690.099427256255,40200,29460,2441.666666666666,34,48,7461.348546,6401.518957999999,163,547.0899092630791,60.61863064565737,6600,920,23971.4285714286,122,148,583.2177402000001,146.3894867,Pratica di Mare (LIRE)
2026,2,FEB,LIRF,Rome Fiumicino,Italy,10239,81876.37092750739,23547.5961351741,976100,424620,9032.258064516127,3230,5447,792117.2596235,525550.5186794999,10254,25383.446268051302,360.498387132197,213745,4560,34152.7082203849,7863,10158,63294.8637895,3369.1858535,Rome Fiumicino (LIRF)
2026,2,FEB,LIRI,Salerno,Italy,46,143.961217279162,62.46351715382266,1940,1140,33000,26,32,1561.406782,1129.2424720000001,47,89.05493746250029,0,740,0,38000,40,47,212.33975500000003,0,Salerno (LIRI)
2026,2,FEB,LIRJ,Marina di Campo,Italy,28,164.801475680203,135.789841247117,3960,3460,11000,16,20,61.38211299999999,60.570457999999995,33,23.94991474472468,8.65186599025566,419,239,12000,30,32,23.733764999999998,5.75505,Marina di Campo (LIRJ)
2026,2,FEB,LIRM,Grazzanise,Italy,4,41.126026151674054,7.3354358924012795,540,120,9945.454545454546,0,3,14.50104,6.489529999999999,4,5.8015358771298295,5.8015358771298295,100,100,8905.625,2,2,21.04517000000001,21.04517000000001,Grazzanise (LIRM)
2026,2,FEB,LIRN,Naples,Italy,2420,16135.4473670404,4115.286090464208,201460,69060,19004.838709677402,1064,1722,134929.0996719,61947.772113600004,2405,6239.561545631623,59.864631475739294,57140,820,35500,1814,2384,13840.772495700001,537.45025,Naples (LIRN)
2026,2,FEB,LIRP,Pisa,Italy,1213,10473.0534110489,2198.365011733204,113720,37520,29964.4230769231,528,884,46403.9514188,25548.618338,1188,4634.099735836775,57.81566481305712,41760,920,35000,863,1182,9059.507781,505.28183,Pisa (LIRP)
2026,2,FEB,LIRQ,Florence,Italy,1112,10923.1136126606,2879.7339473502234,130980,52820,9005.625,327,574,70349.21787580001,44311.261288500005,1120,4291.472975650548,42.60782983050277,40420,640,34971.16095430111,779,1113,9943.0225225,508.56745,Florence (LIRQ)
2026,2,FEB,LIRS,Grosseto,Italy,3,125.367785962787,8.22444775242494,960,160,4232.954545454545,0,1,40.624209999999984,37.96275,2,0,0,0,0,26000,2,2,0,0,Grosseto (LIRS)
2026,2,FEB,LIRU,Rome Urbe,Italy,28,442.204047951439,191.91044015187,8080,4080,3766.310782241014,8,11,82.79787779999997,42.650950499999986,48,230.057579282616,50.39199334381526,6060,1560,13000,33,38,32.41090829999999,23.212376799999998,Rome Urbe (LIRU)
2026,2,FEB,LIRV,Viterbo,Italy,17,298.196357228513,178.43303968065104,4500,2820,10000,3,9,0.3316700000000212,-26.35996299999998,17,79.5326457005575,58.04727362123295,1260,960,24000,12,13,-17.9347745,-18.256704499999998,Viterbo (LIRV)
2026,2,FEB,LIRZ,Perugia,Italy,121,1186.520524918741,185.18612163666,15920,3660,11007.4074074074,42,92,6616.1805745,1749.5308105,123,727.59738206671,31.3268552226942,11460,680,33000,93,119,764.0863715,36.75446000000001,Perugia (LIRZ)
2026,2,FEB,LJCE,Cerklje,Slovenia,9,28.937435360075686,16.98432453577088,560,320,8955,5,7,4.98225,4.98225,8,2.90119647571052,1.3498920086393098,40,20,16520.734126984098,6,7,1.3797,1.3797,Cerklje (LJCE)
2026,2,FEB,LJLJ,Ljubljana,Slovenia,690,6558.460456319799,943.026062312922,72620,18800,13124.038461538501,262,451,21558.3476333,10353.5241945,688,2544.833357750745,14.46634269258459,23040,340,33000,529,686,4032.5824335,10.399725,Ljubljana (LJLJ)
2026,2,FEB,LJMB,Maribor,Slovenia,56,1130.93889549352,988.9156929100681,34735,32375,3867.595108695652,7,11,2754.710046,2441.888062999999,46,65.700361584591775,34.38286698415982,1531,1271,10000,37,39,87.95797900000005,35.144655,Maribor (LJMB)
2026,2,FEB,LJPZ,Portoroz,Slovenia,33,638.698829683429,271.019431406189,16700,8240,4406.269384138237,5,14,334.2721578,266.8299718,27,236.66748873958002,231.964032263485,6781,6721,11000,21,23,9.76605,9.072,Portoroz (LJPZ)
2026,2,FEB,LKBE,Benesov,Czech Republic,1,0,0,0,0,7000,1,1,0,0,1,0,0,0,0,7000,1,1,0,0,Benesov (LKBE)
2026,2,FEB,LKCS,Ceske Budejovice,Czech Republic,12,173.598543233846,162.321320411672,4860,4740,4056.8019480519483,1,2,201.00322350000002,150.2688035,8,0,0,0,0,12000,8,8,0,0,Ceske Budejovice (LKCS)
2026,2,FEB,LKCV,Caslav,Czech Republic,4,123.33456777536,19.70040430222354,1700,340,11941.3612565445,1,2,93.60739999999998,0,,,,,,,,,,,Caslav (LKCV)
2026,2,FEB,LKHK,Hradec Kralove,Czech Republic,18,229.979464375434,94.00933727257278,3560,2320,3958.333333333333,6,8,229.87658000000002,72.75486999999998,23,108.58756299496001,103.66045716342701,2500,2420,12000,19,21,32.332965,27.08317499999999,Hradec Kralove (LKHK)
2026,2,FEB,LKKB,Kbely,Czech Republic,41,445.341761974897,252.50499709984402,7060,4980,3899.895833333333,10,16,739.2992421,500.65550310000003,43,157.80548564422102,15.742199039528149,1780,280,19000,29,41,277.6835155,25.31974249999999,Kbely (LKKB)
2026,2,FEB,LKKU,Kunovice,Czech Republic,29,176.118844597175,148.94148248637802,3800,3320,6203.125,13,13,133.437497,135.30229699999998,29,183.651270631269,181.33717004503,4560,4540,10000,23,24,31.44802,34.797,Kunovice (LKKU)
2026,2,FEB,LKKV,Karlovy Vary,Czech Republic,15,224.8485945745,158.100387766529,5520,4820,4335.9375,0,0,320.5981215,195.36289150000002,15,4.567134629229659,4.567134629229659,100,100,9000,12,12,0.6835499999999989,0.6835499999999989,Karlovy Vary (LKKV)
2026,2,FEB,LKLN,Line,Czech Republic,2,0,0,0,0,8000,2,2,0,0,,,,,,,,,,,Line (LKLN)
2026,2,FEB,LKMH,Mnichovo Hradiste,Czech Republic,3,39.86524283632215,9.39010593438239,580,140,14671.6666666667,1,2,-9.32903025000001,-4.913469999999999,4,5.0395968322534195,2.8797696184305304,80,40,16040,2,3,7.7154,7.215599999999999,Mnichovo Hradiste (LKMH)
2026,2,FEB,LKMT,Ostrava,Czech Republic,228,2286.550922316308,676.2663277990271,34740,19380,10053.125,77,147,10888.8387555,5236.087484,233,532.0273599385611,0,5040,0,27000,198,233,455.72598000000005,0,Ostrava (LKMT)
2026,2,FEB,LKPD,Pardubice,Czech Republic,15,520.5786484853851,88.62007964069512,6040,2100,24971.875,1,11,1681.2365345,246.36790150000002,15,144.39152010696301,0,1200,0,33000,6,15,200.519748,0,Pardubice (LKPD)
2026,2,FEB,LKPM,Pribram,Czech Republic,27,186.74940135224,103.151232062926,3740,2240,16000,18,19,4.37535,3.5952,28,265.078454043994,89.75768648110022,4287,1820,10950,18,19,-14.04009999999999,6.66645,Pribram (LKPM)
2026,2,FEB,LKPR,Prague,Czech Republic,4548,76561.44193828141,13076.974638328502,816560,254640,7833.333333333333,946,2279,495441.5972355,271721.7238599,4544,17713.651026427902,142.892596816314,152160,2020,34690.48502098791,3216,4505,32021.2076597,1128.861566,Prague (LKPR)
2026,2,FEB,LKRO,Roudnice nad Labem,Czech Republic,1,0,0,0,0,20000,1,1,0,0,1,0,0,0,0,21000,1,1,0,0,Roudnice nad Labem (LKRO)
2026,2,FEB,LKTB,Brno,Czech Republic,185,2040.966360181278,563.8840814268481,28580,13180,15000,72,116,9407.7695505,4913.633114,180,893.2057187956831,323.89598929741607,14780,7000,30000,151,174,902.7018143,345.927748,Brno (LKTB)
2026,2,FEB,LKVM,Vysoke Myto,Czech Republic,2,86.3606274155036,85.28071380859215,1600,1580,8574.159061277705,1,1,-9.88313,-9.765005,1,56.60322174226061,56.60322174226061,1520,1520,5120,0,0,11.53687999999999,11.53687999999999,Vysoke Myto (LKVM)
2026,2,FEB,LKVO,Praha Vodochody,Czech Republic,14,95.2916188060799,70.38699642177225,2000,1760,3424.0264370337864,6,6,278.899672,272.928822,14,28.78226884706366,6.87544996400288,420,180,11000,12,13,2.7188225,1.2473999999999998,Praha Vodochody (LKVO)
2026,2,FEB,LLBG,Tel Aviv,Israel,5005,65071.19446770081,32505.2762420464,852580,487940,5125,1340,1836,794686.7437688999,544508.6275849,5046,33334.685576666605,12944.5080207345,328514,161480,34000,3141,4044,176840.8272576,124522.0879501,Tel Aviv (LLBG)
2026,2,FEB,LLHA,Haifa,Israel,192,3677.514508961552,2089.5226348329843,54620,33180,3073.589743589743,60,72,2234.1228335,1635.230387,195,3742.272707884968,2917.087640701762,55280,42980,8937.234042553191,79,91,3206.433969,1995.6274185,Haifa (LLHA)
2026,2,FEB,LLHS,Hazor IAF,Israel,10,98.85248213412217,14.057204577238819,1440,240,11959.5161290323,4,8,47.374683,0.33652500000000213,8,135.61708884299702,3.4854048322633804,2522,60,22000,7,7,0,0,Hazor IAF (LLHS)
2026,2,FEB,LLNV,Nevatim AFB Negev,Israel,26,334.91076996842304,133.484418371198,4160,2340,4542.767404834274,5,9,8367.893945,6672.424614999999,22,91.26987477803567,69.85531208098247,1200,940,6893.864423552696,7,9,1283.8432500000001,1169.40634,Nevatim AFB Negev (LLNV)
2026,2,FEB,LLOV,Ovda,Israel,16,127.566422568466,0,1080,0,29000,10,16,587.8215600000001,0,16,258.24334053275703,0,2360,0,31000,10,16,3779.151259999999,0,Ovda (LLOV)
2026,2,FEB,LMML,Malta,Malta,2458,9877.358923469072,6518.5170045294035,157100,126840,34179.6875,1336,1503,109962.62209819989,101482.95351779989,2456,4489.871363475057,75.93038453400649,41523,1703,36000,1998,2445,9648.4233275,130.84529,Malta (LMML)
2026,2,FEB,LOAG,Krems Langenlois,Austria,2,62.56074514038877,46.50827933765299,1680,1260,4979.166666666668,0,0,1.4993999999999998,0.8809500000000003,4,19.648428125749938,19.648428125749938,712,712,6954.722222222221,1,1,4.754925,4.754925,Krems Langenlois (LOAG)
2026,2,FEB,LOAN,Wiener Neustadt East,Austria,88,852.265779355735,597.0053232756541,23420,18400,3659.618626211546,13,21,205.975196,133.22143200000002,93,475.543609375753,343.214070738844,12108,9268,8458.904494382023,62,65,93.96510100000002,97.28769500000001,Wiener Neustadt East (LOAN)
2026,2,FEB,LOAV,Voslau,Austria,38,523.816556010732,470.97272792182605,16700,15780,3054.9305555555547,4,7,140.329575,135.897525,34,376.08466015168807,252.757680000696,9523,6919,7861.25,19,20,81.23394250000001,53.28488000000001,Voslau (LOAV)
2026,2,FEB,LOGG,Punitz Gussing,Austria,1,0,0,0,0,23000,1,1,0,0,1,0,0,0,0,26000,1,1,0,0,Punitz Gussing (LOGG)
2026,2,FEB,LOGO,Niederoblarn,Austria,1,0,0,0,0,11000,1,1,0,0,2,4.89560835133189,4.89560835133189,100,100,10886.6666666667,1,1,-0.34650000000000025,-0.34650000000000025,Niederoblarn (LOGO)
2026,2,FEB,LOIH,Dornbirn,Austria,10,237.317693317566,68.95916200007169,5940,1580,7750,4,5,67.28447199999998,26.537122,11,41.86465082793376,20.626349892008637,920,600,14000,7,9,10.508132,0.5570199999999987,Dornbirn (LOIH)
2026,2,FEB,LOIJ,St Johann in Tirol,Austria,23,503.655708323278,132.008897232147,10620,4240,9295,6,17,175.536095,44.370215,23,130.703016375818,46.219810611872354,2180,1040,16000,15,19,37.267628699999996,21.261029999999998,St Johann in Tirol (LOIJ)
2026,2,FEB,LOLW,Wels,Austria,1,0,0,0,0,11000,1,1,0,0,1,2.15982721382289,2.15982721382289,60,60,5400,0,0,0.8347500000000001,0.8347500000000001,Wels (LOLW)
2026,2,FEB,LOWG,Graz,Austria,393,5708.863645412124,2117.259406947355,100220,59840,8700,68,208,15724.0155275,6489.5128285,404,2516.60775718882,234.12464365488103,31363,6303,28000,300,392,5330.836865799999,3.0390669999999997,Graz (LOWG)
2026,2,FEB,LOWI,Innsbruck,Austria,986,30847.3004105046,389.57374562287106,343960,9460,10000,75,947,171827.0997682,3485.123201999999,985,5314.226467950033,12.74898008159347,47847,349,34000,609,982,9994.4250685,0.2504250000000001,Innsbruck (LOWI)
2026,2,FEB,LOWK,Klagenfurt,Austria,132,1232.226949734156,167.902904154025,19380,5080,15187.5,52,102,2094.2332655,313.15472550000004,137,895.478241391977,54.56426793474649,10274,2434,19000,105,133,1634.312222699999,19.317905,Klagenfurt (LOWK)
2026,2,FEB,LOWL,Linz,Austria,250,4004.3899867177242,2036.372984500023,85720,65560,6305.4098360655735,66,126,6567.269495499999,4204.7982325,263,916.088679326578,195.010571611105,19421,11421,26000,203,243,2128.839082749999,1613.693663,Linz (LOWL)
2026,2,FEB,LOWS,Salzburg,Austria,1219,17845.8873451088,4474.601505236812,214800,93620,4910,168,521,61885.376691900005,36040.9695457,1231,6595.955482797945,398.1466010344811,66857,10150,32970,806,1212,11419.7232121,88.7398155,Salzburg (LOWS)
2026,2,FEB,LOWW,Vienna,Austria,7807,68291.8352512501,18715.925068950102,792340,348980,8550,2440,4027,596608.6734572,427246.73892819986,7798,33710.952477420295,399.921167127465,290784,5480,34000,5668,7686,66756.5277668,4319.2170448,Vienna (LOWW)
2026,2,FEB,LOWZ,Zell am See,Austria,30,216.776506237505,41.71166306695468,4360,1120,11000,16,28,59.9834868,1.738275,30,74.86390711384595,34.701223902087825,1846,1206,17500,22,28,15.832063,4.22572,Zell am See (LOWZ)
2026,2,FEB,LOXT,Langenlebarn,Austria,2,25.344098845718708,25.344098845718708,1000,1000,2748.333333333333,1,1,0,0,1,6.71946244300456,6.71946244300456,280,280,3598.333333333333,0,0,1.1969999999999998,1.1969999999999998,Langenlebarn (LOXT)
2026,2,FEB,LOXZ,Zeltweg,Austria,1,21.14830813534916,7.0194384449244005,680,240,7450,0,0,1.0836,0.6772499999999999,,,,,,,,,,,Zeltweg (LOXZ)
2026,2,FEB,LPAR,Alverca,Portugal,5,304.11772079264904,72.04983148119254,4500,1440,6975,0,2,1080.2324,0,6,30.014150592090548,0,240,0,35000,5,6,39.98930000000001,0,Alverca (LPAR)
2026,2,FEB,LPAZ,Santa Maria,Portugal,70,71.85839713985625,56.24014659989927,1540,1340,9000,62,62,448.34079,448.34079,66,45.72912853426291,0,340,0,10000,62,66,-10.86332,0,Santa Maria (LPAZ)
2026,2,FEB,LPBG,Braganca,Portugal,10,135.50167347987,93.68821217333047,4560,3080,5252.442973559659,1,1,22.2252917,18.6500107,9,13.786236488862698,13.786236488862698,260,260,10000,7,7,3.4687855,3.4687855,Braganca (LPBG)
2026,2,FEB,LPBJ,Beja,Portugal,33,475.35099956990604,212.234074625892,6760,4240,2940.5172413793102,6,7,3570.1534975,2616.0153175,30,211.480690404524,5.502521258745549,1840,80,23873.333333333303,17,28,128.972629,10.433057,Beja (LPBJ)
2026,2,FEB,LPCS,Cascais,Portugal,153,1840.189976721077,1412.23461109045,31240,26200,2725.078954923916,30,33,4456.5842693,3787.3354872,157,582.202877834182,161.344952367459,6501,2921,34000,116,144,529.3159644000001,132.0729069,Cascais (LPCS)
2026,2,FEB,LPFR,Faro,Portugal,1366,4673.980355124694,1263.7042133122482,53060,23760,35000,903,1071,28210.5334797,22127.0007657,1387,4419.923396053161,0,37019,0,36000,1086,1387,5171.1835355,0,Faro (LPFR)
2026,2,FEB,LPHR,Horta,Portugal,13,22.572828320075846,0,400,0,35000,12,13,221.12999000000002,0,15,8.60982688624547,0,60,0,36000,13,15,-19.13624999999999,0,Horta (LPHR)
2026,2,FEB,LPLA,Lajes,Portugal,218,198.05726338944302,99.87769179174978,2560,1660,30000,204,206,1614.5527260000001,1216.830305,124,154.736725553278,0,1260,0,37000,106,124,56.33767400000007,0,Lajes (LPLA)
2026,2,FEB,LPMA,Madeira,Portugal,1221,9006.632143903093,5240.86208546783,138940,89480,33000,681,724,116117.379893,77762.51251849999,1205,1384.160175486631,28.272549154907207,11825,423,36000,1063,1200,1437.9551732,194.90294,Madeira (LPMA)
2026,2,FEB,LPMR,Monte Real,Portugal,2,49.25933351437839,49.25933351437839,980,980,3050.084841628959,0,0,361.59580000000005,361.59580000000005,1,16.40789629324582,16.40789629324582,220,220,6976.470588235295,0,0,0,0,Monte Real (LPMR)
2026,2,FEB,LPMT,Montijo Airbase,Portugal,19,356.915573075484,213.65845553856,6300,4400,2950.877192982456,5,5,90.3505435000001,46.44479500000009,15,14.896280091649539,1.8898488120950299,280,20,15041.3793103448,11,14,3.18675,0,Montijo Airbase (LPMT)
2026,2,FEB,LPOV,Ovar,Portugal,2,17.45137987007717,17.45137987007717,320,320,2202.7377972465583,0,0,0,0,1,1.27489800815935,1.27489800815935,20,20,3586.111111111111,0,0,0,0,Ovar (LPOV)
2026,2,FEB,LPPD,Ponta Delgada,Portugal,640,1078.14547897445,881.686021114069,19000,16620,17000,485,491,14718.454580200001,13201.3692452,634,304.309410056293,19.986077164484247,2820,320,27000,604,630,105.881375,104.917381,Ponta Delgada (LPPD)
2026,2,FEB,LPPI,Pico,Portugal,7,15.492079872510818,0,300,0,34000,6,7,174.8171,0,4,0,0,0,0,36500,4,4,0,0,Pico (LPPI)
2026,2,FEB,LPPM,Portimao,Portugal,19,137.0580256373,118.693147794844,2920,2540,7000,9,11,3.83728930000001,-2.9751106999999903,19,12.38815284056356,12.38815284056356,400,400,8000,18,18,2.4192,2.4192,Portimao (LPPM)
2026,2,FEB,LPPR,Porto,Portugal,3653,34218.9527683703,6228.05706100238,386020,112200,32953.3333333333,1643,2497,239652.24440229998,112739.6292103,3662,24699.1983868541,77.94267251576206,191640,960,33993.9912280702,2396,3648,16438.122385299997,396.670155,Porto (LPPR)
2026,2,FEB,LPPS,Porto Santo Madeira,Portugal,71,292.42799064836305,263.771258874176,5700,4760,3150,27,27,430.383855,422.31145499999997,47,251.4644974743,98.46010791252817,3460,1680,13000,42,45,2792.901191999999,1468.1762019999992,Porto Santo Madeira (LPPS)
2026,2,FEB,LPPT,Lisbon,Portugal,8106,85326.871768397,31829.7337248362,1215820,551580,7979.918150645839,2537,4337,1163593.5510546,643483.8641870999,8129,20982.0485539285,48.72916798920897,169909,660,34000,6523,8114,37042.4463552,452.64099000000004,Lisbon (LPPT)
2026,2,FEB,LPSJ,Sao Jorge,Portugal,1,0,0,0,0,16000,1,1,0,0,,,,,,,,,,,Sao Jorge (LPSJ)
2026,2,FEB,LPST,Sintra,Portugal,1,0,0,0,0,35000,1,1,0,0,,,,,,,,,,,Sintra (LPST)
2026,2,FEB,LPVR,Vila Real,Portugal,1,0,0,0,0,7000,1,1,0,0,1,0,0,0,0,10000,1,1,0,0,Vila Real (LPVR)
2026,2,FEB,LPVZ,Viseu,Portugal,7,152.81921788790498,52.33302184677223,3440,1000,4767.213114754097,2,3,82.1053458,5.104435799999999,12,56.487903964859974,56.487903964859974,1180,1180,10000,8,8,21.91965299999999,21.91965299999999,Viseu (LPVZ)
2026,2,FEB,LQBK,Banja Luka,Bosnia and Herzegovina,118,1028.0061053361871,173.544704568749,10600,3220,27015.625,55,87,3985.198968,2633.35034,121,858.801033208278,0,7760,0,33983.6904761905,82,121,1954.15083,0,Banja Luka (LQBK)
2026,2,FEB,LQMO,Mostar,Bosnia and Herzegovina,18,150.104855564615,21.34096967129818,2520,1020,10633.885744885101,5,12,1714.171851999999,1245.985645,20,24.443316273828508,0,220,0,27500,18,20,59.69353999999998,0,Mostar (LQMO)
2026,2,FEB,LQSA,Sarajevo,Bosnia and Herzegovina,513,4245.178636205901,1022.933756471525,52560,18800,7959.166666666668,135,264,32109.191881,16371.348932,514,1131.199130843589,38.451354910154805,10140,540,34000,428,502,2362.8229659999993,314.391318,Sarajevo (LQSA)
2026,2,FEB,LQTZ,Tuzla,Bosnia and Herzegovina,87,553.323036273609,143.456588982521,6160,2520,35000,45,61,3236.8232542,2189.752722199999,90,360.67896790509803,0.8999280057595396,3140,20,36000,69,89,812.768946,21.44834999999999,Tuzla (LQTZ)
2026,2,FEB,LRAR,Arad,Romania,4,132.48331491063502,112.65677603374499,3180,2960,4209.969512195121,1,1,78.88123399999999,53.893339000000005,5,0,0,0,0,12000,5,5,0,0,Arad (LRAR)
2026,2,FEB,LRBC,Bacau,Romania,136,1033.8826924754032,619.996355000359,17160,12200,6225.615763546798,32,56,10801.985590999999,8424.9987400000009,131,584.710771512689,25.93431029003937,5360,440,33993.75,81,126,1244.3590265,97.39651200000002,Bacau (LRBC)
2026,2,FEB,LRBM,Baia Mare,Romania,29,395.63892023770904,222.34822550890402,5330,3770,3766.1732456140344,7,10,1262.166661999999,654.667137,28,11.283029716356198,0,100,0,20000,25,28,15.85604,0,Baia Mare (LRBM)
2026,2,FEB,LRBS,Bucharest Baneasa,Romania,395,4788.0442639281155,666.709710681458,47940,13480,33000,163,272,12555.8909458,7104.6169753,404,1881.5174324519592,34.82920818614684,17700,720,34000,273,396,4212.865592999999,112.4554187,Bucharest Baneasa (LRBS)
2026,2,FEB,LRCK,Constanta,Romania,80,1535.499657224381,713.3250440254251,23520,14560,2877.6822297679682,11,15,14485.301679,8830.736052,81,232.02634616906403,23.388240707534468,2740,480,29959.243697479,65,78,643.800062,29.718632,Constanta (LRCK)
2026,2,FEB,LRCL,Cluj,Romania,932,4696.455236493518,1576.254489145023,59560,30020,18000,413,538,33094.1045702,26193.747726,937,4507.195878348851,69.79992081559993,41420,1520,33000,667,933,10788.582933,9.42663499999999,Cluj (LRCL)
2026,2,FEB,LRCV,Craiova,Romania,158,2091.934536606286,998.2168076582931,29700,18540,2962.0689655172414,37,54,22422.237667999998,17608.190918,156,519.0184564702031,20.45785916958576,4800,320,36000,128,155,1479.9532809999992,0,Craiova (LRCV)
2026,2,FEB,LRIA,Iasi,Romania,521,2478.767800112557,922.055958023795,36020,18000,23354.5454545455,298,351,24843.861624999998,13573.491175,529,1287.429133773293,54.569855322509085,12360,700,34838.23529411761,385,521,3385.330309999999,280.49772,Iasi (LRIA)
2026,2,FEB,LROD,Oradea,Romania,134,1195.8448687071361,451.58821222077404,20400,12680,5647.3390987336215,42,62,10068.593271,7841.166668,133,157.939524058473,18.55875666141293,1900,420,27000,118,131,349.07985400000007,24.364149999999988,Oradea (LROD)
2026,2,FEB,LROP,Bucharest Henri Coanda,Romania,4175,44445.327346375605,8201.806419131695,473880,162180,24000,1729,2622,247385.9797539,173552.7509685,4163,15650.602245285201,154.501684055999,138657,2557,34000,3064,4139,33248.869992500004,1218.905798,Bucharest Henri Coanda (LROP)
2026,2,FEB,LRSB,Sibiu,Romania,178,2669.610495470096,389.31747846638604,26360,7300,11027.1205357143,41,98,10284.132923500001,7131.6221115,184,773.665767121964,0,6860,0,36000,131,184,1541.1562117,0,Sibiu (LRSB)
2026,2,FEB,LRSM,Satu Mare,Romania,20,218.23088656668,44.13427654961146,2500,900,8504.726890756303,4,10,1100.069974499999,326.7635245,20,24.730956588407977,0,240,0,36000,18,20,143.278062,0,Satu Mare (LRSM)
2026,2,FEB,LRSV,Suceava,Romania,231,1806.21620612185,618.5193152495041,27400,12260,17000,107,142,24372.306732999998,11245.2950065,229,895.0218100029681,26.143049621860968,8140,320,34000,166,226,2085.092289499999,213.457125,Suceava (LRSV)
2026,2,FEB,LRTM,Targu Mures Transilvania,Romania,29,159.411398023803,80.83614667710297,2280,1440,6717.241379310344,13,14,751.0759370000001,621.858952,29,22.07044215683524,0,200,0,32000,28,29,19.697979999999998,0,Targu Mures Transilvania (LRTM)
2026,2,FEB,LRTR,Timisoara,Romania,503,4160.5657807706775,2148.7235102105433,71380,50960,3517.137096774193,160,199,25222.124814499995,20564.3163015,504,1880.0916376865073,8.111848641308312,19320,120,32000,396,503,4382.56878,21.89932,Timisoara (LRTR)
2026,2,FEB,LRTZ,Tuzla Romania,Romania,1,0,0,0,0,7000,1,1,0,0,,,,,,,,,,,Tuzla Romania (LRTZ)
2026,2,FEB,LSGC,Les Eplatures,Switzerland,58,903.937254007121,405.597993573648,22840,11200,7400,1,25,652.3749720000001,291.989098,50,206.063812409726,195.008521284426,5224,5124,8000,31,32,172.925057,162.87105,Les Eplatures (LSGC)
2026,2,FEB,LSGE,Ecuvillens,Switzerland,1,0,0,0,0,8000,1,1,0,0,2,0,0,0,0,9000,2,2,0,0,Ecuvillens (LSGE)
2026,2,FEB,LSGG,Geneva,Switzerland,6779,131045.5788277385,11548.4554066793,1356180,215200,13051.515151515201,1039,4531,773829.845114,199741.7441769999,6793,22961.659746395,97.86082713265554,201780,1740,34019.047619047604,4736,6775,49554.620401700005,195.59771,Geneva (LSGG)
2026,2,FEB,LSGK,Saanen,Switzerland,130,1744.919229686038,224.466546408215,26060,4360,10028.1913166971,36,106,634.32487,264.102577,125,960.5572676202021,304.99857466745203,16801,7421,14000,53,77,726.712818,596.9600800000001,Saanen (LSGK)
2026,2,FEB,LSGL,Lausanne,Switzerland,54,715.365134541255,83.53240420804313,11220,2060,11046.9387755102,19,42,146.143386,52.56339549999999,64,301.582231889162,38.341574930159354,4440,720,14005,39,53,71.54234149999998,22.432914,Lausanne (LSGL)
2026,2,FEB,LSGN,Neuchatel,Switzerland,2,0,0,0,0,15000,2,2,0,0,1,5.11354440481971,0,80,0,14955.555555555602,0,1,2.09381,0,Neuchatel (LSGN)
2026,2,FEB,LSGS,Sion,Switzerland,547,27184.357218171,155.981348076949,294738,3198,17158.9285714286,31,533,73877.76386339999,277.27967750000005,563,4608.709693279671,52.84877853955084,45460,1340,27983.333333333303,312,557,7224.932657499999,2.5163249999999997,Sion (LSGS)
2026,2,FEB,LSGY,Yverdon les Bains,Switzerland,1,3.45572354211674,3.45572354211674,60,60,7400,0,0,-0.4042499999999997,-0.4042499999999997,1,0,0,0,0,9000,1,1,0,0,Yverdon les Bains (LSGY)
2026,2,FEB,LSMD,Dubendorf,Switzerland,14,204.299964937661,24.12764677889,2220,440,14020.3125,3,11,321.86944200000005,59.650839999999995,11,108.122501351966,2.51979841612671,780,40,28992.5,6,10,-31.28484250000003,3.07965,Dubendorf (LSMD)
2026,2,FEB,LSME,Emmen,Switzerland,11,218.135379467001,199.492354779944,4440,4180,5558.684210526316,2,2,776.0438985000001,733.5173235000001,9,91.9345454785483,54.5792490446918,1400,1120,8000,2,3,93.15257999999996,80.69377999999999,Emmen (LSME)
2026,2,FEB,LSMP,Payerne,Switzerland,127,2517.543238870225,517.702487984051,30780,10760,5502.380952380952,10,31,6683.426322899999,3547.0192714,133,645.3681188989731,34.17104437251538,6640,480,24000,80,128,1052.5667033,86.37786000000001,Payerne (LSMP)
2026,2,FEB,LSPN,Triengen,Switzerland,2,1.66116122474908,1.66116122474908,60,60,8006.862745098038,1,1,0.7969500000000003,0.7969500000000003,5,5.25557955363571,5.25557955363571,120,120,9000,4,4,0.4042500000000002,0.4042500000000002,Triengen (LSPN)
2026,2,FEB,LSPV,Wangen Lachen,Switzerland,3,6.659467242620589,6.659467242620589,160,160,7250,1,1,0.8736000000000002,0.8736000000000002,4,10.040145940867099,10.040145940867099,220,220,6500,3,3,2.9463,2.9463,Wangen Lachen (LSPV)
2026,2,FEB,LSTS,St Stephan,Switzerland,11,300.145298708788,188.413443979856,6800,5480,9000,4,6,192.3694772,86.30716000000001,14,288.47618854340703,202.765560016164,4980,4020,15539.751552795,7,7,306.285992,84.78166699999998,St Stephan (LSTS)
2026,2,FEB,LSZA,Lugano,Switzerland,123,2013.389436541673,487.83513449582904,30140,12060,6400,17,52,3918.7047133,1609.340531099999,119,693.4355773419411,17.481107167061317,7060,260,24000,80,115,470.65078300000005,16.44320499999999,Lugano (LSZA)
2026,2,FEB,LSZB,Bern,Switzerland,439,7731.0745651089665,2862.4805959456003,120640,67900,4391.3725490196075,47,101,20016.0597526,9148.8313531,427,2064.9653245258864,334.923310383437,24600,6360,23000,296,398,2529.5934053,108.40907920000001,Bern (LSZB)
2026,2,FEB,LSZC,Buochs,Switzerland,38,528.139692088979,366.29447302153204,9420,7300,4874.33139182138,7,12,849.146703,585.3079155,53,643.2289381855281,123.041463070046,8960,2000,11000,20,35,645.2371933000001,154.333467,Buochs (LSZC)
2026,2,FEB,LSZF,Birrfeld,Switzerland,3,31.193740633260898,31.193740633260898,960,960,6245.454545454546,1,1,6.0963,6.0963,7,0,0,0,0,8000,7,7,0,0,Birrfeld (LSZF)
2026,2,FEB,LSZG,Grenchen,Switzerland,113,1856.364561641101,1282.714612031954,45340,36740,6241.33064516129,22,27,1163.093893,766.4269093,115,922.3819006770151,748.5923556839331,17992,16492,9000,85,92,83.72060399999998,-67.91533899999997,Grenchen (LSZG)
2026,2,FEB,LSZH,Zurich,Switzerland,9254,134504.4066465387,17411.281072872098,1441860,312000,11013.6979166667,1849,5673,911242.433465,345332.8674565,9264,44380.37494566241,898.496161074682,374552,13212,33000,6156,9075,82499.3681605,6384.936122199999,Zurich (LSZH)
2026,2,FEB,LSZK,Speck Fehraltorf,Switzerland,5,46.850394260949244,46.850394260949244,1380,1380,6000,1,1,-0.40634999999999877,-0.40634999999999877,5,7.309861938230799,7.309861938230799,280,280,7000,3,3,1.3770749999999998,1.3770749999999998,Speck Fehraltorf (LSZK)
2026,2,FEB,LSZL,Locarno,Switzerland,24,478.92438649409905,232.83347150134702,11236,6696,10049.0641534392,8,14,58.19597300000004,5.194297,35,373.345825169402,184.36620469320803,8160,5080,10000,18,21,11.103634000000019,3.690225,Locarno (LSZL)
2026,2,FEB,LSZR,Altenrhein,Switzerland,359,6927.259889440313,2887.181721191953,104580,59100,5363.636363636364,57,95,14987.5033732,9559.427406499999,349,1293.296897348584,222.120042487335,16301,6061,28000,261,336,1007.1790234999991,64.10576700000001,Altenrhein (LSZR)
2026,2,FEB,LSZS,Samedan,Switzerland,489,12114.135216742701,0,141839,0,15290,69,489,35516.4998702,0,495,2691.3279695576502,100.065566183277,28672,2300,24000,327,494,3302.4076628,-4.74075,Samedan (LSZS)
2026,2,FEB,LTAC,Ankara,Türkiye,3088,5800.008850099063,505.07861227809803,77860,10060,30000,2441,2927,55714.9650342,10698.4383122,2243,4113.942647723729,0,32262,0,34000,2005,2243,2821.800102999999,0,Ankara (LTAC)
2026,2,FEB,LTAE,Ankara Nurted,Türkiye,7,65.48177231108194,6.9216593848599395,1180,140,7626.594202898552,2,5,3285.529004999999,187.528975,6,0,0,0,0,31000,6,6,0,0,Ankara Nurted (LTAE)
2026,2,FEB,LTAG,Incirlik,Türkiye,9,171.042606904514,21.44950670466164,1980,380,16000,2,6,4015.319735,1394.4624899999992,7,33.35098790810242,0,320,0,25000,4,7,510.79167,0,Incirlik (LTAG)
2026,2,FEB,LTAI,Antalya,Türkiye,2806,11638.3794558484,3488.672200038362,165980,68020,30000,1586,2018,145029.963731,69471.335791,2846,5770.408105478241,26.91340403503918,53120,360,34000,2462,2841,23692.024295,209.71301000000003,Antalya (LTAI)
2026,2,FEB,LTAJ,Gaziantep,Türkiye,595,1819.403963449876,569.97223436823106,24920,10580,34000,402,494,21748.836533,11272.504042,604,847.464030300855,43.792505368268856,10200,2780,34000,527,594,4384.073103,1678.230886999999,Gaziantep (LTAJ)
2026,2,FEB,LTAL,Kastamonu,Türkiye,22,93.49505754141317,14.016175324195938,1460,320,17485.726164079802,11,16,1345.48808,347.34215,19,162.431595254381,22.75934046333553,1724,480,26000,16,17,394.32319,130.84419,Kastamonu (LTAL)
2026,2,FEB,LTAN,Konya,Türkiye,255,1684.962741817728,301.182133843498,29280,6520,8865.116279069767,87,190,34510.293278000005,8271.239484,254,321.78364981187207,0,3060,0,32000,232,254,1379.917257999999,0,Konya (LTAN)
2026,2,FEB,LTAP,Amasya Merzifon,Türkiye,34,114.76869172536101,39.942427005261145,2060,960,28500,22,30,2283.6482300000002,1284.91858,36,28.4332386764743,0,260,0,32000,32,36,94.021245,0,Amasya Merzifon (LTAP)
2026,2,FEB,LTAR,Sivas,Türkiye,101,1037.481057757306,7.3341859768821696,17140,160,32000,57,97,21144.159896,184.30178600000002,103,208.04425320777702,0,1820,0,34000,90,103,608.952849,0,Sivas (LTAR)
2026,2,FEB,LTAS,Zonguldak,Türkiye,15,78.16012829072832,69.58093703931901,1340,1240,23000,10,10,1504.5844399999999,1432.73134,16,22.98737731075557,0,200,0,29000,14,16,59.46935000000002,0,Zonguldak (LTAS)
2026,2,FEB,LTAT,Malatya,Türkiye,185,1423.03616434369,149.18724345008602,16560,3140,25018.2926829268,65,144,12345.301874,4048.7097650000005,176,419.63651839364803,0,3800,0,34000,150,176,1370.091664999999,0,Malatya (LTAT)
2026,2,FEB,LTAU,Kayseri Mil,Türkiye,592,1941.7211366702552,74.97044526553661,29540,1740,33000,350,571,29651.361325,2330.37593,599,747.54094313094,2.00914159425385,6794,40,34000,541,598,2823.3737530000003,183.8288,Kayseri Mil (LTAU)
2026,2,FEB,LTAW,Tokat,Türkiye,40,200.54874373920399,22.22793249835621,3020,440,13054.2471042471,16,34,3095.510146,544.795656,40,22.703998500284637,0,220,0,33000,37,40,96.76672999999998,0,Tokat (LTAW)
2026,2,FEB,LTAY,Denizli Cardak,Türkiye,125,466.23495735313105,21.739443920485748,6480,420,29000,75,119,5921.846115,526.3357,126,133.030658635307,0,1140,0,30000,117,126,330.53040200000004,0,Denizli Cardak (LTAY)
2026,2,FEB,LTAZ,Kapadokya,Türkiye,138,743.426160431655,250.41923769593802,11040,4580,14428.369719981001,63,123,11496.266846,5415.368449999999,136,81.49195684482541,0,780,0,32000,131,136,331.171275,0,Kapadokya (LTAZ)
2026,2,FEB,LTBA,Istanbul Ataturk,Türkiye,544,5524.492880597027,2168.513460632051,72760,39720,3586.388807927718,136,253,27521.9643749,17863.3469699,536,2579.6377419961623,320.00359885618207,24389,4720,33984.3204209583,336,476,5385.519383699999,1424.3433342,Istanbul Ataturk (LTBA)
2026,2,FEB,LTBF,Balikesir Merkez,Türkiye,1,6.933615194954309,6.933615194954309,100,100,3718.886743886744,0,0,56.67374999999999,56.67374999999999,,,,,,,,,,,Balikesir Merkez (LTBF)
2026,2,FEB,LTBH,Canakkale,Türkiye,36,140.09915218086698,50.62854929694654,1680,940,30000,28,29,942.647,730.32309,36,2.34763827589444,0,20,0,33000,35,36,2.1735,0,Canakkale (LTBH)
2026,2,FEB,LTBI,Eskisehir,Türkiye,1,1.5803613759679298,0,20,0,8092.6829268292695,0,1,17.04937999999999,0,,,,,,,,,,,Eskisehir (LTBI)
2026,2,FEB,LTBJ,Izmir,Türkiye,2167,9680.263856157568,4170.449410654013,148820,76600,27000,1178,1366,137452.9579463,78285.088868,2183,4075.88090392077,24.52957791633334,32860,320,33000,1913,2176,3103.724890999999,146.26764,Izmir (LTBJ)
2026,2,FEB,LTBQ,Kocaeli,Türkiye,3,55.6278002293385,0,720,0,15000,1,3,12.113369999999959,0,4,52.2512471447382,0,860,0,18000,2,4,139.81805,0,Kocaeli (LTBQ)
2026,2,FEB,LTBR,Bursa Yenisehir,Türkiye,63,273.54118191509104,152.163150295911,4760,3180,16000,35,47,5275.877378,3906.2793419999994,65,123.96266634798901,2.81716593107334,1040,40,35000,55,64,177.06514,22.10355,Bursa Yenisehir (LTBR)
2026,2,FEB,LTBS,Mugla Dalaman,Türkiye,251,1275.875082179542,306.1887238411821,21180,5880,30000,146,183,23410.85852,5644.430736,254,231.257107346892,0,1960,0,32000,235,254,456.4661275000001,0,Mugla Dalaman (LTBS)
2026,2,FEB,LTBU,Tekirdag Corlu Ataturk,Türkiye,24,374.447733226775,99.4248599244472,5200,2040,5084.32390663884,5,12,1567.917852,1243.0943,26,109.00259078311902,11.48064152792206,1200,160,27000,14,23,651.157649,146.93233,Tekirdag Corlu Ataturk (LTBU)
2026,2,FEB,LTBY,Eskisehir Anadolu,Türkiye,29,331.675009513627,220.972092158314,6080,4780,6112.905797101449,8,12,5827.742288,5324.670688,31,90.54177051540452,0,840,0,34000,23,31,366.116252,0,Eskisehir Anadolu (LTBY)
2026,2,FEB,LTBZ,Zafer,Türkiye,40,309.02489641228203,140.112145045222,4980,2740,8458.40909090909,12,22,4749.836414999999,3180.65002,40,17.536798291359187,0,160,0,27500,35,40,56.387620000000005,0,Zafer (LTBZ)
2026,2,FEB,LTCA,Elazig,Türkiye,222,1070.6618195667052,64.02942582489555,16740,1220,33000,122,202,16853.982014999998,1444.595235,223,639.4476308727841,0,5780,0,34000,191,223,2135.687793999999,0,Elazig (LTCA)
2026,2,FEB,LTCC,Diyar Bakir,Türkiye,307,247.68520470961502,30.718308903930495,2360,580,37000,291,304,866.534435,571.80154,102,166.16625767680299,0,1620,0,34000,91,102,838.667402,0,Diyar Bakir (LTCC)
2026,2,FEB,LTCD,Erzincan,Türkiye,85,1070.829985061443,20.41313517823522,19080,400,15445.5882352941,38,81,25529.059085999997,502.522892,84,426.670938761246,0,3960,0,34000,57,84,1706.525235,0,Erzincan (LTCD)
2026,2,FEB,LTCE,Erzurum,Türkiye,326,2611.821320219542,0,47280,0,17723.0721651868,146,326,56641.2274044,0,344,1118.056259559824,0,10523,0,34000,291,344,3920.5947730000003,0,Erzurum (LTCE)
2026,2,FEB,LTCF,Kars Harakani,Türkiye,142,1248.303649722081,0,19320,0,14000,65,142,18644.998026,0,144,235.94938680865403,0,2145,0,34000,125,144,706.154976,0,Kars Harakani (LTCF)
2026,2,FEB,LTCG,Trabzon,Türkiye,432,1470.8454270877583,985.4287286487811,22240,16980,12000,273,294,14824.544138000001,12604.584343,402,804.3883030768011,18.122316704417276,9960,3200,33991.9369172878,347,401,3267.140683,1594.520457,Trabzon (LTCG)
2026,2,FEB,LTCI,Van,Türkiye,321,1101.098968320614,8.375403188720611,19080,160,14000,192,318,20701.066634,147.0021,341,237.88489426716902,0,2160,0,33000,326,341,705.246705,0,Van (LTCI)
2026,2,FEB,LTCJ,Batman,Türkiye,62,100.98649558478,29.30977261277723,1160,620,35000,53,58,898.8073250000001,920.180195,53,90.44292182301336,8.815108744788791,880,120,34000,48,52,395.534486,79.00925,Batman (LTCJ)
2026,2,FEB,LTCK,Mus,Türkiye,109,484.11541304023007,0,7360,0,33000,58,109,6957.0707442,0,104,292.047363196473,0,2780,0,34000,94,104,1347.37067,0,Mus (LTCK)
2026,2,FEB,LTCM,Sinop,Türkiye,5,13.153379284316769,13.153379284316769,340,340,2524.4444444444443,2,2,431.8198500000001,431.8198500000001,1,0,0,0,0,29000,1,1,0,0,Sinop (LTCM)
2026,2,FEB,LTCN,Kahramanmaras,Türkiye,83,846.0069326587761,84.17174910666022,10720,1660,14197.872340425502,32,66,10639.268949000001,2044.2930449999992,82,164.10122049208502,0,1420,0,34000,74,82,420.02152,0,Kahramanmaras (LTCN)
2026,2,FEB,LTCO,Agri,Türkiye,83,1237.5095267253582,6.22215751935505,17560,140,14064.285714285701,22,78,17288.902329,194.7666,82,214.301501843653,0,1820,0,34000,71,82,402.994366,0,Agri (LTCO)
2026,2,FEB,LTCP,Adiyaman,Türkiye,92,635.94510151042,235.17945588039203,9460,4560,12991.3177830941,38,64,9937.640755,5849.402755000001,90,253.565283853952,0,2380,0,34000,77,90,1087.8572299999992,0,Adiyaman (LTCP)
2026,2,FEB,LTCR,Mardin,Türkiye,52,35.45821797874094,12.21166306695454,360,180,35000,49,51,136.02270000000001,130.36010000000002,35,128.139966875095,0,1160,0,36000,29,35,336.355399,0,Mardin (LTCR)
2026,2,FEB,LTCS,Sanliurfa Gap,Türkiye,248,1721.583319358787,1180.751924257222,30680,24300,33000,147,163,32601.158347,27459.286817,191,289.48934956416,13.864976787688498,2740,200,34000,166,188,1200.133753,158.51231,Sanliurfa Gap (LTCS)
2026,2,FEB,LTCT,Igdir,Türkiye,70,250.97977411993202,5.551128102265239,3140,120,29500,39,67,2590.0984869999993,156.62903,77,55.6048988523821,0,540,0,34000,69,77,255.22906,0,Igdir (LTCT)
2026,2,FEB,LTCU,Bingol,Türkiye,37,238.772446024604,0,5180,0,33000,19,37,6495.081578,0,35,124.441656041969,0,1200,0,36000,27,35,490.9127250000001,0,Bingol (LTCU)
2026,2,FEB,LTDA,Hatay,Türkiye,185,1097.110651824169,190.281760727992,17040,4300,13054.347826087,87,138,15509.0476385,5067.0128125,182,294.43263838028105,0,2720,0,34000,163,182,1013.3718240000001,0,Hatay (LTDA)
2026,2,FEB,LTFC,Isparta,Türkiye,26,321.983031833703,122.852044065821,5560,2760,7224.966127401417,2,9,8777.447551,5872.959265999999,26,61.29159029679929,0,500,0,30000,23,26,124.0375,0,Isparta (LTFC)
2026,2,FEB,LTFD,Balikesir Koca Seyit,Türkiye,43,113.818743433128,53.14263084973615,1780,900,20000,23,31,1405.191075,945.2430350000001,45,4.62820117247765,0,40,0,22000,44,45,9.486749999999999,0,Balikesir Koca Seyit (LTFD)
2026,2,FEB,LTFE,Bodrum,Türkiye,305,1268.79893805712,628.7279277546,21420,12400,8215.555555555555,140,154,22040.23809,13101.408388,304,498.29481927514604,5.75720176152141,4380,80,32000,279,303,1427.522525,76.79382000000001,Bodrum (LTFE)
2026,2,FEB,LTFG,Gazipasa Alanya,Türkiye,96,630.6267449615291,178.598406128321,10180,3940,33000,66,76,11353.98402,4825.75287,95,302.637151341271,0,2660,0,34000,78,95,871.20671,0,Gazipasa Alanya (LTFG)
2026,2,FEB,LTFH,Samsun Carsamba,Türkiye,289,724.755223110115,314.52391824611703,10420,5780,33000,214,247,7213.55833,5293.941953,259,241.754354120707,13.94279319813651,2120,200,30000,246,257,686.8237730000001,212.80827,Samsun Carsamba (LTFH)
2026,2,FEB,LTFJ,Istanbul Sabiha Gokcen,Türkiye,9593,68294.5789227593,20172.324631115698,1025428,403948,6800,3151,4746,847819.0937918999,391013.23100839986,9899,21273.8116033247,1734.8304204188441,186994,24520,33936.5853658537,7981,9406,51045.683683200004,17113.777848,Istanbul Sabiha Gokcen (LTFJ)
2026,2,FEB,LTFM,Istanbul,Türkiye,17119,260650.87440413,167457.9314693549,4336984,3224444,4773.261261261261,1811,2956,5508715.6570673,4515124.6998435,17742,38539.9909255527,1337.1563456966312,339550,25272,33037.7852504638,14338,17464,181935.86949850002,61580.624545000006,Istanbul (LTFM)
2026,2,FEB,LUKK,Chisinau,Moldova,1371,5755.080863240349,3445.1881023027954,87160,63320,11000,595,746,75331.76409449999,64592.586238,1367,3471.848793807651,9.116471493639539,30140,140,35000,1056,1365,6921.120404000001,39.72044499999999,Chisinau (LUKK)
2026,2,FEB,LWOH,Ohrid,Macedonia,37,989.0250762747951,41.74885764614077,9100,1040,33000,16,26,2558.102753,1314.77148,35,98.69892453637712,0,900,0,36000,26,35,290.4357,0,Ohrid (LWOH)
2026,2,FEB,LWSK,Skopje,Macedonia,829,11543.8074844336,1156.424093738101,110280,22020,21966.666666666697,311,537,40810.236958500005,19530.579625,797,1946.598492577808,7.607605677260099,18660,100,35987.5,652,796,4274.3427195,76.43475,Skopje (LWSK)
2026,2,FEB,LYBE,Belgrade,Serbia,2918,21457.7018149346,6016.621371922393,248140,110960,18000,1255,1645,124635.3575395999,88005.93661810001,2930,6953.3876771209,19.66544639963164,65440,300,33060.9375,2379,2926,12229.802530300001,70.06336000000002,Belgrade (LYBE)
2026,2,FEB,LYNI,Nis,Serbia,144,2606.065617878398,365.61609149606505,26120,6320,15000,42,90,14743.1153985,6984.8257380000005,145,229.77706336232,0,2540,0,35137.931034482805,125,145,498.02894000000003,0,Nis (LYNI)
2026,2,FEB,LYPG,Podgorica,Montenegro,402,1292.3236346524923,220.11182216539203,16600,4880,24000,242,330,10881.573113999999,5079.872558,405,898.3656571088001,3.9982515684459496,8345,60,33000,342,403,1083.576223,39.109874999999995,Podgorica (LYPG)
2026,2,FEB,LYPR,Pristina,Serbia,21,1653.091562501916,29.14296040013721,18820,480,14990.1041666667,0,15,1876.2034359000002,99.557327,21,1610.3309191673952,12.18052555795536,19700,180,14000,3,20,2738.581455,20.819345,Pristina (LYPR)
2026,2,FEB,LYTV,Tivat,Montenegro,122,427.472849761145,203.01707531177098,5940,3760,13475,63,73,3386.129523,2643.535417,119,297.9616080041471,3.06618327676643,2500,40,25000,103,117,-14.10515419999995,18.81011999999999,Tivat (LYTV)
2026,2,FEB,LZIB,Bratislava,Slovakia,915,10960.5260631458,1792.8978346931342,115540,33180,29994.7916666667,365,622,48461.5109107,23334.9562402,907,4321.0375657965915,8.01099548399765,37120,140,35000,654,906,7521.074098,-1.1434499999999999,Bratislava (LZIB)
2026,2,FEB,LZKZ,Kosice,Slovakia,225,1700.383070499239,346.67267380668903,18500,7120,25000,114,162,4541.022251,3894.280317,225,426.74529950618404,0,4320,0,30000,197,225,514.836712,0,Kosice (LZKZ)
2026,2,FEB,LZMC,Malacky,Slovakia,10,26.40859169376498,23.569306900209007,560,500,6525.096153846154,4,5,4.1648724999999995,3.2686975,10,20.142638588912877,20.142638588912877,460,460,17500,9,9,14.381799999999979,14.381799999999979,Malacky (LZMC)
2026,2,FEB,LZPP,Piestany,Slovakia,25,256.045706365676,158.436849568994,5560,3760,3112.5,6,6,1417.165692,1017.373992,23,77.64256926819014,26.61457322771851,1420,780,23000,15,20,248.71023,39.774,Piestany (LZPP)
2026,2,FEB,LZTN,Trencin,Slovakia,10,240.165479153499,240.165479153499,6680,6680,3213.020833333333,4,4,85.88899999999998,85.88899999999998,6,42.08686171984508,42.08686171984508,1204,1204,5802.707827669903,2,2,115.32727,115.32727,Trencin (LZTN)
2026,2,FEB,LZTT,Poprad Tatry,Slovakia,64,582.823080031447,195.111461938128,10220,4600,10034.375,19,35,1791.811989,995.5880530000001,65,65.38610577297842,0,720,0,24000,59,65,53.987585000000024,0,Poprad Tatry (LZTT)
2026,2,FEB,LZZI,Zilina,Slovakia,6,40.9326852797913,9.046950424293989,760,220,5783.333333333333,1,2,92.07502,15.387749999999999,4,10.760889128869678,10.760889128869678,260,260,8521.666666666666,2,2,0.5544000000000006,0.5544000000000006,Zilina (LZZI)
2026,2,FEB,UDSG,Gyumri,Armenia,25,210.34356309233,0,3720,0,7965,4,25,4859.417049,0,25,185.49382758221302,0,1460,0,33026.4705882353,13,25,158.40806500000002,0,Gyumri (UDSG)
2026,2,FEB,UDYE,Yerevan Erebuni,Armenia,4,19.84121173453831,4.388162264210219,280,80,19076.666666666697,2,2,669.06812,216.87302,4,24.11807055435565,0,220,0,29526,3,4,44.77919,0,Yerevan Erebuni (UDYE)
2026,2,FEB,UDYZ,Yerevan,Armenia,1277,10236.537412573201,2276.5456186073347,127500,42400,14022.8571428571,462,886,127307.7784142,63840.485716200004,1279,5017.865987487176,3.81569474442045,41320,60,33000,966,1278,8095.584958,71.19315,Yerevan (UDYZ)
2026,2,FEB,UGKO,Kutaisi,Georgia,304,1010.974289652085,404.930998772069,12680,7460,35000,197,223,8005.197862,6479.765165,309,2252.830677715804,6.250409058184439,20660,80,34000,206,308,8948.035998000001,18.942,Kutaisi (UGKO)
2026,2,FEB,UGSB,Batumi,Georgia,202,997.361342702907,611.23831734135,14880,11400,22000,100,119,10800.724053,9821.690621,201,577.514816443512,0,5280,0,34000,152,201,1851.9376970000003,0,Batumi (UGSB)
2026,2,FEB,UGTB,Tbilisi,Georgia,1766,14239.5892314969,3933.54954143863,169600,74880,6796.666666666668,588,845,127537.2775244999,87397.8575795,1760,9886.243440531749,3.89719652992545,83700,60,33507.1705426357,1266,1757,25628.233717,54.534379999999985,Tbilisi (UGTB)
2026,3,MAR,BIAR,Akureyri,Iceland,244,683.266775973403,230.76975051893,13300,5060,21000,188,215,3849.9899905,1145.186379999999,242,340.324592615671,108.199667523326,5386,2524,22000,226,240,369.4925807,46.77946199999996,Akureyri (BIAR)
2026,3,MAR,BIBD,Bildudalur,Iceland,25,35.88637975384909,13.55974035308626,800,320,16000,23,23,82.142302,34.69069199999999,25,2.5114269928173196,0,40,0,15000,23,25,2.4276,0,Bildudalur (BIBD)
2026,3,MAR,BIEG,Egilsstadir,Iceland,91,131.23243105299602,60.2595918727453,2260,1440,23000,70,76,479.4287570000001,231.093902,90,180.903378772015,0,2420,0,23981.382978723403,83,90,675.411699,0,Egilsstadir (BIEG)
2026,3,MAR,BIGJ,Gjogur,Iceland,7,0.9190754101374097,0.9190754101374097,20,20,17000,6,6,-0.6174,-0.6174,7,0,0,0,0,16000,7,7,0,0,Gjogur (BIGJ)
2026,3,MAR,BIGR,Grimsey,Iceland,8,4.86608005820423,4.86608005820423,120,120,8000,6,6,-0.0482999999999993,-0.0482999999999993,2,0,0,0,0,9000,2,2,0,0,Grimsey (BIGR)
2026,3,MAR,BIHN,Hofn Hornafjordur,Iceland,25,21.74432915264233,21.74432915264233,500,500,23000,21,21,26.86740999999999,26.86740999999999,25,109.074693827198,1.1999040076793899,1660,20,20000,22,24,188.821164,5.97975,Hofn Hornafjordur (BIHN)
2026,3,MAR,BIIS,Isafjordur,Iceland,39,73.57185679947753,18.30622804595425,1460,420,17000,31,33,281.7901905,-2.7604505,38,9.00337063943975,9.00337063943975,120,120,18000,37,37,16.99950749999999,16.99950749999999,Isafjordur (BIIS)
2026,3,MAR,BIKF,Keflavik,Iceland,2017,6320.59823012995,4302.651614815523,115740,85560,34000,1211,1253,114837.0505475,84374.7244905,2005,2918.179217388155,299.289032534764,27460,3400,35000,1737,1996,3206.6290934999993,654.239099999999,Keflavik (BIKF)
2026,3,MAR,BIKR,Saudarkrokur,Iceland,3,0,0,0,0,10000,3,3,0,0,3,14.173474817666749,0,220,0,18000,2,3,11.371509999999999,0,Saudarkrokur (BIKR)
2026,3,MAR,BINF,Nordfjordur,Iceland,4,3.33252842878159,0,60,0,16000,3,4,5.773955,0,3,0,0,0,0,16000,3,3,0,0,Nordfjordur (BINF)
2026,3,MAR,BIRK,Reykjavik,Iceland,429,1158.950540949457,766.373018211446,23847,16947,18000,336,352,3102.332793699999,2529.2030115,421,402.790050493249,50.2757186703695,7080,1280,21000,391,413,180.6879705,23.69818699999999,Reykjavik (BIRK)
2026,3,MAR,BITN,Thorshofn,Iceland,16,36.21383986657637,36.21383986657637,900,900,6500,12,12,14.909733,14.909733,17,0,0,0,0,10000,17,17,0,0,Thorshofn (BITN)
2026,3,MAR,BIVM,Vestmannaeyjar,Iceland,27,49.551674439911835,27.35678543670363,1020,520,9000,16,18,26.182013499999996,-28.709766499999997,18,23.93297006306013,12.672895259288339,340,200,10000,15,16,6.241314,6.509995,Vestmannaeyjar (BIVM)
2026,3,MAR,BIVO,Vopnafjordur,Iceland,13,85.094796366457075,52.01169484969982,1840,1160,9000,9,10,0.5003339999999862,7.658748999999999,4,6.98344132469403,6.98344132469403,180,180,8500,3,3,6.52050999999999,6.52050999999999,Vopnafjordur (BIVO)
2026,3,MAR,EBAW,Antwerp,Belgium,377,7009.318952850505,2049.239687104604,104780,49200,3029.411764705882,73,139,13382.2472005,4747.7819995,367,1428.270847258898,217.783732109585,15900,4640,29000,256,337,1810.8424652,141.7858712,Antwerp (EBAW)
2026,3,MAR,EBBE,Beauvechain,Belgium,2,8.7300842019595,8.7300842019595,420,420,2587.880434782608,1,1,0,0,1,0,0,0,0,4000,1,1,0,0,Beauvechain (EBBE)
2026,3,MAR,EBBR,Brussels,Belgium,7693,137517.6587559367,14804.2749007497,1426200,279480,8000,1509,3930,1023525.033022,376765.7797898,7674,46785.841602847504,612.8181909904791,382620,8240,33037.268518518504,5147,7512,62699.9442053,5634.7503245,Brussels (EBBR)
2026,3,MAR,EBCI,Charleroi,Belgium,2857,53827.4293327495,3665.8846716519815,525480,67640,21979.310344827598,575,1884,226814.3463016999,50512.4267045,2858,29653.153768158998,839.033180619969,240640,11940,35000,1519,2650,26392.300541499997,4684.117955000001,Charleroi (EBCI)
2026,3,MAR,EBCV,Chievres,Belgium,6,80.4432337952857,17.53644178271457,860,320,2869.8529411764703,2,2,340.76332,104.861395,6,2.57122287359869,0,20,0,19000,5,6,3.83355,0,Chievres (EBCV)
2026,3,MAR,EBFN,Koksijde,Belgium,2,62.73359000845151,62.73359000845151,2060,2060,3976.159420289855,0,0,4.358025,4.358025,2,0,0,0,0,6500,2,2,0,0,Koksijde (EBFN)
2026,3,MAR,EBFS,Florennes,Belgium,10,175.55517110058202,72.32327889855328,2820,1700,4468.768115942029,2,4,684.2219680000001,40.125750000000046,5,71.8190759024992,12.1072457060578,800,160,19034.375,3,4,545.92137,150.17632,Florennes (EBFS)
2026,3,MAR,EBKT,Kortrijk/Wevelgem,Belgium,181,3117.720639153501,1192.324487146119,52500,29300,2884.615384615384,35,68,2670.4809049,1076.2923152,165,1412.94658384369,492.807309773526,21098,11478,21000,120,147,730.414696,87.07055849999996,Kortrijk/Wevelgem (EBKT)
2026,3,MAR,EBLG,Liege,Belgium,1445,26806.1622752827,4521.729181673939,297800,91140,4760.526315789474,243,569,443104.925296,218670.7807338,1416,6171.4338665794485,428.50457299819504,53080,7300,31000,1058,1349,32143.959483799998,5570.233302499999,Liege (EBLG)
2026,3,MAR,EBNM,Namur,Belgium,3,38.26346445909182,17.98393297545674,820,440,3000,1,2,-0.76124999999999865,2.1839999999999997,2,0,0,0,0,4000,2,2,0,0,Namur (EBNM)
2026,3,MAR,EBOS,Ostend/Bruges,Belgium,249,4191.425527769962,1423.250664308879,69160,36140,6000,49,93,17668.0167082,11316.0298715,239,2026.80503937856,346.572033332815,24940,7220,27000,159,227,1962.5265915000002,-4.84192000000001,Ostend/Bruges (EBOS)
2026,3,MAR,EBSP,Spa,Belgium,8,125.704700235765,14.005544719993148,2320,280,7937.7038163229345,1,4,21.200344999999977,1.9589849999999998,7,189.35870756504198,15.811638294742869,3740,280,10000,4,6,1.0190249999999998,0,Spa (EBSP)
2026,3,MAR,EBST,St Truiden,Belgium,9,198.402249714611,193.534441795791,4697,4617,2417.427884615384,3,4,9.176211,5.70727,8,14.20545662785853,14.20545662785853,440,440,6000,6,6,4.074525,4.074525,St Truiden (EBST)
2026,3,MAR,EBTN,Goetsenhoven,Belgium,1,8.55515974306471,8.55515974306471,300,300,2064.935064935065,0,0,0.6772499999999999,0.6772499999999999,1,0,0,0,0,10000,1,1,0,0,Goetsenhoven (EBTN)
2026,3,MAR,EBUL,Ursel,Belgium,4,0,0,0,0,3000,4,4,0,0,1,0,0,0,0,7000,1,1,0,0,Ursel (EBUL)
2026,3,MAR,EDAB,Bautzen,Germany,6,14.04430011625363,14.04430011625363,360,360,5021.153846153845,3,3,5.69499,5.69499,6,0,0,0,0,25000,6,6,0,0,Bautzen (EDAB)
2026,3,MAR,EDAC,Leipzig Altenburg,Germany,15,339.26524358733604,316.947029044499,9460,9160,4050,4,5,48.62576699999999,50.381886999999985,17,175.836183105352,175.836183105352,4100,4100,7000,13,13,-4.96912499999999,-4.96912499999999,Leipzig Altenburg (EDAC)
2026,3,MAR,EDAD,Dessau,Germany,1,0,0,0,0,28000,1,1,0,0,2,0,0,0,0,24000,2,2,0,0,Dessau (EDAD)
2026,3,MAR,EDAE,Eisenhuttenstadt,Germany,1,13.948884089272829,13.948884089272829,300,300,4950.833333333333,0,0,6.004398,6.004398,,,,,,,,,,,Eisenhuttenstadt (EDAE)
2026,3,MAR,EDAH,Heringsdorf,Germany,12,410.56139405065,410.56139405065,11260,11260,2854.1530054644804,4,4,31.785603,31.785603,10,26.415732141896658,26.415732141896658,960,960,10500,8,8,7.38728,7.38728,Heringsdorf (EDAH)
2026,3,MAR,EDAQ,Halle Oppin,Germany,3,0,0,0,0,15000,3,3,0,0,,,,,,,,,,,Halle Oppin (EDAQ)
2026,3,MAR,EDAV,Eberswalde Finow,Germany,7,44.6595509319016,37.46012688582527,980,820,2795.0819672131142,0,0,6.123863,5.3920129999999995,1,0,0,0,0,17000,1,1,0,0,Eberswalde Finow (EDAV)
2026,3,MAR,EDAW,Roitzschjora,Germany,2,2.15982721382289,2.15982721382289,40,40,14777.5,1,1,-1.0101,-1.0101,1,0,0,0,0,24000,1,1,0,0,Roitzschjora (EDAW)
2026,3,MAR,EDAY,Strausberg,Germany,47,912.985773999728,655.0598142382851,26560,19940,3273.3891425672246,11,15,335.4641815,145.61858850000002,52,184.8955868006,137.959996820213,4669,4229,10000,32,34,74.71757950000001,61.09209250000001,Strausberg (EDAY)
2026,3,MAR,EDAZ,Schonhagen,Germany,122,1311.128683429417,1202.8726864708592,30780,29080,3916.946721311475,34,37,452.261868,394.36775350000005,161,956.893071970552,838.767617201883,20980,19560,12000,114,129,58.509561700000035,31.76799150000004,Schonhagen (EDAZ)
2026,3,MAR,EDBC,Magdeburg Cochstedt,Germany,5,62.028645261625904,44.63462501853945,1200,980,3333.333333333333,1,1,26.27385999999999,5.3487,4,7.64938804895608,0,80,0,22500,3,4,7.607139999999999,0,Magdeburg Cochstedt (EDBC)
2026,3,MAR,EDBH,Barth,Germany,5,55.78498415436871,55.78498415436871,1280,1280,2126.666666666666,1,1,-19.61111749999999,-19.61111749999999,5,2.1328293736501105,2.1328293736501105,60,60,22000,4,4,0.6048,0.6048,Barth (EDBH)
2026,3,MAR,EDBJ,Jena Schongleina,Germany,8,175.067721912781,70.01439884809221,3608,1568,13531.053444847,2,6,71.07174400000001,14.3934,,,,,,,,,,,Jena Schongleina (EDBJ)
2026,3,MAR,EDBK,Kyritz,Germany,45,303.407845961279,303.407845961279,11360,11360,4000,19,19,50.83784999999999,50.83784999999999,1,0,0,0,0,31000,1,1,0,0,Kyritz (EDBK)
2026,3,MAR,EDBM,Magdeburg City,Germany,20,601.9636715101431,553.3359781389861,19360,18300,2853.3965844402273,2,3,96.652445,94.09490749999999,11,5.04040033940142,0,60,0,9000,10,11,8.436802,0,Magdeburg City (EDBM)
2026,3,MAR,EDBR,Rothenburg Gorlitz,Germany,7,0,0,0,0,26000,7,7,0,0,3,6.8362388151805,6.8362388151805,100,100,28000,2,2,3.8325,3.8325,Rothenburg Gorlitz (EDBR)
2026,3,MAR,EDCB,Ballenstedt,Germany,1,0,0,0,0,16000,1,1,0,0,,,,,,,,,,,Ballenstedt (EDCB)
2026,3,MAR,EDCM,Kamenz,Germany,4,23.74206477416231,17.554497279561897,640,480,5745,0,1,3.316425,2.4953250000000002,1,0,0,0,0,8000,1,1,0,0,Kamenz (EDCM)
2026,3,MAR,EDDB,Berlin Brandenburg,Germany,7297,62190.5531341077,15359.190666882501,731680,273380,9950,1819,3777,461591.0099146,251744.2475227,7264,15505.605131002101,94.98308040803141,129866,1380,35000,5848,7219,20905.286062499996,1087.501416999999,Berlin Brandenburg (EDDB)
2026,3,MAR,EDDC,Dresden,Germany,367,3500.787376130961,812.3543281232041,47360,19140,8000,105,205,16169.760106,6679.879571,384,649.640903511415,232.769179054451,12360,8020,28000,337,372,534.3731515000001,43.563449999999996,Dresden (EDDC)
2026,3,MAR,EDDE,Erfurt,Germany,97,2547.39417238765,1053.053353044033,44288,25188,4087.777777777777,20,29,7370.240270199999,2045.0971311999992,102,638.942862374491,212.211659080754,10640,4640,22000,80,95,328.20817400000004,17.81279399999999,Erfurt (EDDE)
2026,3,MAR,EDDF,Frankfurt,Germany,17380,376249.9378696818,100938.49646105271,4574340,1748300,4932.8043250784785,1002,4985,4378059.698247801,2458840.1809693,17396,57902.086782406805,1345.728066845003,481950,16720,32781.138392857094,12701,17121,178271.99953534998,17588.04025605,Frankfurt (EDDF)
2026,3,MAR,EDDG,Munster Osnabruck,Germany,502,5476.0493059351975,3284.612124078489,117640,95380,3118.579234972677,92,157,20800.2346214,12332.5868044,533,2090.664199257044,678.515833407517,35403,21623,23000,412,485,1026.3688399999999,145.185058,Munster Osnabruck (EDDG)
2026,3,MAR,EDDH,Hamburg,Germany,4800,26749.7811058925,13677.934683866,411140,259120,3251.343537414965,1430,1825,310737.87838469987,229456.7429393999,4820,14571.5639142108,517.326386896422,130580,14340,35000,3981,4794,20059.2859518,332.252267,Hamburg (EDDH)
2026,3,MAR,EDDK,Cologne/Bonn,Germany,4202,62126.2803109035,10472.4905565641,704000,193300,7079.166666666666,924,2090,526027.11875485,219516.54061095,4181,12440.1464527481,442.178464142582,109656,8333,33547.058823529405,3279,4139,21341.5755197,2793.390487,Cologne/Bonn (EDDK)
2026,3,MAR,EDDL,Dusseldorf,Germany,5853,75080.7894651434,10746.5978612128,792000,196180,10392.3655913978,1602,3230,429289.9790717,186498.1937275,5833,24169.4826877366,225.05890624139502,196400,3080,33030.8823529412,4204,5784,26634.629035899998,1708.9712920000002,Dusseldorf (EDDL)
2026,3,MAR,EDDM,Munich,Germany,12241,241601.8587092123,68560.4322685717,2755240,1175400,4938.333333333333,775,2490,1979019.8372486,1281137.9925226,12252,66387.5700696081,625.447003621037,552160,7880,33000,7831,12066,124773.5300305,4366.824750699999,Munich (EDDM)
2026,3,MAR,EDDN,Nuremberg,Germany,1503,27653.371694055,3023.393187942815,307300,60140,10021.9444444444,264,870,124658.6553289,36884.427551400004,1503,11704.1120438293,1025.933389006735,111640,22780,32000,941,1482,16800.2640167,3515.8621620000004,Nuremberg (EDDN)
2026,3,MAR,EDDP,Leipzig/Halle,Germany,2739,31677.9244978696,7757.642980057352,386460,143580,4514.840843323687,455,1139,430970.2624622,254613.1145085,2739,5211.009037155353,174.863976506356,44320,3980,33000,2379,2722,5067.707367,884.7693300000001,Leipzig/Halle (EDDP)
2026,3,MAR,EDDR,Saarbrucken,Germany,153,3775.213550773747,878.0307465214511,58960,21520,4765,23,59,9526.2822345,2453.552819499999,170,1566.8058303215892,1062.055767051821,27920,22120,19000,117,138,2142.2902188,1516.2901880000002,Saarbrucken (EDDR)
2026,3,MAR,EDDS,Stuttgart,Germany,3009,68005.38943195251,6876.209692095691,696873,132013,6015,325,1427,313887.1595981,86538.0298341,3057,21205.0719646257,667.54149950958,192590,19410,32037.931034482797,2049,3034,39243.8684892,91.89614,Stuttgart (EDDS)
2026,3,MAR,EDDV,Hanover,Germany,1844,13434.3178165668,4573.491625970107,186680,98460,9929.229243786356,578,942,90432.4885575,57504.738406000004,1851,4263.5489651226635,349.19155701022504,41640,8160,33023.529411764706,1539,1829,4441.0194293,149.0125075,Hanover (EDDV)
2026,3,MAR,EDDW,Bremen,Germany,827,7621.371074696203,3527.4254823177853,121760,81280,3091.211293260473,227,303,52228.040735,36394.453933000004,834,2798.2956247892557,1132.1362897991432,43599,29959,31996.3235294118,682,796,1471.2119839999991,379.233065,Bremen (EDDW)
2026,3,MAR,EDFE,Frankfurt Egelsbach,Germany,102,1450.7728496373209,1277.9187598472793,31647,29267,3657.916666666666,24,30,409.115924,311.98598400000003,33,482.31150404062004,390.704941414858,9807,8907,18000,21,28,12.29418099999999,-26.28853499999999,Frankfurt Egelsbach (EDFE)
2026,3,MAR,EDFH,Frankfurt Hahn,Germany,631,13794.634289613301,1050.7097072579782,146920,20400,16020,135,434,103687.7882658,29440.3598398,643,3840.890473280141,716.5139295966741,40420,14940,34932.3529411765,402,620,7332.7969440000015,2040.9302155,Frankfurt Hahn (EDFH)
2026,3,MAR,EDFM,Mannheim,Germany,203,3566.035586262487,2079.7254637286483,85060,61280,4975.765027322404,23,44,1838.7243929,1070.6053238,203,1826.3181830777833,1514.631911669976,38960,35720,9491.990713871155,142,164,271.52660310000005,14.41368079999997,Mannheim (EDFM)
2026,3,MAR,EDFQ,Allendorf,Germany,18,377.70551244197304,80.37704743949305,5280,1800,5558.183060109289,2,5,571.4736188,131.7417825,14,22.71542414537871,0,220,0,23300,11,14,52.67744,0,Allendorf (EDFQ)
2026,3,MAR,EDFV,Worms,Germany,12,190.831446238015,176.07498741045902,5580,5240,3737.92349726776,2,2,14.685305,15.279079999999999,7,0,0,0,0,7000,7,7,0,0,Worms (EDFV)
2026,3,MAR,EDFW,Wurzburg,Germany,3,52.86478612489419,52.86478612489419,1580,1580,22000,2,2,8.29185,8.29185,1,0,0,0,0,30000,1,1,0,0,Wurzburg (EDFW)
2026,3,MAR,EDFZ,Mainz,Germany,30,322.35230764235405,281.155635634179,7200,6620,3547.7049180327863,6,7,8.28769299999999,7.35429499999999,7,10.36248579535214,3.1816809493950102,220,80,19000,4,6,1.3328441999999998,0.6026999999999997,Mainz (EDFZ)
2026,3,MAR,EDGE,Eisenach Kindel,Germany,16,45.101488655101235,7.214519612624609,580,160,16500,11,13,52.65956269999999,6.385575199999999,8,54.80620845469701,14.55221610440179,620,180,22000,5,7,17.784482999999998,1.4148699999999899,Eisenach Kindel (EDGE)
2026,3,MAR,EDGS,Siegerland,Germany,56,1114.501693215954,487.914395506934,21501,11821,5979.115853658537,14,20,783.5663282,540.3155790000001,53,333.82803006387104,165.11095090302803,6600,4800,14000,39,47,127.5011623,21.71467899999999,Siegerland (EDGS)
2026,3,MAR,EDHC,Luchow Rehbeck,Germany,1,6.58570265198458,6.58570265198458,160,160,3562.295081967212,0,0,1.3356,1.3356,,,,,,,,,,,Luchow Rehbeck (EDHC)
2026,3,MAR,EDHE,Uetersen,Germany,3,51.23924998628465,46.48209209737731,1360,1240,2959.682940010809,0,0,3.633,3.1773,,,,,,,,,,,Uetersen (EDHE)
2026,3,MAR,EDHF,Itzehoe Hungriger Wolf,Germany,4,22.000675785394456,19.12090616696397,460,420,3986.2787356321833,1,1,22.60544799999999,17.085857999999998,2,0,0,0,0,18500,2,2,0,0,Itzehoe Hungriger Wolf (EDHF)
2026,3,MAR,EDHI,Hamburg Finkenwerder,Germany,137,1626.833582929591,1183.1670766847592,26220,21740,2957.962962962963,9,13,32924.135939,30665.769807,153,1961.795323960903,40.62384746712209,16220,940,32000,112,147,4028.9404539999996,311.300305,Hamburg Finkenwerder (EDHI)
2026,3,MAR,EDHK,Kiel Holtenau,Germany,70,2018.765445710632,1747.084312208367,59912,54332,2913.239153146509,15,20,261.57212400000003,259.112835,58,125.778783962661,120.26993061978601,3308,3188,14000,49,51,34.33762750000001,32.95530250000001,Kiel Holtenau (EDHK)
2026,3,MAR,EDHL,Lubeck Blankensee,Germany,171,5633.384311709248,5439.68341815665,164983,161783,3024.822695035461,44,54,1428.5323902999992,1274.1751302999992,132,661.263456901441,341.00260598884205,11869,8449,19500,95,110,302.500759,47.594041999999995,Lubeck Blankensee (EDHL)
2026,3,MAR,EDJA,Memmingen,Germany,953,22583.3875600465,3058.985268032757,266611,72411,10066.6666666667,107,630,113226.39778,21064.423462,916,7498.465645496333,615.822466761407,72169,13709,34000,502,874,10775.237232,1150.9180039999992,Memmingen (EDJA)
2026,3,MAR,EDKA,Aachen,Germany,12,87.89483493675306,47.14210577022046,2420,1620,7416.4988775267775,6,8,18.394945,11.613525,3,37.01286505775189,37.01286505775189,1040,1040,7000,2,2,10.08,10.08,Aachen (EDKA)
2026,3,MAR,EDKZ,Meinerzhagen,Germany,1,0,0,0,0,5000,1,1,0,0,,,,,,,,,,,Meinerzhagen (EDKZ)
2026,3,MAR,EDLA,Arnsberg Menden,Germany,9,78.6249294299823,10.68146797745224,860,180,20042.4242424242,3,6,54.419097,7.8555269999999995,7,1.9634792852935399,0,20,0,23000,6,7,1.236375,0,Arnsberg Menden (EDLA)
2026,3,MAR,EDLB,Borkenberge,Germany,1,17.175937400417798,17.175937400417798,480,480,3878.0874316939885,0,0,-0.29925000000000024,-0.29925000000000024,1,0,0,0,0,6000,1,1,0,0,Borkenberge (EDLB)
2026,3,MAR,EDLD,Dinslaken,Germany,26,288.82920904145703,71.62430421386634,4560,1760,10500,11,16,158.4042827,28.056321999999998,3,33.413484556703445,0,440,0,19000,2,3,2.49559,0,Dinslaken (EDLD)
2026,3,MAR,EDLE,Essen Mulheim,Germany,159,1108.07895083771,989.833648044024,36600,33820,3229.151404151404,64,64,215.102738,180.737815,8,115.21476934409701,0,1000,0,21497.006302521,7,8,-42.38605699999999,0,Essen Mulheim (EDLE)
2026,3,MAR,EDLH,Hamm Lippewiesen,Germany,4,16.77377285227019,4.941932514251319,400,100,8416.830601092895,2,3,2.08005,-0.1722000000000001,,,,,,,,,,,Hamm Lippewiesen (EDLH)
2026,3,MAR,EDLI,Bielefeld,Germany,28,116.198391264705,54.87456085480375,1780,1160,20972.4137931034,17,21,64.70316719999998,-5.453179499999999,12,55.3231430964583,0,500,0,30000,10,12,47.654590000000006,0,Bielefeld (EDLI)
2026,3,MAR,EDLM,Marl Loemuhle,Germany,4,4.321188395837449,4.321188395837449,100,100,7500,3,3,-0.2782500000000001,-0.2782500000000001,4,166.753520183502,164.95366417198298,3760,3740,11995.1671511628,2,3,-14.99397499999999,-14.38549999999999,Marl Loemuhle (EDLM)
2026,3,MAR,EDLN,Moenchengladbach,Germany,296,3636.7059221384934,2219.320535038053,79920,62960,2390.0757575757575,51,73,2845.9182027,1447.6507635,343,2486.162612290576,1818.4603347528603,62358,55018,9000,231,266,581.5395358,374.51513680000005,Moenchengladbach (EDLN)
2026,3,MAR,EDLO,Oerlinghausen,Germany,1,11.789056875449939,11.789056875449939,300,300,5063.333333333333,0,0,3.1164,3.1164,,,,,,,,,,,Oerlinghausen (EDLO)
2026,3,MAR,EDLP,Paderborn Lippstadt,Germany,260,2507.343777581693,1321.0185089113081,48740,36400,4002.459016393442,72,105,7989.737557999999,4341.513697,281,1250.236258728835,528.1557472134581,22210,15090,19108.333333333303,211,254,360.5474525,58.53085349999999,Paderborn Lippstadt (EDLP)
2026,3,MAR,EDLS,Stadtlohn Vreden,Germany,8,237.375223022229,58.02306958278072,5580,1860,3734.888433515482,1,2,84.31919149999997,8.194715,1,0,0,0,0,37000,1,1,0,0,Stadtlohn Vreden (EDLS)
2026,3,MAR,EDLV,Weeze,Germany,607,15933.8599148914,1757.1532552383962,178140,52500,25033.8709677419,127,444,50599.52849350001,7096.413577,583,2883.271391140622,241.21046614277302,27700,6460,35000,402,561,1857.258167999999,304.237076,Weeze (EDLV)
2026,3,MAR,EDLW,Dortmund,Germany,893,11867.0257111141,3837.1463404910614,176420,102260,6041.666666666668,177,441,47117.0760145,21340.80277,872,4763.744603672613,463.285742697406,49320,11520,34999.4615171846,567,823,5147.750430599999,713.2708488000001,Dortmund (EDLW)
2026,3,MAR,EDMA,Augsburg,Germany,261,4944.548655291379,2898.533617198347,105678,76298,3908.8797814207655,14,35,5222.8784093,3225.8563988999995,267,1635.1425263293281,885.731000272385,38153,28793,15000,184,230,816.14661775,294.82108700000003,Augsburg (EDMA)
2026,3,MAR,EDME,Eggenfelden,Germany,33,512.8602612448301,465.04525032530205,18320,17400,3556.666666666666,6,7,162.479615,143.312915,28,158.04320681083502,158.04320681083502,5680,5680,6196.363636363637,24,24,34.331324999999985,34.331324999999985,Eggenfelden (EDME)
2026,3,MAR,EDML,Landshut,Germany,7,81.49982067368681,47.06323494120474,1880,1160,7931.666666666666,2,4,0.8631050000000009,-0.2771999999999992,3,0,0,0,0,17000,3,3,0,0,Landshut (EDML)
2026,3,MAR,EDMN,Mindelheim Mattsies,Germany,2,0,0,0,0,14500,2,2,0,0,1,0,0,0,0,8000,1,1,0,0,Mindelheim Mattsies (EDMN)
2026,3,MAR,EDMO,Oberpfaffenhofen,Germany,266,5757.971597684403,2084.035355012702,77540,38320,4829.722222222222,33,72,9586.581976,5016.4217857,235,1308.9988011283951,56.4381734707125,12380,800,24000,146,226,1557.9951023,163.010276,Oberpfaffenhofen (EDMO)
2026,3,MAR,EDMS,Straubing,Germany,65,1439.542127303013,1198.788965042721,33874,30754,4537.152777777778,8,11,756.4997345,547.056786,60,261.32995687045803,107.655687768508,7460,6180,10000,45,51,832.8666780000001,670.6050700000001,Straubing (EDMS)
2026,3,MAR,EDMV,Vilshofen,Germany,19,145.095235206557,61.41515596424778,3420,1960,22000,13,16,30.189075,21.83789999999999,18,117.944564434845,93.95248380129588,2540,2140,21000,15,17,-6.353549999999999,-9.261,Vilshofen (EDMV)
2026,3,MAR,EDNL,Leutkirch Unterzeil,Germany,6,68.80379519197099,65.52805725100629,2280,2220,5514.444444444444,1,2,21.763874999999988,18.84802499999999,3,7.0194384449244005,7.0194384449244005,180,180,6953.333333333333,2,2,1.28625,1.28625,Leutkirch Unterzeil (EDNL)
2026,3,MAR,EDNR,Regensburg Oberhub,Germany,3,70.95664928772906,66.56950025965135,1620,1520,5024.0625,0,1,-14.858025,-16.355325,,,,,,,,,,,Regensburg Oberhub (EDNR)
2026,3,MAR,EDNX,Oberschleissheim,Germany,5,65.08905661173483,65.08905661173483,1940,1940,4950,0,0,1.89892,1.89892,2,0,0,0,0,13500,2,2,0,0,Oberschleissheim (EDNX)
2026,3,MAR,EDNY,Friedrichshafen,Germany,354,6937.740598238763,3763.073659366832,139580,104980,4607.352941176471,39,93,11012.709099200001,4920.4622662,341,1530.508657207627,456.11275071310405,22128,12168,22000,258,318,1496.1999167000001,166.5135045,Friedrichshafen (EDNY)
2026,3,MAR,EDPA,Aalen Heidenheim Elchingen,Germany,4,60.7541396688265,0,1120,0,10054.5833333333,2,4,30.795449999999988,0,2,23.324497676549516,23.324497676549516,360,360,7457.013125763126,0,0,10.596079999999999,10.596079999999999,Aalen Heidenheim Elchingen (EDPA)
2026,3,MAR,EDQD,Bayreuth,Germany,5,145.66588771259,23.47012239020881,3580,580,11000,3,3,38.63369999999999,33.2472,3,118.29553635709101,118.29553635709101,2460,2460,10000,2,2,-5.855849999999999,-5.855849999999999,Bayreuth (EDQD)
2026,3,MAR,EDQM,Hof,Germany,37,755.911710168585,447.661846388426,16640,12100,4500,8,14,596.3072700000001,242.7844805,52,254.471936362738,4.799616030717539,4180,140,12000,43,50,66.84616799999999,0.2682750000000002,Hof (EDQM)
2026,3,MAR,EDQT,Hassfurt,Germany,1,0,0,0,0,9000,1,1,0,0,,,,,,,,,,,Hassfurt (EDQT)
2026,3,MAR,EDRA,Bad Neuenahr Ahrweiler,Germany,1,0,0,0,0,6000,1,1,0,0,,,,,,,,,,,Bad Neuenahr Ahrweiler (EDRA)
2026,3,MAR,EDRB,Bitburg,Germany,2,215.358304122555,11.55282577393808,5120,300,6667.564890710382,0,1,50.62889999999998,2.6260499999999998,,,,,,,,,,,Bitburg (EDRB)
2026,3,MAR,EDRK,Koblenz Winningen,Germany,35,1139.9851587088872,725.207700026727,29000,21880,5000,11,18,956.9190725000001,809.6474975000001,5,69.31817874213819,17.490322085708538,1200,420,16000,1,4,-1.1487525,2.6879999999999997,Koblenz Winningen (EDRK)
2026,3,MAR,EDRT,Trier Fohren,Germany,3,69.41688729034266,64.21530341705251,1840,1760,7055.573770491802,1,1,24.12726499999999,23.38386499999999,1,0,0,0,0,22000,1,1,0,0,Trier Fohren (EDRT)
2026,3,MAR,EDRY,Speyer,Germany,72,1750.2946904009211,613.779650108789,31500,14780,3261.33032128514,7,15,2310.102306299999,798.0044170000001,31,89.5312306226927,5.35440681229018,1040,180,24000,25,30,135.901635,0.4740750000000004,Speyer (EDRY)
2026,3,MAR,EDRZ,Zweibruecken,Germany,60,962.431666062126,264.037138689823,15320,6080,5518.333333333333,12,28,576.2715318,102.83256250000001,71,337.796094282165,130.619550783941,4326,2406,16000,47,58,330.33632700000004,111.41337,Zweibruecken (EDRZ)
2026,3,MAR,EDSB,Karlsruhe/Baden-Baden,Germany,791,16209.221261644201,2885.956604870895,210148,78688,19974.1935483871,127,518,57611.975249200004,7986.4324294,777,5734.641842723976,756.852225549006,65383,19373,33000,478,738,4849.2773979,95.661785,Karlsruhe/Baden-Baden (EDSB)
2026,3,MAR,EDTD,Donaueschingen,Germany,68,662.590298967433,382.123201567897,13720,9640,5893.140889830509,20,30,339.82858100000004,261.71977400000003,59,434.434175501397,56.87887705705138,6040,1160,10030.1724137931,38,51,36.324573,4.553325,Donaueschingen (EDTD)
2026,3,MAR,EDTF,Freiburg im Breisgau,Germany,26,514.5559930786161,198.321325662197,9240,4440,6518.333333333333,10,13,103.3425025,31.097357499999998,16,143.29251489324602,129.610396480974,3180,3000,7054.494382022472,8,10,53.90280099999999,5.09303,Freiburg im Breisgau (EDTF)
2026,3,MAR,EDTG,Bremgarten,Germany,7,74.58560436393384,8.88637999869098,940,160,8000,2,5,72.38961499999998,-14.24461,6,13.302165064955409,6.2841781168144895,200,120,18000,4,5,38.58775499999998,32.86892999999999,Bremgarten (EDTG)
2026,3,MAR,EDTL,Lahr,Germany,115,1836.9549810014962,1102.4903564127842,41680,31240,4000,21,34,1428.817738,782.1420522000001,98,340.269972180345,66.73990881307847,4900,1940,13481.6666666667,67,82,390.0350677,14.9688,Lahr (EDTL)
2026,3,MAR,EDTM,Mengen,Germany,45,671.592961402105,440.335675226053,16880,13280,5705.833333333333,11,16,244.467464,203.527739,35,101.303297170625,39.86906905173158,1720,840,8000,27,31,30.726664999999997,-2.2806,Mengen (EDTM)
2026,3,MAR,EDTY,Schwaebisch Hall,Germany,217,3600.8185966171013,2150.727570450993,74047,58927,4443.333333333333,21,35,3145.21312935,1951.09409925,222,739.846718370194,227.09147986229902,11160,6520,20000,171,206,451.95403650000003,15.40119,Schwaebisch Hall (EDTY)
2026,3,MAR,EDVC,Celle Arloh,Germany,1,0,0,0,0,9000,1,1,0,0,,,,,,,,,,,Celle Arloh (EDVC)
2026,3,MAR,EDVE,Braunschweig,Germany,216,1889.520756177882,854.33337527525,36820,23540,11010,91,124,2084.4755372,576.0011157,240,1122.0910984346451,527.000824511073,19867,13547,23000,187,218,605.6481235,260.22882000000004,Braunschweig (EDVE)
2026,3,MAR,EDVK,Kassel,Germany,106,1310.8643233374848,838.391631206131,29320,22120,3967.008196721311,31,36,936.7428595,730.5827325,118,512.241918223138,152.994704779635,7240,3140,14000,89,110,699.765903,490.28395700000004,Kassel (EDVK)
2026,3,MAR,EDVM,Hildesheim,Germany,7,92.90433376466801,92.90433376466801,2500,2500,4000,4,4,23.384549999999997,23.384549999999997,2,0,0,0,0,5000,2,2,0,0,Hildesheim (EDVM)
2026,3,MAR,EDVY,Porta Westfalica,Germany,19,168.855546799929,143.08701819567102,3480,3220,10000,11,12,35.215945,-4.31708,9,16.396005708037208,7.786190291589859,240,160,23000,7,8,16.895235,10.873484999999999,Porta Westfalica (EDVY)
2026,3,MAR,EDWC,Damme,Germany,6,47.28712612081942,0,580,0,24000,4,6,20.42984999999999,0,5,52.233487316990484,0,640,0,20000,4,5,17.96129999999999,0,Damme (EDWC)
2026,3,MAR,EDWE,Emden,Germany,6,63.76563756018767,63.76563756018767,2260,2260,2894.1939890710373,1,1,10.319919999999989,10.319919999999989,7,31.85382144218377,0,260,0,7000,6,7,16.380009999999977,0,Emden (EDWE)
2026,3,MAR,EDWF,Leer Papenburg,Germany,8,198.47472151868402,155.910950796875,4700,3680,7410.942622950819,3,4,17.15337499999999,12.68352499999999,4,7.896074196417259,0,80,0,27000,3,4,-0.0370119999999972,0,Leer Papenburg (EDWF)
2026,3,MAR,EDWG,Wangerooge,Germany,2,11.98881138689233,11.98881138689233,360,360,5162.5,1,1,0.1433249999999997,0.1433249999999997,,,,,,,,,,,Wangerooge (EDWG)
2026,3,MAR,EDWI,Wilhelmshaven,Germany,35,1025.598847272866,305.162524245651,19980,8880,3038.333333333333,11,12,886.4075615,64.37466449999998,29,159.884087238385,143.286169170192,5040,4720,15000,24,25,13.64054999999999,14.92259999999999,Wilhelmshaven (EDWI)
2026,3,MAR,EDWO,Osnabruck Atterheide,Germany,11,30.30391872692548,21.66460987163394,600,480,14000,4,6,1.16445,2.591925,3,52.66014553337836,52.66014553337836,1500,1500,12000,2,2,2.4843,2.4843,Osnabruck Atterheide (EDWO)
2026,3,MAR,EDWQ,Ganderkesee,Germany,7,32.12999031585519,32.12999031585519,1440,1440,2974.505494505494,1,1,19.14806199999999,19.14806199999999,5,0,0,0,0,12000,5,5,0,0,Ganderkesee (EDWQ)
2026,3,MAR,EDWR,Borkum,Germany,3,188.656028675718,188.656028675718,5100,5100,5000,2,2,31.0905,31.0905,,,,,,,,,,,Borkum (EDWR)
2026,3,MAR,EDWY,Norderney,Germany,2,10.95129350303264,10.95129350303264,280,280,14472.0833333333,1,1,1.81125,1.81125,2,0,0,0,0,15500,2,2,0,0,Norderney (EDWY)
2026,3,MAR,EDXB,Heide Busum,Germany,6,334.48484198803305,334.48484198803305,9431,9431,2602.409585624398,1,1,68.64112500000002,68.64112500000002,4,14.32239234420568,14.32239234420568,360,360,4342.134533898306,2,2,1.2348,1.2348,Heide Busum (EDXB)
2026,3,MAR,EDXF,Flensburg,Germany,4,9.482697905906651,9.482697905906651,300,300,12383.389945652201,2,2,1.0143,1.0143,4,33.89935701695588,0,500,0,23523.6350574713,3,4,6.7195849999999995,0,Flensburg (EDXF)
2026,3,MAR,EDXO,St Peter Ording,Germany,3,0,0,0,0,12000,3,3,0,0,,,,,,,,,,,St Peter Ording (EDXO)
2026,3,MAR,EDXQ,Rotenburg Wumme,Germany,1,14.396525697299118,3.23974082073437,200,60,2735,0,0,-1.1857605,1.0452745,1,0,0,0,0,27000,1,1,0,0,Rotenburg Wumme (EDXQ)
2026,3,MAR,EDXR,Rendsburg Schachtholm,Germany,3,29.678187220432097,29.678187220432097,840,840,2624.726775956284,1,1,7.957949999999999,7.957949999999999,,,,,,,,,,,Rendsburg Schachtholm (EDXR)
2026,3,MAR,EDXW,Sylt,Germany,119,1184.551982866973,858.7098515467171,20980,17320,3053.8602941176473,40,44,1641.5059543000002,1344.0968288000001,117,632.3376408127291,504.991319146789,10986,9766,24000,94,103,233.79087950000002,166.363592,Sylt (EDXW)
2026,3,MAR,EEEI,Amari Airbase,Estonia,16,131.603992076443,113.303313273605,2500,2300,2390.697674418604,3,4,1631.11662,1399.96117,16,64.27471624225404,0,620,0,30933.8709677419,10,16,-5.50201799999999,0,Amari Airbase (EEEI)
2026,3,MAR,EEKA,Kardla,Estonia,55,194.28402545978102,180.227150009817,5040,4820,9000,51,52,-167.64531000000002,-190.34631000000002,55,0,0,0,0,9000,55,55,0,0,Kardla (EEKA)
2026,3,MAR,EEKE,Kuressaare,Estonia,59,40.69710246421347,30.64040699985062,860,680,15000,46,46,57.265944999999995,57.265944999999995,58,18.82356527227347,7.416977799271309,420,280,15000,56,57,-7.644000000000009,0,Kuressaare (EEKE)
2026,3,MAR,EEPU,Parnu,Estonia,4,19.80062990841738,19.80062990841738,920,920,4796.059782608695,1,1,5.7393,5.7393,2,8.85529157667387,8.85529157667387,220,220,6520,1,1,1.1392499999999999,1.1392499999999999,Parnu (EEPU)
2026,3,MAR,EETN,Tallinn,Estonia,1583,2971.756011401031,1834.509922201811,49200,38160,15000,1049,1161,33025.109897999995,29879.537731,1588,1833.6281853854641,38.54630932505511,17677,540,32000,1403,1580,3687.408406,42.55516999999999,Tallinn (EETN)
2026,3,MAR,EETU,Tartu,Estonia,68,117.74608464688001,56.887416473974454,2960,2180,16000,58,61,75.41362999999998,74.86972999999999,65,111.016013128888,1.29589632829374,1420,60,18000,59,64,119.26896500000001,0.378,Tartu (EETU)
2026,3,MAR,EFET,Enontekio,Finland,3,0,0,0,0,39000,3,3,0,0,4,0,0,0,0,25000,4,4,0,0,Enontekio (EFET)
2026,3,MAR,EFHA,Halli,Finland,13,103.915953627242,56.03986043584458,2880,1840,8000,5,7,153.9298495,92.48621749999998,11,0,0,0,0,9000,11,11,0,0,Halli (EFHA)
2026,3,MAR,EFHK,Helsinki,Finland,6561,17761.376965040796,8869.001168408306,278400,177120,19500,3978,4690,240110.8500652,205820.6964485,6574,11131.0031803864,196.303126494157,112000,3020,35007.5,5219,6527,24511.1814705,763.643413,Helsinki (EFHK)
2026,3,MAR,EFIK,Kiikala,Finland,1,14.93678258548305,14.93678258548305,400,400,3047.191011235955,0,0,2.5137,2.5137,,,,,,,,,,,Kiikala (EFIK)
2026,3,MAR,EFIM,Immola,Finland,1,37.89982515684458,37.89982515684458,760,760,2776.190476190476,0,0,-7.254449999999999,-7.254449999999999,,,,,,,,,,,Immola (EFIM)
2026,3,MAR,EFIV,Ivalo,Finland,189,571.841892500342,511.496646290642,10260,9600,4403.756708407871,67,78,10954.6922932,10562.8150132,189,236.03931650430198,7.38390928725702,2040,80,35967.5324675325,159,188,388.955215,22.053622999999998,Ivalo (EFIV)
2026,3,MAR,EFJO,Joensuu,Finland,55,175.344184177607,126.710349320486,2960,2360,19000,44,47,1961.3557500000002,1936.0308,55,87.67259333539029,0,1300,0,18000,52,55,162.65025,0,Joensuu (EFJO)
2026,3,MAR,EFJY,Jyvaskyla,Finland,130,329.71362754330005,152.65558548003202,6140,3420,16000,100,108,62.894472,5.96063549999999,125,27.933765298776088,27.933765298776088,640,640,18000,124,124,44.056425,44.056425,Jyvaskyla (EFJY)
2026,3,MAR,EFKE,Kemi Tornio,Finland,71,217.06678272340798,39.21164579399067,3360,760,20000,58,62,971.0600545000001,686.3774950000001,69,192.133941808557,0,2520,0,21000,57,69,219.637106,0,Kemi Tornio (EFKE)
2026,3,MAR,EFKI,Kajaani,Finland,47,23.81732760605561,18.32320492388862,440,360,19000,41,42,59.379075,53.740575,47,183.262344526925,4.37027537796976,2820,60,18000,38,46,348.666937,3.641663,Kajaani (EFKI)
2026,3,MAR,EFKK,Kruunupyy,Finland,65,111.464014227884,46.16791333612302,1940,1000,17000,59,61,2.40367049999998,-87.79657999999999,64,94.33003738829927,37.79697624190065,1460,660,17000,52,63,81.46263899999998,37.5947,Kruunupyy (EFKK)
2026,3,MAR,EFKS,Kuusamo,Finland,136,582.99386238036,84.10550535836984,7720,1600,18000,98,114,2895.173644,696.570182,138,682.80082650338,2.00914159425385,10120,40,20000,111,137,1451.783997499999,9.171750000000001,Kuusamo (EFKS)
2026,3,MAR,EFKT,Kittila,Finland,295,1904.50620592627,717.92430137007,25740,12500,4916.190476190476,113,141,18393.962011199998,11660.8310342,296,1769.2994301027982,0,17560,0,36000,200,296,6078.6912139999995,0,Kittila (EFKT)
2026,3,MAR,EFKU,Kuopio,Finland,180,441.539655564028,228.77767691239401,7420,4800,18000,148,156,424.92316550000004,460.542828,180,92.52868591719489,4.08554728209156,1380,80,18000,169,179,198.3854895,8.731810000000001,Kuopio (EFKU)
2026,3,MAR,EFLA,Vesivehmaa,Finland,2,0,0,0,0,4500,2,2,0,0,1,0,0,0,0,7000,1,1,0,0,Vesivehmaa (EFLA)
2026,3,MAR,EFLP,Lappeenranta,Finland,1,0,0,0,0,21000,1,1,0,0,1,0,0,0,0,22000,1,1,0,0,Lappeenranta (EFLP)
2026,3,MAR,EFMA,Mariehamn,Finland,108,373.878387165422,306.20962507846406,11360,10060,12000,67,76,140.28396,91.79838500000001,105,90.45437655310155,66.9546436285097,2040,1800,12000,102,104,30.409398999999997,4.1013,Mariehamn (EFMA)
2026,3,MAR,EFMI,Mikkeli,Finland,2,148.354118017229,146.194290803406,4500,4440,3901.9124249808224,0,0,31.526775000000008,30.64635000000001,2,2.6960343172546204,2.6960343172546204,80,80,4604.513888888889,1,1,1.286775,1.286775,Mikkeli (EFMI)
2026,3,MAR,EFNU,Nummela,Finland,6,23.07902009392423,12.549862426537619,500,300,6000,3,4,0,0,6,1.9602068198180498,0,40,0,12511.0227272727,5,6,0,0,Nummela (EFNU)
2026,3,MAR,EFOU,Oulu,Finland,286,843.8013874969081,450.318898751747,14180,9400,18000,165,176,7977.173286,7757.1547025,288,471.842694465419,0,5660,0,35211.1685463659,244,288,529.555869,0,Oulu (EFOU)
2026,3,MAR,EFPO,Pori,Finland,90,540.0115687202331,531.3722598649421,16900,16740,2659.69696969697,40,42,286.7835825,263.7609625,94,39.44857292772511,39.44857292772511,960,960,13000,90,90,-0.7160999999999971,-0.7160999999999971,Pori (EFPO)
2026,3,MAR,EFRO,Rovaniemi,Finland,611,2186.789857265561,1452.807936875724,41540,30820,18000,315,336,27512.7063545,25349.590447,619,760.2157614912911,115.676404869793,9940,3660,36000,524,616,752.8144225000001,43.69995,Rovaniemi (EFRO)
2026,3,MAR,EFSA,Savonlinna,Finland,31,46.337293016558604,46.337293016558604,960,960,19000,17,17,26.82416199999999,26.82416199999999,30,0,0,0,0,18000,30,30,0,0,Savonlinna (EFSA)
2026,3,MAR,EFSI,Seinajoki,Finland,4,5.99636239627145,5.99636239627145,160,160,10577.631578947401,2,2,1.9267499999999997,1.9267499999999997,4,12.287392008639308,0,160,0,27000,3,4,-2.53722,0,Seinajoki (EFSI)
2026,3,MAR,EFSO,Sodankyla,Finland,1,9.964657372864849,9.964657372864849,140,140,3777.272727272727,0,0,76.02722,76.02722,,,,,,,,,,,Sodankyla (EFSO)
2026,3,MAR,EFTP,Tampere,Finland,178,1118.605801066418,845.959349600869,25100,21120,10000,92,102,2629.3254787,2192.9711705,171,148.89843668033,66.74222284106325,3380,2620,22000,156,168,447.93370000000004,28.9044,Tampere (EFTP)
2026,3,MAR,EFTU,Turku,Finland,213,813.6580561798071,503.43366442931904,17820,13500,13000,118,136,5041.092864,3989.4074965,210,206.94909421886402,1.3934369121438,1860,20,29000,189,209,435.39868800000005,19.866,Turku (EFTU)
2026,3,MAR,EFUT,Utti,Finland,3,0,0,0,0,13000,3,3,0,0,2,0,0,0,0,15000,2,2,0,0,Utti (EFUT)
2026,3,MAR,EFVA,Vaasa,Finland,139,332.30137874938106,107.751377401308,5340,2400,17000,112,121,615.3587825000001,557.125295,138,174.26141240605,0,2540,0,17000,117,138,206.1642605,0,Vaasa (EFVA)
2026,3,MAR,EGAA,Belfast Aldergrove,United Kingdom,2155,6750.706643259802,3569.953782836516,116800,76860,24000,1325,1467,76720.4242847,59143.5689065,2171,3421.182391507618,248.896414874255,32000,5320,27000,1866,2143,4884.5648802999995,457.50178000000005,Belfast Aldergrove (EGAA)
2026,3,MAR,EGAB,Enniskillen,United Kingdom,5,61.004132656400415,38.17167353884411,1200,980,32000,3,4,8.86724,6.3787449999999994,3,5.759539236861049,2.87976961843052,80,40,10000,1,2,17.2851,8.505,Enniskillen (EGAB)
2026,3,MAR,EGAC,Belfast City,United Kingdom,1318,4760.738189504467,2118.6061169761288,82680,45500,14000,709,851,36439.054392000005,24622.948532500002,1325,1501.076764707776,193.728202352011,14900,2800,17000,1142,1263,1639.914681,975.5202200000001,Belfast City (EGAC)
2026,3,MAR,EGAE,City of Derry,United Kingdom,172,554.0432323849801,326.63717548543406,9760,7080,24000,105,118,3703.7985319999993,2657.385412,173,104.563555537468,2.7897768178545697,920,40,27000,165,172,69.9475325,8.281875000000001,City of Derry (EGAE)
2026,3,MAR,EGBB,Birmingham,United Kingdom,3837,63088.374667473305,4391.609859464903,659620,79140,9050,862,2727,380449.6707666,67873.5579365,3843,8254.239225674963,430.534962504703,73920,6100,32965,2970,3718,17408.4081303,2815.322592,Birmingham (EGBB)
2026,3,MAR,EGBE,Coventry,United Kingdom,4,77.77325049019116,13.53317541048323,1360,220,8057.5,1,2,179.1620375,-1.51305,4,3.5751685319719897,3.5751685319719897,80,80,6877.777777777777,2,2,-0.17430000000000012,-0.17430000000000012,Coventry (EGBE)
2026,3,MAR,EGBG,Leicester,United Kingdom,4,31.784171551990077,13.68790496760257,440,240,18000,3,3,-8.718937,-0.3556869999999996,4,3.23483212252111,3.23483212252111,60,60,20000,3,3,1.0771425000000001,1.0771425000000001,Leicester (EGBG)
2026,3,MAR,EGBJ,Gloucestershire,United Kingdom,107,2123.416768637658,804.745487944283,34194,18994,4079.999999999999,31,43,2955.7547071999998,780.6034477000001,255,584.919464992412,253.995077942881,9540,5760,8038.888888888889,181,217,304.9747775,66.5975995,Gloucestershire (EGBJ)
2026,3,MAR,EGBO,Wolverhampton,United Kingdom,4,19.911588891070487,4.97278399546218,360,140,15523.3333333333,1,3,18.38602999999999,1.35975,2,0,0,0,0,30000,2,2,0,0,Wolverhampton (EGBO)
2026,3,MAR,EGBP,Costwold,United Kingdom,15,360.030079824198,72.1167684193295,5660,1700,3077.514318442153,1,5,697.1003250000001,233.06370800000002,16,42.021936203556685,32.612601993771726,600,520,12000,11,11,73.77747149999998,48.05617149999999,Costwold (EGBP)
2026,3,MAR,EGBT,Turweston,United Kingdom,5,136.321191377109,5.399568034557209,2580,140,9000,1,3,89.41658099999998,-0.026775000000000004,5,7.14542836573074,7.14542836573074,180,180,14000,4,4,1.176,1.176,Turweston (EGBT)
2026,3,MAR,EGBW,Wellesbourne Mountford,United Kingdom,17,160.666423955774,44.433122554510575,2440,920,10000,4,11,340.24804,178.23356,36,80.03367171092047,9.31214214151579,860,180,9000,27,33,107.672505,27.040129999999998,Wellesbourne Mountford (EGBW)
2026,3,MAR,EGCC,Manchester,United Kingdom,7766,65877.9388124332,28189.1703269,863220,459860,8005.287356321838,3054,4044,673227.072307,412365.54798730003,7788,23111.8929782475,720.059485983046,194053,9973,34980,5895,7615,42551.8861375,6433.447784,Manchester (EGCC)
2026,3,MAR,EGCF,Sandtoft,United Kingdom,1,6.454560558232259,0,120,0,8053.076923076923,0,1,-0.9114,0,1,1.4398848092152599,1.4398848092152599,40,40,4900,0,0,0.2278500000000001,0.2278500000000001,Sandtoft (EGCF)
2026,3,MAR,EGCK,Caernarfon,United Kingdom,2,5.573008704758149,5.573008704758149,160,160,6458.75,1,1,0.5795999999999997,0.5795999999999997,2,3.30519013024412,3.30519013024412,80,80,7980.303030303031,1,1,-0.025199999999999903,-0.025199999999999903,Caernarfon (EGCK)
2026,3,MAR,EGDM,Boscombe Down,United Kingdom,1,15.712742980561568,0,300,0,9030,0,1,25.86149999999999,0,,,,,,,,,,,Boscombe Down (EGDM)
2026,3,MAR,EGDR,Culdrose,United Kingdom,1,0,0,0,0,24000,1,1,0,0,1,0,0,0,0,23000,1,1,0,0,Culdrose (EGDR)
2026,3,MAR,EGEC,Campbeltown,United Kingdom,16,23.09220198047541,23.09220198047541,660,660,6000,12,12,21.74781449999999,21.74781449999999,35,8.999280057595389,8.999280057595389,206,206,6000,31,31,3.375215,3.375215,Campbeltown (EGEC)
2026,3,MAR,EGEO,Oban,United Kingdom,2,8.23134149268054,0,120,0,10521.6666666667,1,2,3.92123,0,5,41.854015315138405,41.854015315138405,1100,1100,5301.11111111111,2,2,0.6772499999999999,0.6772499999999999,Oban (EGEO)
2026,3,MAR,EGFE,Haverfordwest,United Kingdom,16,49.399454021205926,49.399454021205926,1040,1040,18000,11,11,-31.33504499999999,-31.33504499999999,13,0,0,0,0,17000,13,13,0,0,Haverfordwest (EGFE)
2026,3,MAR,EGFF,Cardiff,United Kingdom,422,11181.4799903443,5100.5552626200615,232640,172680,4720.277777777777,62,199,26475.8731325,6350.6750075,312,1487.135780830436,51.970612927824114,13160,1400,29000,222,302,1665.9659259999992,120.033212,Cardiff (EGFF)
2026,3,MAR,EGFH,Swansea,United Kingdom,2,15.36477081833453,0,220,0,18015.2777777778,1,2,7.301699999999999,0,1,7.645748634226909,6.0576403887689,120,100,6950,0,0,6.63275,6.2605249999999995,Swansea (EGFH)
2026,3,MAR,EGGD,Bristol,United Kingdom,2942,64700.326937273,3093.482223410794,645380,56720,17000,578,2185,347640.9275019,46905.8245245,2962,14168.7924882326,66.0350603812815,117580,900,32996.0303030303,2001,2946,21678.1684225,506.9620250000001,Bristol (EGGD)
2026,3,MAR,EGGP,Liverpool,United Kingdom,1764,14835.673850533,8183.684066145731,225480,156840,2739.354838709677,497,675,172789.7794784999,140111.009101,1787,4769.79662134684,207.31628326026402,41140,3040,31000,1335,1713,7342.7035725,1186.7828015,Liverpool (EGGP)
2026,3,MAR,EGGW,London Luton,United Kingdom,5092,131278.17497264722,22018.5106064454,1600320,378600,5316.163265306121,449,2087,1195447.9624327,297662.4587644999,5099,18556.727249235602,3738.306045201974,179260,52440,34000,3108,4229,64777.124330000006,31126.534110799996,London Luton (EGGW)
2026,3,MAR,EGHC,Lands End,United Kingdom,1,94.92559276576553,94.92559276576553,2480,2480,4709.89010989011,0,0,118.18174,118.18174,1,0,0,0,0,9000,1,1,0,0,Lands End (EGHC)
2026,3,MAR,EGHH,Bournemouth,United Kingdom,450,6479.604054825183,2128.263944831262,91960,40860,8041.666666666668,91,241,67175.1856295,30656.4276049,448,3210.164666752267,816.0925960019831,31280,10000,14997.5,169,288,11854.185919200001,4890.4641280000005,Bournemouth (EGHH)
2026,3,MAR,EGHI,Southampton,United Kingdom,776,12304.07719604,3287.679635176758,184020,67620,6000,133,341,45454.7315115,16738.4865095,780,2082.105792732999,554.1066632332261,25320,7880,13035,522,656,4338.5995407,1363.8491446999992,Southampton (EGHI)
2026,3,MAR,EGHL,Lasham,United Kingdom,3,40.62205792767348,19.74372819405216,580,340,4823.333333333333,0,1,346.085345,276.5542500000001,1,0,0,0,0,9000,1,1,0,0,Lasham (EGHL)
2026,3,MAR,EGJA,Alderney,Guernsey,27,11.08068497377352,3.77326956700607,180,80,6000,25,26,-0.3086999999999977,-0.3275999999999998,21,0,0,0,0,7000,21,21,0,0,Alderney (EGJA)
2026,3,MAR,EGJB,Guernsey,Guernsey,613,2433.446922301559,506.6957063769341,37031,10871,12000,487,553,2922.480454199999,915.663364,552,1009.1218893844,282.999819749163,13680,4760,14000,501,537,738.3946953000001,56.350574999999964,Guernsey (EGJB)
2026,3,MAR,EGJJ,Jersey,Jersey,816,3204.3662759575727,1115.212761217899,48960,23600,19000,521,618,24409.6729631,15282.614813,710,1096.72919171719,85.74943362329176,12120,1980,19000,622,706,2180.2821237,12.02116,Jersey (EGJJ)
2026,3,MAR,EGKA,Shoreham,United Kingdom,37,757.529817014964,374.594605864074,18500,11420,3146.25,9,12,161.78245249999998,126.80907,32,73.02690646728387,55.917708401509685,1440,1180,10040,28,29,-2.2344,-2.2344,Shoreham (EGKA)
2026,3,MAR,EGKB,London Biggin Hill,United Kingdom,706,15754.0821763473,9292.789517109477,236380,159780,2994.772727272727,34,50,39589.514190500005,26815.3652863,710,2750.2391609392894,404.76096993177197,28000,6200,22000,417,582,3415.016498,411.68497920000004,London Biggin Hill (EGKB)
2026,3,MAR,EGKK,London Gatwick,United Kingdom,9906,188696.9399240131,25926.802920715698,2140460,452740,8951.666666666666,1597,5667,1683467.012246,555654.857273,9919,37707.386388842,8458.429946142487,365060,114760,32980.1108801109,5731,7998,169874.8302055,94393.3720305,London Gatwick (EGKK)
2026,3,MAR,EGKR,Redhill,United Kingdom,1,54.76061915046796,54.76061915046796,1217,1217,2238.276143790849,0,0,-2.9547,-2.9547,4,0,0,0,0,8500,4,4,0,0,Redhill (EGKR)
2026,3,MAR,EGLC,London City,United Kingdom,2220,44404.2576272113,28380.468275662697,678159,501539,2886.9774011299432,40,59,399370.34617159993,326740.0029418999,2211,10796.163932211999,5874.554485793532,125140,82300,14980.555555555602,914,1141,47806.1161711,41167.979154700006,London City (EGLC)
2026,3,MAR,EGLF,Farnborough,United Kingdom,1165,28341.7510022077,13081.470243985701,416160,248460,2640.833333333333,6,20,108825.434501,64631.3126643,1186,6903.140859130046,1205.07160631429,67800,18380,24000,546,924,12469.2302033,3813.0199739999994,Farnborough (EGLF)
2026,3,MAR,EGLK,Blackbushe,United Kingdom,40,600.5867777911501,266.56129709950096,9620,5220,3422.083333333333,4,8,670.5252267000001,344.755405,54,233.42661849632202,105.52250744054501,3480,2020,9000,25,32,74.44022619999998,28.178870999999997,Blackbushe (EGLK)
2026,3,MAR,EGLL,London Heathrow,United Kingdom,19386,397012.39088383224,84941.8340421118,5390540,1356380,7048.333333333333,1783,9079,7775680.0316217,2117831.634109,19407,91952.26798256629,41840.0390528898,944807,528720,29000,9340,12922,692467.9382165,523596.3301084999,London Heathrow (EGLL)
2026,3,MAR,EGMC,London Southend,United Kingdom,333,7625.683814438706,3794.0676861394445,147780,98620,3936.712983065567,47,108,46233.004784100005,22487.8579877,316,1563.328858504883,211.188777778848,15640,3300,21000,162,252,5424.3990838,1213.518272999999,London Southend (EGMC)
2026,3,MAR,EGMD,Lydd,United Kingdom,22,261.100816348809,93.31526093601539,5740,2640,6991.666666666666,10,13,656.326932,113.62443,8,49.75333176353411,5.0335973122150195,720,80,15031.6666666667,2,6,52.2959359,8.198452999999999,Lydd (EGMD)
2026,3,MAR,EGNC,Carlisle,United Kingdom,2,58.42719874600445,22.21551940916492,1100,480,2365.113636363636,0,0,27.517879999999998,14.25113,1,12.27119014034593,12.27119014034593,160,160,7029.787234042553,0,0,3.8986549999999998,3.8986549999999998,Carlisle (EGNC)
2026,3,MAR,EGNE,Retford Gamston,United Kingdom,26,737.2767736828961,137.537288259051,13200,2800,6885.833333333333,6,11,1239.1979102,123.6252202,29,229.498598179774,169.065943989848,4160,3540,10000,19,24,74.12424599999999,15.385094999999989,Retford Gamston (EGNE)
2026,3,MAR,EGNH,Blackpool,United Kingdom,44,716.320486174892,320.61687226658506,11100,7040,3182.6234364713628,9,16,1492.8654390000002,813.867789,35,160.563182747386,11.77362953820837,1500,160,19000,21,30,129.59456400000002,17.56745,Blackpool (EGNH)
2026,3,MAR,EGNJ,Humberside,United Kingdom,144,1215.5972155785983,202.488865125851,15980,4320,18000,59,106,6756.987687,1483.5100795,140,198.777014967928,11.08526051458215,1940,160,27000,113,137,217.75961700000002,22.724373,Humberside (EGNJ)
2026,3,MAR,EGNL,Barrow Walney Island,United Kingdom,117,283.218375357539,91.50997024345065,4900,1940,20002.7777777778,75,97,240.76919800000002,-6.593973,115,124.19268696266501,0,1240,0,23000,97,115,71.09348199999998,0,Barrow Walney Island (EGNL)
2026,3,MAR,EGNM,Leeds,United Kingdom,1168,11065.4019039422,2248.6908566537363,134380,43340,14952.5,411,761,63877.537061200004,27143.4767227,1172,3006.5638346434303,86.20346149005096,25740,1280,33000,919,1148,3432.2771116999993,733.0263935,Leeds (EGNM)
2026,3,MAR,EGNO,Warton,United Kingdom,46,375.39982898645604,136.345898561339,6080,3140,11005.3591954023,15,26,1077.341400999999,791.8132710000001,50,61.771253150725364,4.87106486026572,560,60,19000,41,48,80.23180200000002,19.220769999999998,Warton (EGNO)
2026,3,MAR,EGNR,Hawarden,United Kingdom,86,1109.431123325908,624.49107777031,18820,12980,2565.94298245614,6,9,13443.6983777,10883.9316265,88,251.150054353215,77.59479241660665,2781,1420,28000,69,85,365.7563005,182.16660000000002,Hawarden (EGNR)
2026,3,MAR,EGNS,Isle of Man,Isle of Man,500,3092.9057991426143,1515.527877615438,53860,33620,8000,215,262,14474.780456800001,8116.512502,498,195.81268528328,65.71112508096371,2717,1482,13000,465,489,379.62363550000003,19.70746500000002,Isle of Man (EGNS)
2026,3,MAR,EGNT,Newcastle,United Kingdom,1585,24033.7831575494,2794.0788023830614,256758,57098,23000,535,1060,142792.7941117,39519.055214,1591,5047.436215818443,21.09569122668944,42160,280,31018.2291666667,1161,1587,7492.7184800000005,50.79059749999999,Newcastle (EGNT)
2026,3,MAR,EGNV,Durham Teesside,United Kingdom,218,2469.660271744914,922.8168027491821,35100,19340,3483.333333333333,46,93,19625.8504303,10348.3802015,211,488.742746999066,34.42248471124421,5020,560,31000,150,207,1211.6899130000002,124.59869,Durham Teesside (EGNV)
2026,3,MAR,EGNX,East Midlands,United Kingdom,1886,27148.0661642048,2695.707782176827,287835,53535,19000,550,1380,191715.0460768,65302.5808993,1891,3813.569230664549,86.5531411788656,32600,1160,32000,1544,1864,7016.6874363,696.6594155,East Midlands (EGNX)
2026,3,MAR,EGOV,Valley,United Kingdom,1,3.6248442766898603,2.20390532022742,60,40,1893.877551020408,0,0,0.3325879999999976,-1.31145,1,0,0,0,0,23000,1,1,0,0,Valley (EGOV)
2026,3,MAR,EGPA,Kirkwall,United Kingdom,266,777.115529360027,497.218502732845,15160,10920,12000,180,186,1598.5177045,1251.7757194999992,264,397.19361883589704,225.43054710489403,7280,4740,13000,248,256,290.4258530000001,95.41985299999999,Kirkwall (EGPA)
2026,3,MAR,EGPB,Sumburgh,United Kingdom,358,1879.79085620359,1018.9978561772851,36080,24800,3289.2857142857133,153,170,3721.774038,3604.787613,351,450.601962733566,232.301305586714,6860,3720,14000,334,346,566.74179,302.56547000000006,Sumburgh (EGPB)
2026,3,MAR,EGPC,Wick,United Kingdom,58,574.8803865987791,202.18899892318203,11600,4720,12000,38,41,214.64516,56.016919999999985,63,382.815622919113,21.43900733673102,7500,420,13000,48,61,92.3206473,-2.89275,Wick (EGPC)
2026,3,MAR,EGPD,Aberdeen,United Kingdom,1407,7308.497080223954,3778.6285608273,121340,76800,8010,561,721,68225.3206567,50628.459637700005,1401,2296.1863578300854,111.184440200899,26506,2060,31000,1252,1390,3363.350789,155.7363505,Aberdeen (EGPD)
2026,3,MAR,EGPE,Inverness,United Kingdom,413,2410.401462817968,1483.769157408184,45980,35140,11000,179,219,21067.8893705,14058.2030335,412,469.27286958690604,15.642504561518459,4280,300,33000,360,409,288.3400393,35.84725749999999,Inverness (EGPE)
2026,3,MAR,EGPF,Glasgow,United Kingdom,2847,13591.0648233671,8105.894697949812,222000,157940,9000,1261,1482,126929.7291579,95713.5037504,2834,4737.019875089867,591.476093671527,51879,14459,33000,2431,2776,6109.963024000001,828.2845320000001,Glasgow (EGPF)
2026,3,MAR,EGPH,Edinburgh,United Kingdom,4804,26786.232622175998,8313.736824450156,352980,165000,17000,2063,2842,254669.65356849998,153612.5834205,4809,8569.984030490057,158.033224224584,74460,2280,35000,4066,4770,10570.6171249,1056.244298,Edinburgh (EGPH)
2026,3,MAR,EGPI,Islay,United Kingdom,62,145.647584845658,117.975616784921,3240,2840,8000,42,42,286.85853000000003,268.7481250000001,62,0,0,0,0,9000,62,62,0,0,Islay (EGPI)
2026,3,MAR,EGPK,Prestwick,United Kingdom,396,6269.206992041871,3513.528835535586,107179,75599,6045.108695652173,122,162,116832.5055584999,72933.4405595,400,1664.6659645304671,293.620919023168,17443,5623,31000,287,380,3628.2904579999995,947.1171825000001,Prestwick (EGPK)
2026,3,MAR,EGPL,Benbecula,United Kingdom,77,684.6288131826531,524.911334687915,15420,12960,2430.7407407407404,9,11,3326.7584385,2421.4326535,57,25.742367728797387,5.797495384042749,320,100,17000,54,56,70.65816499999998,26.294090000000008,Benbecula (EGPL)
2026,3,MAR,EGPN,Dundee,United Kingdom,83,1013.805665369483,917.785061987235,26080,24600,2858.620689655172,21,24,2495.940062499999,2274.4097575,85,171.877753400531,8.733219709770161,1820,120,21000,75,83,178.420095,11.76105,Dundee (EGPN)
2026,3,MAR,EGPO,Stornoway,United Kingdom,226,1801.788806844612,1556.247083207832,41060,37120,2657.781955556007,73,78,7784.0400064999985,7164.182184499999,210,228.451490113929,117.14077958615601,3460,2080,17000,199,204,147.2023945,90.85678749999998,Stornoway (EGPO)
2026,3,MAR,EGPR,Barra,United Kingdom,17,35.40480397931804,33.76857124157342,820,780,8000,12,13,21.992955,20.599868,50,45.31546567183715,45.31546567183715,1100,1100,9000,43,43,14.85152899999998,14.85152899999998,Barra (EGPR)
2026,3,MAR,EGPT,Perth Scone,United Kingdom,7,75.54436245290937,26.761766035461438,1320,480,11000,2,4,41.31445999999999,-11.55987,9,10.67314614830813,0,120,0,23000,8,9,-3.345825,0,Perth Scone (EGPT)
2026,3,MAR,EGPU,Tiree,United Kingdom,28,59.47574920253364,31.21037496156086,1640,860,8000,22,24,62.096032,18.29072700000001,48,94.8889543381984,94.8889543381984,2040,2040,7000,39,39,0.25506000000000023,0.25506000000000023,Tiree (EGPU)
2026,3,MAR,EGQL,Leuchars,United Kingdom,1,9.89320854331652,9.89320854331652,260,260,2445,0,0,88.639265,88.639265,1,0,0,0,0,31000,1,1,0,0,Leuchars (EGQL)
2026,3,MAR,EGQS,Lossiemouth,United Kingdom,29,131.953250782888,113.88111116200601,2500,2240,2806.1224489795914,11,12,915.1260365,845.0463865,28,7.681980036191699,0,80,0,25000,27,28,-2.3562,0,Lossiemouth (EGQS)
2026,3,MAR,EGSC,Cambridge,United Kingdom,73,1477.8675404154192,1096.611873497643,40580,35260,2970,5,16,1754.4713437,781.8579550000001,43,237.839999037628,40.78282611275833,3000,700,12966.6666666667,18,33,309.73546350000004,48.50475649999999,Cambridge (EGSC)
2026,3,MAR,EGSH,Norwich,United Kingdom,199,4306.090056936534,404.16651038811506,46393,8313,18033.333333333303,51,144,18288.0268905,2737.738323999999,209,516.465593683568,76.44784835175396,6540,1380,23000,162,206,942.8158525000001,100.99214,Norwich (EGSH)
2026,3,MAR,EGSS,London Stansted,United Kingdom,8016,147712.8373893185,17830.8691693329,1800659,339679,9096.666666666666,1398,5075,1395210.498377,375619.11163349997,8018,22491.139681199198,2725.9816719163373,199993,37700,35000,5627,7188,52342.865998600006,26586.8378748,London Stansted (EGSS)
2026,3,MAR,EGSU,Duxford,United Kingdom,2,63.11648129374141,2.15982721382289,1060,40,10051.6666666667,1,1,26.25183100000001,-1.281525,2,1.91984641228701,1.91984641228701,80,80,15011.1111111111,1,1,0.5118749999999999,0.5118749999999999,Duxford (EGSU)
2026,3,MAR,EGSX,North Weald,United Kingdom,13,252.285308561311,168.37569153318103,6200,4500,3829.999999999999,3,5,58.968014999999994,48.60293,14,109.445232864393,102.387871563419,2200,2100,8500,8,9,15.97627899999999,10.78744199999999,North Weald (EGSX)
2026,3,MAR,EGSY,St Athan,United Kingdom,8,126.05923677148,13.111951043916369,1660,360,6303.75,1,4,1339.81475,485.3673,7,22.848881766877987,0,200,0,32000,5,7,21.80581499999999,0,St Athan (EGSY)
2026,3,MAR,EGTB,Wycombe Air Park,United Kingdom,10,202.04478158749401,40.48114716767997,3260,880,5511.858974358975,2,3,106.064225,1.8490449999999998,19,107.29914036087202,107.29914036087202,2340,2340,7135.151515151514,9,9,11.021512,11.021512,Wycombe Air Park (EGTB)
2026,3,MAR,EGTC,Cranfield,United Kingdom,119,2698.7404974679393,2260.0468022082223,81400,76780,2590.416666666667,18,21,2347.254322499999,1818.8409214999992,42,149.06684040405,87.06044553403873,2480,1800,9500,22,27,120.39400850000001,76.49109299999999,Cranfield (EGTC)
2026,3,MAR,EGTE,Exeter,United Kingdom,268,1763.6110978841,752.434875018643,28049,15709,5481.153846153845,87,125,4810.969887299999,3418.3469685,270,1047.9669909172362,228.96172504492,12500,3880,19000,200,252,931.6837547,214.84705300000002,Exeter (EGTE)
2026,3,MAR,EGTF,Fairoaks,United Kingdom,71,974.6664062300371,401.357144887537,15540,7040,6875,8,29,260.42136750000003,52.34968950000001,69,174.35736815914,109.651384729133,2940,1920,13973.3333333333,43,48,83.52965879999999,37.726867000000006,Fairoaks (EGTF)
2026,3,MAR,EGTK,Oxford,United Kingdom,320,6628.250405149399,3438.5779032393734,131458,87838,4269.803921568627,37,85,9365.5444466,4532.765919399999,417,2491.052874024468,1791.4878503088291,47280,40300,8000,192,233,1047.889095199999,471.2407675,Oxford (EGTK)
2026,3,MAR,EGTR,Elstree,United Kingdom,18,203.37392145968002,174.09363158319601,4420,3980,4410.920542635659,4,7,66.61936349999999,60.8837385,43,84.76488643642071,80.66121473015723,1700,1640,7000,28,29,31.482471,30.587346999999998,Elstree (EGTR)
2026,3,MAR,EGUL,Lakenheath,United Kingdom,26,516.302807250811,31.071984036454626,5240,540,22545,8,25,4992.443852,2493.5591,28,132.163466753012,10.259179265658739,1340,180,26500,16,27,804.218778,7.30821,Lakenheath (EGUL)
2026,3,MAR,EGUN,Mildenhall,United Kingdom,99,2628.316245662364,11.31911003539954,28960,220,20035,23,96,16210.850601,76.44265799999998,103,1471.993420206016,4.96160307175426,16740,80,18972.4137931034,29,101,6590.491849000001,44.901879999999984,Mildenhall (EGUN)
2026,3,MAR,EGVA,Fairford,United Kingdom,114,3588.2742117237003,722.3512306165411,51080,15560,2496.6101694915255,18,41,43464.996034,34131.282445,100,1141.906600562226,253.52361497493402,11906,3480,18034.166666666697,30,61,5003.7753483,2405.4856763,Fairford (EGVA)
2026,3,MAR,EGVN,RAF Brize Norton,United Kingdom,157,6132.810447230674,1182.2457806589532,74320,23060,2572.792553191489,7,39,152614.835224,65815.18216200001,155,818.2881682451559,101.701547348782,7700,1360,27426.4516129032,65,132,9296.156605,2333.97854,RAF Brize Norton (EGVN)
2026,3,MAR,EGVO,Odiham,United Kingdom,2,58.11170782341058,22.99125160896221,840,400,2809.191919191919,0,0,138.96169,70.48093,2,15.838732901367889,12.05903527717782,220,180,15458.3333333333,1,1,17.44364499999999,14.20860499999999,Odiham (EGVO)
2026,3,MAR,EGWU,Northolt,United Kingdom,367,6851.170428502052,3996.628278056039,112360,75760,2934.375,11,36,29421.0780226,20606.5489012,364,1954.509962371061,325.258482046317,19660,4700,20951.858974359002,183,272,2899.1822363,604.5611859,Northolt (EGWU)
2026,3,MAR,EGXC,Coningsby,United Kingdom,17,308.82046563649806,79.81949145790875,4060,1680,11000,0,9,596.7275500000001,575.2879800000001,16,130.824636781214,0,1120,0,20500,10,16,165.35617399999998,0,Coningsby (EGXC)
2026,3,MAR,EGXE,Leeming,United Kingdom,1,9.4444316112465,0,120,0,9980.882352941177,0,1,3.69862500000001,0,2,0,0,0,0,30000,2,2,0,0,Leeming (EGXE)
2026,3,MAR,EGXT,Wittering,United Kingdom,2,9.09415916248297,6.976310297709619,140,100,5994.805095818815,0,1,96.56748299999998,1.0993529999999998,2,52.24210634577804,0,680,0,15025,1,2,217.478415,0,Wittering (EGXT)
2026,3,MAR,EGXW,Waddington,United Kingdom,17,364.79025392569105,106.269713630292,5280,2000,11025,3,9,2016.4057930000001,1535.573695,18,445.30116039489604,0,7320,0,19000,11,18,21750.090666,0,Waddington (EGXW)
2026,3,MAR,EGYD,Cranwell,United Kingdom,9,179.81486876753303,116.074338590728,3580,2800,3853.061224489796,2,3,682.60184,564.15135,17,134.68918585899598,69.582066993349045,2620,1720,14066.6666666667,7,15,511.06886000000003,356.54535,Cranwell (EGYD)
2026,3,MAR,EHAM,Amsterdam,Netherlands,19671,189309.2191223196,104080.0954108084,2587900,1786480,4485,5488,8039,2581160.5703546,2155741.2880672,19691,53337.7968614028,669.086939187302,441894,9060,35000,15152,19538,87558.9144167,7375.987568999999,Amsterdam (EHAM)
2026,3,MAR,EHBD,Weert,Netherlands,37,771.2480942979961,233.87701291602,10520,3980,8000,10,20,322.44389170000005,69.02193499999996,41,161.07259332295402,16.913544206310487,1880,320,18000,30,36,137.86360570000002,28.292254,Weert (EHBD)
2026,3,MAR,EHBK,Maastricht,Netherlands,383,8872.499429124708,2205.10795829795,104880,40740,4134.482758620689,59,134,49046.7858323,23371.818435,377,2007.0748398676772,327.69364719385305,20760,5160,28000,242,338,4096.5062582,776.4518504000001,Maastricht (EHBK)
2026,3,MAR,EHEH,Eindhoven,Netherlands,1550,21220.0613131798,1848.2086397188073,214980,30660,20799.657869012703,420,1151,125689.6537715,28878.017642,1542,5710.199038353145,69.97610178568065,46360,1120,35000,1107,1531,4592.248065,473.17246600000004,Eindhoven (EHEH)
2026,3,MAR,EHGG,Groningen,Netherlands,268,4168.283669394874,3505.7621884749665,114940,105540,2753.629032258064,84,98,2440.4855255,969.0351925000001,221,374.6591523822141,269.273131917807,7848,6488,9000,189,197,22.217122999999997,-6.085327000000009,Groningen (EHGG)
2026,3,MAR,EHGR,Breda Gilze-Rijen Airbase,Netherlands,1,16.36105278996111,16.36105278996111,300,300,1904.5828437132782,0,0,-11.454869999999989,-11.454869999999989,1,0,0,0,0,22000,1,1,0,0,Breda Gilze-Rijen Airbase (EHGR)
2026,3,MAR,EHKD,De Kooy,Netherlands,5,40.837271256952974,40.837271256952974,900,900,1961.3095238095232,2,2,-4.513739999999999,-4.513739999999999,4,20.73775880285153,3.1883163632623703,280,60,16554.7619047619,2,2,0,0,De Kooy (EHKD)
2026,3,MAR,EHLE,Lelystad,Netherlands,93,1584.0665016308471,1285.129533421564,36100,32160,3000,38,39,1312.5227115,1134.0052885,84,670.037274473988,625.790466353771,16261,15601,5000,50,53,284.328341,239.52568000000002,Lelystad (EHLE)
2026,3,MAR,EHLW,Leeuwarden,Netherlands,1,10.36938076785571,3.07798915755444,120,60,2028.9450741063642,0,0,22.00591,12.445129999999999,2,22.52923214418707,2.81548904659056,200,40,17989.2857142857,1,1,11.82307,9.317285,Leeuwarden (EHLW)
2026,3,MAR,EHMZ,Middelburg,Netherlands,4,56.084375597282275,56.084375597282275,1840,1840,2837.784090909091,2,2,2.8145249999999997,2.8145249999999997,4,14.331484791522149,14.331484791522149,480,480,4502.905088046608,1,1,1.4899499999999999,1.4899499999999999,Middelburg (EHMZ)
2026,3,MAR,EHRD,Rotterdam,Netherlands,937,11054.370215099801,6228.996124788472,173680,127180,2850,187,313,55688.988600100005,43961.209494400005,911,4707.5005694960155,1066.7820129208192,50723,20363,33000,558,766,4886.869631399999,2761.903095,Rotterdam (EHRD)
2026,3,MAR,EHSE,Breda Seppe,Netherlands,14,150.62827853358303,108.955529112693,3380,2640,4790.178571428571,6,7,-0.29137199999999774,0.002628000000002295,14,40.41376213251194,30.92517215092934,680,560,6000,10,11,3.279598,3.279598,Breda Seppe (EHSE)
2026,3,MAR,EHTE,Teuge,Netherlands,34,313.08554230378905,296.377705527002,9180,8960,3000,21,22,4.764396,9.60172,26,69.74204609615614,57.90023482036856,1940,1780,5000,21,22,11.190878999999999,2.902205,Teuge (EHTE)
2026,3,MAR,EHTW,Enschede,Netherlands,18,263.614734996886,137.54364245539298,4460,2720,5008.194186765616,4,8,741.818883,464.389828,22,164.430299789059,46.81933655918998,2100,1120,26000,12,20,201.432356,19.963259,Enschede (EHTW)
2026,3,MAR,EHTX,Texel,Netherlands,1,0,0,0,0,6000,1,1,0,0,2,0,0,0,0,4500,2,2,0,0,Texel (EHTX)
2026,3,MAR,EHWO,Woensdrecht Airbase,Netherlands,4,56.59623148129256,40.61697506244744,880,680,4865.441176470588,1,1,553.31187,393.68327,4,9.03483987265673,6.458306864862579,160,140,16977.1739130435,2,3,14.738329999999989,8.90558,Woensdrecht Airbase (EHWO)
2026,3,MAR,EICK,Cork,Ireland,952,6266.80184702334,2010.0229249754982,83160,40420,33027.6268115942,494,622,41990.7423032,28165.637273,952,2118.389752287363,28.20112042858433,17100,660,34000,796,950,994.476908,21.17639999999999,Cork (EICK)
2026,3,MAR,EIDL,Donegal,Ireland,71,379.388036072968,281.159479121892,8420,6660,14000,48,50,1267.260947999999,937.0522950000001,71,47.706586442331705,0,500,0,13000,68,71,13.6557575,0,Donegal (EIDL)
2026,3,MAR,EIDW,Dublin,Ireland,10322,82490.816965454593,38204.7217306453,1235737,676657,7973.333333333333,3633,5428,1055862.9601114,687337.9617061999,10342,21367.5085146646,178.811593039442,175649,2520,34000,8483,10314,18910.0436478,1323.209145,Dublin (EIDW)
2026,3,MAR,EIKN,Ireland West,Ireland,262,942.4306902314751,258.43237757142,12240,5080,34000,184,224,5005.367784,3083.0304140000003,261,548.8204017154251,4.5838179099518195,4720,60,34000,227,259,569.220548,35.245345,Ireland West (EIKN)
2026,3,MAR,EIKY,Kerry,Ireland,177,857.464723952777,293.621918189769,13180,7800,24000,118,136,3912.5632415,2047.6454515,176,342.253194626845,5.87695841475539,2920,100,27000,148,172,195.13035,90.00914999999999,Kerry (EIKY)
2026,3,MAR,EIME,Baldonnel Airbase,Ireland,29,217.72983985636301,141.822070458792,4180,2920,4784.767759562841,8,12,75.42977399999998,21.54126999999999,33,96.5110385475765,1.4398848092152599,1420,20,18857.5,30,32,9.90312,3.40672,Baldonnel Airbase (EIME)
2026,3,MAR,EINN,Shannon,Ireland,847,3710.670088751118,1540.4038397269321,53660,32160,33000,479,564,42219.8307225,33114.9500795,862,2510.085149219671,206.161045577892,22440,3920,35000,719,858,6265.284289999999,3895.282409999999,Shannon (EINN)
2026,3,MAR,EISG,Sligo,Ireland,6,27.37004115413035,14.190382294125909,920,620,3517.98561151079,2,3,39.292249999999996,22.677049999999998,4,22.009001717307417,22.009001717307417,820,820,7439.395054459817,3,3,73.34880000000001,73.34880000000001,Sligo (EISG)
2026,3,MAR,EIWF,Waterford,Ireland,13,1201.083328991966,5.90695586910547,22420,140,8025,3,11,2045.4897915000001,1.2240895,11,0,0,0,0,19000,11,11,0,0,Waterford (EIWF)
2026,3,MAR,EIWT,Weston,Ireland,38,372.11953034111406,274.50421572157904,8040,6520,14525,19,22,116.4256805,60.256415499999974,38,124.304461124811,63.691838318931445,2100,1220,15000,25,28,49.094410499999995,18.7782305,Weston (EIWT)
2026,3,MAR,EKAH,Aarhus,Denmark,286,1338.532806171831,1245.3508085558083,37120,36340,12000,207,215,3112.7051722,3055.0223522,273,318.81109868119404,128.984647475342,5140,3420,14000,251,269,145.5136995,21.32964699999999,Aarhus (EKAH)
2026,3,MAR,EKBI,Billund,Denmark,1299,4025.769448335549,2388.115615494316,69360,52340,16000,718,782,43971.956006700006,39962.412399500005,1294,1826.01267773027,319.45052020681504,20163,7303,35000,1159,1289,1268.2501349999989,0.7559900000000006,Billund (EKBI)
2026,3,MAR,EKCH,Copenhagen,Denmark,10811,47468.2821209807,29262.256688608697,718700,543820,10054.8387096774,5029,5571,545766.5902755999,492611.4736676,10822,17322.6598524734,447.60254242573603,151228,6500,35966.8136861802,9137,10770,24184.3005437,2001.6091819999992,Copenhagen (EKCH)
2026,3,MAR,EKEB,Esbjerg,Denmark,24,121.875022006206,113.35746178422899,3220,3140,3432.992636746143,9,11,120.79862,106.82836999999999,22,0,0,0,0,34000,22,22,0,0,Esbjerg (EKEB)
2026,3,MAR,EKHG,Herning,Denmark,6,52.90676745860331,31.679715622750187,1400,840,3838.333333333333,3,3,3.8661049999999997,2.914275,8,43.997772001548135,7.85320820950866,940,160,7000,5,6,-0.9686249999999985,2.2596,Herning (EKHG)
2026,3,MAR,EKKA,Karup Midtjyllands,Denmark,18,76.9735423026881,75.28617729188893,1480,1460,4031.439393939394,7,7,340.87987000000004,338.252245,13,55.53759440095971,0,560,0,28000,11,13,132.1174,0,Karup Midtjyllands (EKKA)
2026,3,MAR,EKKL,Kalundborg,Denmark,1,0,0,0,0,3000,1,1,0,0,1,0,0,0,0,3000,1,1,0,0,Kalundborg (EKKL)
2026,3,MAR,EKMB,Lolland Falster,Denmark,1,42.75476143726682,42.75476143726682,1080,1080,3440.90909090909,0,0,-0.76755,-0.76755,1,0,0,0,0,5000,1,1,0,0,Lolland Falster (EKMB)
2026,3,MAR,EKOD,Odense,Denmark,65,707.4918543689361,523.385218925506,18920,15620,4443.75,28,33,273.5630255,207.363195,59,258.159401480483,179.596974075556,7700,6680,19000,54,56,39.12384,44.492699999999985,Odense (EKOD)
2026,3,MAR,EKRK,Copenhagen Roskilde,Denmark,210,2751.1937698500374,2282.731190295628,62980,52540,2916.271866591831,50,54,2150.7968322,1997.9229342,199,1684.898223287204,1503.600090569163,51845,49845,20000,145,169,585.4217177,452.8787980000001,Copenhagen Roskilde (EKRK)
2026,3,MAR,EKRN,Bornholm,Denmark,159,668.9789690587121,641.988936937588,15060,14720,11000,129,130,849.1416330000001,858.641513,154,218.05016507791,217.097300130635,4214,4194,10000,144,145,-101.88154300000001,-106.491043,Bornholm (EKRN)
2026,3,MAR,EKSB,Soenderborg,Denmark,144,294.565939256318,272.53190813776,7700,7500,16000,99,102,246.23923050000002,240.5156855,140,147.715229106924,87.30566718596936,2360,1680,17000,130,137,-66.57841900000001,-48.462385000000005,Soenderborg (EKSB)
2026,3,MAR,EKSN,Sindal,Denmark,5,5.150941961910109,5.150941961910109,120,120,6000,4,4,7.8020249999999995,7.8020249999999995,3,0,0,0,0,7000,3,3,0,0,Sindal (EKSN)
2026,3,MAR,EKSP,Vojens,Denmark,13,64.519731808374,47.1701403563089,1040,880,2909.375,4,4,301.20743600000003,221.78966400000002,15,3.01225901927846,0,40,0,27000,13,15,5.498588,0,Vojens (EKSP)
2026,3,MAR,EKTS,Thisted,Denmark,2,2.08108351331893,2.08108351331893,60,60,14541.015625,1,1,9.84375,9.84375,1,0,0,0,0,15000,1,1,0,0,Thisted (EKTS)
2026,3,MAR,EKVD,Kolding,Denmark,9,59.03468166553209,57.61840152532038,1720,1680,3018.75,4,4,7.211925,7.211925,9,0,0,0,0,17000,9,9,0,0,Kolding (EKVD)
2026,3,MAR,EKVG,Vagar,Faroe Islands,154,1468.322713903803,1278.3748859550121,28820,25620,4446.317716810045,11,11,38326.248938,32985.661303,154,435.036456001577,0,3360,0,37000,121,154,180.210981,0,Vagar (EKVG)
2026,3,MAR,EKVH,Vesthimmerland,Denmark,1,0,0,0,0,28000,1,1,0,0,1,0,0,0,0,9000,1,1,0,0,Vesthimmerland (EKVH)
2026,3,MAR,EKVJ,Stauning,Denmark,10,60.36677414167525,60.36677414167525,1860,1860,3993.75,5,5,22.14597499999999,22.14597499999999,5,40.82860871130308,40.82860871130308,920,920,8934.375,3,3,-1.6758,-1.6758,Stauning (EKVJ)
2026,3,MAR,EKYT,Aalborg,Denmark,692,2031.431124570869,1591.817121794712,38260,34120,20000,422,433,14163.2683875,13300.815413,693,1920.177664238623,1359.56211814224,27280,21980,24000,650,687,-346.3807367,-836.7417250000001,Aalborg (EKYT)
2026,3,MAR,ELLX,Luxembourg,Luxembourg,3046,40102.227732363805,4136.0669363997895,416820,74060,19952.3484848485,1102,2151,301458.7505891,74445.7314438,3035,11425.314861347499,454.80471522064505,103720,10780,30000,2310,3011,22925.5141924,1345.726002,Luxembourg (ELLX)
2026,3,MAR,ENAL,Alesund,Norway,527,1151.426042215341,718.2558681006151,21280,15480,24000,372,398,5794.612359,4598.2956745,537,296.88316938615304,46.63320937972171,3860,900,27000,486,533,594.058042,21.66381799999999,Alesund (ENAL)
2026,3,MAR,ENAN,Andoya,Norway,137,124.462609073541,115.449534550678,2580,2480,9000,110,111,600.0529995,551.0431995,139,6.67431904450966,1.65754181525943,93,33,11000,137,138,3.192313,4.56283,Andoya (ENAN)
2026,3,MAR,ENAS,Ny Alesund,Svalbard,3,0,0,0,0,7000,3,3,0,0,,,,,,,,,,,Ny Alesund (ENAS)
2026,3,MAR,ENAT,Alta,Norway,336,678.3548209338531,527.496328903209,11960,9740,15000,249,257,7887.1791825,6298.1435645,338,366.042868999935,31.5394133476041,4044,504,16000,313,334,1884.4435477000002,28.580354,Alta (ENAT)
2026,3,MAR,ENBL,Forde,Norway,136,396.21190800698406,135.606279373137,8220,3180,22000,120,126,1657.7365027,750.6665827,137,22.419920481525217,4.66612670986321,380,120,23000,128,136,15.586299499999988,0.8452500000000001,Forde (ENBL)
2026,3,MAR,ENBN,Bronnoysund,Norway,228,363.187331047563,277.04518539241303,8600,6980,18000,191,194,605.9014350000001,216.940087,223,232.141900592239,103.72773951668799,4660,2540,18000,211,221,378.70581200000004,41.108108999999985,Bronnoysund (ENBN)
2026,3,MAR,ENBO,Bodo,Norway,1611,2567.364514116795,1296.1624041083971,41780,24200,12000,1221,1313,12474.0708714,7828.664635899999,1615,1222.394216358331,271.214655294917,17035,5215,16000,1489,1592,3313.2582745,543.1556640000001,Bodo (ENBO)
2026,3,MAR,ENBR,Bergen,Norway,3010,5484.3517164398945,2612.878968126141,87260,49880,24000,2289,2426,42743.524587700005,29013.5044547,3025,1912.04988536837,52.84610272996105,18440,1000,25000,2817,3020,1740.8417198000002,189.564367,Bergen (ENBR)
2026,3,MAR,ENBS,Batsfjord,Norway,75,128.479868470431,128.479868470431,2720,2720,6000,56,56,85.43813999999996,85.43813999999996,48,122.32512617228,120.017844538594,2320,2280,12000,45,46,282.285349,276.95683,Batsfjord (ENBS)
2026,3,MAR,ENBV,Berlevag,Norway,71,68.16818063116777,68.16818063116777,1640,1640,6000,57,57,48.4032285,48.4032285,58,35.77006909596946,2.42629387441673,680,40,8000,54,57,118.499717,2.100917,Berlevag (ENBV)
2026,3,MAR,ENCN,Kristiansand Kjevik,Norway,462,1201.696787753949,959.7641745129431,26340,23820,24000,299,310,6381.4114739999995,5797.040401,461,389.634749760723,210.125386889112,7500,5780,24000,435,456,326.00390949999996,3.6487499999999997,Kristiansand Kjevik (ENCN)
2026,3,MAR,ENDU,Bardufoss,Norway,166,1335.292508677704,501.95745816025703,23300,9040,14500,86,106,21329.360718,11760.81576,168,615.4710699596201,291.399489760495,11280,7300,36000,139,163,1611.627812,-2.06214999999998,Bardufoss (ENDU)
2026,3,MAR,ENEV,Evenes,Norway,490,1599.9977306506512,1142.7876584214332,26380,20340,14000,332,361,21736.4284917,17029.7699527,491,705.651653915648,25.294742378056558,7628,388,24000,415,488,2117.129289199999,38.47517350000001,Evenes (ENEV)
2026,3,MAR,ENFL,Floro,Norway,205,226.42344137419403,173.317218829527,5320,4260,13000,179,183,769.4214292,594.8657900000001,207,132.89533030870703,9.42735391979453,1880,160,15000,191,205,70.94714100000004,14.737174999999999,Floro (ENFL)
2026,3,MAR,ENGM,Oslo,Norway,8838,26281.6315363649,12799.9865394964,408060,237280,22000,4643,5365,349847.19391415,244844.27294145,8873,9083.10380901087,392.27485415745105,86017,6820,34003.4090909091,7778,8789,12825.2921009,1070.5419239999999,Oslo (ENGM)
2026,3,MAR,ENHA,Hamar,Norway,2,7.37940964722827,7.37940964722827,180,180,4129.166666666666,1,1,1.5025499999999998,1.5025499999999998,1,0,0,0,0,11000,1,1,0,0,Hamar (ENHA)
2026,3,MAR,ENHD,Haugesund,Norway,280,224.616986468621,144.667249945903,3860,2780,30000,243,249,2089.422461,1577.66664,276,15.41325342621237,0,120,0,25000,273,276,-9.001515,0,Haugesund (ENHD)
2026,3,MAR,ENHF,Hammerfest,Norway,413,419.13862599213,311.101985752255,9000,7280,15000,366,374,1315.9624022,1153.7729757000002,410,104.491594050151,43.07212309391534,1912,932,16000,400,406,159.11624750000001,61.89817249999997,Hammerfest (ENHF)
2026,3,MAR,ENHK,Hasvik,Norway,48,68.64652212146696,68.64652212146696,1720,1720,7209.183673469388,41,41,272.647628,272.647628,47,16.67258636514007,16.67258636514007,260,260,12000,45,45,21.89834870000001,21.89834870000001,Hasvik (ENHK)
2026,3,MAR,ENHV,Honningsvag,Norway,62,63.04596059242469,63.04596059242469,1460,1460,6000,51,51,53.837863,53.837863,51,97.72218526724718,97.72218526724718,2168,2168,8000,47,47,219.55871000000002,219.55871000000002,Honningsvag (ENHV)
2026,3,MAR,ENJA,Jan Mayen,Norway,6,9.257354683992729,9.257354683992729,200,200,12394.1860465116,3,3,66.07964500000001,66.07964500000001,5,11.825053995680339,0,120,0,27000,4,5,30.3922,0,Jan Mayen (ENJA)
2026,3,MAR,ENKB,Kristiansund,Norway,186,345.348123889775,150.687276088178,4580,2740,25000,144,151,1876.7597090000002,1600.42904,186,153.833584475809,0,2080,0,24000,177,186,732.468749,0,Kristiansund (ENKB)
2026,3,MAR,ENKJ,Kjeller,Norway,7,7.73295279234799,0,120,0,11000,6,7,6.73785,0,8,36.3891719717644,36.3891719717644,800,800,11000,7,7,0.9187499999999992,0.9187499999999992,Kjeller (ENKJ)
2026,3,MAR,ENKR,Kirkenes,Norway,288,959.1640319539201,714.541261866388,18640,15720,6000,197,203,5319.573237499999,4886.1057565,231,328.16545871479,146.88005967022798,4277,2437,24000,206,227,686.011406,160.433504,Kirkenes (ENKR)
2026,3,MAR,ENLK,Leknes,Norway,278,325.06282298662404,247.758632954815,6580,5320,9000,230,231,551.802606,310.455126,280,77.32845526468833,26.027660134750338,1250,510,9000,271,272,176.80038050000002,95.02667549999998,Leknes (ENLK)
2026,3,MAR,ENML,Molde,Norway,185,188.595591590177,145.74819787462,3760,3200,25000,153,165,1541.0276855000002,1230.341235,181,44.75337178428841,0,520,0,25000,175,181,105.59802499999999,0,Molde (ENML)
2026,3,MAR,ENMS,Mosjoen,Norway,131,115.30130600990401,41.35495795884278,2360,960,17000,110,116,335.763032,79.68126499999998,135,167.61936438222,23.75463809049122,3120,440,17000,123,134,506.45266150000003,55.065625000000004,Mosjoen (ENMS)
2026,3,MAR,ENNA,Banak,Norway,108,146.338656103087,61.07112157744245,2860,1380,19000,95,96,2141.2996358,1492.2043338,109,168.096034259366,109.897914126632,3560,2880,20000,102,108,522.506125,5.8264499999999995,Banak (ENNA)
2026,3,MAR,ENNM,Namsos,Norway,79,12.01107763159796,11.058212684323149,240,220,11000,73,74,14.18734199999999,10.22175499999999,69,8.31338819770932,6.585526426651,194,154,11000,66,67,26.024704999999997,15.747834999999998,Namsos (ENNM)
2026,3,MAR,ENNO,Notodden,Norway,11,320.50468094807206,170.36778280901402,8220,5320,3991.4006639427985,1,1,74.79306499999997,96.89451499999998,11,9.704175870208,9.704175870208,320,320,9000,9,9,0.5869500000000003,0.5869500000000003,Notodden (ENNO)
2026,3,MAR,ENOL,Orland,Norway,76,495.19740980645605,287.58869969577506,7500,4800,18000,51,54,5868.426271,5113.777516,83,611.123108572452,239.925872585352,7000,2660,19000,65,76,-520.9302485000001,-329.90956000000006,Orland (ENOL)
2026,3,MAR,ENOV,Orsta Volda,Norway,241,491.266487160327,146.937622205888,10600,3600,18000,194,210,1815.4006228,613.0427438,236,166.97032773795002,40.13701271923011,3180,1120,21000,219,233,349.67926980000004,148.229605,Orsta Volda (ENOV)
2026,3,MAR,ENRA,Mo i Rana Roessvoll,Norway,229,400.49606000670303,184.29432841996,8020,4280,13000,171,183,1116.700259499999,523.6877815,236,318.57893738350003,71.71022821670769,5480,1320,14000,226,233,752.724149,164.83241,Mo i Rana Roessvoll (ENRA)
2026,3,MAR,ENRK,Rakkestad,Norway,12,83.05036161954463,80.35057760226601,2060,2020,3554.4897959183672,4,4,47.88787499999999,47.88787499999999,15,0,0,0,0,6000,15,15,0,0,Rakkestad (ENRK)
2026,3,MAR,ENRM,Rorvik,Norway,91,361.51848051137006,191.781281940478,9200,4500,7005.405405405407,68,69,171.950511,118.804703,78,0,0,0,0,13000,78,78,0,0,Rorvik (ENRM)
2026,3,MAR,ENRO,Roros,Norway,63,166.300729014813,84.90523004465096,3540,1920,17000,43,44,858.3931425000001,487.7982725,62,11.60907127429805,0,180,0,18000,60,62,11.60774999999999,0,Roros (ENRO)
2026,3,MAR,ENRS,Rost,Norway,56,16.270341038853378,16.270341038853378,340,340,8000,53,53,-4.76055499999999,-4.76055499999999,57,15.28636329783272,15.28636329783272,217,217,9000,56,56,11.07657599999998,11.07657599999998,Rost (ENRS)
2026,3,MAR,ENRY,Rygge,Norway,14,292.416704610924,197.09326985671498,6020,4020,2886.966686148451,3,3,2592.149784499999,1501.692544499999,14,33.49327508344785,0,420,0,22500,12,14,33.57847,0,Rygge (ENRY)
2026,3,MAR,ENSB,Svalbard,Norway,66,94.75915871015212,85.85020860012001,1740,1580,36000,46,46,1542.559182,1512.662522,67,53.97742854094265,17.74635065960852,560,260,38000,57,65,31.21909379999998,13.9910838,Svalbard (ENSB)
2026,3,MAR,ENSD,Sandane,Norway,99,138.695505653584,14.19089934316875,3200,380,16000,87,92,757.495575,57.88259499999999,101,195.060949550179,64.423596112311,3740,1620,19000,93,100,602.912045,409.58249500000005,Sandane (ENSD)
2026,3,MAR,ENSG,Sogndal,Norway,215,233.716022206268,44.491950346112006,4660,1160,15000,192,202,771.431277,219.90378700000002,221,143.044985141571,70.0871756346449,2680,1560,14000,208,219,496.64466180000005,374.77652500000005,Sogndal (ENSG)
2026,3,MAR,ENSH,Helle,Norway,152,65.8705603493686,65.8705603493686,1400,1400,9000,140,140,64.91169,64.91169,153,36.277643017347195,36.277643017347195,669,669,9000,145,145,94.529178,94.529178,Helle (ENSH)
2026,3,MAR,ENSK,Stokmarknes,Norway,232,156.033467667759,102.86805120998501,3120,2240,13000,198,205,366.8895302,297.72731120000003,234,157.389739806731,53.86652166418235,2780,1260,14000,231,232,178.20597,111.446335,Stokmarknes (ENSK)
2026,3,MAR,ENSN,Skien,Norway,2,0.42400782510455315,0.42400782510455315,20,20,9145.51707779886,1,1,0,0,1,0,0,0,0,6000,1,1,0,0,Skien (ENSN)
2026,3,MAR,ENSO,Stord,Norway,70,233.05446203696002,233.05446203696002,6120,6120,18000,53,53,714.321045,714.321045,69,191.40386989468,2.56250686385767,2360,40,17047.1428571429,54,68,-33.60752800000009,1.8794999999999997,Stord (ENSO)
2026,3,MAR,ENSR,Sorkjosen,Norway,60,15.841841376054669,11.862532061225389,320,260,10000,54,55,16.33490199999999,15.90261699999999,59,0,0,0,0,10000,59,59,0,0,Sorkjosen (ENSR)
2026,3,MAR,ENSS,Vardo,Norway,73,122.212843488167,122.212843488167,2540,2540,5000,53,53,49.38481449999999,49.38481449999999,36,5.25865921041087,5.25865921041087,100,100,6000,34,34,4.235175,4.235175,Vardo (ENSS)
2026,3,MAR,ENST,Sandnessjoen,Norway,156,138.863497815231,74.10742899977444,2800,1680,16000,137,139,315.5943748,150.41234300000002,159,118.417066254395,22.858302149781498,2280,300,16000,150,158,420.72095590000004,-16.020399999999988,Sandnessjoen (ENST)
2026,3,MAR,ENTC,Tromso,Norway,2054,5442.150540092375,3325.795225423121,96140,65360,15985.294117647101,1259,1372,71579.107399,59059.2834385,2070,1779.6552166231272,94.90683235167019,20260,1960,24000,1820,2060,3717.596772999999,445.18665230000005,Tromso (ENTC)
2026,3,MAR,ENTO,Sandefjord,Norway,641,1991.5589467628579,1061.323354357073,34100,24340,25000,468,518,15442.778777,11997.031591,637,939.9051222512371,12.38178087301343,9640,320,33973.214285714304,570,634,1491.036032999999,6.763585,Sandefjord (ENTO)
2026,3,MAR,ENVA,Trondheim,Norway,2110,4110.76689794319,1592.442563434937,62880,28700,24000,1592,1713,23482.697511899998,15166.0392016,2120,1465.501698966444,26.39597961686448,16940,520,28000,1939,2112,3002.6753867,40.626441,Trondheim (ENVA)
2026,3,MAR,ENVD,Vadso,Norway,209,378.99589458357303,323.25375045176906,7740,6600,5000,153,154,465.25858750000003,139.2477975,139,274.505137968948,114.622569939887,5151,2451,6200,127,127,998.5217527,555.617234,Vadso (ENVD)
2026,3,MAR,ENZV,Stavanger,Norway,1717,2332.056466288148,1566.9958211787682,40260,31740,25000,1272,1337,27349.7786085,24671.8049635,1723,1603.9036302289971,83.76542762666429,15660,1600,31000,1583,1718,2218.038575,443.29722000000004,Stavanger (ENZV)
2026,3,MAR,EPBC,Warszaw Babice,Poland,35,176.76258581482202,147.202200645636,5560,4940,9000,18,22,31.629628,33.416202999999996,51,151.599366686464,134.536731697263,3732,3492,9780,37,38,12.9696,12.9696,Warszaw Babice (EPBC)
2026,3,MAR,EPBY,Bydgoszcz,Poland,179,2777.925016581542,362.10990188687003,31560,9340,24000,61,139,7758.519671000001,1000.3081270000001,173,271.06830328179,72.03896920893969,3160,1440,36000,147,167,230.887835,92.40826000000001,Bydgoszcz (EPBY)
2026,3,MAR,EPGD,Gdansk,Poland,2076,6901.9518850446975,2921.3171609940314,92680,55540,21500,1041,1342,51740.8373289,41585.6055787,2078,3186.652953129017,349.30567045543205,37043,7180,36000,1855,2068,3695.7798490000005,180.85836450000002,Gdansk (EPGD)
2026,3,MAR,EPKK,Krakow,Poland,3777,23422.2714898974,4483.8454068145,252300,82520,33006.66666666671,1975,2725,119235.24221570001,67565.8183377,3776,8705.98452047306,78.44948215831045,72100,1380,36000,3100,3753,9626.7553705,253.125583,Krakow (EPKK)
2026,3,MAR,EPKM,Katowice Muchowiec,Poland,1,60.83907037437009,60.83907037437009,1240,1240,3133.59375,0,0,-4.6084499999999995,-4.6084499999999995,4,1.7998560115190798,1.7998560115190798,40,40,9000,3,3,0.0346499999999998,0.0346499999999998,Katowice Muchowiec (EPKM)
2026,3,MAR,EPKS,Poznan Krzesiny,Poland,9,67.35286177105833,53.5659647228222,1480,1260,3016.666666666666,1,3,0,0,8,25.413966882649387,0,420,0,15000,7,8,0,0,Poznan Krzesiny (EPKS)
2026,3,MAR,EPKT,Katowice,Poland,1431,8344.885004586058,1825.499607742498,93620,34380,29000,682,973,51392.1472395,31197.6620955,1434,3494.107970251047,31.09691894403503,29500,520,35000,1202,1422,7008.519299,233.52251,Katowice (EPKT)
2026,3,MAR,EPLB,Lublin,Poland,135,427.31981309643305,172.413184198173,6720,3340,19000,75,102,2549.7000429999994,1446.8689729999992,138,159.034633512741,24.86211817340326,1660,480,36000,123,135,183.31416099999998,18.93675000000001,Lublin (EPLB)
2026,3,MAR,EPLK,Lask,Poland,2,27.399995500359957,25.712630489560816,760,720,2979.791666666666,0,0,0,0,2,24.20356371490281,24.20356371490281,480,480,9975,1,1,0,0,Lask (EPLK)
2026,3,MAR,EPLL,Lodz,Poland,141,708.496908173238,347.92540080624104,16080,11900,34968.75,74,111,3231.146847999999,2211.915999999999,138,99.10373388377722,16.40279717314058,1300,620,36783.8709677419,117,135,62.54017569999995,21.639979999999998,Lodz (EPLL)
2026,3,MAR,EPMB,Malbork,Poland,9,113.77765482912001,60.0961457784158,1540,1060,6000,4,5,371.742545,323.358545,9,15.65874730021598,15.65874730021598,400,400,11000,8,8,0,0,Malbork (EPMB)
2026,3,MAR,EPMI,Miroslawiec,Poland,1,0,0,0,0,10000,1,1,0,0,,,,,,,,,,,Miroslawiec (EPMI)
2026,3,MAR,EPML,Mielec,Poland,4,4.97049521752542,1.42702869484727,80,20,9870.3125,2,3,0.0388499999999996,0.2971499999999993,7,31.698999794302157,31.698999794302157,620,620,9010,3,3,62.04618499999999,62.04618499999999,Mielec (EPML)
2026,3,MAR,EPMO,Warsaw Modlin,Poland,801,2347.3450816252653,645.387365384948,29700,13580,36000,503,622,13512.6390768,8491.3889658,789,506.50280309608905,19.413050428804457,4360,280,36000,723,782,841.184737,189.056407,Warsaw Modlin (EPMO)
2026,3,MAR,EPOK,Oksywie,Poland,11,162.54382258115,159.787793063512,3940,3880,3006.666666666666,3,3,425.87411,425.87411,11,23.75809935205182,0,180,0,15000,10,11,15.97375500000004,0,Oksywie (EPOK)
2026,3,MAR,EPPO,Poznan Lawica,Poland,1066,9366.74775090781,1482.7151935900981,102340,29460,10535.7142857143,348,705,35893.951968500005,16197.6933525,1068,2982.3790697879863,162.300087421578,27880,3860,35000,889,1061,1927.1099099999992,146.661955,Poznan Lawica (EPPO)
2026,3,MAR,EPRA,Warsaw Radom,Poland,20,505.81072677088105,260.174895494526,10900,6740,6572.1875,7,10,1424.240745999999,537.5908760000001,19,35.89864733898211,19.19373373207066,580,420,10196.6666666667,15,16,59.28478000000002,-9.66872,Warsaw Radom (EPRA)
2026,3,MAR,EPRU,Rudniki,Poland,5,35.77877704209893,35.77877704209893,720,720,2740.2732240437163,2,2,0.8085,0.8085,4,5.8707567545539705,5.8707567545539705,160,160,26000,3,3,6.95982,6.95982,Rudniki (EPRU)
2026,3,MAR,EPRZ,Rzeszow Jasionka,Poland,593,8957.521691470856,980.9684916928481,97920,20400,10017.2413793103,210,364,40643.0259859,14739.520073200001,581,835.0718463771001,139.071499280058,8700,2300,33956.25,517,572,3777.9269294999995,1225.26441,Rzeszow Jasionka (EPRZ)
2026,3,MAR,EPSC,Szczecin Goleniow,Poland,213,806.7924932352971,466.12640144583906,17360,12520,10251.4285714286,99,135,4185.058973999999,2408.369843999999,210,285.577297180593,29.56339881454833,3740,1140,29000,186,202,262.294272,43.12878,Szczecin Goleniow (EPSC)
2026,3,MAR,EPSD,Szczecin Dabie,Poland,2,11.08261339092869,11.08261339092869,300,300,2693.75,0,0,2.29845,2.29845,1,2.15982721382289,2.15982721382289,60,60,5900,0,0,0.5118749999999999,0.5118749999999999,Szczecin Dabie (EPSD)
2026,3,MAR,EPSK,Slupsk,Poland,3,5.4028405000327195,0,100,0,10000,1,3,0,0,3,0,0,0,0,25000,3,3,0,0,Slupsk (EPSK)
2026,3,MAR,EPSY,Mazury,Poland,66,692.294423119899,391.822228815699,14500,9860,14500,35,49,1617.132119,442.27380999999997,61,347.84861743739606,240.097002563205,5500,4440,28000,38,47,586.8308710000001,351.26502000000005,Mazury (EPSY)
2026,3,MAR,EPWA,Warsaw Chopin,Poland,7813,22186.76289248,14200.4098994441,338600,257680,19000,3747,4278,261037.5560359999,226125.597121,7832,5451.854467715506,178.911438839964,46880,2380,35000,7028,7765,7912.364011,1462.7729160000001,Warsaw Chopin (EPWA)
2026,3,MAR,EPWR,Wroclaw,Poland,1511,12641.704720171701,1178.841029915432,134780,23420,13279.0178571429,548,1162,56002.278344000006,14746.969084,1511,3207.1852942048663,41.69826518990759,27360,1100,36000,1264,1504,3192.2976715,71.05848999999999,Wroclaw (EPWR)
2026,3,MAR,EPZG,Zielona Gora,Poland,56,270.65709018266904,191.187155874583,5700,4880,7173.333333333332,19,25,1535.5661755,1397.8452555,54,49.90973524315855,2.69978401727862,500,40,25000,50,53,80.55390000000011,-0.2960999999999991,Zielona Gora (EPZG)
2026,3,MAR,ESCF,Linkoping Malmen Airbase,Sweden,25,96.04455704727722,43.342913337831824,1720,900,10082.608695652201,11,16,439.64802100000003,291.10351099999997,25,39.373623983266974,0,400,0,20000,22,25,28.95307679999999,0,Linkoping Malmen Airbase (ESCF)
2026,3,MAR,ESCM,Uppsala,Sweden,4,24.41539310223362,20.979304352969788,620,580,21475,2,3,2.8321695,11.40646949999999,6,7.121043219768229,0,80,0,26500,5,6,8.476645000000001,0,Uppsala (ESCM)
2026,3,MAR,ESDF,Ronneby,Sweden,118,525.4727966001581,57.106751777161215,7760,1380,16000,96,105,510.617778,272.40774300000004,118,209.99837248043198,0,2640,0,15000,113,118,-35.60497400000007,0,Ronneby (ESDF)
2026,3,MAR,ESGG,Gothenburg,Sweden,1927,5619.011355229424,2681.5010624097463,82360,52940,30000,1152,1263,54218.0880905,48234.368707500005,1920,2968.049833896266,57.718773744035936,27580,1180,36000,1636,1914,2891.8729855,92.97334999999998,Gothenburg (ESGG)
2026,3,MAR,ESGJ,Jonkoping,Sweden,103,531.0460647631161,437.06399135543705,13500,12320,18000,55,58,2323.551168999999,1998.565198999999,105,152.81480313003803,81.52447804175665,2760,2000,20000,97,103,97.62156000000002,15.507500000000018,Jonkoping (ESGJ)
2026,3,MAR,ESGT,Gothenburg Stallbacka,Sweden,73,465.94223914795003,440.924240587835,17000,16600,12000,48,49,160.654957,101.57336,65,181.332436822038,20.640986083750647,2720,700,15000,57,63,61.717362499999894,2.067975,Gothenburg Stallbacka (ESGT)
2026,3,MAR,ESIB,Satenas,Sweden,21,131.25588648656299,127.435638746698,2840,2780,7000,8,10,4242.216444000001,4236.905014,18,3.14974802015839,0,40,0,20500,17,18,4.14855,0,Satenas (ESIB)
2026,3,MAR,ESKK,Karlskoga,Sweden,1,0,0,0,0,5000,1,1,0,0,1,0,0,0,0,6000,1,1,0,0,Karlskoga (ESKK)
2026,3,MAR,ESKM,Mora,Sweden,110,107.765748691103,40.495189126144744,1960,940,11000,94,95,-6.75043980000001,-58.63487099999999,110,1.37239020878329,0,20,0,17000,109,110,5.614319999999999,0,Mora (ESKM)
2026,3,MAR,ESKN,Stockholm Skavsta,Sweden,94,2038.3691448685722,1868.544988109686,47920,46100,12871.6666666667,50,61,5186.722772499999,4166.4903079999995,88,384.47567141661307,232.279216217511,5700,4340,36000,76,85,339.80383950000004,78.38134949999991,Stockholm Skavsta (ESKN)
2026,3,MAR,ESMG,Feringe,Sweden,2,2.65552526289702,0,60,0,9574.590163934425,1,2,0.0787499999999999,0,7,0,0,0,0,10000,7,7,0,0,Feringe (ESMG)
2026,3,MAR,ESMK,Kristianstad Everod,Sweden,23,169.565965237795,169.565965237795,3920,3920,2876.5625,10,10,106.7637275,106.7637275,21,0,0,0,0,20000,21,21,0,0,Kristianstad Everod (ESMK)
2026,3,MAR,ESML,Landskrona,Sweden,3,5.392368610511169,5.392368610511169,140,140,4772.5,1,1,0.5260499999999996,0.5260499999999996,2,0,0,0,0,10500,2,2,0,0,Landskrona (ESML)
2026,3,MAR,ESMQ,Kalmar,Sweden,88,163.637845786389,33.95306639831564,3060,800,14000,70,76,153.690035,23.66830500000001,85,74.84280472796657,1.27048659636641,840,20,15000,80,84,42.693832,0,Kalmar (ESMQ)
2026,3,MAR,ESMS,Malmo,Sweden,514,2628.042718986951,2062.1447044221572,57600,49800,23500,298,315,9699.334381,8688.372151,514,769.40568715425,360.69299895926804,12460,8560,34000,454,502,2965.1281671999996,2445.752748199999,Malmo (ESMS)
2026,3,MAR,ESMT,Halmstad,Sweden,97,980.816820914589,947.7139678640151,20040,19560,14000,68,72,370.5691402,323.59055520000004,90,88.29293863707393,21.409703773487742,1620,760,15000,83,89,48.28960999999999,3.51645,Halmstad (ESMT)
2026,3,MAR,ESMV,Hagshult,Sweden,1,0,0,0,0,7000,1,1,0,0,1,0,0,0,0,8000,1,1,0,0,Hagshult (ESMV)
2026,3,MAR,ESMX,Vaxjo,Sweden,82,148.061159167026,82.25415529415606,2900,1860,16000,56,63,5.96010700000003,-34.86577699999998,80,249.815720832174,23.17609673193357,4620,540,15024.1935483871,72,79,30.550114499999978,-1.26945,Vaxjo (ESMX)
2026,3,MAR,ESND,Sveg,Sweden,56,57.553837783099745,51.047358301458274,1000,900,12000,37,38,-45.32685049999999,-49.949474499999994,57,139.853781809933,17.71895487757098,2260,500,11000,55,56,156.594527,34.88520799999999,Sveg (ESND)
2026,3,MAR,ESNG,Gallivare,Sweden,72,80.56394757363712,80.56394757363712,1500,1500,21000,55,55,127.1026305,127.1026305,64,813.436545143883,156.659467242621,12640,2900,22000,51,60,1462.710372499999,484.91226000000006,Gallivare (ESNG)
2026,3,MAR,ESNK,Kramfors,Sweden,92,110.067892753722,110.067892753722,2400,2400,20000,65,65,206.358904,206.358904,92,134.16841528832703,0,1820,0,21000,73,92,105.77217,0,Kramfors (ESNK)
2026,3,MAR,ESNL,Lycksele,Sweden,100,284.948685341014,252.25970782333002,6460,5940,9000,65,66,624.6261575000001,540.8762175,98,158.001937983158,0,2420,0,18050,87,98,292.5798257,0,Lycksele (ESNL)
2026,3,MAR,ESNM,Optand,Sweden,1,2.35617514235224,2.35617514235224,40,40,4600,0,0,0.2913749999999995,0.2913749999999995,2,0,0,0,0,27000,2,2,0,0,Optand (ESNM)
2026,3,MAR,ESNN,Sundsvall,Sweden,88,276.8966881806551,273.78728176075504,7220,7180,16000,68,69,250.6430805,251.0000805,87,123.210525404834,46.129839782871194,2300,1340,15000,77,85,57.12054800000002,4.0173,Sundsvall (ESNN)
2026,3,MAR,ESNO,Ornskoldsvik,Sweden,64,157.64011491182,81.47470814436146,2860,1700,21000,45,46,295.18766700000003,149.999672,62,18.40834268297466,0,240,0,22000,57,62,7.60431549999999,0,Ornskoldsvik (ESNO)
2026,3,MAR,ESNQ,Kiruna,Sweden,119,733.639821252024,193.51354612392902,10060,3840,27000,69,74,5578.6189190000005,2875.199927,117,1088.919044805114,0,11440,0,37000,87,117,3348.7668230000013,0,Kiruna (ESNQ)
2026,3,MAR,ESNS,Skelleftea,Sweden,162,462.739106954598,297.332869200081,9900,7920,9500,86,89,2350.489122,2098.172486999999,162,189.06550456230102,115.896555110047,4321,3721,34000,152,160,42.38797200000004,7.991549999999999,Skelleftea (ESNS)
2026,3,MAR,ESNU,Umea,Sweden,433,922.5501686110821,505.984195979967,15520,10280,29000,329,340,2906.9154039999994,2561.4351809999994,425,340.39618856132404,0,3720,0,36000,406,425,153.586249,0,Umea (ESNU)
2026,3,MAR,ESNV,Vilhelmina,Sweden,64,161.284293758338,161.284293758338,3320,3320,8000,36,36,155.04073970000002,155.04073970000002,60,60.33173723831538,0,920,0,11000,53,60,89.83939000000001,0,Vilhelmina (ESNV)
2026,3,MAR,ESNX,Arvidsjaur,Sweden,146,1226.734841688367,457.722113234319,22900,12600,10518.3333333333,70,77,3979.096809,2626.1654675,148,1027.423719508161,21.6417104856177,12800,340,19632.5,111,145,3401.0714035,43.041411199999985,Arvidsjaur (ESNX)
2026,3,MAR,ESNZ,Are Ostersund,Sweden,237,491.83654573773504,343.89770821369706,8560,6800,22000,162,170,4152.108347999999,3526.534946,237,267.2800170411871,24.13897210803781,3300,380,35000,217,236,292.86459550000006,74.56161999999996,Are Ostersund (ESNZ)
2026,3,MAR,ESOE,Orebro,Sweden,117,455.193597274015,397.010161993815,9220,8520,3494.736842105262,45,49,12765.892186,12291.46498,116,85.49866200136303,10.79013678905687,820,180,31480.833333333303,108,114,160.44840870000002,47.834348699999985,Orebro (ESOE)
2026,3,MAR,ESOH,Hagfors,Sweden,53,95.49514560909793,69.03634705874467,1800,1320,4328.5714285714275,29,30,-16.77007649999998,-54.654076499999995,41,36.684456547823984,7.2294216462683,540,140,18000,37,38,12.83311999999999,-0.6174000000000008,Hagfors (ESOH)
2026,3,MAR,ESOK,Karlstad,Sweden,117,375.126846586727,268.251382163369,8540,6540,18000,73,76,507.18471550000004,204.224281,116,168.04935644638303,26.729414637680488,3240,1000,20000,103,113,340.162887,5.93513,Karlstad (ESOK)
2026,3,MAR,ESOW,Stockholm Vasteras,Sweden,46,410.60324796807606,367.79347271075704,10036,9576,17526.666666666697,26,29,215.828245,226.462635,44,226.76847987872102,117.59353336543501,4803,3863,34470,33,41,227.967696,22.547165,Stockholm Vasteras (ESOW)
2026,3,MAR,ESPA,Lulea,Sweden,517,1180.604370973429,734.3940686158701,19980,14860,31000,353,364,10586.006073,7828.6471775,506,570.600228161072,134.545781792002,8980,3620,38000,450,504,937.0187195000001,11.86079999999999,Lulea (ESPA)
2026,3,MAR,ESPE,Vidsel,Sweden,2,62.97830867408157,0,620,0,26997.6303854875,1,2,526.238,0,2,0,0,0,0,26000,2,2,0,0,Vidsel (ESPE)
2026,3,MAR,ESSA,Stockholm Arlanda,Sweden,8210,24745.967488924398,15934.800673035701,406320,306620,12000,3997,4355,314023.6216828,284333.55290959997,8248,11206.881825685701,739.8920624670291,113429,11160,36000,7046,8080,18125.447929799997,2179.5806684999993,Stockholm Arlanda (ESSA)
2026,3,MAR,ESSB,Stockholm Bromma,Sweden,443,2860.014058558076,2354.333072491266,49240,43200,2623.397199705232,82,85,6057.2816185,5598.2101098,441,811.371436603046,348.530675928975,11840,6440,28000,376,406,978.9305161000001,321.9547963,Stockholm Bromma (ESSB)
2026,3,MAR,ESSD,Borlange,Sweden,23,62.11473120676458,57.58241686883468,1620,1580,3852.9545454545455,8,9,258.6528788,255.8308988,22,0,0,0,0,30500,22,22,0,0,Borlange (ESSD)
2026,3,MAR,ESSL,Linkoping Saab,Sweden,119,235.073790838381,200.73352683352002,5020,4640,14000,70,74,1368.1561319999992,1175.003612,118,231.510623950344,1.4398848092152599,2100,20,34000,95,117,273.287951,4.133325,Linkoping Saab (ESSL)
2026,3,MAR,ESSP,Norrkoping,Sweden,25,214.748946766327,143.182540931253,4560,3180,3086.064030131827,12,12,253.68424,108.52434000000001,23,1.42093895646243,1.42093895646243,20,20,18000,22,22,3.57,3.57,Norrkoping (ESSP)
2026,3,MAR,ESST,Torsby,Sweden,30,161.719580802871,80.80073754014614,2960,1680,3950,15,16,138.9053905,54.79225049999997,11,0,0,0,0,19000,11,11,0,0,Torsby (ESST)
2026,3,MAR,ESSU,Eskilstuna,Sweden,3,15.04092484663695,9.89555858572786,300,160,7000,0,1,4.8924889999999905,3.7238389999999897,4,0,0,0,0,19000,4,4,0,0,Eskilstuna (ESSU)
2026,3,MAR,ESSV,Visby,Sweden,284,213.536975446611,85.45928205360232,3980,2100,13000,255,261,433.20768050000004,274.70917000000003,278,17.36942667193304,0,260,0,14000,272,278,19.27853499999999,0,Visby (ESSV)
2026,3,MAR,ESTA,Angelholm,Sweden,153,638.9327846684421,353.27803862935406,12000,8100,16000,96,101,2132.1819665,1508.758701499999,148,92.88791246091793,19.85475871123555,1400,420,27000,137,145,112.06078000000001,-0.9134999999999984,Angelholm (ESTA)
2026,3,MAR,ESUP,Pajala,Sweden,50,125.83800880372901,108.189840012071,2440,2160,3392.916666666666,20,20,-68.01070049999998,-84.70360049999998,50,3.70822392050682,0,60,0,16000,49,50,4.4142,0,Pajala (ESUP)
2026,3,MAR,ESUT,Hemavan,Sweden,62,199.704270044778,129.52288291806602,4000,2820,8632.5,29,34,874.2592282,665.5842062,60,99.26647309525251,2.1244202103176,1420,60,19000,52,59,139.34779650000002,1.0017,Hemavan (ESUT)
2026,3,MAR,EVLA,Liepaja,Latvia,3,118.774298056156,45.880129589632865,4100,1880,2104.166666666666,0,0,12.15689999999999,9.99915,2,0,0,0,0,9000,2,2,0,0,Liepaja (EVLA)
2026,3,MAR,EVRA,Riga,Latvia,2507,5354.285820123794,3472.33557843465,84280,64660,22000,1396,1506,63542.581537000005,56631.528722,2562,4161.189855765126,25.53821776972697,36560,540,34000,2202,2558,5987.995887,33.664889999999986,Riga (EVRA)
2026,3,MAR,EYKA,Kaunas,Lithuania,484,1174.197543049941,256.82971361347603,15800,4880,36975,325,418,6456.7569695,2988.7753455,488,572.1679601093961,10.18718502519798,5080,140,36000,421,487,913.3190510000001,79.65559999999998,Kaunas (EYKA)
2026,3,MAR,EYPA,Palanga,Lithuania,175,816.4032408163971,491.34413694808404,13518,9898,28000,119,149,5151.819970999999,3483.9100960000005,176,550.103282394399,0,4600,0,34990.6720430108,139,176,675.414788,0,Palanga (EYPA)
2026,3,MAR,EYSA,Siauliai,Lithuania,30,214.159663483813,138.063232327449,3740,2640,9985.006313131313,10,17,1404.145155,1149.869805,29,141.99370703518503,21.047727946470157,1500,280,26000,23,28,387.17297,244.0121,Siauliai (EYSA)
2026,3,MAR,EYSB,Barysiai,Lithuania,1,0,0,0,0,12000,1,1,0,0,,,,,,,,,,,Barysiai (EYSB)
2026,3,MAR,EYVI,Vilnius,Lithuania,1657,4300.345514118214,1805.797126083867,61180,35600,31000,1073,1208,39708.38791,26614.345902,1655,2356.607984059584,0,28380,0,34039.0625,1460,1655,5796.591637800001,0,Vilnius (EYVI)
2026,3,MAR,GCFV,Fuerteventura,Spain,2420,7889.249049444054,5136.646146465381,125240,97080,9000,1294,1461,88227.5672415,75228.82820650001,2427,7010.070937837244,725.548947735493,63060,10700,33208.3333333333,1857,2345,8649.3699917,1715.8770395000001,Fuerteventura (GCFV)
2026,3,MAR,GCGM,La Gomera,Spain,112,91.96168750009576,75.1704715037059,1520,1280,8450,88,93,93.51771499999995,84.15276999999996,113,224.923136109296,145.740523349896,3260,2260,9043.75,99,101,136.400215,181.314735,La Gomera (GCGM)
2026,3,MAR,GCHI,El Hierro,Spain,228,227.60927007709,211.47846963203403,4200,3960,10000,185,187,345.62991400000004,314.983039,227,273.820750770742,193.05859823613702,3960,2880,11000,210,216,192.89835,194.30116500000003,El Hierro (GCHI)
2026,3,MAR,GCLA,La Palma,Spain,976,1924.293975884077,1242.778174122551,34200,24300,8000,758,777,17702.9089125,13779.538995500001,976,807.2365533444641,288.280020322653,9280,4620,9000,877,931,1911.1765445,1656.846076,La Palma (GCLA)
2026,3,MAR,GCLP,Gran Canaria,Spain,6534,29100.211953524198,20924.8729226552,468600,367320,9000,3321,3660,320837.86829299986,261833.248417,6551,10736.25864225,2491.800147224135,105649,37160,32046,5306,6150,12303.427310000001,6691.895716,Gran Canaria (GCLP)
2026,3,MAR,GCRR,Lanzarote,Spain,3179,17011.3250737549,10026.9501140233,278400,189380,9000,1675,1892,219141.0016975,158448.9871505,3181,7342.797151746197,872.2919077637241,69911,12360,34000,2550,3067,11048.016336,2317.609167,Lanzarote (GCRR)
2026,3,MAR,GCTS,Tenerife Sur,Spain,4177,16517.446453092798,11889.4376836568,257840,211580,30987.5,2216,2525,203071.8609245,182253.3767944999,4228,7423.457623278299,273.294239152101,59820,3600,36000,3501,4194,4503.236599,906.6528695000001,Tenerife Sur (GCTS)
2026,3,MAR,GCXO,Tenerife Norte,Spain,3460,13006.228932028002,7523.248903751322,218200,140420,8000,1650,1946,109038.09504469999,78673.477541,3453,4859.835545707751,1415.2185378530762,52520,20980,11000,2927,3221,4290.1676945,3138.8959645,Tenerife Norte (GCXO)
2026,3,MAR,GMAA,Agadir Inezgane,Morocco,35,272.13856658835203,215.447858987817,4980,4180,2614.12037037037,10,12,1130.8749050000001,1003.0377800000001,35,260.319281600329,176.158496605986,4620,3340,19000,29,33,528.9053600000001,372.76097000000004,Agadir Inezgane (GMAA)
2026,3,MAR,GMAT,Tan Tan,Morocco,12,30.48883374476332,30.48883374476332,760,760,2849.074074074073,4,4,158.564175,158.564175,12,38.40228726399814,1.2557134964086598,560,20,17000,8,11,48.93524999999999,3.1185,Tan Tan (GMAT)
2026,3,MAR,GMAZ,Zagora,Morocco,15,22.53687503826301,11.4269928173188,360,220,13000,11,14,58.294685,57.291940000000004,15,42.88040723632448,1.2557134964086598,600,20,16000,12,14,48.684349999999995,4.320749999999999,Zagora (GMAZ)
2026,3,MAR,GMFF,Fez,Morocco,532,1821.265963486905,879.983258797194,27471,15571,35000,317,397,22213.0061293,15055.7805813,531,1535.804042783837,15.010732638925829,12520,180,36000,423,529,669.9818690000001,-11.01156000000001,Fez (GMFF)
2026,3,MAR,GMFK,Errachidia,Morocco,78,151.247648928891,69.31787062770182,2080,1260,25000,52,61,767.0386882000001,582.4535732,73,39.93327047391925,0,500,0,28000,68,73,79.28403249999998,0,Errachidia (GMFK)
2026,3,MAR,GMFM,Meknes,Morocco,6,71.7210724529759,71.7210724529759,1720,1720,3851.1917372881353,1,1,53.87001550000001,53.87001550000001,6,3.55798892645965,3.55798892645965,60,60,8000,5,5,2.344782,2.344782,Meknes (GMFM)
2026,3,MAR,GMFO,Oujda,Morocco,272,953.557540582997,343.63313956979204,13100,6180,33000,163,195,11004.203327000001,5906.080487000001,273,849.2257479607371,35.330898017954475,8080,500,36000,223,268,1477.429673,119.75639000000001,Oujda (GMFO)
2026,3,MAR,GMMA,Smara,Western Sahara,17,29.75194951436844,27.59212230054555,740,700,7000,12,12,172.967545,162.310045,14,46.87957843412418,15.64932944899291,680,220,15636.6531850354,10,13,106.934906,77.54779999999992,Smara (GMMA)
2026,3,MAR,GMMB,Benslimane,Morocco,20,153.195694852286,150.360921634143,3200,3160,3763.7337306111913,6,8,110.526245,107.834045,22,63.07924163356595,35.11719288318029,860,600,7500,17,19,73.04691999999999,22.475249999999978,Benslimane (GMMB)
2026,3,MAR,GMME,Rabat,Morocco,822,4706.562351313425,3238.6027420695714,73520,56420,10445.238095238099,388,447,52516.09968000001,41876.48908570001,809,4749.092049649909,176.114065492346,40960,2380,34035.19437551701,520,765,7326.5945903,1180.965369,Rabat (GMME)
2026,3,MAR,GMMH,Dakhla,Western Sahara,155,730.604683978024,510.446522759363,13680,10960,16000,79,85,7680.787839499999,7151.904525,153,411.4611426160101,148.35683353919003,4240,1700,36000,127,141,1187.048771999999,808.5735300000001,Dakhla (GMMH)
2026,3,MAR,GMMI,Essaouira,Morocco,93,555.59430515309,316.01438683626,8760,5380,35000,52,62,9185.677380000003,5920.965489999999,92,343.06162851683,47.749863766659026,2920,560,36000,68,87,646.452413,402.5013,Essaouira (GMMI)
2026,3,MAR,GMML,Laayoune,Western Sahara,162,409.781613914474,290.956788045786,7180,6020,17000,100,105,4420.193744,4074.050737,168,199.779415127358,79.16745781216623,2860,1600,30000,152,164,150.343245,60.702310000000004,Laayoune (GMML)
2026,3,MAR,GMMN,Casablanca,Morocco,3617,15945.5480445442,10623.964498761201,238960,183140,5047.619047619048,1537,1746,253717.0300789999,222222.024211,3636,7831.552014271098,127.706898577638,73405,1960,35009.908234127004,3092,3619,11740.5577943,812.1905408,Casablanca (GMMN)
2026,3,MAR,GMMW,Nador El Aroui,Morocco,292,1251.014282497209,567.9531791964671,17840,10220,31000,166,198,13589.5422065,10194.633944000001,296,915.8211408218671,11.87895093784346,8620,140,36000,240,290,2032.925759,88.01467199999998,Nador El Aroui (GMMW)
2026,3,MAR,GMMX,Marrakech,Morocco,3517,17199.7931525383,7084.613124205053,240440,116520,31000,1875,2336,215345.586037,117434.4484415,3516,13507.976212155501,510.335598546098,113442,7620,36000,2587,3390,19295.160149799998,7159.256381799999,Marrakech (GMMX)
2026,3,MAR,GMMZ,Ouarzazate,Morocco,66,100.438342709735,24.98241173889262,1520,460,17500,49,61,1359.877755,413.67215,67,78.46635017337572,0,680,0,28000,57,67,92.85850499999998,0,Ouarzazate (GMMZ)
2026,3,MAR,GMTA,Al Hoceima,Morocco,46,158.422184432788,67.26930495984932,2780,1960,14000,35,38,666.309895,398.4530050000001,46,164.13848253274602,0,1440,0,17000,35,46,274.708192,0,Al Hoceima (GMTA)
2026,3,MAR,GMTN,Tetouan,Morocco,119,1096.4865302883459,608.667634250597,16100,10180,13000,57,84,11232.288364,7540.771942,116,286.53290314172307,58.68043179915444,2880,700,34000,90,107,826.2805595000001,327.60810150000003,Tetouan (GMTN)
2026,3,MAR,GMTT,Tangier,Morocco,846,3673.342968322338,1957.9632361237302,57920,37340,15000,415,511,48807.293635300004,37472.9954413,855,2278.5841674541452,213.09301726508602,22180,2820,36000,679,817,5745.427922,1387.258266999999,Tangier (GMTT)
2026,3,MAR,LATI,Tirana,Albania,2404,16111.1628048788,4102.826379944204,180540,71760,17000,937,1401,110902.099189,71017.9841035,2399,12603.625583815101,24.3141452940798,105163,300,35000,1692,2393,16886.322529,177.470142,Tirana (LATI)
2026,3,MAR,LBGO,Gorna Oryahovitsa,Bulgaria,6,42.538780285584245,40.824631703185126,1020,980,9950,3,3,13.063054999999999,12.784804999999999,6,0,0,0,0,12000,6,6,0,0,Gorna Oryahovitsa (LBGO)
2026,3,MAR,LBPD,Plovdiv,Bulgaria,107,1214.0569605834621,89.38682211744451,12500,1640,31000,39,87,4969.240898,1194.907119,110,621.1511295800291,54.33330712900452,5380,660,36000,70,107,948.955995,225.37962000000002,Plovdiv (LBPD)
2026,3,MAR,LBSF,Sofia,Bulgaria,2609,22890.1511960509,2340.677677242066,234460,43420,32970.6081081081,1284,1988,112897.704266,39995.498763999996,2632,6908.096785134567,17.961024532432717,57077,320,36000,2154,2625,8997.3894265,101.329145,Sofia (LBSF)
2026,3,MAR,LBWN,Varna,Bulgaria,355,2025.169164068147,347.414308412387,21080,6740,27000,201,267,12576.504191,7662.243966,291,780.699810622468,0,6320,0,34000,242,291,1149.0012039999992,0,Varna (LBWN)
2026,3,MAR,LCLK,Larnaca,Cyprus,2131,8733.818673303635,4461.6354015688885,126500,85360,30000,1116,1291,97882.27423750001,85133.394974,2141,8939.76654473194,350.004167932647,82647,4660,36000,1672,2098,23065.4962502,2018.690214,Larnaca (LCLK)
2026,3,MAR,LCPH,Paphos,Cyprus,754,4489.705346114733,1358.1516822935612,54000,24900,35000,414,573,41344.444478000005,31755.693357,763,9512.824852872793,160.066169371518,83500,3380,35963.3333333333,470,750,22035.445833499998,373.13263800000004,Paphos (LCPH)
2026,3,MAR,LCRA,RAF Akrotiri,Cyprus,85,862.090180136974,437.430096669144,11540,7620,2535,25,39,19483.789267,16571.779854,93,479.6244656027471,17.02398234370758,4520,260,30017.2413793103,67,90,4939.981713499999,162.37388750000002,RAF Akrotiri (LCRA)
2026,3,MAR,LDDU,Dubrovnik,Croatia,310,1331.5937571919662,673.514735965462,20120,13660,25000,161,184,11307.855126,8885.970784,309,565.9870396774301,11.97295520706169,5368,468,34000,261,308,713.6030370000001,2.39295,Dubrovnik (LDDU)
2026,3,MAR,LDLO,Losinj,Croatia,24,130.46733501592598,102.57181665739401,2820,2300,14000,17,21,339.533318,310.642043,22,19.21089170009256,0,320,0,15000,20,22,4.98088,0,Losinj (LDLO)
2026,3,MAR,LDOS,Osijek,Croatia,67,200.49967899900102,111.8276391415,4640,2580,17000,52,55,151.53743,115.23914,68,37.95995859501745,2.83477321814255,520,40,18000,62,67,99.60964349999999,2.0317499999999997,Osijek (LDOS)
2026,3,MAR,LDPL,Pula,Croatia,77,562.1845901305651,303.197400966121,11920,6480,14000,39,46,1048.9427565,826.4592705,80,97.68550703111418,1.61987041036717,1324,24,17000,68,79,75.88224999999998,5.4684,Pula (LDPL)
2026,3,MAR,LDRI,Rijeka,Croatia,60,673.256874465704,370.698940468271,15620,10020,8657.309782608696,25,40,1900.4666084,973.3795777,66,249.399188883674,171.533332031821,5820,5160,23000,60,63,72.21530499999999,8.832600000000001,Rijeka (LDRI)
2026,3,MAR,LDSB,Brac,Croatia,10,37.22578155286035,12.32027399346512,520,240,23500,6,7,25.464395,24.887414999999997,10,13.262993014612869,0,120,0,27000,9,10,20.764799999999997,0,Brac (LDSB)
2026,3,MAR,LDSP,Split,Croatia,406,3055.180664523058,1102.882143295062,37400,20300,3831.899509803921,160,181,19480.4596302,17308.437834200002,411,883.4245896269811,236.369273384958,11132,5432,27000,363,407,1043.363057,134.96910499999998,Split (LDSP)
2026,3,MAR,LDVA,Varazdin,Croatia,6,17.70506086785782,15.168388801623118,400,340,6335.364583333334,4,4,-0.7811999999999995,-0.8137499999999993,8,2.21520739879271,2.21520739879271,80,80,6000,7,7,1.2789,1.2789,Varazdin (LDVA)
2026,3,MAR,LDZA,Zagreb,Croatia,1874,16649.1919292697,3620.2930820776282,185060,70740,16000,693,1063,84971.5302893,53063.565167,1876,6644.490978784734,3.899688024958,55760,60,33000,1463,1874,9439.257427,24.69704999999999,Zagreb (LDZA)
2026,3,MAR,LDZD,Zadar,Croatia,100,1141.72089994566,205.74639411520002,13800,4620,20000,46,77,2357.4183510000003,1305.026832,100,606.43077651593,78.95842646353069,6816,2196,22500,74,97,1070.958014999999,-3.497604,Zadar (LDZD)
2026,3,MAR,LEAB,Albacete,Spain,39,823.997818099244,590.5134164687311,17840,15240,5726.666666666668,6,7,4623.124910699999,3697.6235307,31,166.75425060024,75.56446548105937,2060,1060,20000,21,28,96.78281400000002,-14.11620499999999,Albacete (LEAB)
2026,3,MAR,LEAL,Alicante,Spain,5014,30204.987696785098,6321.465032347651,324720,110240,30898.333333333303,2324,3543,185300.5089947,106671.3823297,5018,21003.6112938324,100.329753600953,182490,1360,36000,3531,4990,53848.6132622,919.6099,Alicante (LEAL)
2026,3,MAR,LEAM,Almeria,Spain,340,1148.912119589788,468.007440579768,18540,9880,15053.690127077201,188,269,8916.940693,4727.561217999999,341,726.201944458695,206.25267319888,9498,4738,30000,288,338,1802.836873,715.534963,Almeria (LEAM)
2026,3,MAR,LEAS,Asturias,Spain,615,2315.8553388909163,641.196127603406,28700,11060,29000,327,431,16484.279438,9277.328588,616,1811.2649888373571,4.367650587952969,15220,180,33000,507,614,2540.3879697,1.106175,Asturias (LEAS)
2026,3,MAR,LEBA,Cordoba,Spain,38,140.581664893777,134.012190451733,2460,2380,11500,24,24,1883.320834999999,1831.513834999999,34,1.4398848092152599,1.4398848092152599,20,20,34000,33,33,3.3264,3.3264,Cordoba (LEBA)
2026,3,MAR,LEBB,Bilbao,Spain,1993,13348.9229257073,5457.677940498834,166880,95720,6020,636,853,122945.5249303,95590.132186,1995,4345.684719800277,0,36440,0,33000,1655,1995,7516.090249,0,Bilbao (LEBB)
2026,3,MAR,LEBG,Burgos,Spain,49,897.6792656603691,709.623719940092,27960,25740,5487.5,10,13,1160.0058609999992,789.1747610000001,62,99.984660325746475,41.97322750765303,1763,1303,9000,53,53,57.712165000000006,17.320805,Burgos (LEBG)
2026,3,MAR,LEBL,Barcelona,Spain,14595,108695.9236424629,51630.639935637904,1522820,946060,7043.333333333333,5064,7278,1376425.1176787,1043494.2219503,14617,79215.3460464235,553.585660679635,673960,7020,33000,10251,14491,189389.0937662,5290.847765999999,Barcelona (LEBL)
2026,3,MAR,LEBZ,Badajoz,Spain,156,1168.001046387564,1042.3665887803731,34760,32160,3902.4756493506493,65,70,1497.9217275,1389.917764999999,146,286.298910891389,66.34869210463161,4100,2080,24000,127,143,457.33685800000006,8.44977,Badajoz (LEBZ)
2026,3,MAR,LECO,La Coruna,Spain,434,3123.132928280021,1808.7117470369801,50880,35920,4631.53080872914,150,171,31727.455751,26580.953271,432,652.68260150098,18.663448100622528,5720,500,30000,392,428,633.1810780000001,36.17144499999999,La Coruna (LECO)
2026,3,MAR,LEDA,Lleida,Spain,118,1420.526269010943,799.1261016403141,40240,31020,5258.333333333333,42,52,1991.064941999999,1027.915825,121,400.87460997201407,243.533845223024,11086,8668,10091.1111111111,92,105,118.870708,31.01805000000001,Lleida (LEDA)
2026,3,MAR,LEGE,Gerona,Spain,455,4530.948096325095,1989.975279849617,90780,59960,10000,155,258,14018.703817900001,7464.9641479,381,2353.2974244386937,91.762163527417,26300,2600,29000,241,370,3565.491044999999,94.69332999999999,Gerona (LEGE)
2026,3,MAR,LEGR,Granada,Spain,454,3935.9959588571214,2958.321516770895,62900,49920,6223.484848484848,51,78,48451.2500232,42418.1722092,455,1119.5620363335051,128.873586532447,11320,1700,32000,376,430,2777.456953299999,797.3346803000001,Granada (LEGR)
2026,3,MAR,LEGT,Madrid Getafe,Spain,54,657.0450932698051,435.62943399528007,10380,7480,4738.274698637317,7,13,5134.6881215,4763.7062165,55,432.383513982893,127.84700512174501,5200,1920,15000,34,39,5955.368937,58.485176999999965,Madrid Getafe (LEGT)
2026,3,MAR,LEHC,Monflorite,Spain,4,59.999003808122474,57.69901888799715,2480,2440,4316.916666666668,0,1,68.67332999999999,56.377832999999995,4,68.76480518391574,7.18915980697447,880,180,9635.358099062918,1,2,94.18707800000001,2.1178500000000002,Monflorite (LEHC)
2026,3,MAR,LEIB,Ibiza,Spain,1588,9525.094895491182,3248.861252026646,119420,60460,11000,776,947,40435.0001972,25065.6624835,1583,2198.584273105288,94.82264857771841,20657,1597,18000,1405,1558,5125.7838455,166.838728,Ibiza (LEIB)
2026,3,MAR,LEJR,Jerez de la Frontera,Spain,332,3158.041369714603,1236.195965933964,58380,32160,5184.444444444444,132,160,7923.8394849999995,5726.945003,331,1163.867601288158,280.88750118903903,15840,8340,30000,257,317,1470.1169643,66.27968499999999,Jerez de la Frontera (LEJR)
2026,3,MAR,LELC,Murcia San Javier Airbase,Spain,7,127.997572759715,64.08002261987205,2380,1360,2934.407407407407,1,2,87.58722,80.86722,7,50.423837060777096,0,520,0,18960,2,7,-2.369062,0,Murcia San Javier Airbase (LELC)
2026,3,MAR,LELL,Sabadell,Spain,92,1475.063463332422,967.672929919241,45420,35820,2507.402402402402,19,23,484.4870694,453.279111,172,1207.4368880122909,1048.0274311519358,45358,42698,5000,75,82,532.0887150000001,466.40794200000005,Sabadell (LELL)
2026,3,MAR,LELN,Leon,Spain,52,502.391951536304,205.066846208636,10800,5440,6347.916666666668,16,23,1205.886022,821.6604520000001,53,328.72471623113205,115.10309944435201,6308,3908,32000,41,51,161.22931499999999,10.61025999999999,Leon (LELN)
2026,3,MAR,LEMD,Madrid Barajas,Spain,18551,177723.6490729211,54504.2907385025,2099080,963360,8291.666666666666,6317,9866,1709214.4002097,1168859.1632896,18606,70960.8190223202,54.2203910180108,587030,760,33000,14030,18578,170358.490984,888.4197720000001,Madrid Barajas (LEMD)
2026,3,MAR,LEMG,Malaga,Spain,6874,23248.163347213198,10022.5866360637,324580,170640,33000,3967,5037,228171.4277537,146158.9068932,6870,17191.471626911298,456.32862678787,154645,6820,35000,5441,6775,35795.574524999996,2682.6626835,Malaga (LEMG)
2026,3,MAR,LEMH,Mahon,Spain,753,2968.979833247666,1633.240699859143,50100,33980,3220.9302325581393,317,345,20354.836365,16681.926359,749,848.404754158181,82.62614519284493,8880,1340,12000,695,736,2867.8356487000005,-37.037823999999986,Mahon (LEMH)
2026,3,MAR,LEMO,Seville Moron,Spain,13,84.02778637796358,73.56029590834872,1460,1300,3084.8484848484854,2,2,454.22438200000005,379.099432,27,67.37532183865967,14.4055594196532,660,180,30000,22,25,207.30401,139.76034,Seville Moron (LEMO)
2026,3,MAR,LEOC,Ocana Madrid,Spain,1,0,0,0,0,27000,1,1,0,0,2,3.2217422606191497,0,40,0,26982.5,1,2,1.1782839999999999,0,Ocana Madrid (LEOC)
2026,3,MAR,LEPA,Palma de Mallorca,Spain,6458,41304.5683008841,12087.6878868037,476860,211400,13000,3002,3993,228494.214305,140391.5778939999,6447,21737.280532209497,516.7398754165441,192340,6700,32000,5063,6326,46568.7798639,2973.361856999999,Palma de Mallorca (LEPA)
2026,3,MAR,LEPP,Pamplona,Spain,165,1385.5293821268372,843.810399110904,27700,20580,4680.7692307692305,27,41,9879.214779,7652.088668,165,552.938785246837,35.156394711191005,6248,1128,21000,136,159,976.6035420000001,7.687575,Pamplona (LEPP)
2026,3,MAR,LERL,Ciudad Real,Spain,4,68.76072237659022,35.43538840330799,920,600,3949.404761904761,0,0,348.302164,228.645219,4,21.044212306302637,18.552103982660828,240,220,21833.5164835165,1,2,55.06539000000001,47.36889000000001,Ciudad Real (LERL)
2026,3,MAR,LERS,Reus,Spain,149,1324.479723462977,815.5425214640591,39240,27760,5995.348837209302,51,68,2699.7067660000002,1827.1134615,128,1459.089782541449,541.6052925474571,21180,12640,28998.4002976191,70,119,3942.183898999999,520.0990640000001,Reus (LERS)
2026,3,MAR,LERT,Rota Naval Station,Spain,93,897.545372738275,500.604165684152,13220,8920,5998.924731182796,29,38,16303.495911,10339.09358,97,544.4661309093179,5.0395968322534195,5340,60,27356.666666666697,66,94,1096.6916999999992,79.06934999999999,Rota Naval Station (LERT)
2026,3,MAR,LESA,Salamanca,Spain,29,612.962563715465,282.94762432665203,15100,9200,5300,3,7,832.3518393,172.31220230000002,29,97.98101993573316,56.594319513262455,2543,1823,15000,18,22,28.390277999999988,6.1572,Salamanca (LESA)
2026,3,MAR,LESB,Son Bonet,Spain,36,630.8810270087191,368.757055919558,12880,8520,3240.277777777777,7,10,76.8578622,71.02970100000002,32,205.999521101372,77.03953044720792,3820,1480,5000,15,18,68.54368419999997,33.485654699999984,Son Bonet (LESB)
2026,3,MAR,LESJ,Palma Son San Juan,Spain,1,0,0,0,0,24000,1,1,0,0,3,22.29571634269258,0,300,0,22000,2,3,4.40007799999999,0,Palma Son San Juan (LESJ)
2026,3,MAR,LESL,San Luis Menorca,Spain,3,0,0,0,0,10000,3,3,0,0,4,0,0,0,0,9000,4,4,0,0,San Luis Menorca (LESL)
2026,3,MAR,LESO,San Sebastian,Spain,180,1590.065289815411,894.066676135962,30700,19680,2562.446808510638,32,40,15641.920191,13336.887399000001,181,298.639569691346,47.7315888071342,3773,1373,29000,152,174,413.99852100000004,16.37895,San Sebastian (LESO)
2026,3,MAR,LEST,Santiago,Spain,630,3442.387609417449,1741.8673075437312,45060,30240,5572.630718954249,242,284,30727.291318800002,26506.184226,635,1728.169980177508,3.5278023821549,14360,40,32000,542,634,2560.530460999999,1.8559249999999998,Santiago (LEST)
2026,3,MAR,LESU,Seu d'Urgell,Spain,35,442.351451966395,191.79951588078202,8300,4000,7063.095238095238,7,11,2111.6622700000003,830.7281180000001,33,88.37089288617278,13.69781143314986,1120,200,19000,24,29,77.68084100000002,20.203049,Seu d'Urgell (LESU)
2026,3,MAR,LETO,Madrid Torrejon,Spain,73,1329.263743759377,595.696695765086,19160,9780,4939.534883720929,5,10,9471.961112,6304.572078,68,229.145744229195,42.77844050349041,3500,780,29000,58,65,2364.3524429999993,695.40311,Madrid Torrejon (LETO)
2026,3,MAR,LEVC,Valencia,Spain,3613,15241.5225045701,5329.469654379615,192473,95853,25000,1908,2457,102542.0003285,76518.5385735,3621,15539.673537774,100.156699623863,132540,1740,34000,2696,3605,23900.031251599998,269.917662,Valencia (LEVC)
2026,3,MAR,LEVD,Valladolid,Spain,147,2030.5708564795623,537.997899867716,35360,16060,10950,51,85,9476.4150855,4416.861892,89,745.235033485133,40.93827233654836,6980,1200,28000,50,82,1034.3101540000002,21.30555,Valladolid (LEVD)
2026,3,MAR,LEVT,Vitoria,Spain,469,2770.330629021992,1515.264381614847,48480,34380,11043.3333333333,202,290,30584.5297675,21515.5059255,456,777.600372644394,147.29255927916802,8420,2900,31000,382,437,1822.43368,709.533156,Vitoria (LEVT)
2026,3,MAR,LEVX,Vigo,Spain,407,3386.7315025140915,1153.782566049473,60320,21500,8005,179,206,16812.6072205,13580.109772,405,1088.40124861913,445.801203056198,14600,9220,30000,358,401,1607.4241575,691.57259,Vigo (LEVX)
2026,3,MAR,LEXJ,Santander,Spain,321,1617.778942266092,453.19019728287003,22920,9140,24000,173,216,9458.0513735,5266.339252,317,1172.344620063998,51.57148146610244,15833,1840,30000,258,311,1740.0666027999991,6.2532749999999995,Santander (LEXJ)
2026,3,MAR,LEZG,Zaragoza,Spain,447,5353.496533765347,1849.486978969923,63920,32940,5064.599483204134,110,180,81424.07782070001,58584.8291177,446,3118.5067222995353,5.95202493690615,27480,140,32000,294,444,11290.117154000001,10.41234,Zaragoza (LEZG)
2026,3,MAR,LEZL,Seville,Spain,3203,18694.2946844572,4477.457149482492,210929,90349,33000,1671,2245,78097.35399100001,63418.927052499996,3199,11553.013570372601,706.355043567469,112152,18286,34000,2480,3177,18488.0710723,-131.03137900000002,Seville (LEZL)
2026,3,MAR,LFAC,Calais,France,14,147.176476005878,134.596457776795,3747,3547,2613.1999503229013,3,4,79.70634699999998,76.77894699999997,15,134.07520568977,55.57178153020483,2280,1360,8000,10,12,24.98455300000002,3.39518,Calais (LFAC)
2026,3,MAR,LFAG,Peronne,France,1,0,0,0,0,11000,1,1,0,0,,,,,,,,,,,Peronne (LFAG)
2026,3,MAR,LFAI,Nangis Les Loges,France,3,29.260514126529277,29.260514126529277,480,480,2888.709677419354,1,1,-10.30311999999999,-10.30311999999999,3,80.1449423764496,47.38721583931703,1640,1040,4160,0,0,76.7322732,16.129652,Nangis Les Loges (LFAI)
2026,3,MAR,LFAQ,Albert Bray,France,44,738.892526581261,497.76917449939003,20240,15980,2812.6491586909533,5,6,2366.397966999999,2059.137487,23,88.59529468527074,0,880,0,13000,17,23,101.601519,0,Albert Bray (LFAQ)
2026,3,MAR,LFAT,Le Touquet,France,116,1180.051778156099,775.051270456323,31560,24840,3000.833333333333,41,50,415.137314,242.604793,89,612.389146133773,490.001325062647,14781,12901,8000,63,76,78.98503474999998,39.36870499999999,Le Touquet (LFAT)
2026,3,MAR,LFAV,Valenciennes,France,57,741.6783597995841,580.989722483094,17060,15480,3000,23,27,312.664534,62.700979,61,165.328764738433,72.19299587497015,3177,2357,8000,52,55,89.83284999999995,16.330649999999988,Valenciennes (LFAV)
2026,3,MAR,LFAY,Amiens,France,4,38.64694103160271,38.64694103160271,1040,1040,2291.0997267759562,1,1,20.19779999999999,20.19779999999999,2,0,0,0,0,5000,2,2,0,0,Amiens (LFAY)
2026,3,MAR,LFBA,Agen,France,56,609.1652880845701,558.3594413176061,17260,16700,2361.527777777777,0,2,183.13519950000003,182.50938449999998,46,147.72220610189302,143.402551674248,2760,2720,7000,41,42,-25.76923899999999,-34.41572899999999,Agen (LFBA)
2026,3,MAR,LFBC,Cazaux,France,31,465.13988214879805,268.658834062781,9100,4920,4973.333333333333,12,15,584.1430842000001,374.30026970000006,33,289.04945565004397,178.591040932788,3640,2380,7000,16,17,61.754688500000015,-69.82294599999996,Cazaux (LFBC)
2026,3,MAR,LFBD,Bordeaux,France,2087,26810.5124912138,3766.350982059397,274520,68680,27981.8390804598,815,1279,123574.0914821999,44469.800217,2082,10334.5867284395,108.092107965205,90847,2467,32000,1539,2076,16699.5965896,65.41806799999998,Bordeaux (LFBD)
2026,3,MAR,LFBE,Bergerac,France,81,1561.53893739533,1026.305679084133,33937,28417,2413.333333333333,14,18,1929.8887669000003,1618.0593559000001,56,349.813959469091,89.98811355690754,4840,2360,25000,36,51,661.615307,5.03265,Bergerac (LFBE)
2026,3,MAR,LFBF,Toulouse Francazal,France,35,397.282357572786,223.769582587042,6880,4420,2982.083333333333,5,10,1633.7434155,1323.6894805,23,99.47782056322932,14.67231008616084,1340,200,21347.6190476191,15,21,297.71130600000004,106.350035,Toulouse Francazal (LFBF)
2026,3,MAR,LFBG,Cognac,France,68,1488.224109729447,1435.2946665504421,31619,30899,2242.3423423423424,9,11,-68.08867290000002,-93.37240770000001,69,277.51324495976405,157.996032143241,3840,2280,9000,56,60,1.8990027999999899,-8.0063842,Cognac (LFBG)
2026,3,MAR,LFBH,La Rochelle,France,134,2725.5134656029763,2150.302076645917,58160,52620,2437.332605531295,26,33,5820.941598499999,4451.419284,115,995.554866351477,448.20524243950206,17460,11060,18000,71,100,600.135477,11.88810999999998,La Rochelle (LFBH)
2026,3,MAR,LFBI,Poitiers,France,117,2508.552915972603,2399.027473701723,67004,65644,2822.5,8,11,2925.854134799999,2851.773959799999,86,467.56058572779807,165.496636744124,6652,3812,9000,62,75,603.7643825000001,73.37527149999998,Poitiers (LFBI)
2026,3,MAR,LFBK,Montlucon,France,10,133.766211834653,61.505388473603396,2000,1460,6000,4,6,90.11382499999996,60.089465,6,66.88310557275231,0,800,0,16000,4,6,8.640628999999999,0,Montlucon (LFBK)
2026,3,MAR,LFBL,Limoges,France,228,2349.8457876812945,1405.080608122962,43283,34283,5000,88,116,5535.351432299999,2779.5094973,190,449.02656437485,38.454826939637535,4481,841,18021.666666666697,157,183,1127.445528,14.553792999999999,Limoges (LFBL)
2026,3,MAR,LFBM,Mont de Marsan,France,38,738.97291823686,547.625161367576,12060,9820,6521.666666666668,13,19,38266.700795000004,36677.356751,36,127.72816189543902,52.44883191636187,1640,760,18000,22,29,651.665798,60.41330399999998,Mont de Marsan (LFBM)
2026,3,MAR,LFBN,Niort,France,13,207.126252674849,206.046339067937,4100,4080,2470,2,2,-106.15305000000001,-106.034925,18,122.481970312849,38.35035657965232,2200,920,9000,11,15,25.97259549999998,2.72633,Niort (LFBN)
2026,3,MAR,LFBO,Toulouse Blagnac,France,2899,15260.1329426184,6174.774519298842,210640,122000,13850,1154,1576,134526.9799377,100172.92409269999,2922,9993.912924112294,28.526399108214626,85471,580,31024.596774193502,2268,2914,18199.9311347,98.12160749999998,Toulouse Blagnac (LFBO)
2026,3,MAR,LFBP,Pau,France,265,2010.6837389215361,1368.566595043816,37180,27720,2923.728813559321,49,58,12191.3681965,8331.158683,265,523.637751423326,64.58008417874576,5820,1500,28000,224,261,723.9422625000001,13.396419999999999,Pau (LFBP)
2026,3,MAR,LFBR,Muret,France,55,344.039900806552,344.039900806552,9980,9980,4020.2247191011234,29,29,28.741644999999977,28.741644999999977,55,584.5477235480021,584.5477235480021,15803,15803,6000,44,44,35.576105000000005,35.576105000000005,Muret (LFBR)
2026,3,MAR,LFBT,Tarbes Lourdes,France,158,2005.5320905365152,347.958175103473,27340,8660,29500,83,130,4084.516876,988.037455,149,1169.478643777227,73.73588576465586,14340,1620,33960.3448275862,98,145,2639.2372917000002,77.8314237,Tarbes Lourdes (LFBT)
2026,3,MAR,LFBU,Angouleme,France,74,1147.0528185965143,984.7986895512171,31720,28280,2675.481178188281,7,8,204.5725855,156.3487205,83,1392.061715724957,1392.061715724957,37901,37901,4000,36,36,63.69273499999998,63.69273499999998,Angouleme (LFBU)
2026,3,MAR,LFBX,Perigueux Bassillac,France,7,176.831563009263,109.28296689695202,4980,3420,2672.5,2,2,3.65295,12.00569999999999,5,0,0,0,0,15000,5,5,0,0,Perigueux Bassillac (LFBX)
2026,3,MAR,LFBZ,Biarritz/Bayonne,France,370,2845.6195663629574,1202.181443751114,41940,25140,2602.3565573770484,107,150,18369.340009,13380.546116,365,1192.862995882265,75.61440539302309,12500,1620,31000,301,363,1985.719149499999,-20.90128749999997,Biarritz/Bayonne (LFBZ)
2026,3,MAR,LFCC,Cahors,France,10,194.517980744115,79.86972403322342,5160,2720,2973.684210526315,2,2,56.326204999999995,35.97825499999999,12,131.623093586196,90.66199937649847,3800,3060,9500,9,10,15.37934999999999,17.83319999999999,Cahors (LFCC)
2026,3,MAR,LFCD,Andernos les Bains,France,1,14.14331737576304,14.14331737576304,300,300,1981.379310344827,0,0,-0.23152500000000062,-0.23152500000000062,1,4.95860331173506,4.95860331173506,120,120,6950,0,0,0.39690000000000003,0.39690000000000003,Andernos les Bains (LFCD)
2026,3,MAR,LFCH,Arcachon,France,9,172.91031136812302,156.653547393112,3560,3320,4679.591836734694,3,3,42.98234500000002,16.29238000000002,14,39.14020100479244,19.16179927693068,620,380,6010.112359550562,11,12,30.917770000000008,4.99327,Arcachon (LFCH)
2026,3,MAR,LFCI,Albi le Sequestre,France,12,42.01322783551337,39.85340062169054,1120,1100,3186.666666666666,3,4,10.93732519999999,9.5324252,11,40.963044990299075,29.884931239399148,840,680,9035.98870056497,8,9,1.8417,0.40845000000000065,Albi le Sequestre (LFCI)
2026,3,MAR,LFCK,Castres Mazamet,France,83,580.504926318154,486.929874100821,15500,14080,4809.130434782608,36,39,913.2136750000001,834.1182200000001,73,131.08677212473302,35.262654140606706,2460,1200,16000,65,69,52.44487499999998,11.697,Castres Mazamet (LFCK)
2026,3,MAR,LFCL,Toulouse Lasbordes,France,4,37.49193744005877,34.2521966193244,900,840,3007.5,1,1,2.0789999999999997,2.29425,10,130.2057622364,130.2057622364,3160,3160,4302.5,5,5,5.021625000000009,5.021625000000009,Toulouse Lasbordes (LFCL)
2026,3,MAR,LFCR,Rodez Marcillac,France,128,1768.403119642364,1003.7502856992611,38120,29880,4509.166666666668,17,21,9216.182034000001,4980.055723999999,118,299.4284619929,85.90009258002564,4320,2320,19000,92,108,695.379466,30.2043,Rodez Marcillac (LFCR)
2026,3,MAR,LFCU,Ussel,France,1,0,0,0,0,21000,1,1,0,0,1,16.846350979803706,14.522761681369639,260,220,8037.096774193549,0,0,7.246885,5.968509999999999,Ussel (LFCU)
2026,3,MAR,LFCW,Villeneuve sur Lot,France,2,0,0,0,0,30000,2,2,0,0,1,123.46420719579301,0,2660,0,14083.474576271201,0,1,17.39219999999999,0,Villeneuve sur Lot (LFCW)
2026,3,MAR,LFCY,Royan,France,8,52.71252229841818,52.71252229841818,1760,1760,4500,5,5,12.92654999999999,12.92654999999999,5,108.729301655868,108.729301655868,2880,2880,4700,2,2,5.4852,5.4852,Royan (LFCY)
2026,3,MAR,LFDB,Montauban,France,5,60.01362748123003,55.15401625012853,1940,1820,7028.333333333333,2,3,2.28165,1.0016999999999998,12,49.8776491323317,13.558915286777049,1100,300,9000,11,11,7.1788500000000095,2.0034,Montauban (LFDB)
2026,3,MAR,LFDH,Auch Gers,France,23,311.9011136472621,289.85315967223005,9900,9540,2740.178571428571,5,6,955.4611050000001,925.9933800000001,15,103.80309575234001,59.48524118070552,1660,1280,9000,11,13,-22.34709700000001,-0.4417869999999997,Auch Gers (LFDH)
2026,3,MAR,LFDI,Libourne,France,2,0,0,0,0,22000,2,2,0,0,4,38.688186886224045,1.3498920086393098,600,100,12475.5813953488,1,3,5.420562,0.779625,Libourne (LFDI)
2026,3,MAR,LFDJ,Pamiers les Pujols,France,32,298.64371720450504,296.84386119298597,7760,7740,3306.028303976957,8,9,32.220349999999996,32.543749999999996,24,0,0,0,0,9000,24,24,0,0,Pamiers les Pujols (LFDJ)
2026,3,MAR,LFDM,Marmande,France,4,0,0,0,0,12000,4,4,0,0,5,3.97593998931698,1.4398848092152599,80,40,11000,3,4,1.4605499999999998,0.0771749999999999,Marmande (LFDM)
2026,3,MAR,LFDN,Rochefort Saint Agnant,France,25,287.11377886122204,281.27710293815306,7500,7420,2241.666666666666,11,11,66.48222200000002,65.43274750000002,15,13.67423073686572,0,160,0,9000,13,15,5.662655,0,Rochefort Saint Agnant (LFDN)
2026,3,MAR,LFEC,Ouessant,France,61,206.13828879072602,206.13828879072602,7120,7120,5000,48,48,42.98264199999999,42.98264199999999,6,0,0,0,0,5000,6,6,0,0,Ouessant (LFEC)
2026,3,MAR,LFEH,Aubigny sur Nere,France,2,0,0,0,0,15000,2,2,0,0,2,0,0,0,0,12500,2,2,0,0,Aubigny sur Nere (LFEH)
2026,3,MAR,LFES,Guiscriff Scaer,France,1,172.180127229166,172.180127229166,5020,5020,4831.2431693989065,0,0,53.5815,53.5815,1,0,0,0,0,5000,1,1,0,0,Guiscriff Scaer (LFES)
2026,3,MAR,LFEY,Ile d'Yeu,France,20,319.338595048282,210.46452236540102,9220,6460,8000,12,13,54.710155,36.40865499999999,15,21.62161961840581,0,300,0,18000,14,15,5.4746999999999995,0,Ile d'Yeu (LFEY)
2026,3,MAR,LFFI,Ancenis,France,1,0,0,0,0,18000,1,1,0,0,1,3.20374370050396,3.20374370050396,40,40,3793.333333333333,0,0,-2.926135,-2.926135,Ancenis (LFFI)
2026,3,MAR,LFGA,Colmar Houssen,France,62,884.5141200494651,594.1488119706861,24640,18300,3939.459706959706,21,25,204.660597,164.560609,57,292.41963506565,195.85843126453102,7080,5340,8000,43,48,0.44519399999998976,-5.673156000000009,Colmar Houssen (LFGA)
2026,3,MAR,LFGC,Strasbourg Neuhof,France,1,19.06708759895934,19.06708759895934,620,620,2263.333333333333,0,0,13.282499999999999,13.282499999999999,2,2.8797696184305304,2.8797696184305304,80,80,8402.5,1,1,0.5291999999999999,0.5291999999999999,Strasbourg Neuhof (LFGC)
2026,3,MAR,LFGF,Beaune,France,4,73.71727683291314,16.99681446990217,1200,420,13511.3425925926,2,3,14.3202955,5.992244499999999,8,2.62778977681786,2.62778977681786,60,60,14000,7,7,0.78687,0.78687,Beaune (LFGF)
2026,3,MAR,LFGJ,Dole,France,106,2113.4603766522573,1363.7879106426021,47460,39340,2907.777777777777,15,32,2893.503995999999,936.5965180000001,96,347.969423232486,134.081469912234,5507,3180,9000,74,86,321.95193500000005,25.13963999999999,Dole (LFGJ)
2026,3,MAR,LFHO,Aubenas,France,1,25.40003251352793,0,400,0,7958.279569892474,0,1,17.791214999999998,0,1,8.43451152819846,8.43451152819846,120,120,4345.057128663685,0,0,-0.7821512999999989,-0.7821512999999989,Aubenas (LFHO)
2026,3,MAR,LFHP,Le Puy,France,45,317.50565226540704,163.440247994961,7820,4420,5500,10,13,85.52658349999999,82.42751299999998,40,60.341635237653286,49.766018718502515,1280,1140,18000,37,39,2.821749,2.4018800000000002,Le Puy (LFHP)
2026,3,MAR,LFHQ,Saint Flour Coltines,France,1,0,0,0,0,19000,1,1,0,0,,,,,,,,,,,Saint Flour Coltines (LFHQ)
2026,3,MAR,LFHS,Bourg Ceyzeriat,France,3,16.75250595336987,11.35293791881264,360,240,7007.692307692308,1,1,0.7759500000000006,0.2719500000000005,3,21.87547030135894,10.69236494978706,620,300,9000,1,1,7.678649999999999,3.5888999999999998,Bourg Ceyzeriat (LFHS)
2026,3,MAR,LFHV,Villefranche Tarare,France,26,128.68815234283701,97.58506392645828,2820,2260,8985,12,16,59.376396,27.492621,23,15.3943259855639,8.21064541397749,360,240,18000,19,21,9.0384,2.05065,Villefranche Tarare (LFHV)
2026,3,MAR,LFHY,Moulins Montbeugny,France,12,350.28601409273205,205.33615063961102,8440,5640,3616.901639344262,1,1,435.05609000000004,263.249997,12,158.303568160068,158.303568160068,3920,3920,9000,10,10,376.3494462,376.3494462,Moulins Montbeugny (LFHY)
2026,3,MAR,LFJL,Metz/Nancy,France,60,1632.635760392554,772.8460928416911,27820,18560,4214.166666666668,4,14,6240.518520499999,3629.6009564999995,52,273.90704581665204,35.196184305255564,3140,660,27000,30,49,135.043029,9.4494225,Metz/Nancy (LFJL)
2026,3,MAR,LFJR,Angers Marce,France,63,731.200424262331,615.808752370276,19434,18174,2873.333333333333,7,10,607.185148,334.84817549999997,53,528.939495145873,198.702555408471,9056,5336,11000,42,49,-33.60767829999989,-1.6637259999999798,Angers Marce (LFJR)
2026,3,MAR,LFKB,Bastia,France,471,4663.029168525868,1601.0433572857341,60720,34260,6846.666666666668,180,230,16835.33987095,12918.44886595,472,1395.21808598519,462.136877024577,19640,10760,28000,406,464,1419.947936,5.232669999999979,Bastia (LFKB)
2026,3,MAR,LFKC,Calvi,France,153,2011.342888720457,1067.038052097098,40480,29600,3185,54,69,8961.1480185,3607.227991,133,400.0055816911521,34.845673523907585,4520,860,16000,101,131,1025.590616,-1.2043499999999998,Calvi (LFKC)
2026,3,MAR,LFKF,Figari,France,176,1133.3790099166451,465.964250391233,17420,9440,13000,80,98,2981.612997,2720.855386,172,363.265688262973,34.34125269978401,4440,720,17239.2948717949,141,171,737.7653925000001,63.416409999999985,Figari (LFKF)
2026,3,MAR,LFKJ,Ajaccio,France,417,1925.4949439905502,1374.499292156614,33580,28020,3771.666666666667,175,193,10265.3965985,9606.9464445,416,735.679754023874,186.277083514258,9960,4260,26000,359,411,1295.4539045,22.21405750000001,Ajaccio (LFKJ)
2026,3,MAR,LFKO,Propriano,France,1,0,0,0,0,17000,1,1,0,0,2,0,0,0,0,23000,2,2,0,0,Propriano (LFKO)
2026,3,MAR,LFKS,Solenzara,France,23,312.712629317731,118.28203993957301,4600,1980,9003.512880562062,5,14,611.6626885,333.584825,25,342.507796175169,48.97194369828001,5499,1640,24000,15,23,858.9573730000001,295.596498,Solenzara (LFKS)
2026,3,MAR,LFLA,Auxerre,France,93,1835.043593215582,1735.509167152838,59100,56280,2873.333333333333,12,12,465.78091450000005,436.6232245,53,264.68574314131,241.44243019255302,8500,8200,6000,41,43,55.14180499999999,51.015305,Auxerre (LFLA)
2026,3,MAR,LFLB,Chambery,France,722,17783.7603005974,7144.788824852621,272500,136800,6296.104714113188,45,91,105937.2704644,63210.725152800005,715,4739.449206014672,216.015866666578,48760,4280,22000,306,685,8870.611918,392.4129588,Chambery (LFLB)
2026,3,MAR,LFLC,Clermont-Ferrand,France,318,2950.719471871096,1645.324878784505,48785,36025,4066.466148793735,67,108,7645.2783405,5298.7982595,313,1713.5845044531482,24.84550777477118,17220,540,18000,214,307,3760.549858499999,1.1528999999999998,Clermont-Ferrand (LFLC)
2026,3,MAR,LFLD,Bourges,France,32,336.885231645957,263.518600976411,7660,6380,4791.006631055444,10,12,75.46311469999999,9.26751900000001,23,34.38750463872664,20.61092255476704,740,540,7000,21,22,1.341375,-1.7608499999999998,Bourges (LFLD)
2026,3,MAR,LFLH,Chalon,France,15,389.13412432643605,210.789432202995,8960,6640,2896.986166007905,2,3,100.2712838,95.16337699999998,13,57.773828913359054,15.535707963035078,860,360,8000,9,12,15.28241199999999,-0.7234499999999997,Chalon (LFLH)
2026,3,MAR,LFLI,Annemasse,France,61,683.639197808639,74.9095620117046,9420,1440,12000,17,49,264.51829080000005,39.37988249999999,66,231.444375820022,32.21532846332532,3540,800,18000,47,58,61.48031719999998,15.231829999999999,Annemasse (LFLI)
2026,3,MAR,LFLJ,Courchevel,France,97,1769.1819848340751,0,27721,0,13001.6666666667,35,97,287.31531420000005,0,72,686.275887924891,123.576925264283,9960,1900,14751.2585034014,29,64,134.2046991,30.68656,Courchevel (LFLJ)
2026,3,MAR,LFLL,Lyon,France,3809,36793.4147921347,7180.0250730696525,406580,131680,15000,1135,2200,217736.4295707,108630.7557648999,3820,12854.8357126449,145.153187768421,112060,1860,32883.3333333333,2796,3789,31602.9606065,1000.129423499999,Lyon (LFLL)
2026,3,MAR,LFLM,Macon Charnay,France,5,23.49683122584806,23.49683122584806,520,520,6138.3050847457625,2,2,3.28965,3.28965,6,2.1538718079024304,2.1538718079024304,40,40,8000,5,5,1.7703,1.7703,Macon Charnay (LFLM)
2026,3,MAR,LFLN,Saint Yan,France,179,3117.2005044007883,2691.6707371846173,83780,75320,3595,19,21,1081.3139087,776.0850637000001,160,664.0495463010801,572.4286001147061,15520,14640,7000,134,136,192.197335,55.881524999999996,Saint Yan (LFLN)
2026,3,MAR,LFLO,Roanne,France,17,229.333063051657,151.64435507137202,5120,4060,5309.285714285714,5,6,73.6003005,36.40455649999999,12,102.76441700360401,0,1420,0,11517.7419354839,8,12,69.75347800000004,0,Roanne (LFLO)
2026,3,MAR,LFLP,Annecy,France,157,2798.9381208084574,1077.937194923721,50580,24700,6285,13,28,3897.2695874999995,2066.694392299999,155,1164.8200191639683,387.29455512261904,18180,8340,11020,82,142,643.7615631000001,44.32463899999999,Annecy (LFLP)
2026,3,MAR,LFLS,Grenoble,France,454,6110.077042187434,3621.657637173473,103240,77000,4174.124293785311,81,113,30066.70908,21633.646548599998,438,2055.031880049582,213.14012449441702,23620,5160,24046.25,278,403,4718.8368269,358.3572363,Grenoble (LFLS)
2026,3,MAR,LFLU,Valence,France,111,1707.2556167979,1194.94932966333,43820,37660,2979.999999999999,15,25,1434.197695699999,858.432852,98,232.77058556851,75.73189931503543,3960,2320,9025,79,89,83.76415200000001,3.009028,Valence (LFLU)
2026,3,MAR,LFLV,Vichy,France,25,347.929592049707,335.958744074911,9420,9200,3365.258620689654,6,7,72.77361649999997,69.67453849999998,14,70.53141243206038,18.20959817720076,1348,588,8500,11,12,3.48862500000001,7.907025,Vichy (LFLV)
2026,3,MAR,LFLW,Aurillac,France,77,466.59213613968507,224.809233420739,9860,6080,8306.666666666666,37,48,641.1767333,269.7253215,76,142.505209874447,0,1740,0,16000,70,76,105.60758799999999,0,Aurillac (LFLW)
2026,3,MAR,LFLX,Chateauroux Deols,France,91,1706.389585739418,1378.024263913513,35171,31871,2875,12,16,17766.609626,15231.8448625,70,555.1202500531131,179.864137236271,8180,4540,18000,53,66,1108.706235,2.32522,Chateauroux Deols (LFLX)
2026,3,MAR,LFLY,Lyon Bron,France,303,3479.203017019117,2036.16460115309,67140,48500,2850,36,54,2930.9087955,2141.9843495,296,1683.2502515139522,773.457597297794,28854,18554,18000,197,253,534.5048868,23.58940200000002,Lyon Bron (LFLY)
2026,3,MAR,LFMA,Aix-en-Provence,France,33,446.048955419264,315.00341911957304,9900,7680,5047.58064516129,6,11,95.17243049999999,48.47158749999999,48,294.298625572796,277.207893413071,6837,6577,8000,36,37,69.69569799999998,64.790098,Aix-en-Provence (LFMA)
2026,3,MAR,LFMC,Le Luc,France,8,154.722230750791,27.562403536967988,4340,780,23000,6,6,0,0,9,44.08876085150357,20.11429069461148,940,480,13958.064516129,5,8,22.251704,0,Le Luc (LFMC)
2026,3,MAR,LFMD,Cannes,France,407,9159.5724466449,5605.526834966052,171840,126240,2178.655670834441,39,108,12992.0407625,9172.9766704,423,2795.910432463715,764.350773024831,42043,18160,18000,249,357,2464.381416,295.2260815,Cannes (LFMD)
2026,3,MAR,LFMH,Saint Etienne,France,55,457.019538867125,430.47842949023607,13400,12900,4362.507717002098,13,13,446.54507150000006,426.55832150000003,48,164.93347287010602,37.04379166675358,3120,920,8000,39,42,107.588252,3.53766,Saint Etienne (LFMH)
2026,3,MAR,LFMI,Istres Le Tube,France,132,1660.359618427258,640.8706235919501,21840,11400,4885,36,60,19251.786151999997,12353.019059,141,1077.134856586468,121.182175085032,11000,1760,25673.6904761905,85,126,5297.000010899998,1055.1651407,Istres Le Tube (LFMI)
2026,3,MAR,LFMK,Carcassonne,France,91,1384.537104918443,945.5869034655341,28811,25071,3508.8888888888882,18,32,3029.329448,2034.037157999999,86,458.57732461395506,263.08359043258,10121,8541,8053.055555555555,64,76,227.308355,129.79678,Carcassonne (LFMK)
2026,3,MAR,LFML,Marseille,France,3639,63539.5145331945,9474.566724030905,656260,175820,8993.333333333334,775,1932,320050.4841825999,158868.2142387999,3638,15699.705972675201,402.16015326428,143049,9220,33962.270114942505,2582,3568,33289.7384408,2426.075317,Marseille (LFML)
2026,3,MAR,LFMN,Nice,France,5108,67889.35019250981,30292.1851004956,925980,571700,3684.302227826818,1065,1822,533754.9652939999,420486.82227549993,5106,16931.7653581594,481.7628415781281,153620,6100,34000,3703,5025,36303.470537600006,1435.5453645,Nice (LFMN)
2026,3,MAR,LFMO,Orange Caritat,France,12,138.34393857813802,46.01183096033335,2000,860,9499.703389830507,4,6,730.1353105000001,313.3137395,10,34.760284799824966,11.281261433511538,560,260,23000,6,9,63.661259999999984,53.968389999999985,Orange Caritat (LFMO)
2026,3,MAR,LFMP,Perpignan,France,352,3055.739535715868,2194.87700258986,78260,66180,4551.666666666668,115,146,10692.8359672,8600.62927,345,1741.860467230425,841.476413464881,37612,27792,8000,244,294,3126.579286499999,115.071865,Perpignan (LFMP)
2026,3,MAR,LFMQ,Le Castellet,France,77,1659.0863020751513,742.002801641272,24960,16140,5000,12,21,1960.5897751,1396.9108666,76,734.9501585180741,136.93541742122002,9260,2880,19020,46,65,375.69622050000004,36.050705,Le Castellet (LFMQ)
2026,3,MAR,LFMS,Ales,France,4,2.89776817854573,0,40,0,16020.8333333333,3,4,0.8854120000000005,0,5,194.725146699301,66.04142394603745,3480,1700,13000,2,4,45.43255299999996,-1.66530000000001,Ales (LFMS)
2026,3,MAR,LFMT,Montpellier,France,757,7530.323943367147,3247.709256455048,121520,80520,4765,228,342,45332.4958087,29578.6124627,728,3177.8954800919805,276.156317576261,33280,7140,33020,512,709,7135.259296,56.86102299999998,Montpellier (LFMT)
2026,3,MAR,LFMU,Beziers,France,177,1718.721756554177,1484.5165189420072,49622,47302,3000,55,61,626.443514,442.38570150000004,138,334.88120715734806,225.84720579481802,7620,6680,5000,112,120,272.10161370000003,55.784924999999994,Beziers (LFMU)
2026,3,MAR,LFMV,Avignon,France,178,3138.6681283662624,1792.748553462045,79576,58236,3991.666666666666,45,61,1886.9659332,827.6996475000001,155,961.0902610357991,372.86977440911807,18228,10608,8000,103,123,558.0659156,106.8187714,Avignon (LFMV)
2026,3,MAR,LFMY,Salon de Provence,France,7,133.446247442636,50.60113223728998,2740,1500,2716.666666666667,2,2,-95.93535000000001,-13.416533,8,8.651307895368369,8.651307895368369,140,140,15000,6,6,7.845288,7.845288,Salon de Provence (LFMY)
2026,3,MAR,LFMZ,Lezignan,France,2,16.15592064110279,16.15592064110279,360,360,14979.5628415301,1,1,-0.6399800000000013,-0.6399800000000013,2,5.35312013748578,0,60,0,12987.0967741935,1,2,6.23196,0,Lezignan (LFMZ)
2026,3,MAR,LFNB,Mende Brenoux,France,1,0,0,0,0,19000,1,1,0,0,1,6.97415174527973,0,100,0,13958.064516129,0,1,1.3141319999999999,0,Mende Brenoux (LFNB)
2026,3,MAR,LFNH,Carpentras,France,2,19.393448524118078,19.393448524118078,360,360,5319.583333333333,0,0,-0.5711999999999999,-0.5711999999999999,1,0,0,0,0,10000,1,1,0,0,Carpentras (LFNH)
2026,3,MAR,LFOA,Avord,France,114,2278.217276141525,1228.150443983942,42340,24060,2605,16,22,28416.4007472,18628.442665999995,136,291.902032192698,133.31929553460898,4020,2240,13997.727272727301,112,124,758.5971223,258.91981,Avord (LFOA)
2026,3,MAR,LFOB,Beauvais,France,1399,46672.3957941145,23330.1169127969,572085,337765,7000,109,524,367534.5812135,254648.2067265,1397,7824.961832626658,1915.5119853128613,72340,23180,35000,783,1151,22158.743546,13415.511538,Beauvais (LFOB)
2026,3,MAR,LFOD,Saumur,France,3,31.4298868316153,31.4298868316153,620,620,3829.999999999999,0,0,14.13824999999999,14.13824999999999,3,5.54455643548516,5.54455643548516,100,100,7000,2,2,4.84633,4.84633,Saumur (LFOD)
2026,3,MAR,LFOE,Evreux Fauville,France,121,1959.0212344872812,619.73879009112,26680,10720,5963.333333333333,26,56,4014.1320024,1477.6547177,121,985.3970505044321,45.95276928115103,11955,720,17000,74,106,1517.447530999999,70.86248599999998,Evreux Fauville (LFOE)
2026,3,MAR,LFOH,Le Havre,France,33,564.308531161417,500.62576148933107,15006,14366,2938.679245283019,1,2,422.0849815,248.9988265,30,178.525703611888,16.4490821998877,1800,440,9500,25,29,228.322798,1.3912499999999999,Le Havre (LFOH)
2026,3,MAR,LFOJ,Orleans Bricy,France,88,2360.288938960949,381.44768599186705,28020,6500,10999.1666666667,23,49,8396.7893845,2070.560528,86,786.4204286770652,28.64374134143981,8532,396,23357.7777777778,63,78,3291.9863198,172.163215,Orleans Bricy (LFOJ)
2026,3,MAR,LFOK,Chalons Vatry,France,91,1911.9530112673763,545.509982122089,24140,9560,5608.196721311474,27,46,12757.260244000001,6021.6285665,87,1394.359765267116,175.974492553864,16260,5200,18000,44,79,5346.4045031,1404.2084399999999,Chalons Vatry (LFOK)
2026,3,MAR,LFOP,Rouen,France,91,1662.005263355624,1534.256874931767,54508,52908,2871.524448705656,13,17,602.5177815000001,507.47938650000003,63,344.995553259387,93.18184664276477,5640,2920,7000,45,52,206.170595,16.14207599999999,Rouen (LFOP)
2026,3,MAR,LFOT,Tours,France,193,2826.4723459424786,2115.261192025815,70120,63780,2891.8479619904974,28,39,2022.736154499999,686.0726720000001,200,1551.2441631736,1219.754888099457,37041,33561,7000,153,172,325.357206,53.65816,Tours (LFOT)
2026,3,MAR,LFOU,Cholet,France,19,165.674437809576,160.91011307320198,4400,4320,6958.75,11,11,7.578374999999999,8.267175,15,261.14587797157606,153.46365511098102,4797,3597,7033.050847457627,10,12,142.453505,-2.00025,Cholet (LFOU)
2026,3,MAR,LFOV,Laval Entrammes,France,53,546.4485935185411,325.99061086696105,12820,10560,7000,19,28,455.2020278,238.94944900000002,50,357.134224961483,7.1994240460763095,3460,100,19000,31,48,327.2170487000001,2.4478387,Laval Entrammes (LFOV)
2026,3,MAR,LFOZ,Orleans,France,106,1131.652695609848,823.7442902816371,30780,27400,5000,50,60,389.8619625,273.93205750000004,82,347.64412344396703,252.346973022452,7140,6260,7000,68,71,60.95970299999999,33.961204999999985,Orleans (LFOZ)
2026,3,MAR,LFPB,Paris Le Bourget,France,2276,102061.1691287196,71453.19336553861,1429940,1089460,3039.956389239176,10,178,239339.49015899998,189045.4938443999,2273,16640.1787488224,6419.236055815948,195354,94754,24000,1056,1538,18134.9720155,7848.3915393,Paris Le Bourget (LFPB)
2026,3,MAR,LFPE,Meaux Esbly,France,1,18.06889931564097,3.75569954403647,280,60,6005.555555555556,0,0,12.190505,2.87595,1,17.656587473002148,17.656587473002148,260,260,5896.666666666668,0,0,9.939300000000001,9.939300000000001,Meaux Esbly (LFPE)
2026,3,MAR,LFPG,Paris Charles de Gaulle,France,19205,455726.49196528026,133245.325625475,5548240,2351540,4655,823,4002,5865194.147621701,3468422.0858568,19189,64580.3587995298,7318.32665013524,564886,90140,33000,13141,17796,195421.5720924999,62169.657436500005,Paris Charles de Gaulle (LFPG)
2026,3,MAR,LFPM,Melun,France,151,2426.8156493208867,2134.63171223342,65020,60320,3000,52,56,451.52659270000004,342.07727600000004,80,1086.9776486265039,756.484510938585,22115,17335,5893.012295081966,39,42,574.2140000500001,217.73072205,Melun (LFPM)
2026,3,MAR,LFPN,Paris Saclay Versailles,France,449,12602.7811468752,11511.797614081901,303034,286574,2846.666666666667,23,24,4036.2364478,3633.6150487999994,432,4478.754258231826,3613.1321199440004,103338,90218,5000,162,184,811.1651722,527.5205338999999,Paris Saclay Versailles (LFPN)
2026,3,MAR,LFPO,Paris Orly,France,8549,256713.4899140408,32461.6778476773,2853680,550700,4863.285024154588,631,3607,1862868.871629,583259.0539348,8573,35943.8361799771,4991.457257999049,347990,64920,35000,5684,7882,137274.3405742,49909.8110885,Paris Orly (LFPO)
2026,3,MAR,LFPT,Pontoise,France,57,1044.625219464962,912.699595113173,20780,18900,5000,24,25,527.6554335,485.41923520000006,58,814.5944928642101,603.2498100801771,15880,12800,5500,21,24,146.0693575,65.05555849999999,Pontoise (LFPT)
2026,3,MAR,LFPV,Villacoublay Airbase,France,176,5286.900437681216,4286.027493893559,83680,70700,2921.236559139784,4,12,5660.430612600001,4391.0466686,174,2050.9740206187344,1077.536304390221,30560,17180,8000,37,74,889.4321394,582.8963662,Villacoublay Airbase (LFPV)
2026,3,MAR,LFQA,Reims Prunay,France,34,497.969286015992,463.447715338772,15880,15260,2619.052823315118,5,6,112.74477200000001,114.082997,31,186.344476611906,109.427416362754,3340,2380,10000,24,27,20.057682000000028,9.43394,Reims Prunay (LFQA)
2026,3,MAR,LFQB,Troyes,France,93,1845.9825411078032,1529.8828716198882,52080,47040,2410.546448087431,10,12,335.808663,261.404088,74,249.585524164381,244.970179106271,7140,7080,6997.5,59,60,32.095894,22.055258,Troyes (LFQB)
2026,3,MAR,LFQE,Etain,France,2,6.326520271340169,2.35290267687677,100,40,11372.5,0,1,0.8126474999999997,-0.5838000000000001,2,3.70076951220952,3.70076951220952,60,60,12993.3333333333,1,1,2.1550463,2.1550463,Etain (LFQE)
2026,3,MAR,LFQF,Autun Bellevue,France,3,99.66024182059766,99.66024182059766,2300,2300,3457.5,1,1,8.78325,8.78325,1,0,0,0,0,9000,1,1,0,0,Autun Bellevue (LFQF)
2026,3,MAR,LFQG,Nevers Fourchambault,France,31,358.86006164583506,221.334837541092,8020,6280,5000,12,16,207.09146850000002,90.24424499999999,30,204.871759988409,101.824989444338,4671,3411,8000,24,26,28.44462999999999,9.44895,Nevers Fourchambault (LFQG)
2026,3,MAR,LFQJ,Maubeuge,France,1,1.4398848092152698,1.4398848092152698,40,40,2725,0,0,0.2771999999999998,0.2771999999999998,1,0,0,0,0,14000,1,1,0,0,Maubeuge (LFQJ)
2026,3,MAR,LFQM,Besancon La Veze,France,18,364.84073685050504,185.295506848433,7780,5140,3409.70982142857,2,3,111.14472099999999,145.328491,13,8.6710313174946,0,100,0,18000,11,13,0.24989999999999662,0,Besancon La Veze (LFQM)
2026,3,MAR,LFQP,Phalsbourg-Bourscheid Airbase,France,1,56.65046796256297,43.1515478761699,1259,959,2997.916666666667,0,0,0,0,,,,,,,,,,,Phalsbourg-Bourscheid Airbase (LFQP)
2026,3,MAR,LFQQ,Lille,France,487,10981.7390690594,2122.654397595555,135400,49800,20026.666666666697,92,298,46004.020166300004,10827.7081295,483,18088.8643098938,53.87995909025497,150980,1300,28984.425403225803,146,476,44166.4839825,34.55528799999997,Lille (LFQQ)
2026,3,MAR,LFQT,Merville Calonne,France,63,826.053585998078,824.5957026287471,29200,29180,2474.4444444444443,15,15,229.6372435,229.7388305,40,201.686283722751,201.686283722751,4320,4320,5500,35,35,-16.824675,-16.824675,Merville Calonne (LFQT)
2026,3,MAR,LFQV,Charleville Mezieres,France,3,14.69032320674534,7.713426813002289,220,120,5060.919540229885,0,0,0.0855749999999991,-0.5444249999999999,3,125.442908443378,21.553477662357047,1700,340,10000,2,2,7.8872089999999995,4.710835,Charleville Mezieres (LFQV)
2026,3,MAR,LFQW,Vesoul Frotey,France,2,14.065874730021559,14.065874730021559,380,380,5098.75,0,0,0.6625499999999994,0.6625499999999994,2,0,0,0,0,14500,2,2,0,0,Vesoul Frotey (LFQW)
2026,3,MAR,LFRB,Brest,France,427,2611.7319208358854,1855.934470242114,49520,42220,3086.2162162162163,156,180,20380.985676,17664.157896,392,903.923531226177,228.14174295199,13390,7830,30000,334,383,846.2132280000001,176.34959,Brest (LFRB)
2026,3,MAR,LFRC,Cherbourg,France,26,753.451693349169,748.865011103421,18098,17998,2867.617924528301,4,4,858.6003995000001,855.0309245000001,20,128.986428902736,0.5283448291878603,1340,20,16000,16,19,274.368255,0.9540299999999999,Cherbourg (LFRC)
2026,3,MAR,LFRD,Saint Malo,France,93,2955.362061669487,2799.820157627269,70840,69160,2881.358024691358,11,13,4056.0060597,3935.5263697,71,1315.631480804954,1171.649995428838,32620,31320,11000,54,62,2745.9635617999993,2692.371439999999,Saint Malo (LFRD)
2026,3,MAR,LFRE,La Baule Escoublac,France,14,23.59412042098981,23.59412042098981,560,560,19000,10,10,2.837363,2.837363,15,0,0,0,0,18000,15,15,0,0,La Baule Escoublac (LFRE)
2026,3,MAR,LFRF,Granville,France,2,5.3791309038575,5.3791309038575,120,120,4512.77362584378,0,0,0.2462250000000001,0.2462250000000001,1,0,0,0,0,7000,1,1,0,0,Granville (LFRF)
2026,3,MAR,LFRG,Deauville,France,82,2151.221925268716,1480.007051248973,51780,45080,2862.916666666666,4,13,4252.849178799999,1886.6968429999993,80,570.2004172857571,41.253799345792764,5720,1040,9975,56,71,929.4759919,38.25138999999999,Deauville (LFRG)
2026,3,MAR,LFRH,Lorient,France,127,1016.7755969253991,861.545302262341,19740,17820,2976.4035087719294,44,46,586.749993,531.2077155000001,126,336.74196325310203,0,4060,0,19000,112,126,194.11867,0,Lorient (LFRH)
2026,3,MAR,LFRI,La Roche sur Yon,France,88,1039.0532292314072,460.57239237691005,18040,10580,12513.872549019601,49,64,510.77587700000004,294.16431000000006,79,465.391191697954,194.75076004324802,7300,4280,18000,53,71,199.2750735,20.31354,La Roche sur Yon (LFRI)
2026,3,MAR,LFRJ,Landivisiau,France,41,300.721270445124,211.482467580544,4760,3380,5000,14,18,227.5320695,101.9435745,43,260.378660039718,19.27828824541495,2800,380,23000,36,41,9.81342949999999,56.345814999999995,Landivisiau (LFRJ)
2026,3,MAR,LFRK,Caen,France,159,4435.6201246222845,1355.826276060416,61145,31445,2969.025423728813,22,45,20296.5891745,4961.8883335,153,2087.562060780545,17.12838179557205,18460,620,28950,92,151,5194.313197999999,41.201995,Caen (LFRK)
2026,3,MAR,LFRL,Lanveoc Poulmic,France,2,5.041829904228,5.041829904228,120,120,11670.1612903226,1,1,2.4359995,2.4359995,2,7.1626997112958195,1.22717455330846,100,20,12950,1,1,1.1970049999999999,0.3396749999999997,Lanveoc Poulmic (LFRL)
2026,3,MAR,LFRM,Le Mans,France,45,1010.247254417467,727.1328185283501,22972,19652,2843.103448275861,6,8,395.40683850000005,125.68443350000001,38,171.983897555293,38.72959355008919,2300,780,7000,27,35,157.92984,5.377934,Le Mans (LFRM)
2026,3,MAR,LFRN,Rennes,France,471,2934.921757271083,1280.042082212788,46620,27780,18000,239,306,10454.672058,6420.9102840000005,455,2766.3599596734657,361.67381216009807,31265,7825,27000,333,443,2362.688199,38.67506700000002,Rennes (LFRN)
2026,3,MAR,LFRO,Lannion,France,12,225.811669241186,225.811669241186,7360,7360,2834.596994535519,2,2,41.271615,41.271615,4,0,0,0,0,18500,4,4,0,0,Lannion (LFRO)
2026,3,MAR,LFRQ,Quimper,France,25,353.618785526133,305.69625985159405,12900,12120,3037.0673952641164,11,12,113.3538,86.3793,14,60.831574049625566,48.30213582913366,1948,1748,19301.244400199103,11,12,10.01699999999999,11.17934999999999,Quimper (LFRQ)
2026,3,MAR,LFRS,Nantes,France,2035,16700.7206519062,4596.561753147883,203240,84740,20000,731,1126,126700.7576242,73332.013383,2003,8449.948393538418,75.75015920248083,72660,1760,33000,1448,1993,13847.10613,188.96035500000002,Nantes (LFRS)
2026,3,MAR,LFRT,Saint Brieuc,France,40,41.13623285382601,34.427269570888704,980,880,18000,34,35,47.135549999999995,38.853675,29,166.418543659364,1.4398848092152599,1860,40,19000,25,28,92.84273649999999,0.474075,Saint Brieuc (LFRT)
2026,3,MAR,LFRU,Morlaix,France,24,234.474377037745,203.510246826671,6080,5820,2917.922335600907,6,6,478.14657200000005,439.695582,21,213.59005072697602,102.567794576434,4241,3241,15000,16,18,31.063670999999957,1.180721,Morlaix (LFRU)
2026,3,MAR,LFRV,Vannes,France,14,85.6327951744875,51.67820119717803,1900,1640,6500,9,10,37.18306499999999,8.622074999999999,13,72.04052247248792,0,780,0,19000,10,13,-16.33128199999999,0,Vannes (LFRV)
2026,3,MAR,LFRZ,Saint Nazaire,France,137,1318.657695204393,878.9358805724592,24417,19697,2922.3484848484854,44,44,11169.3948303,8875.395478999999,123,382.25604592320104,102.293811252599,5300,2420,21000,95,120,895.4815285000001,-6.1004999999999905,Saint Nazaire (LFRZ)
2026,3,MAR,LFSB,Basel/Mulhouse,France,2986,61164.2416493304,6490.846146100159,653780,116600,10000,409,1642,362357.390628,96687.9900895,2983,17168.5484282232,217.823199376793,146900,3760,34000,1873,2947,28976.7898952,823.438061,Basel/Mulhouse (LFSB)
2026,3,MAR,LFSD,Dijon Longvic,France,70,1983.4669920473002,1571.8456025334042,42840,38520,3636.2290451051213,14,20,3280.7920264999993,2349.8342905,57,674.072555101716,194.916487061786,10220,4460,13000,42,53,798.2867275,32.41191999999999,Dijon Longvic (LFSD)
2026,3,MAR,LFSG,Epinal Mirecourt,France,38,722.8825648818721,381.232927784733,13560,10300,6965.454545454547,11,14,1596.994443999999,828.529582,31,198.57861477079803,32.50219662229977,2180,480,15045,20,28,336.39554680000003,15.75838999999999,Epinal Mirecourt (LFSG)
2026,3,MAR,LFSH,Haguenau,France,1,0,0,0,0,9000,1,1,0,0,1,0,0,0,0,19000,1,1,0,0,Haguenau (LFSH)
2026,3,MAR,LFSI,Saint Dizier,France,18,376.60999508685705,109.162859264557,5360,2060,5475.710837185412,0,5,260.098303,128.551538,24,195.431168527332,43.08728947004436,2140,600,17517.8125,13,22,-10.39187900000004,24.47140899999992,Saint Dizier (LFSI)
2026,3,MAR,LFSL,Brive Souillac,France,115,1281.2131830427472,1071.206989627597,33650,31090,2837.2888263189084,14,16,1874.6719545,1786.1639195,95,106.67159805391601,52.0274726249943,2020,1360,16000,86,90,49.88996799999997,15.06251,Brive Souillac (LFSL)
2026,3,MAR,LFSM,Montbeliard,France,9,154.309266683291,141.303831708253,4460,4160,3388.333333333333,1,1,13.86211,14.67586,4,4.4568565662288,4.4568565662288,100,100,8500,3,3,0.8121749999999999,0.8121749999999999,Montbeliard (LFSM)
2026,3,MAR,LFSN,Nancy Essey,France,50,526.718417401035,394.049852903596,13360,11340,3104.027777777777,7,8,392.1332295000001,212.089765,46,308.764312887194,190.268539740817,6840,5260,9500,37,42,20.57896,4.30238,Nancy Essey (LFSN)
2026,3,MAR,LFSO,Nancy Ochey,France,16,607.210513824574,166.74328079568699,9060,2940,7005.7692307692305,1,6,677.6677600000002,319.93867700000004,20,255.45551361740598,14.51863770305309,2514,240,19761.468926553698,10,18,-78.3322535,11.9774125,Nancy Ochey (LFSO)
2026,3,MAR,LFSP,Pontarlier,France,3,0,0,0,0,20000,3,3,0,0,3,0,0,0,0,18000,3,3,0,0,Pontarlier (LFSP)
2026,3,MAR,LFST,Strasbourg,France,469,9645.515666896265,1884.345094728601,114480,36080,5798.214285714286,59,153,60974.9890545,22071.313614,467,3494.278365413631,5.70811477938908,30840,80,30015,300,465,9877.8938335,7.3405499999999995,Strasbourg (LFST)
2026,3,MAR,LFSX,Luxeuil,France,15,236.130294797335,62.18161631791255,2900,1260,12461.6666666667,3,8,-136.0034203,56.70525399999998,9,109.872460689704,0,860,0,18000,4,9,-51.90097300000003,0,Luxeuil (LFSX)
2026,3,MAR,LFTF,Cuers,France,14,286.727387372877,200.218237226614,6356,4996,7905.51282051282,2,7,81.00145999999998,76.47910999999996,14,542.596987149455,354.28294257957606,10960,8300,9021.42261739372,4,8,46.1092302,30.542557,Cuers (LFTF)
2026,3,MAR,LFTH,Toulon/Hyeres,France,172,2717.719499158882,954.7582423262561,34500,16840,7009.125683060109,38,84,6099.431444,3827.989098699999,173,1445.003289965917,64.65552230754318,16440,1120,28026.666666666697,93,167,2197.6993404999994,249.156245,Toulon/Hyeres (LFTH)
2026,3,MAR,LFTW,Nimes,France,221,2691.453912134222,1597.777675285457,63960,52920,2977.2222222222213,46,74,7699.968943,5112.2621625,202,713.096477332115,307.88288469290507,12622,9002,9982.550708530145,143,170,738.4551088000001,146.7481103,Nimes (LFTW)
2026,3,MAR,LFTZ,Saint Tropez,France,60,687.570713595178,338.987375909385,11500,6820,4593.333333333333,12,26,168.1398035,122.144594,53,103.021518387163,22.50365410401344,1460,320,22000,41,49,75.635854,25.939204,Saint Tropez (LFTZ)
2026,3,MAR,LGAD,Andravida,Greece,42,841.9377862212881,229.96128743635703,12862,3502,10003.2384987893,8,28,1417.72314,120.768219,39,228.23329417295102,42.341612670986315,2780,580,15988.3333333333,23,35,-124.0645822,-66.51539399999996,Andravida (LGAD)
2026,3,MAR,LGAL,Alexandroupolis,Greece,201,498.650414922306,135.429457512417,8620,3640,15000,146,163,1941.6360300000001,1346.0820325,203,201.43860511297,58.53945243702537,2780,880,16000,186,198,263.35548200000005,38.11136999999996,Alexandroupolis (LGAL)
2026,3,MAR,LGAV,Athens,Greece,9741,39834.7203966472,21404.185565657597,595500,399860,9624.193548387098,4160,5021,448661.9026615999,363563.2275345,9780,19660.6331050258,205.55067644381901,179860,3040,33980.6096504113,8248,9723,23701.1353119,326.0858245,Athens (LGAV)
2026,3,MAR,LGBL,Nea Anchialos,Greece,23,130.26148704914002,10.896937121479729,2040,220,10000,9,19,117.83509500000001,4.4456999999999995,19,128.344008341402,27.62778977681785,1580,440,15000,14,18,137.03055500000002,0,Nea Anchialos (LGBL)
2026,3,MAR,LGEL,Elefsis Airbase,Greece,239,1772.549560084067,1271.5794806789502,30940,23640,3528.5714285714284,68,83,11399.875258,7594.9403625,239,549.44052739021,77.23547471304951,7360,1320,19000,202,225,1162.8564507,74.86124430000002,Elefsis Airbase (LGEL)
2026,3,MAR,LGHI,Chios,Greece,245,409.147484390804,279.150129809403,8180,6000,13000,194,205,1189.6859769999999,1074.700462,240,126.031162008988,112.04018161964501,1900,1680,14000,222,226,256.4023515,227.0671915,Chios (LGHI)
2026,3,MAR,LGIK,Ikaria,Greece,50,114.770986704769,33.5810905429605,1920,680,14500,36,42,182.206735,53.873895,45,8.70101820425794,4.63334361822482,140,80,14000,42,43,18.48839499999999,15.206094999999989,Ikaria (LGIK)
2026,3,MAR,LGIO,Ioannina,Greece,86,261.482807422843,0,4380,0,12110.9879032258,37,86,693.1443200000001,0,87,128.613923039957,0,1840,0,17000,76,87,68.90195299999998,0,Ioannina (LGIO)
2026,3,MAR,LGIR,Heraklion,Greece,832,2582.3459491770373,1808.061489643104,42960,34700,14000,423,456,32080.5056812,30758.3053825,836,1260.698898471347,186.86281568062802,15428,5068,26000,753,832,1465.7413182999992,113.07927,Heraklion (LGIR)
2026,3,MAR,LGKA,Kastoria,Greece,23,153.23982909796,10.135208695499468,3100,220,8750,10,19,208.9242,53.985744999999994,18,94.36727626993473,0,1420,0,13574.1666666667,13,18,4.8507025,0,Kastoria (LGKA)
2026,3,MAR,LGKC,Kithira,Greece,22,58.352186291823465,20.9447686965972,1180,540,13000,15,18,148.30252000000002,104.738025,21,20.413032646537836,2.94194646246482,260,40,14000,19,20,-4.226200000000009,0.2100000000000008,Kithira (LGKC)
2026,3,MAR,LGKF,Kefallinia,Greece,52,156.59232187598,50.824927710961745,2340,1040,14015.625,32,43,193.156681,76.25518500000001,41,101.03475024061899,0,1320,0,15050,36,41,78.94654100000001,0,Kefallinia (LGKF)
2026,3,MAR,LGKJ,Kastelorizo,Greece,5,0,0,0,0,9000,5,5,0,0,7,17.44052044923057,0,340,0,8000,6,7,5.63441,0,Kastelorizo (LGKJ)
2026,3,MAR,LGKL,Kalamata,Greece,49,530.158566421483,124.33339838170501,7920,2420,10940,10,29,4733.974107,1899.4449099999993,53,144.262821455922,29.092569255826767,2360,1160,30000,40,51,172.76306,3.81045,Kalamata (LGKL)
2026,3,MAR,LGKM,Kavala,Greece,11,237.061376379415,179.601521177199,5817,4177,7000,5,5,-8.983800000000011,-14.94675,2,20.46753906746283,20.46753906746283,600,600,8536.56862745098,0,0,0.9292500000000001,0.9292500000000001,Kavala (LGKM)
2026,3,MAR,LGKO,Kos,Greece,255,377.57190461732904,209.83552896471,5980,3880,15000,214,220,1068.96103,985.6538260000001,255,213.896396409215,28.79936386146074,2860,420,16000,231,250,282.67384050000004,30.627182500000007,Kos (LGKO)
2026,3,MAR,LGKP,Karpathos,Greece,60,179.488439148868,104.47143640287,3140,1900,13000,45,49,530.0427275000001,295.36223750000005,61,199.16259618705203,7.92992980257852,2740,140,16000,53,59,213.05684,33.76642,Karpathos (LGKP)
2026,3,MAR,LGKR,Corfu,Greece,250,732.775786624602,404.600105613949,11540,7720,16000,152,174,8261.4519965,6485.146977,254,605.9055692538931,0,7180,0,29000,224,254,519.226913,0,Corfu (LGKR)
2026,3,MAR,LGKS,Kassos,Greece,11,59.29263121438943,59.29263121438943,1020,1020,3000,7,7,-98.52727499999999,-98.52727499999999,2,0,0,0,0,6000,2,2,0,0,Kassos (LGKS)
2026,3,MAR,LGKV,Kavala Alexander the Great,Greece,74,160.76935854879602,21.79760641503389,2340,440,15000,50,71,497.8340205,47.250374,68,120.284994200846,7.071729509364229,1360,120,16000,59,65,72.98855099999999,22.64009999999999,Kavala Alexander the Great (LGKV)
2026,3,MAR,LGKY,Kalymnos,Greece,16,8.45932325413966,2.15982721382289,140,40,16000,15,15,15.833999999999989,2.436,15,31.452483801295887,0,420,0,16000,14,15,-3.27468700000003,0,Kalymnos (LGKY)
2026,3,MAR,LGKZ,Kozani,Greece,13,121.262017392402,20.962845244968257,1980,500,12006.8390804598,4,10,242.92694000000003,165.83964,5,58.170683335928736,0,700,0,13000,4,5,-24.079925000000028,0,Kozani (LGKZ)
2026,3,MAR,LGLE,Leros,Greece,19,99.74456464055896,97.94470862903988,1920,1900,13000,12,13,146.09254,148.80679,14,2.3998080153587695,0,40,0,14000,13,14,4.62,0,Leros (LGLE)
2026,3,MAR,LGLM,Lemnos,Greece,122,186.451732119537,125.66550436147301,3760,2820,14000,98,105,341.496635,265.92602999999997,114,197.357956375259,65.57677379039106,2280,800,14000,102,108,258.84857,77.77930500000001,Lemnos (LGLM)
2026,3,MAR,LGLR,Larissa,Greece,17,357.19647051816105,4.90460763138941,4980,100,12000,3,15,5175.3603760000005,374.28302500000007,17,1.4398848092152599,0,20,0,17000,16,17,3.3497619999999997,0,Larissa (LGLR)
2026,3,MAR,LGMG,Megara,Greece,11,159.228219580818,159.228219580818,5940,5940,3591.509433962264,3,3,45.527468,45.527468,61,428.499821268532,406.63240801303607,16236,15896,8055.067155067155,26,26,117.484275,110.375985,Megara (LGMG)
2026,3,MAR,LGMK,Mikonos,Greece,102,179.99453344555602,129.36305941239,3060,2360,11000,81,84,422.88282000000004,411.50610000000006,102,34.73799552728144,22.56769642393697,440,320,12000,95,97,130.63759000000002,49.466289999999965,Mikonos (LGMK)
2026,3,MAR,LGML,Milos,Greece,64,186.879879568353,160.93387422548201,5400,4940,9000,38,44,131.1008845,95.407705000000007,53,2.37580993520518,2.37580993520518,88,88,12000,52,52,0.3890250000000001,0.3890250000000001,Milos (LGML)
2026,3,MAR,LGMT,Mitilini,Greece,254,199.253395853309,66.89291549096929,3040,1220,15000,231,243,346.14348350000006,165.26581850000002,253,164.034007693645,63.433615163082,2400,960,15950,227,242,186.9711225,84.54624749999999,Mitilini (LGMT)
2026,3,MAR,LGNX,Naxos,Greece,64,190.972122789177,188.09235317074604,3320,3280,9000,47,48,-133.50163,-134.079125,62,83.20736867257328,82.03354953462603,1380,1360,10000,45,46,18.71279699999997,16.108796999999967,Naxos (LGNX)
2026,3,MAR,LGPA,Paros,Greece,99,292.339784988507,286.510996119203,5020,4940,9000,68,70,-194.18613950000002,-195.85169700000003,99,95.39426828172158,93.59441227020248,1560,1540,10000,79,80,147.893542,149.18819200000002,Paros (LGPA)
2026,3,MAR,LGPL,Astypalaia,Greece,17,10.678520217179729,10.678520217179729,240,240,17000,15,15,25.18162,25.18162,16,19.055388612389272,9.4261589507622,280,140,16000,13,14,10.4643,4.97805,Astypalaia (LGPL)
2026,3,MAR,LGPZ,Preveza,Greece,41,189.50958173687098,130.326067081173,4640,3920,10000,25,30,407.85392900000005,388.338549,34,48.106878722429485,0,420,0,20000,32,34,149.08999,0,Preveza (LGPZ)
2026,3,MAR,LGRD,Rhodes Maritsa,Greece,5,2.83332172135908,0,40,0,19000,4,5,0,0,4,0,0,0,0,18000,4,4,0,0,Rhodes Maritsa (LGRD)
2026,3,MAR,LGRP,Rhodes,Greece,495,1807.494866323097,1233.997903563878,29700,23540,13000,271,291,21972.827541,19919.360773,498,746.5229781725561,23.840680980815648,7140,380,30000,441,495,2088.2148970000003,16.525685,Rhodes (LGRP)
2026,3,MAR,LGRX,Araxos,Greece,27,179.22817113513102,71.14256877703775,3720,1920,10000,11,21,343.60463,0.4593949999999966,22,341.578896321821,21.77825773938084,3500,260,16024.1666666667,12,20,-331.135215,-31.850735,Araxos (LGRX)
2026,3,MAR,LGSA,Chania,Greece,535,3592.917117919354,1134.9416994326332,52657,20437,13966.6666666667,246,345,35315.4268617,17912.7555585,556,975.1999379135441,126.159805595547,10820,2540,24000,476,546,3041.1341112999994,278.08688630000006,Chania (LGSA)
2026,3,MAR,LGSK,Skiathos,Greece,21,29.550609753958927,18.00179452874218,540,380,12000,17,18,100.548,97.944,21,0,0,0,0,13000,21,21,0,0,Skiathos (LGSK)
2026,3,MAR,LGSM,Samos,Greece,148,259.399666474313,197.061600606157,5300,4440,15000,105,109,881.1997855000001,839.8359205,146,61.57563001677444,9.756327228575408,880,140,14000,137,143,69.76726000000001,19.67175999999999,Samos (LGSM)
2026,3,MAR,LGSO,Syros,Greece,15,73.83705829171635,73.83705829171635,1680,1680,7000,10,10,186.95037,186.95037,16,7.344573724424629,7.344573724424629,120,120,8000,13,13,-5.606475,-5.606475,Syros (LGSO)
2026,3,MAR,LGSR,Santorini,Greece,352,846.357178266394,626.0520061392231,14720,12200,13000,243,251,3853.5033257999994,3582.237404,352,235.003272014677,15.86101361508342,3020,240,14000,331,347,445.886787,61.03808499999999,Santorini (LGSR)
2026,3,MAR,LGST,Sitia,Greece,46,105.11329160459,102.369962683806,2420,2380,15000,30,31,133.148214,132.507714,35,146.316944936423,6.38971422536644,2020,140,16000,28,33,106.30878200000001,24.80677999999999,Sitia (LGST)
2026,3,MAR,LGSY,Skiros,Greece,49,156.68011688286302,77.14493131061158,2980,1840,11000,28,38,165.71992,118.07436000000001,44,49.40036615141981,30.07524929547962,820,560,12000,39,41,-6.986992999999989,7.300382,Skiros (LGSY)
2026,3,MAR,LGTG,Tanagra,Greece,27,485.237943589309,18.559154563822478,6820,340,10950,8,21,5617.413201,163.43999,21,258.953042377299,12.068034557235409,3600,180,14031.034482758601,11,17,468.22308000000004,21.10503399999999,Tanagra (LGTG)
2026,3,MAR,LGTL,Kasteli,Greece,4,48.19737497923236,0,620,0,15024.1666666667,2,4,-1.18503499999989,0,4,0,0,0,0,19000,4,4,0,0,Kasteli (LGTL)
2026,3,MAR,LGTS,Thessaloniki,Greece,2031,6733.607984182315,2722.131791671663,88240,49520,28000,1233,1450,51410.660896,43205.085690500004,2045,4801.829274732894,2.655525262897,41800,60,33955,1756,2044,6071.77286,4.83158,Thessaloniki (LGTS)
2026,3,MAR,LGZA,Zakinthos,Greece,56,295.510875573551,58.2795536605266,4220,1260,14030.9782608696,35,45,1009.572305,926.641265,53,81.14144140600396,0,1060,0,15000,44,53,56.41886300000002,0,Zakinthos (LGZA)
2026,3,MAR,LHBP,Budapest,Hungary,5320,80156.0027571544,7568.810349286853,752360,135660,31030.6342364532,1437,3601,345694.1968053,172351.7514375,5334,26483.4707287243,61.79495769907351,217327,840,35000,3723,5309,37154.490815,441.94439070000004,Budapest (LHBP)
2026,3,MAR,LHDC,Debrecen,Hungary,80,1002.028735696942,296.507430670721,13780,5940,7034.971804511278,21,40,8122.476603999999,4286.694156,81,255.208182629785,75.07557452101834,3580,2000,34000,63,77,446.65301300000004,97.001595,Debrecen (LHDC)
2026,3,MAR,LHKE,Kecskemet,Hungary,26,176.384397482398,81.64723788249192,2440,1480,4993.333333333333,10,13,1138.483103,803.6774330000001,24,65.76008908136258,8.039089015735879,560,100,34480.8823529412,16,21,70.39403599999997,1.30423099999999,Kecskemet (LHKE)
2026,3,MAR,LHNY,Nyiregyhaza,Hungary,21,210.978156697063,147.75682165334,7820,5560,3355.362318840579,6,7,44.787739999999985,34.75499999999999,18,216.441148737062,216.441148737062,7848,7848,7019.021739130434,5,5,41.16263499999999,41.16263499999999,Nyiregyhaza (LHNY)
2026,3,MAR,LHPA,Papa,Hungary,21,222.95255322027302,114.17111013132501,3500,2200,3832.87037037037,4,7,8530.028102,6406.682752,20,34.45306531506461,17.261441559871628,420,260,15477.9411764706,16,18,1045.9338500000001,910.9421000000001,Papa (LHPA)
2026,3,MAR,LHPP,Pecs Pogany,Hungary,10,75.85844768714882,56.851968205507326,2020,1740,3545.0724846390162,1,2,71.261723,56.960722999999994,10,95.86779545930641,87.49846500574267,2920,2800,21500,7,8,8.51865000000001,8.03250000000001,Pecs Pogany (LHPP)
2026,3,MAR,LHPR,Gyor Per,Hungary,64,881.3570422311071,710.701946006943,23220,20480,4534.921875,18,22,308.977434,186.53385400000002,58,109.291364378238,101.842853116282,2940,2840,8000,47,49,23.290731999999988,23.47574199999999,Gyor Per (LHPR)
2026,3,MAR,LHSM,Heviz Balaton,Hungary,48,540.2044311064241,379.17760693196107,13900,10780,5846.875,21,26,127.3555475,85.52197500000001,38,270.07557651664507,149.13425182262003,7193,4513,8000,24,25,1.9052249999999997,8.187375,Heviz Balaton (LHSM)
2026,3,MAR,LIBA,Amendola,Italy,2,24.569635692432108,23.16105272689546,460,440,3847.292682926829,0,0,34.253145,33.195795000000004,2,0,0,0,0,24500,2,2,0,0,Amendola (LIBA)
2026,3,MAR,LIBC,Crotone,Italy,108,297.11951768094207,70.17967253405503,3640,1060,36000,84,104,2274.932835,719.847945,108,266.354819968443,0,2300,0,36000,88,108,370.900352,0,Crotone (LIBC)
2026,3,MAR,LIBD,Bari,Italy,1957,12235.358509146701,3527.096065676348,139780,59220,33000,1014,1419,72219.698552,47014.986814,1962,4857.726714987124,129.034286830816,46260,6320,36000,1606,1955,6657.0862369999995,1572.8191550000001,Bari (LIBD)
2026,3,MAR,LIBF,Foggia,Italy,39,113.12106474321101,50.058769372808335,1740,960,31000,24,28,628.5716055,441.4074425,42,98.47395434171715,0,860,0,32000,36,42,127.66301,0,Foggia (LIBF)
2026,3,MAR,LIBG,Taranto,Italy,11,225.12912918864703,30.24550893071415,2260,520,28910,2,8,1939.94452,471.4829700000001,11,2.00274887099941,0,20,0,32000,10,11,1.3702499999999997,0,Taranto (LIBG)
2026,3,MAR,LIBN,Lecce,Italy,19,385.381674262398,198.274356484184,5680,3400,2743.75,4,6,242.01527550000003,176.848773,18,8.344786962497539,8.344786962497539,120,120,28000,17,17,0,0,Lecce (LIBN)
2026,3,MAR,LIBP,Pescara,Italy,343,1397.057872940363,210.650683704783,16380,3820,33000,201,307,8097.7789475,2678.66397,326,754.3408350082021,0,6520,0,35000,272,326,718.090234,0,Pescara (LIBP)
2026,3,MAR,LIBR,Brindisi,Italy,752,3136.666073837785,911.593741574562,35420,16120,35000,435,560,19511.167651,14653.152952,758,1799.4081077527371,20.473586888273708,15380,320,36000,625,755,2344.4547459999994,70.86765000000001,Brindisi (LIBR)
2026,3,MAR,LIBV,Gioia del Colle,Italy,15,314.81436350997,186.70707227824403,4240,2840,3593.75,4,6,712.5155990000001,506.21025900000006,13,52.21347453494043,0,360,0,25000,12,13,34.88629999999994,0,Gioia del Colle (LIBV)
2026,3,MAR,LICA,Lamezia Terme,Italy,753,3413.462220136678,596.6628937197261,43500,10380,11137.9594898725,325,611,29851.864022,10000.764371000001,755,1528.1190769048592,3.4598405148116,13080,40,36000,620,753,2563.548125,26.459999999999997,Lamezia Terme (LICA)
2026,3,MAR,LICB,Comiso,Italy,109,444.6342908420431,186.26269700389201,6300,3540,33000,67,72,3818.9460964999994,2722.667034999999,106,170.11869175641402,0,2160,0,34000,96,106,484.20331000000004,0,Comiso (LICB)
2026,3,MAR,LICC,Catania,Italy,2856,14568.2969636336,6133.983420742786,204060,106740,14000,1277,1860,169803.7691354,105566.2714712,2847,5489.5868905202515,12.543247552341558,49400,180,36000,2397,2843,7630.245338000001,94.50383999999998,Catania (LICC)
2026,3,MAR,LICD,Lampedusa,Italy,109,684.4151706650371,306.711103573473,13760,7240,15000,65,69,589.3250800000001,387.606975,112,461.328672634844,173.744244273167,7360,3620,16000,95,106,231.717105,24.818535000000008,Lampedusa (LICD)
2026,3,MAR,LICG,Pantelleria,Italy,135,640.230202855796,345.24157822176903,12180,7600,4153.553892915595,47,59,1490.3023190000001,944.310146,133,66.59065604651954,21.244818165543847,980,340,12000,124,129,63.70919000000002,28.528469999999988,Pantelleria (LICG)
2026,3,MAR,LICJ,Palermo,Italy,2342,6631.096883785604,3208.155873760979,89600,56620,33000,1477,1740,52209.372851500004,43413.679823499995,2346,3855.8846471728525,3.09168814881906,33500,40,36000,2056,2344,4692.93547,20.80654,Palermo (LICJ)
2026,3,MAR,LICR,Reggio Calabria,Italy,289,2246.640906388798,406.35082249038703,24220,6800,33000,134,206,14216.335027,7079.618011999999,288,695.194977756543,5.038731516863269,6180,80,36000,237,287,1229.4692477,6.784307,Reggio Calabria (LICR)
2026,3,MAR,LICT,Trapani,Italy,292,635.2294908395911,293.576755505542,9560,5740,31000,184,218,3042.9162380000002,1873.991645,281,574.4841025361251,0,4700,0,35977.1794871795,241,281,300.560061,0,Trapani (LICT)
2026,3,MAR,LICZ,Catania Sigonella,Italy,190,2622.129176189307,822.6965540795751,39040,14920,10969.469696969702,57,103,21851.1425125,11864.7515485,179,898.866961161115,5.98600807587567,9820,80,23000,137,178,1518.5311219999992,6.186208,Catania Sigonella (LICZ)
2026,3,MAR,LIEA,Alghero,Italy,356,1708.314123437783,685.8285588235951,23280,12220,17995.833333333303,165,218,9593.260387299997,6631.440466,359,442.38737659289006,5.6523773029033295,3860,80,30000,320,356,765.114042,20.34952499999999,Alghero (LIEA)
2026,3,MAR,LIED,Decimomannu,Italy,27,416.27281901195704,260.054245446313,6640,4720,6146.153846153845,8,13,1021.8736988,851.2276028,26,106.888344325587,4.15815169090171,1320,60,24000,23,24,205.54756600000002,-0.25462500000000027,Decimomannu (LIED)
2026,3,MAR,LIEE,Cagliari,Italy,1182,4370.5206404184055,921.2950780524711,47300,15840,31465.2777777778,743,965,22293.414165,12595.670588,1159,4326.76798779371,4.70962323014159,37040,60,32000,901,1157,7264.1192495000005,23.049075,Cagliari (LIEE)
2026,3,MAR,LIEO,Olbia,Italy,460,2324.662107889291,847.310340363743,30620,14560,18109.833333333303,212,289,17137.16486,11560.879290500001,464,706.662009140829,9.61123110151188,6620,120,30000,396,463,2048.423166999999,82.99273000000001,Olbia (LIEO)
2026,3,MAR,LIMA,Torino Aeritalia,Italy,3,104.06317494600401,3.23974082073437,2480,80,5796.666666666668,0,1,-0.9770250000000025,-0.029925000000000004,4,100.00699944004499,1.59987201023918,2200,60,7000,2,3,-3.9742499999999996,0.5176499999999999,Torino Aeritalia (LIMA)
2026,3,MAR,LIMB,Milan Bresso,Italy,28,200.589496783891,72.55753545375515,3640,1480,13023.4375,14,25,90.06986619999996,74.67997999999999,32,82.48463158671855,29.870025982336987,1520,580,17000,24,29,17.123200999999998,5.341091000000009,Milan Bresso (LIMB)
2026,3,MAR,LIMC,Milan Malpensa,Italy,8586,161977.99174241588,50791.48300135411,1969260,953540,4400,1410,3600,1894928.5721805,1344937.4359235,8634,31726.2186200613,311.71928706849303,265420,4240,34212.7114695341,6197,8531,67899.21798300001,4704.3002209999995,Milan Malpensa (LIMC)
2026,3,MAR,LIME,Bergamo,Italy,4221,75924.9640284669,5353.671865624581,715080,87520,30000,1318,3441,291118.1035232999,80464.8990165,4226,25072.9721227347,123.315470856879,209300,1680,35000,2725,4183,41156.088095,1197.276668,Bergamo (LIME)
2026,3,MAR,LIMF,Turin,Italy,1957,28050.6735248848,3932.559661423871,292680,71720,20968,433,1221,117065.5457455,48779.5726615,1960,8711.562835755525,852.2484124179421,82960,16180,34946.044546851,1402,1948,14943.9387497,2416.4679,Turin (LIMF)
2026,3,MAR,LIMG,Albenga,Italy,20,432.5053982389181,230.395512400632,9300,6160,3797.7593048713734,2,4,326.23547070000006,120.16090750000001,20,386.10186611474,196.258538659426,8802,5042,15000,12,15,157.524345,141.816345,Albenga (LIMG)
2026,3,MAR,LIMJ,Genoa,Italy,596,6524.764431714819,1717.2313471206442,77720,29840,10922.1058616136,159,332,32476.9070863,17408.8219543,597,2493.152266475185,11.35721579061673,22580,260,29052,439,594,3579.252375399999,28.425069999999998,Genoa (LIMJ)
2026,3,MAR,LIML,Milan Linate,Italy,5289,63365.575006391,15556.544550201901,718940,289120,3862.715517241379,1199,2361,353476.8415862,213055.3936777999,5308,18750.9136897612,341.04247303299906,162540,5040,33000,3955,5245,32893.7166401,2588.547629,Milan Linate (LIML)
2026,3,MAR,LIMN,Cameri,Italy,8,266.413705664912,214.759718438919,4200,3720,3181.6964285714284,0,3,407.13734000000005,349.653525,8,226.120804408492,195.736703297452,3180,2780,28000,4,6,320.081449,280.67049000000003,Cameri (LIMN)
2026,3,MAR,LIMP,Parma,Italy,77,700.922692126759,237.627155336372,8820,4360,19000,37,53,819.8906258000001,312.68869550000005,79,154.420506936026,6.065923817003729,1460,80,28000,61,78,93.91309709999994,3.1118325,Parma (LIMP)
2026,3,MAR,LIMW,Aosta,Italy,14,370.489881760634,0,5400,0,18003.333333333303,5,14,943.7646110000001,0,8,62.575482465140404,0,780,0,21481.666666666697,4,8,75.369629,0,Aosta (LIMW)
2026,3,MAR,LIMZ,Cuneo,Italy,88,1494.9027949703082,498.85765690291606,26680,13060,7390.625,18,45,4321.8248197,1069.5471407,98,383.451714618188,123.217054462649,5781,3161,22000,64,83,337.273771,45.648387,Cuneo (LIMZ)
2026,3,MAR,LIPA,Aviano,Italy,73,1518.067014009472,453.56519829289203,24100,8540,3117.3809523809523,7,25,20411.7598745,8641.854418,74,432.850826881006,7.919366450683949,4420,100,25000,50,73,1411.112715,-8.93956999999997,Aviano (LIPA)
2026,3,MAR,LIPB,Bolzano,Italy,330,4298.395830072802,18.34549221811923,56020,360,17975,129,327,13673.4677038,32.11781999999999,316,841.246175451973,0,9180,0,24000,254,316,905.1916958,0,Bolzano (LIPB)
2026,3,MAR,LIPC,Cervia,Italy,3,12.6636399700269,6.292149689249359,160,100,20000,2,2,0.22888999999999982,8.3895,3,21.94024478041756,0,220,0,21000,2,3,-21.275690000000008,0,Cervia (LIPC)
2026,3,MAR,LIPE,Bologna,Italy,3272,47393.296246804704,5689.311521614616,479860,99920,22009.647550776597,981,2270,199038.6681864,83613.2379682,3281,13919.0025551593,312.354497171669,119400,5140,35000,2368,3244,18247.5844023,1615.0935525,Bologna (LIPE)
2026,3,MAR,LIPH,Treviso,Italy,790,8451.032001750003,597.339672146069,82400,10680,29015.4398826979,293,695,33653.673252199995,9212.148140199999,751,3933.082224281195,38.484275895937365,33020,500,35000,484,746,5564.9175015,243.87817,Treviso (LIPH)
2026,3,MAR,LIPI,Rivolto,Italy,4,88.50036166385692,10.50035997120232,1000,120,6844.642633228839,0,2,-17.92055799999999,-12.61412,3,108.980814002412,0,1600,0,30000,2,3,-36.07432499999998,0,Rivolto (LIPI)
2026,3,MAR,LIPK,Forli,Italy,66,776.9657273463231,506.0528383185551,15460,12460,6318.712121212122,20,32,1952.7588785,1168.47334,75,300.06790989401605,93.46089834798755,4327,2327,27955,59,69,250.4292205,72.84084499999994,Forli (LIPK)
2026,3,MAR,LIPL,Ghedi,Italy,16,399.38194465362903,263.09129039979405,4480,2980,3964.6735948477744,3,7,-151.8256665,-249.8480565,17,98.46843073668475,3.54165215169883,1000,40,19000,11,15,227.866636,-2.94367,Ghedi (LIPL)
2026,3,MAR,LIPN,Verona Boscomantico,Italy,5,33.91436673327936,17.726389851341157,840,440,10955,3,4,3.10275,0.7812000000000006,8,21.899361953534658,17.609159715168268,460,380,9500,5,6,-0.0945000000000007,0.1480499999999993,Verona Boscomantico (LIPN)
2026,3,MAR,LIPO,Brescia,Italy,255,2602.7252238460633,789.8367032310381,32520,15940,10143.3333333333,88,139,13800.294567500001,9747.499458,265,1293.049359706337,105.871384273518,15460,2840,33000,194,256,1807.7693675,97.249435,Brescia (LIPO)
2026,3,MAR,LIPQ,Trieste,Italy,565,6356.803014521365,1067.78427209668,69360,20060,19000,203,388,28434.4568195,12235.237896499999,567,2358.65731964956,4.80650072584357,20780,140,33000,425,566,1804.6102232,0.14175000000000001,Trieste (LIPQ)
2026,3,MAR,LIPR,Rimini,Italy,105,1383.3254216653793,519.604738258423,23000,12640,2900,27,41,2182.060205799999,951.7152290000001,99,616.3140374302282,157.78850288631799,7400,2940,27936.666666666697,62,88,573.6066450000001,153.28427499999998,Rimini (LIPR)
2026,3,MAR,LIPS,Treviso Istrana,Italy,11,184.261710288593,67.98384914539137,2280,1040,4000,2,4,588.7348000000001,203.42411,9,81.52790357416565,0,520,0,27000,7,9,-0.8629930000000634,0,Treviso Istrana (LIPS)
2026,3,MAR,LIPU,Padova,Italy,11,25.94856569447623,13.63439498397721,540,340,14000,7,9,8.716050000000001,0.4882499999999998,12,25.63114537876587,9.49746833099421,460,280,19000,9,11,18.11299,0.48195000000000027,Padova (LIPU)
2026,3,MAR,LIPV,Venice Lido,Italy,23,160.167347864107,44.5242626032148,3300,1040,11907.4074074074,11,16,12.540150700000009,6.2847757,20,119.644372306529,2.1244202103175995,2380,40,18000,16,19,6.794919999999999,0.5061,Venice Lido (LIPV)
2026,3,MAR,LIPX,Verona,Italy,1125,15110.369821587401,1808.94669887607,152680,34520,27958.333333333303,303,773,79124.8175655,35256.839381000005,1128,5576.271882039708,54.30438833560132,47680,720,34986.559139784906,764,1118,9007.1653185,439.15416100000004,Verona (LIPX)
2026,3,MAR,LIPY,Ancona,Italy,308,3165.425083024184,573.092906646205,44880,12000,10009.8387096774,88,202,26083.831187,9091.844442,301,1222.268963190427,0,12680,0,30040,242,301,1420.383397,0,Ancona (LIPY)
2026,3,MAR,LIPZ,Venice,Italy,3306,39789.3825435154,6823.2225725498365,408400,120360,28971.987179487198,1138,2118,208729.5413144,115752.7593929,3309,18572.3471450201,36.32773271349607,157460,480,34000,2222,3297,33319.8760485,321.00108200000005,Venice (LIPZ)
2026,3,MAR,LIQS,Siena,Italy,8,71.57220753423486,8.99041492196091,1020,220,10990.8045977012,1,6,207.02448030000002,49.822453299999985,8,40.17135379093832,1.63623273774462,360,20,31500,3,7,33.16582499999999,-0.8988000000000014,Siena (LIQS)
2026,3,MAR,LIRA,Rome Ciampino,Italy,1803,20186.4679858784,3190.055168639125,214980,57040,25000,617,1275,63066.9526416,24274.0029681,1804,6635.648977915294,661.1822525677371,59940,9300,35966.1962365591,1302,1703,9264.0117947,2485.4437302,Rome Ciampino (LIRA)
2026,3,MAR,LIRE,Pratica di Mare,Italy,203,2676.367911425119,1821.155967320689,43820,32500,3874.6913580246915,71,84,12188.2268879,10425.8221701,219,1039.4451677031982,132.279444446255,13400,2140,23000,154,189,1552.5863818,406.47004330000004,Pratica di Mare (LIRE)
2026,3,MAR,LIRF,Rome Fiumicino,Italy,12451,113068.4700776534,31264.532138961,1338040,553020,8967.532467532468,3722,6538,1114666.471775,676611.55601,12489,37302.9781474364,544.934816371911,311554,6980,34000,9382,12339,89401.85622,4985.636107,Rome Fiumicino (LIRF)
2026,3,MAR,LIRG,Guidonia,Italy,1,72.25962348544029,66.64100914480032,1200,1120,2652.234042553191,0,0,-118.1397115,-123.02430650000001,,,,,,,,,,,Guidonia (LIRG)
2026,3,MAR,LIRI,Salerno,Italy,75,497.20813033099404,170.46744084773098,6580,3000,32000,39,51,2455.635787,1065.024476999999,75,237.210636339292,115.274211208859,2700,1620,36000,62,73,157.466971,-23.37931999999999,Salerno (LIRI)
2026,3,MAR,LIRJ,Marina di Campo,Italy,44,296.3255094722701,208.746036833216,6660,5320,10991.6666666667,25,32,22.27754979999998,12.588912499999989,42,159.46008940703,11.050532961411658,3521,421,11000,36,40,29.973299999999977,2.76255,Marina di Campo (LIRJ)
2026,3,MAR,LIRM,Grazzanise,Italy,5,200.94821895214702,60.24844128547354,3020,1040,10000,0,3,-33.668111999999944,-13.10792699999997,4,0,0,0,0,20000,4,4,0,0,Grazzanise (LIRM)
2026,3,MAR,LIRN,Naples,Italy,3134,24288.8829532817,7316.338403596443,321100,132800,13040,1302,2010,227652.7095215999,126471.0691869,3144,9533.81760002503,283.504363247577,82500,4420,35967.5,2424,3126,13964.857281,477.64255900000006,Naples (LIRN)
2026,3,MAR,LIRP,Pisa,Italy,1509,12996.369677947601,2239.7845799983943,139120,40000,30000,679,1135,55881.591193600005,28770.7265063,1470,6611.464890691579,9.491720984324829,56897,120,35000,1029,1467,11071.7632568,89.69938999999998,Pisa (LIRP)
2026,3,MAR,LIRQ,Florence,Italy,1576,17238.241150711103,5172.482959794077,216820,99660,4000,356,703,122716.9788575,78608.9361719,1581,5791.3278210814115,27.320275346478248,50220,400,34048.6111111111,1152,1572,9233.4404952,169.63554,Florence (LIRQ)
2026,3,MAR,LIRS,Grosseto,Italy,11,167.46864010400802,35.19539598023918,1880,600,10968.3333333333,2,6,300.173411,31.71456599999999,6,0,0,0,0,32500,6,6,0,0,Grosseto (LIRS)
2026,3,MAR,LIRU,Rome Urbe,Italy,37,666.6999433436711,301.45302779215206,13700,6920,5597.530864197531,5,14,116.3773195,74.55326049999998,44,277.231646190813,7.871739534973909,3720,180,17974.7564935065,33,41,15.27044000000001,3.83355,Rome Urbe (LIRU)
2026,3,MAR,LIRV,Viterbo,Italy,24,335.136772859546,233.080624034714,5380,3820,6528.178368121443,8,12,12.9033865,-62.756612,21,123.10774083265801,69.1207345022413,2000,1180,12000,13,16,-25.994068299999988,-15.209623299999988,Viterbo (LIRV)
2026,3,MAR,LIRZ,Perugia,Italy,179,2225.161920795346,115.78735176946999,25100,2260,11039.285714285701,50,152,8899.196634500002,681.117332,176,553.6248076074271,18.1539614427745,5580,420,33502.419354838705,127,173,928.6798935,75.27817,Perugia (LIRZ)
2026,3,MAR,LJCE,Cerklje,Slovenia,17,141.751660978924,35.83195068358136,3000,1440,8700,5,12,52.363108499999996,9.16545,16,70.5113899329612,59.66082940637475,1200,1060,23500,11,13,0,0,Cerklje (LJCE)
2026,3,MAR,LJLJ,Ljubljana,Slovenia,807,8037.651295768881,1562.632106850019,97080,33260,13953.125,302,502,32074.7957624,15433.518856,799,2412.244211604237,23.77908595202585,21528,668,32983.9285714286,629,791,4170.8146553999995,19.555194999999998,Ljubljana (LJLJ)
2026,3,MAR,LJMB,Maribor,Slovenia,79,1586.94389150632,1302.109637477973,45680,40040,3795.6521739130444,14,22,2169.657119649999,1545.618433449999,71,323.89843182213207,203.877595385951,8487,6627,9000,52,60,157.82192999999998,137.66348,Maribor (LJMB)
2026,3,MAR,LJPZ,Portoroz,Slovenia,67,904.058136215856,276.8237278221471,21780,7160,8000,20,42,54.966424500000024,-8.64545299999999,55,408.71607115305903,96.26861860811557,8688,2488,12000,46,50,-0.9027349999999819,3.6161999999999996,Portoroz (LJPZ)
2026,3,MAR,LKBE,Benesov,Czech Republic,18,71.70667255710451,71.70667255710451,2040,2040,5000,13,13,2.0202,2.0202,22,1.8076814724387198,1.8076814724387198,100,100,6000,21,21,1.0384499999999999,1.0384499999999999,Benesov (LKBE)
2026,3,MAR,LKCS,Ceske Budejovice,Czech Republic,15,235.111371275975,182.48358149915703,5648,5188,3800,2,2,146.537868,95.435648,14,22.8581713462923,0,260,0,10500,12,14,-6.71921900000001,0,Ceske Budejovice (LKCS)
2026,3,MAR,LKCV,Caslav,Czech Republic,2,0,0,0,0,22500,2,2,0,0,,,,,,,,,,,Caslav (LKCV)
2026,3,MAR,LKHK,Hradec Kralove,Czech Republic,33,393.21716865472,74.99875631067509,6660,1560,11000,15,21,130.764914,4.09342399999999,32,51.23299312554065,11.82200066851795,740,160,12000,27,30,42.89354999999999,17.40585,Hradec Kralove (LKHK)
2026,3,MAR,LKHV,Horovice,Czech Republic,1,2.5310475161987305,0,60,0,9854.6875,0,1,1.8584999999999998,0,1,0,0,0,0,26000,1,1,0,0,Horovice (LKHV)
2026,3,MAR,LKKB,Kbely,Czech Republic,37,411.749206988382,258.737590068903,6606,5006,3333.333333333333,8,12,1051.922025,655.010865,32,147.93722793460802,1.4822343624274799,1960,20,19500,23,31,18.35163,0,Kbely (LKKB)
2026,3,MAR,LKKT,Klatovy,Czech Republic,2,159.644940269185,141.871362155434,3980,3540,8618.100282485875,0,1,31.906721999999977,4.16639999999998,1,0,0,0,0,11000,1,1,0,0,Klatovy (LKKT)
2026,3,MAR,LKKU,Kunovice,Czech Republic,35,250.03135540302102,152.458562442263,4920,3680,9000,17,20,136.0779,63.435224999999996,44,214.88069929560902,22.013021566970288,4687,567,10675,34,40,52.663766,8.02305,Kunovice (LKKU)
2026,3,MAR,LKKV,Karlovy Vary,Czech Republic,68,1457.7667909684442,1152.55750082864,40800,36160,4392.544250415775,5,11,962.2871375000001,564.396555,58,77.54339105829483,50.407186954623114,1200,900,9000,49,52,11.528535,-13.813279999999999,Karlovy Vary (LKKV)
2026,3,MAR,LKLN,Line,Czech Republic,12,26.37758210112423,26.37758210112423,860,860,7500,11,11,1.693125,1.693125,17,27.177825773938068,27.177825773938068,840,840,7000,13,13,1.6259299999999999,1.6259299999999999,Line (LKLN)
2026,3,MAR,LKMH,Mnichovo Hradiste,Czech Republic,15,221.475597983943,31.63946360082268,2340,580,10050,4,9,270.64525499999996,28.137204999999987,19,53.27413092666872,23.292065206212058,580,320,8525,12,12,59.606804499999974,25.13479449999999,Mnichovo Hradiste (LKMH)
2026,3,MAR,LKMT,Ostrava,Czech Republic,264,3462.454047472533,1253.9924381840822,63300,37840,10033.0803571429,96,165,13013.9696325,6532.301662,261,820.2951174184151,244.28385149558002,11740,6960,25000,221,254,465.89094700000004,5.89259999999999,Ostrava (LKMT)
2026,3,MAR,LKPD,Pardubice,Czech Republic,24,559.408606499459,19.30184870924616,4940,360,25000,3,20,1322.7179904999991,150.750595,22,260.739457311994,0,2180,0,30120.9002976191,4,22,358.98616100000004,0,Pardubice (LKPD)
2026,3,MAR,LKPM,Pribram,Czech Republic,62,523.554968315647,382.555607980845,12380,9720,10000,34,41,88.03191779999999,74.7515075,68,327.307330595975,222.139784069384,7740,5660,10000,50,52,72.35430229999999,56.8442223,Pribram (LKPM)
2026,3,MAR,LKPO,Prerov,Czech Republic,4,7.52397174734267,7.52397174734267,180,180,9045,2,2,3.54622,3.54622,4,34.40031047516198,27.84433495320374,720,620,10422.578125,1,2,2.31546,-1.7251499999999997,Prerov (LKPO)
2026,3,MAR,LKPR,Prague,Czech Republic,5297,79760.6362549413,10421.8487937425,812720,197160,13000,1248,3132,424473.76724,200081.4046139,5281,21039.501527186298,124.404284800598,178780,6100,34957.8125,3805,5258,38342.6813947,10212.7162032,Prague (LKPR)
2026,3,MAR,LKRO,Roudnice nad Labem,Czech Republic,4,15.994532937365019,6.509291756659479,340,160,4295,1,2,10.793685,8.99115,4,0,0,0,0,21000,4,4,0,0,Roudnice nad Labem (LKRO)
2026,3,MAR,LKSZ,Sazena,Czech Republic,2,29.861958869377407,29.861958869377407,1540,1540,3459.0579710144934,0,0,14.38027499999999,14.38027499999999,1,53.788188593516345,53.788188593516345,2120,2120,4177.536231884059,0,0,11.106895,11.106895,Sazena (LKSZ)
2026,3,MAR,LKTB,Brno,Czech Republic,276,4156.2102562597365,1719.188307304081,84400,45760,10000,107,155,5073.2478275,2462.5903735,279,1157.0927167291882,536.83567164162,17626,11486,28000,227,268,229.9530645,-319.51687350000003,Brno (LKTB)
2026,3,MAR,LKVM,Vysoke Myto,Czech Republic,5,0,0,0,0,27000,5,5,0,0,5,3.23594520601618,3.23594520601618,60,60,26000,4,4,0.6178982500000005,0.6178982500000005,Vysoke Myto (LKVM)
2026,3,MAR,LKVO,Praha Vodochody,Czech Republic,28,308.52393775030805,280.47481097454306,9400,8900,3570.0049407114625,9,10,63.65967399999998,53.44737499999998,20,117.33488135465299,117.33488135465299,2880,2880,8471.5625,15,15,10.52625,10.52625,Praha Vodochody (LKVO)
2026,3,MAR,LLBG,Tel Aviv,Israel,1436,14103.8175289265,6285.921488161064,188580,100000,27000,770,1061,218129.2434821999,134074.9280046999,1401,10664.4013762101,2017.293349519593,120170,24580,16000,529,966,162375.3442912,20722.7592383,Tel Aviv (LLBG)
2026,3,MAR,LLHS,Hazor IAF,Israel,12,263.894014827727,14.21886249100066,4100,220,14400,4,11,770.4333703000001,5.778785,11,140.118526588254,0,1900,0,22000,5,11,47.69980800000007,0,Hazor IAF (LLHS)
2026,3,MAR,LLNV,Nevatim AFB Negev,Israel,54,765.576663545345,20.112366726500728,6960,400,22996.666666666697,17,50,10883.13462,2200.773239999999,56,926.3313926902741,0,17560,0,31456.666666666697,25,56,116307.93249,0,Nevatim AFB Negev (LLNV)
2026,3,MAR,LLOV,Ovda,Israel,123,1369.536487237674,0,11340,0,27000,79,123,4858.24566,0,99,1403.664577113968,0,22180,0,32000,54,99,125734.04562,0,Ovda (LLOV)
2026,3,MAR,LMML,Malta,Malta,2909,10843.4762626671,6183.576137856947,167420,118840,35000,1715,1941,100767.1314795,86896.4322225,2914,6420.181423813814,218.655452521611,59708,5668,36000,2342,2896,11280.680643900001,872.8295843000001,Malta (LMML)
2026,3,MAR,LOAG,Krems Langenlois,Austria,15,107.469480439421,107.469480439421,3680,3680,4760.47619047619,5,5,24.217724750000002,24.217724750000002,16,53.45889636521385,30.70554355651548,1240,880,7768.333333333333,10,12,12.133799999999999,12.33015,Krems Langenlois (LOAG)
2026,3,MAR,LOAN,Wiener Neustadt East,Austria,125,1431.8257891917601,1133.04705303569,39020,33340,4415.555555555556,30,43,318.5293957,262.48429500000003,147,1181.051275560655,907.274522987747,29811,22931,8000,97,100,70.84056199999999,20.76343200000001,Wiener Neustadt East (LOAN)
2026,3,MAR,LOAV,Voslau,Austria,70,1111.410580032654,891.4758997814271,32160,27440,3117.835458409229,9,13,111.97127695,91.71772275,72,737.6701953639811,721.2508076954821,20499,20079,8000,52,53,77.96265370000002,75.51668,Voslau (LOAV)
2026,3,MAR,LOGO,Niederoblarn,Austria,2,0,0,0,0,10000,2,2,0,0,1,0,0,0,0,12000,1,1,0,0,Niederoblarn (LOGO)
2026,3,MAR,LOIH,Dornbirn,Austria,6,91.21332793376534,33.119600431965516,1620,840,3094.583333333333,0,1,22.51924949999999,24.070518999999997,13,6.4334525369118,0,120,0,12000,12,13,1.3167,0,Dornbirn (LOIH)
2026,3,MAR,LOIJ,St Johann in Tirol,Austria,25,313.67364406985405,33.17734389670663,5620,1000,8040,5,15,69.66082399999995,51.285028999999994,26,124.395310670228,18.898488120950322,2720,300,15500,20,24,32.4881525,11.146379999999999,St Johann in Tirol (LOIJ)
2026,3,MAR,LOLW,Wels,Austria,1,45.356371490280765,45.356371490280765,1200,1200,3150,0,0,5.8212,5.8212,5,0,0,0,0,6000,5,5,0,0,Wels (LOLW)
2026,3,MAR,LOWG,Graz,Austria,567,7986.4280477254815,3244.6373164807114,148880,93960,8600,107,307,23503.54881475,7035.46927705,566,2313.985264730349,130.29301992457602,24804,3484,27000,461,552,5501.5732307,58.52226499999999,Graz (LOWG)
2026,3,MAR,LOWI,Innsbruck,Austria,942,23967.3307505584,225.991754280943,258340,5100,12711.6666666667,103,901,128959.696839,2002.254407599999,946,5416.570759979085,59.997593816876595,48440,1420,33979.871794871804,581,941,8149.3058007,0.18060000000000231,Innsbruck (LOWI)
2026,3,MAR,LOWK,Klagenfurt,Austria,162,1603.165783808764,334.25474613521203,27740,9360,15029.569892473099,68,119,2488.359023799999,877.490858,162,604.661990958275,64.9395420260789,6500,1940,19000,131,159,825.5313333,3.27810000000001,Klagenfurt (LOWK)
2026,3,MAR,LOWL,Linz,Austria,337,4992.705605697908,3076.046271453621,116840,97540,4550,77,138,6439.5379625,3927.4111715000004,309,1056.048848648576,236.51173158187203,16234,8594,24000,252,296,522.283507499999,46.38953,Linz (LOWL)
2026,3,MAR,LOWS,Salzburg,Austria,1194,17678.3418803898,4653.0778148968,216978,97578,4291.1862527716185,150,466,66154.5741372,38372.611335300004,1194,5846.416094395354,283.727451262387,59499,7839,32000,819,1177,7005.928028,22.1064005,Salzburg (LOWS)
2026,3,MAR,LOWW,Vienna,Austria,9267,77438.0118977315,21706.762545052603,911380,413540,9640,2973,4810,653344.8880287,488097.5445784999,9297,39841.9933389307,652.37606106654,335440,9560,34000,6855,9159,61264.5529869,4729.143224,Vienna (LOWW)
2026,3,MAR,LOWZ,Zell am See,Austria,38,348.36936609567005,22.76817854571635,8140,560,10013.888888888901,12,35,65.97350800000001,-0.47565000000000074,35,266.58641079205506,34.80095362862773,5000,720,15033.3333333333,23,31,28.485145,19.916615,Zell am See (LOWZ)
2026,3,MAR,LOXZ,Zeltweg,Austria,2,22.28294610925056,0,420,0,7753.333333333333,0,2,6.80610025,0,3,0,0,0,0,16000,3,3,0,0,Zeltweg (LOXZ)
2026,3,MAR,LPAR,Alverca,Portugal,2,31.075102131949727,19.56515071710964,540,340,3724.633431085043,0,0,345.66349,184.73049,4,40.354490473653335,0,300,0,27502.320954907198,2,4,14.25405,0,Alverca (LPAR)
2026,3,MAR,LPAZ,Santa Maria,Portugal,81,182.55497391707,34.754895145043434,4000,660,9000,71,73,88.09818249999998,89.69305499999997,82,285.271335347298,273.70266900387105,7454,7354,10000,76,79,323.5146260000001,308.24946600000004,Santa Maria (LPAZ)
2026,3,MAR,LPBG,Braganca,Portugal,10,232.773661193889,75.3208196331959,5420,1960,5374.116253276869,4,4,34.71142549999999,32.42452549999999,9,9.11027290329712,9.11027290329712,160,160,10000,7,7,0.23057499999999992,0.23057499999999992,Braganca (LPBG)
2026,3,MAR,LPBJ,Beja,Portugal,47,507.614852069638,412.14693382796105,8720,7760,3161.627906976744,11,15,2820.7135040000003,2594.471739,50,464.103664629924,25.50187207593925,6260,300,25975.757575757598,32,47,902.4924900000001,5.314837,Beja (LPBJ)
2026,3,MAR,LPCS,Cascais,Portugal,248,2483.24689447434,1803.2117351023592,39160,32200,3046.6649391396913,77,86,6309.0514067,5492.909251199999,238,796.748273512811,94.73767085363943,7800,1600,34000,171,221,926.7437806,144.53979560000002,Cascais (LPCS)
2026,3,MAR,LPEV,Evora,Portugal,8,744.4418519603811,29.728836636079297,13420,680,8694.14327719861,2,4,829.1310960000001,21.267222,7,96.76864948548474,0,1960,0,12000,6,7,0.9843699999999995,0,Evora (LPEV)
2026,3,MAR,LPFR,Faro,Portugal,2215,7057.687940195466,1886.3520310060112,77380,34040,35000,1463,1750,34332.659834000006,27053.69738,2229,6268.783154822107,5.7515321404848505,53260,100,36000,1801,2228,8985.7461738,3.884738,Faro (LPFR)
2026,3,MAR,LPHR,Horta,Portugal,6,0,0,0,0,35500,6,6,0,0,12,0,0,0,0,35500,12,12,0,0,Horta (LPHR)
2026,3,MAR,LPLA,Lajes,Portugal,282,327.71622319003706,234.793561818628,5400,4520,16000,263,265,8237.397423,7670.1764029999995,145,155.043004014527,0,1300,0,36000,134,145,272.70087450000005,0,Lajes (LPLA)
2026,3,MAR,LPMA,Madeira,Portugal,1430,14635.799644472801,10205.6008335989,226360,170500,25000,754,799,195093.3037865,149154.8314475,1401,1547.211957487335,11.304011777158498,12840,160,36000,1232,1397,1517.2122669999992,87.38439999999999,Madeira (LPMA)
2026,3,MAR,LPMR,Monte Real,Portugal,9,229.423284308162,189.507950889068,3660,3280,5993.103448275862,2,3,4.324415,4.324415,9,31.11810414239925,0,300,0,28000,8,9,0,0,Monte Real (LPMR)
2026,3,MAR,LPMT,Montijo Airbase,Portugal,17,217.32236567748,208.447143093406,3440,3320,3088.888888888889,5,7,34.22655799999999,27.21806999999999,24,15.05880075482627,0.9817396426467706,240,20,17500,22,23,0,0,Montijo Airbase (LPMT)
2026,3,MAR,LPOV,Ovar,Portugal,1,8.01667569900155,8.01667569900155,120,120,3135.294117647058,0,0,33.05988,33.05988,,,,,,,,,,,Ovar (LPOV)
2026,3,MAR,LPPD,Ponta Delgada,Portugal,810,2695.8447360151763,1238.070332513912,49780,22100,17000,630,643,44835.784277499995,15592.4493325,793,260.84450423641806,40.552297641198855,3320,580,25000,775,789,337.45848880000005,28.859588799999997,Ponta Delgada (LPPD)
2026,3,MAR,LPPI,Pico,Portugal,10,2.11287444830498,0,20,0,36000,9,10,14.301,0,10,0,0,0,0,36000,10,10,0,0,Pico (LPPI)
2026,3,MAR,LPPM,Portimao,Portugal,22,104.13399864294101,69.35705666036847,1980,1360,6292.738095238095,7,8,1.31689980000001,4.801980499999999,22,9.251259899208069,0,120,0,8000,21,22,4.299752,0,Portimao (LPPM)
2026,3,MAR,LPPR,Porto,Portugal,4490,31056.973773902002,4932.100235033294,312060,86500,33000,2166,3247,146342.1404695,91500.019434,4507,31598.614385673,119.829700652312,264001,1840,34000,3004,4503,56206.1049612,205.76524000000003,Porto (LPPR)
2026,3,MAR,LPPS,Porto Santo Madeira,Portugal,80,233.850101200045,233.850101200045,4500,4500,3443.183775539604,39,39,446.48251000000005,446.48251000000005,77,593.3849187764761,328.678319596612,8580,5080,7000,66,73,4534.14023,4049.6263100000006,Porto Santo Madeira (LPPS)
2026,3,MAR,LPPT,Lisbon,Portugal,9331,83811.55093717891,32830.1787257092,1162000,535800,7991.176470588235,3021,5176,1043062.0639935,573589.295594,9341,22091.4486190689,70.04856718023436,183552,860,34000,7683,9326,41582.0042711,359.94781000000006,Lisbon (LPPT)
2026,3,MAR,LPVR,Vila Real,Portugal,1,4.282024867741059,0,60,0,8188.843813387424,0,1,-2.632377,0,,,,,,,,,,,Vila Real (LPVR)
2026,3,MAR,LPVZ,Viseu,Portugal,15,244.62015395467,240.867484068593,5028,4968,4476.190476190476,3,3,9.3294322,10.17276599999999,20,39.74140112731636,39.74140112731636,780,780,10000,15,15,8.432941999999999,8.432941999999999,Viseu (LPVZ)
2026,3,MAR,LQBK,Banja Luka,Bosnia and Herzegovina,138,1243.602334886362,438.82312572073505,15150,7890,29511.71875,76,103,3364.0160075,1831.6704015000003,142,889.7941926688841,96.61116076731062,11620,4980,34000,100,140,1706.748108199999,437.5761192,Banja Luka (LQBK)
2026,3,MAR,LQMO,Mostar,Bosnia and Herzegovina,31,157.32133525804,39.94837382019529,2240,780,13035.7142857143,14,23,718.8499255,43.45371949999999,32,48.708381214396304,0,960,0,24000,28,32,44.584579999999995,0,Mostar (LQMO)
2026,3,MAR,LQSA,Sarajevo,Bosnia and Herzegovina,638,5318.896218019587,1163.3492348133632,63340,21160,8869.263392857143,205,366,38207.631386199995,19424.6194877,631,1419.347180621294,8.853541713582501,12020,120,35000,534,625,2082.4331380000003,48.142523,Sarajevo (LQSA)
2026,3,MAR,LQTZ,Tuzla,Bosnia and Herzegovina,113,576.5106987434141,140.227088686808,6800,2460,33000,63,86,4314.5572695,2127.624543999999,115,379.95379756150703,0,3160,0,36000,90,115,574.629454,0,Tuzla (LQTZ)
2026,3,MAR,LRAR,Arad,Romania,11,203.357028859422,101.69891150881001,4820,2180,3095.6521739130444,5,6,35.98138999999996,25.24146499999997,12,129.304705513361,121.32907628259301,3380,3200,11000,9,10,-1.00962500000001,-1.11357500000001,Arad (LRAR)
2026,3,MAR,LRBC,Bacau,Romania,148,1268.320376140595,645.4042192256661,19240,12560,7062.918772524683,45,69,11374.520643,8575.0801635,140,642.080663145594,17.672671464386827,6400,240,36000,97,137,1025.735615999999,3.4675,Bacau (LRBC)
2026,3,MAR,LRBM,Baia Mare,Romania,37,310.02068364596903,101.326464010587,4420,2280,6100,13,18,1526.253259999999,459.35402000000005,36,97.3726352272056,5.32243134834928,1220,180,18000,28,35,72.456558,0.4740749999999995,Baia Mare (LRBM)
2026,3,MAR,LRBS,Bucharest Baneasa,Romania,458,4989.061687146501,805.906731191843,57800,16860,32993.877927346504,206,308,19162.0706062,9867.154965200001,487,2563.268985541592,409.127732374005,27463,9303,34024.330357142906,362,479,3002.9602355,249.47913400000002,Bucharest Baneasa (LRBS)
2026,3,MAR,LRCK,Constanta,Romania,98,906.3339868756741,681.060295882679,17380,14440,2866.1631736786444,19,22,14865.6004825,13587.544062,92,557.9713727069311,20.02659259875842,4900,280,29000,71,91,1366.7412959999992,0,Constanta (LRCK)
2026,3,MAR,LRCL,Cluj,Romania,1071,4353.982947333082,1601.5140876410212,55420,30100,26000,575,685,31400.3367055,24583.3834583,1073,4979.426581672792,23.620207157620932,44000,440,34000,802,1072,8832.9085138,-39.88461249999999,Cluj (LRCL)
2026,3,MAR,LRCV,Craiova,Romania,195,1928.554160827736,399.938214837008,22360,7940,23000,72,119,12159.6089042,7279.033248,192,581.690191018994,1.54500245022415,4780,20,36000,151,191,917.0538152,0.1337175000000003,Craiova (LRCV)
2026,3,MAR,LRIA,Iasi,Romania,599,2142.3614699495183,664.809564474095,29020,12600,27000,374,427,17485.595254,11597.829848,598,1273.95783124454,137.40401846484198,11160,1620,36000,472,589,2520.3625,867.2528810000001,Iasi (LRIA)
2026,3,MAR,LROD,Oradea,Romania,162,1217.8264193064492,311.68796388387005,14900,5840,11016.4200301923,67,93,7100.4533295,4154.939878,157,243.82128928972,0,2260,0,27000,140,157,536.700793,0,Oradea (LROD)
2026,3,MAR,LROP,Bucharest Henri Coanda,Romania,4624,39223.09871443151,6577.21311151273,407720,125920,27000,2204,3174,196065.1104359999,134776.4297629999,4619,15341.654194368999,47.731143673529075,127598,700,34000,3616,4599,19576.020353,352.517157,Bucharest Henri Coanda (LROP)
2026,3,MAR,LRSB,Sibiu,Romania,208,4855.430687440278,366.97077704812904,46640,6680,29983.943965517203,38,126,17619.628515,6634.561765,206,1107.525369222873,0,9340,0,36000,153,206,2010.3391859999992,0,Sibiu (LRSB)
2026,3,MAR,LRSM,Satu Mare,Romania,29,453.38439202587404,118.621747584624,5640,2160,11003.4482758621,8,19,1841.822294,598.5228430000001,26,71.81500973394174,3.80000947886552,640,40,35989.377289377306,21,25,36.40711500000004,15.89265999999999,Satu Mare (LRSM)
2026,3,MAR,LRSV,Suceava,Romania,255,737.28669226596,172.012711892473,9960,3340,28000,160,209,5012.548209999999,2976.9338885,254,832.854188569995,154.981101511879,7680,2080,34030.517241379304,207,253,911.5168188,203.81815,Suceava (LRSV)
2026,3,MAR,LRTC,Tulcea,Romania,1,1.48953600953303,1.48953600953303,20,20,6000,0,0,3.956925,3.956925,1,0,0,0,0,34000,1,1,0,0,Tulcea (LRTC)
2026,3,MAR,LRTM,Targu Mures Transilvania,Romania,40,234.647638407231,99.3671405760593,3340,1960,17500,17,24,1853.05971,1449.501455,40,179.12635807404803,0,1540,0,30000,35,40,325.619162,0,Targu Mures Transilvania (LRTM)
2026,3,MAR,LRTR,Timisoara,Romania,602,3826.8581953633193,1446.8391333475672,49800,27140,3370.909721111288,201,265,27678.3297072,21514.9164627,600,2208.179033526774,14.32459257249232,20220,280,32038.364055299502,466,598,3142.148731,0,Timisoara (LRTR)
2026,3,MAR,LRTZ,Tuzla Romania,Romania,5,45.32293826707383,45.32293826707383,1060,1060,8000,3,3,-2.51685,-2.51685,6,87.72645299200954,57.803006460261805,2204,1544,9503.225806451614,4,5,3.5721,-0.2677500000000012,Tuzla Romania (LRTZ)
2026,3,MAR,LSGC,Les Eplatures,Switzerland,67,1419.5705861435931,616.2762923100211,35480,17560,6849.166666666668,4,15,686.2022118000001,370.0592945,56,223.655591967899,120.893012213993,4360,2900,8000,42,44,120.0534865,26.623147,Les Eplatures (LSGC)
2026,3,MAR,LSGE,Ecuvillens,Switzerland,3,6.0745140388768295,3.19474442044634,100,60,9000,1,2,-0.1490999999999997,-0.4157999999999999,2,0,0,0,0,10000,2,2,0,0,Ecuvillens (LSGE)
2026,3,MAR,LSGG,Geneva,Switzerland,7464,143644.086829398,13391.0410485853,1486900,237920,14950,1108,4835,839969.7978374,210200.74320179998,7466,24182.227571590098,190.724960151362,215340,4200,34000,5330,7437,56437.3971554,422.703008,Geneva (LSGG)
2026,3,MAR,LSGK,Saanen,Switzerland,109,1374.459800024264,188.13573940909902,20060,3940,10403.3333333333,34,87,882.1421832,295.4306515,128,867.3056321957331,320.649978752781,14560,7360,12015.7894736842,49,74,916.1540192,646.579823,Saanen (LSGK)
2026,3,MAR,LSGL,Lausanne,Switzerland,90,864.3413658308621,137.366150330645,15840,3460,10043.642035723,28,73,170.3373532,99.57805849999998,92,343.76161632225603,23.18802192152252,4700,420,17000,69,85,-11.42070500000004,10.88272499999999,Lausanne (LSGL)
2026,3,MAR,LSGN,Neuchatel,Switzerland,4,2.29768852534346,2.29768852534346,40,40,19000,3,3,0.20475000000000063,0.20475000000000063,6,5.28218612076251,5.28218612076251,180,180,18000,5,5,2.4696000000000002,2.4696000000000002,Neuchatel (LSGN)
2026,3,MAR,LSGP,La Cote,Switzerland,2,17.007856762763332,17.007856762763332,460,460,3283.333333333333,0,0,3.41775,3.41775,1,1.91984641228702,1.91984641228702,40,40,4900,0,0,-0.036750000000000095,-0.036750000000000095,La Cote (LSGP)
2026,3,MAR,LSGS,Sion,Switzerland,528,23372.727126735103,173.593531492776,269080,3520,16898.6781221923,41,509,69957.1519567,163.33612580000002,546,4446.764847881604,115.706184995358,43620,2400,27978.4119897959,298,535,5695.920298,62.045654999999996,Sion (LSGS)
2026,3,MAR,LSMA,Alpnach,Switzerland,2,42.81343206829168,35.60115190784738,760,660,5786.666666666668,0,0,88.25983949999998,86.00443949999998,1,0,0,0,0,6000,1,1,0,0,Alpnach (LSMA)
2026,3,MAR,LSMD,Dubendorf,Switzerland,19,217.303928185745,110.9865407196,3600,2360,11043.3333333333,3,11,535.1289165000001,454.771856,20,103.752775716391,0,1000,0,18500,14,20,153.01957349999998,0,Dubendorf (LSMD)
2026,3,MAR,LSME,Emmen,Switzerland,7,110.614000241589,95.1554093426535,1960,1740,4946.195652173912,1,1,27.56789099999999,18.66651099999999,3,44.07155786199717,44.07155786199717,660,660,18000,2,2,-0.0551000000000119,-0.0551000000000119,Emmen (LSME)
2026,3,MAR,LSMP,Payerne,Switzerland,114,2458.234273795925,473.076821697952,31980,9640,5781.818181818182,12,38,6669.819485,2517.1448137,115,903.917810143521,78.90488037500012,9580,1620,26000,63,106,1006.4824060000001,154.35208450000002,Payerne (LSMP)
2026,3,MAR,LSPN,Triengen,Switzerland,2,26.943844492440608,12.419006479481629,600,300,7735,0,1,-0.5449499999999982,-0.6184499999999992,3,43.13474199172499,43.13474199172499,1340,1340,9000,2,2,7.1568,7.1568,Triengen (LSPN)
2026,3,MAR,LSPV,Wangen Lachen,Switzerland,7,42.66399864481428,42.66399864481428,980,980,6000,4,4,4.1055,4.1055,5,45.62859971202303,45.62859971202303,1160,1160,7990,2,2,8.4,8.4,Wangen Lachen (LSPV)
2026,3,MAR,LSTS,St Stephan,Switzerland,4,44.2481786665271,14.247422111221388,840,240,6715.971815999127,1,2,200.466302,56.962771999999994,8,24.108453947877216,24.108453947877216,380,380,23000,5,5,23.37352,23.37352,St Stephan (LSTS)
2026,3,MAR,LSZA,Lugano,Switzerland,146,3013.1341783983603,814.10544717846,49280,21800,6090.56603773585,26,63,5208.9022014,2984.750020399999,135,372.39816489610104,1.4398848092152599,4080,20,21000,101,134,298.5453729,0.407925,Lugano (LSZA)
2026,3,MAR,LSZB,Bern,Switzerland,343,5834.110892367139,2818.968110867419,111360,71280,4334.883720930232,33,86,12185.1226207,6116.3541442,285,1387.563113264533,546.3138924868481,19760,11580,19000,206,263,1123.002866999999,123.352573,Bern (LSZB)
2026,3,MAR,LSZC,Buochs,Switzerland,55,768.6149161677481,387.57283241654505,12580,7800,5795.833333333333,8,21,1020.2981559,680.6939637,70,644.451916889492,234.107776968946,9120,4120,10000,28,38,884.2174072,277.8608295,Buochs (LSZC)
2026,3,MAR,LSZF,Birrfeld,Switzerland,10,43.60633879140304,39.22998411254329,1260,1160,5681.25,1,3,7.373625,5.8989,16,21.17530597552197,14.155867530597549,467,367,8500,13,14,1.5702749999999999,0.31027500000000074,Birrfeld (LSZF)
2026,3,MAR,LSZG,Grenchen,Switzerland,130,1609.92868761787,988.4618633980671,35960,26200,6000,39,51,1154.978345,770.8824500000001,125,495.10384172055,350.107661005899,9240,7760,9000,95,102,186.4317935,47.155979999999985,Grenchen (LSZG)
2026,3,MAR,LSZH,Zurich,Switzerland,10609,158675.8244710777,16780.9031529021,1641969,298249,13017.8571428571,2251,6988,964594.2373924999,309912.3567084,10636,54457.0127977772,798.4645184974761,461460,12420,33000,7016,10443,101328.5083694999,6099.451371000001,Zurich (LSZH)
2026,3,MAR,LSZK,Speck Fehraltorf,Switzerland,9,88.65371489561547,72.45501079194378,2580,2160,5974.545454545455,2,2,7.079104999999999,3.881855,13,45.69622089373825,45.69622089373825,1600,1600,6000,10,10,4.740749999999999,4.740749999999999,Speck Fehraltorf (LSZK)
2026,3,MAR,LSZL,Locarno,Switzerland,41,473.70876611713004,188.24689192168202,11521,5541,11000,14,25,92.474242,40.1268,68,480.01770777923,202.383173369533,12136,6329,11010.7142857143,42,52,20.85746299999999,11.45628799999999,Locarno (LSZL)
2026,3,MAR,LSZR,Altenrhein,Switzerland,376,6528.870783217112,2826.3057067296895,106500,64620,4897.400373599004,54,96,11613.2469784,6999.5015645,368,1617.994498518254,325.38436459445,20580,7980,23000,272,346,1243.5994553,143.7769025,Altenrhein (LSZR)
2026,3,MAR,LSZS,Samedan,Switzerland,354,9692.491720891678,0,115440,0,15706.25,53,354,30340.6661275,0,345,1929.0365896993133,0,20320,0,24000,237,345,1968.5560865,0,Samedan (LSZS)
2026,3,MAR,LTAC,Ankara,Türkiye,3190,3073.710438051784,182.457971407153,39080,3500,32000,2818,3136,25865.8678857,3349.241374,2195,2522.979377499015,0,20337,0,34000,2043,2195,2608.1870289999997,0,Ankara (LTAC)
2026,3,MAR,LTAE,Ankara Nurted,Türkiye,12,62.88070399589423,0,940,0,32000,9,12,1451.514279999999,0,5,45.32084108854842,0,400,0,32000,4,5,673.5613000000001,0,Ankara Nurted (LTAE)
2026,3,MAR,LTAF,Adana,Türkiye,1,3.3477321814255,0,40,0,13023.3333333333,0,1,60.11011999999996,0,,,,,,,,,,,Adana (LTAF)
2026,3,MAR,LTAG,Incirlik,Türkiye,30,466.47391027620904,131.39407810340902,6160,2500,6950.486111111111,4,15,8613.487009,4311.95314,20,181.532491708709,47.71899257580719,2040,680,30000,10,17,839.9938150000002,272.32659,Incirlik (LTAG)
2026,3,MAR,LTAI,Antalya,Türkiye,3921,13503.62929869,4306.579917855304,190940,83340,31000,2247,2898,170260.0057137,90245.7338832,4058,7252.419325848987,25.49999200029955,59997,300,34000,3601,4053,13307.170112,201.484215,Antalya (LTAI)
2026,3,MAR,LTAJ,Gaziantep,Türkiye,668,1181.0096396580711,276.731563502419,16540,5680,35000,518,598,13381.0202719,6479.994180699999,620,974.0250244356251,30.28437097578226,8620,400,34000,555,611,2398.444891,302.888155,Gaziantep (LTAJ)
2026,3,MAR,LTAL,Kastamonu,Türkiye,14,66.92007752717375,25.15827887057582,1220,540,27000,8,9,1436.201759999999,702.0074700000001,16,298.03430839174905,0,2814,0,26000,13,16,699.220855,0,Kastamonu (LTAL)
2026,3,MAR,LTAN,Konya,Türkiye,281,1275.652390004912,200.61956547741602,21840,4200,13425,130,236,29285.208164,5925.712869,287,661.313335771476,5.96825868121237,5740,100,32000,264,286,1982.8364199999992,119.03776500000001,Konya (LTAN)
2026,3,MAR,LTAP,Amasya Merzifon,Türkiye,41,163.399954687345,31.52866547897275,2280,580,15000,27,35,1651.5255519999992,640.431772,38,46.47669002806307,0,380,0,32000,36,38,23.742600000000028,0,Amasya Merzifon (LTAP)
2026,3,MAR,LTAR,Sivas,Türkiye,125,638.3539227613511,28.949138495074227,10060,660,17000,62,117,11307.93322,908.4602620000001,122,65.39990129140503,0,540,0,34000,117,122,109.607085,0,Sivas (LTAR)
2026,3,MAR,LTAS,Zonguldak,Türkiye,22,46.4783928847771,34.31572445059992,780,620,15311.5909090909,10,12,683.756405,566.9885200000001,24,75.79301519833221,0,660,0,27741.763898421403,20,24,135.12014200000002,0,Zonguldak (LTAS)
2026,3,MAR,LTAT,Malatya,Türkiye,217,1236.667183851413,179.968856124523,14380,3560,25120.9302325581,101,170,11490.032175,4695.4031589999995,204,505.36262170762006,0,4220,0,34000,173,204,1738.7395270000002,0,Malatya (LTAT)
2026,3,MAR,LTAU,Kayseri Mil,Türkiye,631,2245.85735361563,264.690912093447,35640,5060,31000,357,579,36936.1905685,6011.806945,648,589.643591598934,8.7870692991941,5000,120,34000,593,644,1081.8448700000001,78.19586000000001,Kayseri Mil (LTAU)
2026,3,MAR,LTAW,Tokat,Türkiye,50,309.02245742128,39.75974396254878,4500,880,17476.369086788,23,37,4763.175909999999,1214.917288,50,28.458711445376878,0,280,0,34000,45,50,101.06248000000001,0,Tokat (LTAW)
2026,3,MAR,LTAY,Denizli Cardak,Türkiye,133,641.349662702142,30.65406200143689,9320,600,26000,71,127,9302.810367,748.2756250000001,133,43.86751993865391,0,440,0,29000,124,133,251.452242,0,Denizli Cardak (LTAY)
2026,3,MAR,LTAZ,Kapadokya,Türkiye,173,820.9436546229891,175.365808759514,12980,3600,14205.6603773585,78,156,13840.25577,4170.226806,170,162.39418676524602,0,1480,0,32000,158,170,775.6634270000001,0,Kapadokya (LTAZ)
2026,3,MAR,LTBA,Istanbul Ataturk,Türkiye,717,7648.59075368657,3656.3628701922335,107560,67660,2835.106382978723,147,246,45175.596224600005,30171.8417994,715,3618.2657581331414,610.210233807944,33696,8080,34000,453,611,7153.2680009,2602.730869,Istanbul Ataturk (LTBA)
2026,3,MAR,LTBH,Canakkale,Türkiye,34,0.8099352051835921,0.8099352051835921,20,20,31000,33,33,29.26874999999999,29.26874999999999,34,5.74669490148413,0,60,0,33000,33,34,31.090499999999988,0,Canakkale (LTBH)
2026,3,MAR,LTBJ,Izmir,Türkiye,2570,6752.856661135278,3404.3724016378073,97080,61560,29000,1522,1724,81152.446012,59299.48005300001,2588,4381.646046207379,81.56115108599184,36480,1080,33000,2287,2567,6256.431172300001,653.26355,Izmir (LTBJ)
2026,3,MAR,LTBL,Izmir Cigli,Türkiye,1,3.12724982001441,0,40,0,10187.9166666667,0,1,35.30101,0,1,26.781857451403887,0,220,0,35963.3333333333,0,1,11.04075,0,Izmir Cigli (LTBL)
2026,3,MAR,LTBQ,Kocaeli,Türkiye,6,53.19916276470769,0,760,0,20500,4,6,120.330535,0,5,90.63585060437084,0,780,0,32000,3,5,137.223617,0,Kocaeli (LTBQ)
2026,3,MAR,LTBR,Bursa Yenisehir,Türkiye,59,190.429934410886,105.158557948116,3020,2020,25004.8358473824,36,42,1846.503483,1087.9496019999992,63,103.131465689569,14.560384179538799,929,189,35000,49,60,98.656112,2.01734,Bursa Yenisehir (LTBR)
2026,3,MAR,LTBS,Mugla Dalaman,Türkiye,405,1489.4909946305,421.30268525645306,25260,8160,30000,236,294,23949.1964685,8812.248842,394,321.439842688109,14.8227442281565,2980,280,32000,363,392,990.6014710000001,94.823395,Mugla Dalaman (LTBS)
2026,3,MAR,LTBU,Tekirdag Corlu Ataturk,Türkiye,18,110.179272804232,24.72054633174252,1380,520,28000,9,13,1211.122068999999,648.85842,32,12.14531553313375,5.88040274865329,160,80,27000,28,31,66.51845,14.86811,Tekirdag Corlu Ataturk (LTBU)
2026,3,MAR,LTBY,Eskisehir Anadolu,Türkiye,29,181.631550507388,156.199784837225,3400,3120,6686.404494382024,12,14,3824.410944,3755.852234,30,80.37044239148811,0,700,0,35000,26,30,243.69602,0,Eskisehir Anadolu (LTBY)
2026,3,MAR,LTBZ,Zafer,Türkiye,37,306.70414310758804,98.04383355009075,5100,1940,13027.777777777801,15,26,4789.162075,2035.297745,35,71.6399401429157,0,620,0,24000,28,35,196.29006500000003,0,Zafer (LTBZ)
2026,3,MAR,LTCA,Elazig,Türkiye,255,1082.507264102655,95.33646051283012,17940,1940,33000,146,220,19349.144416,2524.035524999999,262,410.460335211862,0,3480,0,34000,238,262,769.0079450000001,0,Elazig (LTCA)
2026,3,MAR,LTCC,Diyar Bakir,Türkiye,297,454.71788865884804,162.158871413039,6120,3100,35000,267,281,4644.875611999999,3252.031522,112,34.02885593532381,0,300,0,34000,105,112,99.02601999999997,0,Diyar Bakir (LTCC)
2026,3,MAR,LTCD,Erzincan,Türkiye,105,570.206986935626,18.25299210328194,11760,440,33000,64,101,17178.777514,620.8068400000001,108,384.79951654243104,0,3240,0,34000,89,108,874.9390185000001,0,Erzincan (LTCD)
2026,3,MAR,LTCE,Erzurum,Türkiye,327,2178.62046384544,0,34980,0,33000,186,327,38258.227906,0,351,447.70524062930707,0,3900,0,34000,321,351,1211.121308,0,Erzurum (LTCE)
2026,3,MAR,LTCF,Kars Harakani,Türkiye,151,1248.697358977223,0,19540,0,12629.1555851064,65,151,18315.061912,0,157,401.21639273797206,0,3320,0,34000,135,157,719.323701,0,Kars Harakani (LTCF)
2026,3,MAR,LTCG,Trabzon,Türkiye,584,1540.150481479532,1008.047815487732,23065,17865,10000,370,394,16673.2412352,14532.0110272,629,920.1184693749011,0,7560,0,33000,573,629,1153.288861,0,Trabzon (LTCG)
2026,3,MAR,LTCI,Van,Türkiye,430,1573.49237065399,9.78832583591679,24560,200,14000,249,422,24559.210615,218.74387000000002,443,379.393780298308,0,3100,0,34000,422,443,705.636451,0,Van (LTCI)
2026,3,MAR,LTCJ,Batman,Türkiye,68,68.5651242899512,13.50936412514471,940,280,35000,63,66,906.5382880000001,417.584988,51,43.823320350016814,0,360,0,34000,48,51,37.28545,0,Batman (LTCJ)
2026,3,MAR,LTCK,Mus,Türkiye,133,653.52492662319,0,10280,0,25000,66,133,11075.052943,0,115,104.072473077358,0,920,0,34000,107,115,258.8919700000001,0,Mus (LTCK)
2026,3,MAR,LTCM,Sinop,Türkiye,6,26.87657303944729,26.87657303944729,640,640,16862.096774193502,3,3,839.8040950000001,839.8040950000001,,,,,,,,,,,Sinop (LTCM)
2026,3,MAR,LTCN,Kahramanmaras,Türkiye,109,813.544752652809,83.73493773528145,11660,1600,14904.761904761901,51,94,12232.1163192,1897.64186,109,215.490729950234,0,1880,0,34000,95,109,460.15810000000005,0,Kahramanmaras (LTCN)
2026,3,MAR,LTCO,Agri,Türkiye,102,692.082875838298,0,10100,0,14276.7441860465,36,102,9529.650944,0,102,215.02128632142302,0,1720,0,34000,88,102,289.88427500000006,0,Agri (LTCO)
2026,3,MAR,LTCP,Adiyaman,Türkiye,104,796.243169739466,238.46195533520702,10940,4560,13040.700483091801,44,76,10331.886506,5614.179831999999,98,98.01816159450082,0,900,0,34000,85,98,405.54206500000004,0,Adiyaman (LTCP)
2026,3,MAR,LTCR,Mardin,Türkiye,65,93.66066613850477,0,840,0,35000,61,65,209.10153000000003,0,42,58.082371194545445,0,480,0,34000,39,42,68.19491,0,Mardin (LTCR)
2026,3,MAR,LTCS,Sanliurfa Gap,Türkiye,266,1647.015938479336,1145.339100949357,28800,22120,33000,144,174,32194.727408,26717.106462,234,219.24814073468903,14.59624035855588,1880,200,34000,215,229,425.2938270000001,177.93881000000002,Sanliurfa Gap (LTCS)
2026,3,MAR,LTCT,Igdir,Türkiye,100,373.90766577862,12.01533050988393,5960,260,31049.0566037736,53,92,6152.801089999999,328.98600999999996,107,164.391468932558,0,1420,0,34000,97,107,301.492865,0,Igdir (LTCT)
2026,3,MAR,LTCU,Bingol,Türkiye,27,137.133714106537,0,2480,0,35000,18,27,2611.505954999999,0,28,9.28541625760849,0,80,0,36000,26,28,17.26672,0,Bingol (LTCU)
2026,3,MAR,LTDA,Hatay,Türkiye,207,1567.7532190877912,236.258875315524,23720,5120,8870.212765957447,78,142,22357.484301,5828.021729,210,349.42026796155506,3.3086714764946503,3060,40,34000,184,209,922.5902110000001,21.35699999999999,Hatay (LTDA)
2026,3,MAR,LTFC,Isparta,Türkiye,28,275.48720465553504,141.50371188074902,4880,3160,7254.824134488878,5,9,6019.871225,4126.099217,34,18.00352523522255,0,140,0,30000,33,34,67.4153,0,Isparta (LTFC)
2026,3,MAR,LTFD,Balikesir Koca Seyit,Türkiye,51,163.77988346800598,94.39401912880923,2580,1520,22000,27,32,1957.741875999999,1154.048730999999,53,63.32954963336401,15.47738869553124,580,200,21000,49,51,186.20415,163.6698,Balikesir Koca Seyit (LTFD)
2026,3,MAR,LTFE,Bodrum,Türkiye,436,1262.396995015376,783.4173018931771,22000,14560,8815.12235685436,198,223,20632.1446465,13416.104528,439,701.325063708986,10.00719942404607,5960,100,32000,403,438,1194.8022165,0.23624999999999818,Bodrum (LTFE)
2026,3,MAR,LTFG,Gazipasa Alanya,Türkiye,148,472.98581167814103,86.3945807555741,7140,1840,33000,105,121,5679.5035370000005,1962.95552,146,327.615015666761,13.335984514967059,3100,220,34000,129,145,496.02381550000007,52.68419650000001,Gazipasa Alanya (LTFG)
2026,3,MAR,LTFH,Samsun Carsamba,Türkiye,279,592.15370121055,378.850392156679,10000,7500,31000,194,214,7465.728126,6255.00034,253,89.29312076438569,0,760,0,25000,246,253,148.983712,0,Samsun Carsamba (LTFH)
2026,3,MAR,LTFJ,Istanbul Sabiha Gokcen,Türkiye,9788,92931.2861357674,23868.7599270864,1585520,484800,6200.090702947846,3174,4759,1540431.2166631,474275.135621,10238,17077.9187932494,1375.482955275521,149035,18280,34000,8803,9954,41433.9469541,12189.7299798,Istanbul Sabiha Gokcen (LTFJ)
2026,3,MAR,LTFM,Istanbul,Türkiye,18273,265775.5770898867,173313.6091075734,4429730,3288350,4613.461538461539,2193,3330,5634859.560949801,4566560.1122701,19214,29797.405583581,1565.946596811127,253090,20166,34000,16444,18869,95822.17256,18061.889341,Istanbul (LTFM)
2026,3,MAR,LUKK,Chisinau,Moldova,1544,5728.500205074301,2954.806704712556,84700,56820,16983.333333333303,721,875,68664.79410700001,56937.364285,1536,3167.36002275598,38.87127136927426,27365,960,35323.710693955,1286,1533,4257.1218435,17.186619999999998,Chisinau (LUKK)
2026,3,MAR,LWOH,Ohrid,Macedonia,49,1274.8776314364811,37.73988838657612,11680,940,33000,16,38,3676.2402960000004,1107.57562,44,226.677389160515,0,1900,0,36000,33,44,319.230205,0,Ohrid (LWOH)
2026,3,MAR,LWSK,Skopje,Macedonia,951,11051.3203598654,1182.036018615393,109260,22640,28000,384,651,46433.086392000005,20171.784088,927,2158.2267191040123,3.30501032444877,18840,40,36000,787,926,2470.950833999999,26.88,Skopje (LWSK)
2026,3,MAR,LYBE,Belgrade,Serbia,3244,19994.630717964403,6051.751698160382,234560,113340,19000,1575,1978,117312.96229170001,88519.44641250001,3253,6486.670840106752,95.13018010057881,61340,2720,34000,2772,3247,8771.1956385,232.69680000000002,Belgrade (LYBE)
2026,3,MAR,LYNI,Nis,Serbia,143,2515.58798165253,268.87144898070704,25700,4840,16000,42,91,13810.401227,4894.476733999999,142,272.915182471329,0,2280,0,34025,125,142,220.025972,0,Nis (LYNI)
2026,3,MAR,LYPG,Podgorica,Montenegro,488,1745.0937188637292,277.584264270957,20940,5660,24000,288,404,12594.7297715,5386.088162,484,941.992692387367,1.3934369121438,8040,20,33997.619047619,425,483,884.9172930000001,14.4165,Podgorica (LYPG)
2026,3,MAR,LYPR,Pristina,Serbia,22,2258.778421801407,95.59657109292408,30580,2060,10699.1024050906,0,13,3664.4809495,307.215393,16,1101.7685803477962,0,14480,0,14000,3,16,1426.6943939999992,0,Pristina (LYPR)
2026,3,MAR,LYTV,Tivat,Montenegro,167,453.801474077873,201.389171592808,6740,3820,17000,84,99,3302.5020405,2111.1791655,164,309.431671783744,3.11198318420241,2620,40,25000,148,163,224.0497205,-0.25646800000000164,Tivat (LYTV)
2026,3,MAR,LYVR,Vrsac,Serbia,1,9.42163233617651,2.64578833693304,180,60,2670,0,0,11.687599999999989,-0.5512500000000005,1,0,0,0,0,23000,1,1,0,0,Vrsac (LYVR)
2026,3,MAR,LZIB,Bratislava,Slovakia,1153,13691.9778421317,1586.3400886141771,135560,31840,30036.1003861004,482,844,45733.0649153,17826.8273258,1148,4735.253384909662,383.17346847275905,45800,9520,35000,863,1139,5485.942989700001,579.3534020000001,Bratislava (LZIB)
2026,3,MAR,LZKZ,Kosice,Slovakia,262,2047.5039718644382,291.70431568374704,22320,6800,25000,129,192,5443.085532000001,2687.798644999999,259,541.604764683866,5.230831533477319,4720,120,30000,226,258,413.94572350000004,0.6457500000000005,Kosice (LZKZ)
2026,3,MAR,LZMC,Malacky,Slovakia,10,93.8539811031764,41.56173591136325,1340,760,6515.119047619048,5,7,186.99157,112.24726000000001,10,17.516163641973577,5.81067150991557,240,80,16461.224489795903,8,9,0,0,Malacky (LZMC)
2026,3,MAR,LZPP,Piestany,Slovakia,30,264.53537988998403,220.823626830228,6580,6140,3047.713883196721,5,7,1205.6988720000002,1096.999192,30,66.99696207081054,4.0817856591108,1000,140,18273.214285714297,21,28,276.59267200000005,0.36225,Piestany (LZPP)
2026,3,MAR,LZTN,Trencin,Slovakia,44,884.707404327013,862.8882340997621,25700,25060,2823.089717741935,7,8,89.23110000000001,85.68315000000001,51,643.4378799463241,636.229239770068,17932,17752,8000,28,29,33.53915000000001,33.27875,Trencin (LZTN)
2026,3,MAR,LZTT,Poprad Tatry,Slovakia,100,1032.9017986313982,405.64885135075104,24060,13740,9993.75,40,63,1910.296613,413.0510480000001,99,120.92716257180801,60.489367837213514,3034,2294,20000,82,91,141.4917995,14.272124999999999,Poprad Tatry (LZTT)
2026,3,MAR,LZZI,Zilina,Slovakia,13,57.42772495332058,43.9063066667835,2540,2340,8712.5,6,8,70.05967669999998,60.922574999999995,14,19.76795702497645,17.02663786897047,580,480,18000,13,13,0.1580250000000004,-0.3160499999999997,Zilina (LZZI)
2026,3,MAR,UDSG,Gyumri,Armenia,35,186.78496326716,35.45189623558826,3580,720,7995.652173913044,11,30,3931.829935,946.888135,34,573.721012761686,0,6880,0,34983.1324404762,14,34,856.352702,0,Gyumri (UDSG)
2026,3,MAR,UDYE,Yerevan Erebuni,Armenia,2,3.23974082073437,2.1598272138228403,60,40,19595,1,1,170.25777,113.55040000000001,2,28.34001851280467,0,240,0,32970,1,2,-41.464559999999935,0,Yerevan Erebuni (UDYE)
2026,3,MAR,UDYZ,Yerevan,Armenia,1385,11522.192779311501,1925.6082130462821,132800,36040,14000,514,928,92262.9940745,38613.1309845,1392,5600.805072554531,12.603310241303749,45743,200,33000,1044,1384,8710.715876,212.55044999999998,Yerevan (UDYZ)
2026,3,MAR,UGKO,Kutaisi,Georgia,355,1832.080441041518,708.7301225246371,23680,13120,35000,184,230,17671.072468,12453.672153,357,2471.2432326668422,1.3691761801912998,20860,20,34000,251,356,5945.882122000001,12.87116,Kutaisi (UGKO)
2026,3,MAR,UGSB,Batumi,Georgia,179,582.005507982335,341.99698570349204,9960,7320,23000,96,124,4142.591811199999,3300.2996349999994,185,444.36289460169,0,3640,0,33000,154,185,700.0685090000001,0,Batumi (UGSB)
2026,3,MAR,UGTB,Tbilisi,Georgia,1794,15046.1611595082,3808.4568020341085,173740,74020,7039.098837209302,607,857,134849.0890549999,91919.49742500001,1798,11390.7219813983,13.2242879414225,93085,240,33000,1277,1792,25460.9216,112.14850999999999,Tbilisi (UGTB)
