YEAR,MONTH_NUM,MONTH_MON,FLT_DATE,ENTITY_NAME,ENTITY_TYPE,FLT_ERT_1,DLY_ERT_1,DLY_ERT_A_1,DLY_ERT_C_1,DLY_ERT_D_1,DLY_ERT_E_1,DLY_ERT_G_1,DLY_ERT_I_1,DLY_ERT_M_1,DLY_ERT_N_1,DLY_ERT_O_1,DLY_ERT_P_1,DLY_ERT_R_1,DLY_ERT_S_1,DLY_ERT_T_1,DLY_ERT_V_1,DLY_ERT_W_1,DLY_ERT_NA_1,FLT_ERT_1_DLY,FLT_ERT_1_DLY_15
2026,1,JAN,2026-01-01T00:00:00Z,Albania,COUNTRY (FIR),798,,,,,,,,,,,,,,,,,,,
2026,1,JAN,2026-01-01T00:00:00Z,Armenia,COUNTRY (FIR),289,,,,,,,,,,,,,,,,,,,
2026,1,JAN,2026-01-01T00:00:00Z,Austria,COUNTRY (FIR),3429,,,,,,,,,,,,,,,,,,,
2026,1,JAN,2026-01-01T00:00:00Z,BLUE MED FAB,FAB (FIR),6674,0,0,0,0,0,0,0,0,0,0,0,0,0,0,0,0,0,0,0
2026,1,JAN,2026-01-01T00:00:00Z,Baltic FAB,FAB (FIR),1933,0,0,0,0,0,0,0,0,0,0,0,0,0,0,0,0,0,0,0
2026,1,JAN,2026-01-01T00:00:00Z,Belgium,COUNTRY (FIR),2897,582,0,0,0,0,0,0,0,0,0,0,0,582,0,0,0,0,56,9
2026,1,JAN,2026-01-01T00:00:00Z,Bosnia and Herzegovina,COUNTRY (FIR),1302,,,,,,,,,,,,,,,,,,,
2026,1,JAN,2026-01-01T00:00:00Z,Bulgaria,COUNTRY (FIR),2427,,,,,,,,,,,,,,,,,,,
2026,1,JAN,2026-01-01T00:00:00Z,Croatia,COUNTRY (FIR),2084,,,,,,,,,,,,,,,,,,,
2026,1,JAN,2026-01-01T00:00:00Z,Cyprus,COUNTRY (FIR),1166,,,,,,,,,,,,,,,,,,,
2026,1,JAN,2026-01-01T00:00:00Z,Czech Republic,COUNTRY (FIR),1750,,,,,,,,,,,,,,,,,,,
2026,1,JAN,2026-01-01T00:00:00Z,DANUBE FAB,FAB (FIR),2830,,,,,,,,,,,,,,,,,,,
2026,1,JAN,2026-01-01T00:00:00Z,DK-SE FAB,FAB (FIR),1838,38,0,38,0,0,0,0,0,0,0,0,0,0,0,0,0,0,8,0
2026,1,JAN,2026-01-01T00:00:00Z,Denmark,COUNTRY (FIR),1252,38,0,38,0,0,0,0,0,0,0,0,0,0,0,0,0,0,8,0
2026,1,JAN,2026-01-01T00:00:00Z,Estonia,COUNTRY (FIR),434,,,,,,,,,,,,,,,,,,,
2026,1,JAN,2026-01-01T00:00:00Z,FAB CE,FAB (FIR),5834,,,,,,,,,,,,,,,,,,,
2026,1,JAN,2026-01-01T00:00:00Z,FAB CE (SES RP1),FAB (FIR),5095,,,,,,,,,,,,,,,,,,,
2026,1,JAN,2026-01-01T00:00:00Z,FAB CE (SES RP2),FAB (FIR),5818,,,,,,,,,,,,,,,,,,,
2026,1,JAN,2026-01-01T00:00:00Z,FABEC,FAB (FIR),12926,8426,0,5326,0,0,0,0,0,0,149,57,0,2894,0,0,0,0,809,163
2026,1,JAN,2026-01-01T00:00:00Z,Finland,COUNTRY (FIR),613,,,,,,,,,,,,,,,,,,,
2026,1,JAN,2026-01-01T00:00:00Z,France,COUNTRY (FIR),7862,5960,0,3442,0,0,0,0,0,0,149,57,0,2312,0,0,0,0,522,130
2026,1,JAN,2026-01-01T00:00:00Z,Georgia,COUNTRY (FIR),689,37,0,37,0,0,0,0,0,0,0,0,0,0,0,0,0,0,6,0
2026,1,JAN,2026-01-01T00:00:00Z,Germany,COUNTRY (FIR),6032,1884,0,1884,0,0,0,0,0,0,0,0,0,0,0,0,0,0,231,24
2026,1,JAN,2026-01-01T00:00:00Z,Greece,COUNTRY (FIR),1992,,,,,,,,,,,,,,,,,,,
2026,1,JAN,2026-01-01T00:00:00Z,Hungary,COUNTRY (FIR),2528,,,,,,,,,,,,,,,,,,,
2026,1,JAN,2026-01-01T00:00:00Z,Iceland,COUNTRY (FIR),297,,,,,,,,,,,,,,,,,,,
2026,1,JAN,2026-01-01T00:00:00Z,Ireland,COUNTRY (FIR),1536,,,,,,,,,,,,,,,,,,,
2026,1,JAN,2026-01-01T00:00:00Z,Italy,COUNTRY (FIR),4894,,,,,,,,,,,,,,,,,,,
2026,1,JAN,2026-01-01T00:00:00Z,Latvia,COUNTRY (FIR),576,,,,,,,,,,,,,,,,,,,
2026,1,JAN,2026-01-01T00:00:00Z,Lithuania,COUNTRY (FIR),507,,,,,,,,,,,,,,,,,,,
2026,1,JAN,2026-01-01T00:00:00Z,Malta,COUNTRY (FIR),396,0,0,0,0,0,0,0,0,0,0,0,0,0,0,0,0,0,0,0
2026,1,JAN,2026-01-01T00:00:00Z,Moldova,COUNTRY (FIR),85,,,,,,,,,,,,,,,,,,,
2026,1,JAN,2026-01-01T00:00:00Z,NEFAB,FAB (FIR),1961,,,,,,,,,,,,,,,,,,,
2026,1,JAN,2026-01-01T00:00:00Z,Netherlands,COUNTRY (FIR),2818,0,0,0,0,0,0,0,0,0,0,0,0,0,0,0,0,0,0,0
2026,1,JAN,2026-01-01T00:00:00Z,North Macedonia,COUNTRY (FIR),560,,,,,,,,,,,,,,,,,,,
2026,1,JAN,2026-01-01T00:00:00Z,Norway,COUNTRY (FIR),1092,,,,,,,,,,,,,,,,,,,
2026,1,JAN,2026-01-01T00:00:00Z,Poland,COUNTRY (FIR),1772,0,0,0,0,0,0,0,0,0,0,0,0,0,0,0,0,0,0,0
2026,1,JAN,2026-01-01T00:00:00Z,Portugal,COUNTRY (FIR),2184,1352,0,1352,0,0,0,0,0,0,0,0,0,0,0,0,0,0,99,38
2026,1,JAN,2026-01-01T00:00:00Z,Portugal Continental,COUNTRY (FIR),1947,1352,0,1352,0,0,0,0,0,0,0,0,0,0,0,0,0,0,99,38
2026,1,JAN,2026-01-01T00:00:00Z,Portugal Santa Maria,COUNTRY (FIR),472,,,,,,,,,,,,,,,,,,,
2026,1,JAN,2026-01-01T00:00:00Z,Romania,COUNTRY (FIR),1974,,,,,,,,,,,,,,,,,,,
2026,1,JAN,2026-01-01T00:00:00Z,SES Area (RP2),AREA (FIR),21171,18223,0,13230,0,0,0,0,0,0,149,57,0,3103,0,0,1684,0,1552,390
2026,1,JAN,2026-01-01T00:00:00Z,SW FAB,FAB (FIR),5937,9759,0,7866,0,0,0,0,0,0,0,0,0,209,0,0,1684,0,735,227
2026,1,JAN,2026-01-01T00:00:00Z,Serbia/Montenegro,COUNTRY (FIR),2135,,,,,,,,,,,,,,,,,,,
2026,1,JAN,2026-01-01T00:00:00Z,Slovakia,COUNTRY (FIR),1243,,,,,,,,,,,,,,,,,,,
2026,1,JAN,2026-01-01T00:00:00Z,Slovenia,COUNTRY (FIR),1181,,,,,,,,,,,,,,,,,,,
2026,1,JAN,2026-01-01T00:00:00Z,Spain,COUNTRY (FIR),5747,8407,0,6514,0,0,0,0,0,0,0,0,0,209,0,0,1684,0,636,189
2026,1,JAN,2026-01-01T00:00:00Z,Spain Canaries,COUNTRY (FIR),1187,1751,0,0,0,0,0,0,0,0,0,0,0,67,0,0,1684,0,135,39
2026,1,JAN,2026-01-01T00:00:00Z,Spain Continental,COUNTRY (FIR),5454,6656,0,6514,0,0,0,0,0,0,0,0,0,142,0,0,0,0,501,150
2026,1,JAN,2026-01-01T00:00:00Z,Sweden,COUNTRY (FIR),1400,0,0,0,0,0,0,0,0,0,0,0,0,0,0,0,0,0,0,0
2026,1,JAN,2026-01-01T00:00:00Z,Switzerland,COUNTRY (FIR),2444,,,,,,,,,,,,,,,,,,,
2026,1,JAN,2026-01-01T00:00:00Z,Türkiye,COUNTRY (FIR),4112,0,0,0,0,0,0,0,0,0,0,0,0,0,0,0,0,0,0,0
2026,1,JAN,2026-01-01T00:00:00Z,UK Continental,COUNTRY (FIR),5620,0,0,0,0,0,0,0,0,0,0,0,0,0,0,0,0,0,0,0
2026,1,JAN,2026-01-01T00:00:00Z,UK Oceanic,COUNTRY (FIR),1397,,,,,,,,,,,,,,,,,,,
2026,1,JAN,2026-01-01T00:00:00Z,UK-Ireland FAB,FAB (FIR),5758,0,0,0,0,0,0,0,0,0,0,0,0,0,0,0,0,0,0,0
2026,1,JAN,2026-01-01T00:00:00Z,United Kingdom,COUNTRY (FIR),5935,0,0,0,0,0,0,0,0,0,0,0,0,0,0,0,0,0,0,0
2026,1,JAN,2026-01-02T00:00:00Z,Albania,COUNTRY (FIR),1010,,,,,,,,,,,,,,,,,,,
2026,1,JAN,2026-01-02T00:00:00Z,Armenia,COUNTRY (FIR),371,,,,,,,,,,,,,,,,,,,
2026,1,JAN,2026-01-02T00:00:00Z,Austria,COUNTRY (FIR),4196,,,,,,,,,,,,,,,,,,,
2026,1,JAN,2026-01-02T00:00:00Z,BLUE MED FAB,FAB (FIR),7705,0,0,0,0,0,0,0,0,0,0,0,0,0,0,0,0,0,0,0
2026,1,JAN,2026-01-02T00:00:00Z,Baltic FAB,FAB (FIR),2280,469,0,0,0,0,0,0,0,0,0,0,0,0,0,0,469,0,35,7
2026,1,JAN,2026-01-02T00:00:00Z,Belgium,COUNTRY (FIR),3182,287,0,0,0,0,0,0,0,0,0,0,0,287,0,0,0,0,20,7
2026,1,JAN,2026-01-02T00:00:00Z,Bosnia and Herzegovina,COUNTRY (FIR),1465,577,0,577,0,0,0,0,0,0,0,0,0,0,0,0,0,0,39,13
2026,1,JAN,2026-01-02T00:00:00Z,Bulgaria,COUNTRY (FIR),2748,,,,,,,,,,,,,,,,,,,
2026,1,JAN,2026-01-02T00:00:00Z,Croatia,COUNTRY (FIR),2367,,,,,,,,,,,,,,,,,,,
2026,1,JAN,2026-01-02T00:00:00Z,Cyprus,COUNTRY (FIR),1173,,,,,,,,,,,,,,,,,,,
2026,1,JAN,2026-01-02T00:00:00Z,Czech Republic,COUNTRY (FIR),2091,,,,,,,,,,,,,,,,,,,
2026,1,JAN,2026-01-02T00:00:00Z,DANUBE FAB,FAB (FIR),3277,,,,,,,,,,,,,,,,,,,
2026,1,JAN,2026-01-02T00:00:00Z,DK-SE FAB,FAB (FIR),2278,328,0,328,0,0,0,0,0,0,0,0,0,0,0,0,0,0,32,3
2026,1,JAN,2026-01-02T00:00:00Z,Denmark,COUNTRY (FIR),1549,328,0,328,0,0,0,0,0,0,0,0,0,0,0,0,0,0,32,3
2026,1,JAN,2026-01-02T00:00:00Z,Estonia,COUNTRY (FIR),441,,,,,,,,,,,,,,,,,,,
2026,1,JAN,2026-01-02T00:00:00Z,FAB CE,FAB (FIR),6923,577,0,577,0,0,0,0,0,0,0,0,0,0,0,0,0,0,39,13
2026,1,JAN,2026-01-02T00:00:00Z,FAB CE (SES RP1),FAB (FIR),6110,,,,,,,,,,,,,,,,,,,
2026,1,JAN,2026-01-02T00:00:00Z,FAB CE (SES RP2),FAB (FIR),6901,,,,,,,,,,,,,,,,,,,
2026,1,JAN,2026-01-02T00:00:00Z,FABEC,FAB (FIR),15123,11688,0,4888,0,0,0,0,0,0,221,340,0,4728,0,0,1511,0,802,270
2026,1,JAN,2026-01-02T00:00:00Z,Finland,COUNTRY (FIR),691,,,,,,,,,,,,,,,,,,,
2026,1,JAN,2026-01-02T00:00:00Z,France,COUNTRY (FIR),9048,6604,0,1556,0,0,0,0,0,0,221,340,0,4441,0,0,46,0,442,152
2026,1,JAN,2026-01-02T00:00:00Z,Georgia,COUNTRY (FIR),797,11,0,11,0,0,0,0,0,0,0,0,0,0,0,0,0,0,3,0
2026,1,JAN,2026-01-02T00:00:00Z,Germany,COUNTRY (FIR),7410,4586,0,3121,0,0,0,0,0,0,0,0,0,0,0,0,1465,0,331,104
2026,1,JAN,2026-01-02T00:00:00Z,Greece,COUNTRY (FIR),2380,0,0,0,0,0,0,0,0,0,0,0,0,0,0,0,0,0,0,0
2026,1,JAN,2026-01-02T00:00:00Z,Hungary,COUNTRY (FIR),2888,,,,,,,,,,,,,,,,,,,
2026,1,JAN,2026-01-02T00:00:00Z,Iceland,COUNTRY (FIR),345,,,,,,,,,,,,,,,,,,,
2026,1,JAN,2026-01-02T00:00:00Z,Ireland,COUNTRY (FIR),1595,,,,,,,,,,,,,,,,,,,
2026,1,JAN,2026-01-02T00:00:00Z,Italy,COUNTRY (FIR),5730,0,0,0,0,0,0,0,0,0,0,0,0,0,0,0,0,0,0,0
2026,1,JAN,2026-01-02T00:00:00Z,Latvia,COUNTRY (FIR),627,134,0,134,0,0,0,0,0,0,0,0,0,0,0,0,0,0,8,2
2026,1,JAN,2026-01-02T00:00:00Z,Lithuania,COUNTRY (FIR),596,,,,,,,,,,,,,,,,,,,
2026,1,JAN,2026-01-02T00:00:00Z,Malta,COUNTRY (FIR),427,0,0,0,0,0,0,0,0,0,0,0,0,0,0,0,0,0,0,0
2026,1,JAN,2026-01-02T00:00:00Z,Moldova,COUNTRY (FIR),114,,,,,,,,,,,,,,,,,,,
2026,1,JAN,2026-01-02T00:00:00Z,NEFAB,FAB (FIR),2485,293,0,134,0,0,0,0,0,0,0,159,0,0,0,0,0,0,14,4
2026,1,JAN,2026-01-02T00:00:00Z,Netherlands,COUNTRY (FIR),2918,0,0,0,0,0,0,0,0,0,0,0,0,0,0,0,0,0,0,0
2026,1,JAN,2026-01-02T00:00:00Z,North Macedonia,COUNTRY (FIR),627,1098,0,0,0,0,0,0,0,0,0,1098,0,0,0,0,0,0,66,26
2026,1,JAN,2026-01-02T00:00:00Z,Norway,COUNTRY (FIR),1496,159,0,0,0,0,0,0,0,0,0,159,0,0,0,0,0,0,6,2
2026,1,JAN,2026-01-02T00:00:00Z,Poland,COUNTRY (FIR),2100,469,0,0,0,0,0,0,0,0,0,0,0,0,0,0,469,0,35,7
2026,1,JAN,2026-01-02T00:00:00Z,Portugal,COUNTRY (FIR),2448,60,0,60,0,0,0,0,0,0,0,0,0,0,0,0,0,0,8,1
2026,1,JAN,2026-01-02T00:00:00Z,Portugal Continental,COUNTRY (FIR),2162,60,0,60,0,0,0,0,0,0,0,0,0,0,0,0,0,0,8,1
2026,1,JAN,2026-01-02T00:00:00Z,Portugal Santa Maria,COUNTRY (FIR),578,,,,,,,,,,,,,,,,,,,
2026,1,JAN,2026-01-02T00:00:00Z,Romania,COUNTRY (FIR),2245,,,,,,,,,,,,,,,,,,,
2026,1,JAN,2026-01-02T00:00:00Z,SES Area (RP2),AREA (FIR),25436,22778,0,15350,0,0,0,0,0,0,221,499,0,4728,0,0,1980,0,1556,517
2026,1,JAN,2026-01-02T00:00:00Z,SW FAB,FAB (FIR),6657,10000,0,10000,0,0,0,0,0,0,0,0,0,0,0,0,0,0,673,233
2026,1,JAN,2026-01-02T00:00:00Z,Serbia/Montenegro,COUNTRY (FIR),2525,,,,,,,,,,,,,,,,,,,
2026,1,JAN,2026-01-02T00:00:00Z,Slovakia,COUNTRY (FIR),1368,,,,,,,,,,,,,,,,,,,
2026,1,JAN,2026-01-02T00:00:00Z,Slovenia,COUNTRY (FIR),1420,,,,,,,,,,,,,,,,,,,
2026,1,JAN,2026-01-02T00:00:00Z,Spain,COUNTRY (FIR),6418,9940,0,9940,0,0,0,0,0,0,0,0,0,0,0,0,0,0,665,232
2026,1,JAN,2026-01-02T00:00:00Z,Spain Canaries,COUNTRY (FIR),1253,2989,0,2989,0,0,0,0,0,0,0,0,0,0,0,0,0,0,118,86
2026,1,JAN,2026-01-02T00:00:00Z,Spain Continental,COUNTRY (FIR),6034,6951,0,6951,0,0,0,0,0,0,0,0,0,0,0,0,0,0,547,146
2026,1,JAN,2026-01-02T00:00:00Z,Sweden,COUNTRY (FIR),1712,0,0,0,0,0,0,0,0,0,0,0,0,0,0,0,0,0,0,0
2026,1,JAN,2026-01-02T00:00:00Z,Switzerland,COUNTRY (FIR),3018,211,0,211,0,0,0,0,0,0,0,0,0,0,0,0,0,0,9,7
2026,1,JAN,2026-01-02T00:00:00Z,Türkiye,COUNTRY (FIR),4771,,,,,,,,,,,,,,,,,,,
2026,1,JAN,2026-01-02T00:00:00Z,UK Continental,COUNTRY (FIR),6440,0,0,0,0,0,0,0,0,0,0,0,0,0,0,0,0,0,0,0
2026,1,JAN,2026-01-02T00:00:00Z,UK Oceanic,COUNTRY (FIR),1440,,,,,,,,,,,,,,,,,,,
2026,1,JAN,2026-01-02T00:00:00Z,UK-Ireland FAB,FAB (FIR),6579,0,0,0,0,0,0,0,0,0,0,0,0,0,0,0,0,0,0,0
2026,1,JAN,2026-01-02T00:00:00Z,United Kingdom,COUNTRY (FIR),6785,0,0,0,0,0,0,0,0,0,0,0,0,0,0,0,0,0,0,0
2026,1,JAN,2026-01-03T00:00:00Z,Albania,COUNTRY (FIR),978,,,,,,,,,,,,,,,,,,,
2026,1,JAN,2026-01-03T00:00:00Z,Armenia,COUNTRY (FIR),354,,,,,,,,,,,,,,,,,,,
2026,1,JAN,2026-01-03T00:00:00Z,Austria,COUNTRY (FIR),4129,0,0,0,0,0,0,0,0,0,0,0,0,0,0,0,0,0,0,0
2026,1,JAN,2026-01-03T00:00:00Z,BLUE MED FAB,FAB (FIR),7539,0,0,0,0,0,0,0,0,0,0,0,0,0,0,0,0,0,0,0
2026,1,JAN,2026-01-03T00:00:00Z,Baltic FAB,FAB (FIR),2115,617,0,0,0,0,0,0,0,0,0,0,0,0,0,0,617,0,37,13
2026,1,JAN,2026-01-03T00:00:00Z,Belgium,COUNTRY (FIR),3153,2331,0,1341,0,0,0,0,0,0,0,0,0,990,0,0,0,0,138,46
2026,1,JAN,2026-01-03T00:00:00Z,Bosnia and Herzegovina,COUNTRY (FIR),1452,1091,0,1091,0,0,0,0,0,0,0,0,0,0,0,0,0,0,84,23
2026,1,JAN,2026-01-03T00:00:00Z,Bulgaria,COUNTRY (FIR),2936,,,,,,,,,,,,,,,,,,,
2026,1,JAN,2026-01-03T00:00:00Z,Croatia,COUNTRY (FIR),2323,,,,,,,,,,,,,,,,,,,
2026,1,JAN,2026-01-03T00:00:00Z,Cyprus,COUNTRY (FIR),1234,,,,,,,,,,,,,,,,,,,
2026,1,JAN,2026-01-03T00:00:00Z,Czech Republic,COUNTRY (FIR),2016,,,,,,,,,,,,,,,,,,,
2026,1,JAN,2026-01-03T00:00:00Z,DANUBE FAB,FAB (FIR),3411,,,,,,,,,,,,,,,,,,,
2026,1,JAN,2026-01-03T00:00:00Z,DK-SE FAB,FAB (FIR),2040,3166,0,3166,0,0,0,0,0,0,0,0,0,0,0,0,0,0,118,50
2026,1,JAN,2026-01-03T00:00:00Z,Denmark,COUNTRY (FIR),1434,3166,0,3166,0,0,0,0,0,0,0,0,0,0,0,0,0,0,118,50
2026,1,JAN,2026-01-03T00:00:00Z,Estonia,COUNTRY (FIR),455,,,,,,,,,,,,,,,,,,,
2026,1,JAN,2026-01-03T00:00:00Z,FAB CE,FAB (FIR),6837,1091,0,1091,0,0,0,0,0,0,0,0,0,0,0,0,0,0,84,23
2026,1,JAN,2026-01-03T00:00:00Z,FAB CE (SES RP1),FAB (FIR),6054,0,0,0,0,0,0,0,0,0,0,0,0,0,0,0,0,0,0,0
2026,1,JAN,2026-01-03T00:00:00Z,FAB CE (SES RP2),FAB (FIR),6812,0,0,0,0,0,0,0,0,0,0,0,0,0,0,0,0,0,0,0
2026,1,JAN,2026-01-03T00:00:00Z,FABEC,FAB (FIR),14793,37003,0,27873,0,0,0,0,0,0,5404,1189,0,2537,0,0,0,0,1930,812
2026,1,JAN,2026-01-03T00:00:00Z,Finland,COUNTRY (FIR),686,,,,,,,,,,,,,,,,,,,
2026,1,JAN,2026-01-03T00:00:00Z,France,COUNTRY (FIR),9210,21752,0,13869,0,0,0,0,0,0,5404,1189,0,1290,0,0,0,0,1127,492
2026,1,JAN,2026-01-03T00:00:00Z,Georgia,COUNTRY (FIR),771,,,,,,,,,,,,,,,,,,,
2026,1,JAN,2026-01-03T00:00:00Z,Germany,COUNTRY (FIR),7197,11481,0,11224,0,0,0,0,0,0,0,0,0,257,0,0,0,0,628,248
2026,1,JAN,2026-01-03T00:00:00Z,Greece,COUNTRY (FIR),2509,0,0,0,0,0,0,0,0,0,0,0,0,0,0,0,0,0,0,0
2026,1,JAN,2026-01-03T00:00:00Z,Hungary,COUNTRY (FIR),2969,,,,,,,,,,,,,,,,,,,
2026,1,JAN,2026-01-03T00:00:00Z,Iceland,COUNTRY (FIR),372,,,,,,,,,,,,,,,,,,,
2026,1,JAN,2026-01-03T00:00:00Z,Ireland,COUNTRY (FIR),1562,,,,,,,,,,,,,,,,,,,
2026,1,JAN,2026-01-03T00:00:00Z,Italy,COUNTRY (FIR),5473,0,0,0,0,0,0,0,0,0,0,0,0,0,0,0,0,0,0,0
2026,1,JAN,2026-01-03T00:00:00Z,Latvia,COUNTRY (FIR),621,,,,,,,,,,,,,,,,,,,
2026,1,JAN,2026-01-03T00:00:00Z,Lithuania,COUNTRY (FIR),559,,,,,,,,,,,,,,,,,,,
2026,1,JAN,2026-01-03T00:00:00Z,Malta,COUNTRY (FIR),481,0,0,0,0,0,0,0,0,0,0,0,0,0,0,0,0,0,0,0
2026,1,JAN,2026-01-03T00:00:00Z,Moldova,COUNTRY (FIR),121,,,,,,,,,,,,,,,,,,,
2026,1,JAN,2026-01-03T00:00:00Z,NEFAB,FAB (FIR),2045,198,0,0,0,0,0,0,0,0,0,198,0,0,0,0,0,0,14,5
2026,1,JAN,2026-01-03T00:00:00Z,Netherlands,COUNTRY (FIR),2680,0,0,0,0,0,0,0,0,0,0,0,0,0,0,0,0,0,0,0
2026,1,JAN,2026-01-03T00:00:00Z,North Macedonia,COUNTRY (FIR),633,1128,0,0,0,0,0,0,0,0,0,1128,0,0,0,0,0,0,81,23
2026,1,JAN,2026-01-03T00:00:00Z,Norway,COUNTRY (FIR),1061,198,0,0,0,0,0,0,0,0,0,198,0,0,0,0,0,0,14,5
2026,1,JAN,2026-01-03T00:00:00Z,Poland,COUNTRY (FIR),1936,617,0,0,0,0,0,0,0,0,0,0,0,0,0,0,617,0,37,13
2026,1,JAN,2026-01-03T00:00:00Z,Portugal,COUNTRY (FIR),2672,495,0,495,0,0,0,0,0,0,0,0,0,0,0,0,0,0,46,11
2026,1,JAN,2026-01-03T00:00:00Z,Portugal Continental,COUNTRY (FIR),2412,495,0,495,0,0,0,0,0,0,0,0,0,0,0,0,0,0,46,11
2026,1,JAN,2026-01-03T00:00:00Z,Portugal Santa Maria,COUNTRY (FIR),593,,,,,,,,,,,,,,,,,,,
2026,1,JAN,2026-01-03T00:00:00Z,Romania,COUNTRY (FIR),2337,,,,,,,,,,,,,,,,,,,
2026,1,JAN,2026-01-03T00:00:00Z,SES Area (RP2),AREA (FIR),23818,49140,0,39195,0,0,0,0,0,0,5404,1387,0,2537,0,0,617,0,2671,1059
2026,1,JAN,2026-01-03T00:00:00Z,SW FAB,FAB (FIR),6709,6231,0,6231,0,0,0,0,0,0,0,0,0,0,0,0,0,0,477,138
2026,1,JAN,2026-01-03T00:00:00Z,Serbia/Montenegro,COUNTRY (FIR),2485,,,,,,,,,,,,,,,,,,,
2026,1,JAN,2026-01-03T00:00:00Z,Slovakia,COUNTRY (FIR),1488,,,,,,,,,,,,,,,,,,,
2026,1,JAN,2026-01-03T00:00:00Z,Slovenia,COUNTRY (FIR),1385,,,,,,,,,,,,,,,,,,,
2026,1,JAN,2026-01-03T00:00:00Z,Spain,COUNTRY (FIR),6475,5736,0,5736,0,0,0,0,0,0,0,0,0,0,0,0,0,0,431,127
2026,1,JAN,2026-01-03T00:00:00Z,Spain Canaries,COUNTRY (FIR),1525,83,0,83,0,0,0,0,0,0,0,0,0,0,0,0,0,0,7,2
2026,1,JAN,2026-01-03T00:00:00Z,Spain Continental,COUNTRY (FIR),6100,5653,0,5653,0,0,0,0,0,0,0,0,0,0,0,0,0,0,424,125
2026,1,JAN,2026-01-03T00:00:00Z,Sweden,COUNTRY (FIR),1551,0,0,0,0,0,0,0,0,0,0,0,0,0,0,0,0,0,0,0
2026,1,JAN,2026-01-03T00:00:00Z,Switzerland,COUNTRY (FIR),3054,1439,0,1439,0,0,0,0,0,0,0,0,0,0,0,0,0,0,37,26
2026,1,JAN,2026-01-03T00:00:00Z,Türkiye,COUNTRY (FIR),4843,0,0,0,0,0,0,0,0,0,0,0,0,0,0,0,0,0,0,0
2026,1,JAN,2026-01-03T00:00:00Z,UK Continental,COUNTRY (FIR),6163,1925,0,1925,0,0,0,0,0,0,0,0,0,0,0,0,0,0,95,41
2026,1,JAN,2026-01-03T00:00:00Z,UK Oceanic,COUNTRY (FIR),1420,,,,,,,,,,,,,,,,,,,
2026,1,JAN,2026-01-03T00:00:00Z,UK-Ireland FAB,FAB (FIR),6298,1925,0,1925,0,0,0,0,0,0,0,0,0,0,0,0,0,0,95,41
2026,1,JAN,2026-01-03T00:00:00Z,United Kingdom,COUNTRY (FIR),6500,1925,0,1925,0,0,0,0,0,0,0,0,0,0,0,0,0,0,95,41
2026,1,JAN,2026-01-04T00:00:00Z,Albania,COUNTRY (FIR),875,,,,,,,,,,,,,,,,,,,
2026,1,JAN,2026-01-04T00:00:00Z,Armenia,COUNTRY (FIR),405,,,,,,,,,,,,,,,,,,,
2026,1,JAN,2026-01-04T00:00:00Z,Austria,COUNTRY (FIR),4097,0,0,0,0,0,0,0,0,0,0,0,0,0,0,0,0,0,0,0
2026,1,JAN,2026-01-04T00:00:00Z,BLUE MED FAB,FAB (FIR),7590,33513,0,0,0,0,0,0,0,0,2853,0,0,0,30660,0,0,0,509,324
2026,1,JAN,2026-01-04T00:00:00Z,Baltic FAB,FAB (FIR),2249,146,0,44,0,0,0,0,0,0,0,102,0,0,0,0,0,0,14,4
2026,1,JAN,2026-01-04T00:00:00Z,Belgium,COUNTRY (FIR),3240,3444,0,1754,0,0,0,0,0,0,0,0,0,1690,0,0,0,0,235,76
2026,1,JAN,2026-01-04T00:00:00Z,Bosnia and Herzegovina,COUNTRY (FIR),1322,188,0,188,0,0,0,0,0,0,0,0,0,0,0,0,0,0,12,5
2026,1,JAN,2026-01-04T00:00:00Z,Bulgaria,COUNTRY (FIR),3509,11380,0,0,0,0,0,0,0,0,11380,0,0,0,0,0,0,0,398,302
2026,1,JAN,2026-01-04T00:00:00Z,Croatia,COUNTRY (FIR),2352,,,,,,,,,,,,,,,,,,,
2026,1,JAN,2026-01-04T00:00:00Z,Cyprus,COUNTRY (FIR),1539,2449,0,0,0,0,0,0,0,0,2449,0,0,0,0,0,0,0,84,49
2026,1,JAN,2026-01-04T00:00:00Z,Czech Republic,COUNTRY (FIR),2149,,,,,,,,,,,,,,,,,,,
2026,1,JAN,2026-01-04T00:00:00Z,DANUBE FAB,FAB (FIR),4053,11380,0,0,0,0,0,0,0,0,11380,0,0,0,0,0,0,0,398,302
2026,1,JAN,2026-01-04T00:00:00Z,DK-SE FAB,FAB (FIR),2272,46,0,46,0,0,0,0,0,0,0,0,0,0,0,0,0,0,4,2
2026,1,JAN,2026-01-04T00:00:00Z,Denmark,COUNTRY (FIR),1574,46,0,46,0,0,0,0,0,0,0,0,0,0,0,0,0,0,4,2
2026,1,JAN,2026-01-04T00:00:00Z,Estonia,COUNTRY (FIR),415,,,,,,,,,,,,,,,,,,,
2026,1,JAN,2026-01-04T00:00:00Z,FAB CE,FAB (FIR),7057,1781,0,602,0,0,0,0,0,0,1179,0,0,0,0,0,0,0,107,41
2026,1,JAN,2026-01-04T00:00:00Z,FAB CE (SES RP1),FAB (FIR),6127,1593,0,414,0,0,0,0,0,0,1179,0,0,0,0,0,0,0,95,36
2026,1,JAN,2026-01-04T00:00:00Z,FAB CE (SES RP2),FAB (FIR),7057,1593,0,414,0,0,0,0,0,0,1179,0,0,0,0,0,0,0,95,36
2026,1,JAN,2026-01-04T00:00:00Z,FABEC,FAB (FIR),15265,27547,0,9112,0,0,0,0,0,0,7038,169,0,10869,0,359,0,0,1655,624
2026,1,JAN,2026-01-04T00:00:00Z,Finland,COUNTRY (FIR),716,,,,,,,,,,,,,,,,,,,
2026,1,JAN,2026-01-04T00:00:00Z,France,COUNTRY (FIR),9414,16571,0,1909,0,0,0,0,0,0,7038,169,0,7455,0,0,0,0,963,372
2026,1,JAN,2026-01-04T00:00:00Z,Georgia,COUNTRY (FIR),729,283,0,283,0,0,0,0,0,0,0,0,0,0,0,0,0,0,18,6
2026,1,JAN,2026-01-04T00:00:00Z,Germany,COUNTRY (FIR),7436,5972,0,4248,0,0,0,0,0,0,0,0,0,1724,0,0,0,0,398,140
2026,1,JAN,2026-01-04T00:00:00Z,Greece,COUNTRY (FIR),1503,30660,0,0,0,0,0,0,0,0,0,0,0,0,30660,0,0,0,418,268
2026,1,JAN,2026-01-04T00:00:00Z,Hungary,COUNTRY (FIR),3167,1593,0,414,0,0,0,0,0,0,1179,0,0,0,0,0,0,0,95,36
2026,1,JAN,2026-01-04T00:00:00Z,Iceland,COUNTRY (FIR),453,,,,,,,,,,,,,,,,,,,
2026,1,JAN,2026-01-04T00:00:00Z,Ireland,COUNTRY (FIR),1590,,,,,,,,,,,,,,,,,,,
2026,1,JAN,2026-01-04T00:00:00Z,Italy,COUNTRY (FIR),5610,0,0,0,0,0,0,0,0,0,0,0,0,0,0,0,0,0,0,0
2026,1,JAN,2026-01-04T00:00:00Z,Latvia,COUNTRY (FIR),604,,,,,,,,,,,,,,,,,,,
2026,1,JAN,2026-01-04T00:00:00Z,Lithuania,COUNTRY (FIR),588,,,,,,,,,,,,,,,,,,,
2026,1,JAN,2026-01-04T00:00:00Z,Malta,COUNTRY (FIR),429,404,0,0,0,0,0,0,0,0,404,0,0,0,0,0,0,0,7,7
2026,1,JAN,2026-01-04T00:00:00Z,Moldova,COUNTRY (FIR),143,,,,,,,,,,,,,,,,,,,
2026,1,JAN,2026-01-04T00:00:00Z,NEFAB,FAB (FIR),2366,536,0,0,0,0,0,0,0,0,0,536,0,0,0,0,0,0,32,13
2026,1,JAN,2026-01-04T00:00:00Z,Netherlands,COUNTRY (FIR),2669,0,0,0,0,0,0,0,0,0,0,0,0,0,0,0,0,0,0,0
2026,1,JAN,2026-01-04T00:00:00Z,North Macedonia,COUNTRY (FIR),534,228,0,0,0,0,0,0,0,0,0,228,0,0,0,0,0,0,8,2
2026,1,JAN,2026-01-04T00:00:00Z,Norway,COUNTRY (FIR),1391,536,0,0,0,0,0,0,0,0,0,536,0,0,0,0,0,0,32,13
2026,1,JAN,2026-01-04T00:00:00Z,Poland,COUNTRY (FIR),2075,146,0,44,0,0,0,0,0,0,0,102,0,0,0,0,0,0,14,4
2026,1,JAN,2026-01-04T00:00:00Z,Portugal,COUNTRY (FIR),2571,185,0,185,0,0,0,0,0,0,0,0,0,0,0,0,0,0,18,2
2026,1,JAN,2026-01-04T00:00:00Z,Portugal Continental,COUNTRY (FIR),2283,185,0,185,0,0,0,0,0,0,0,0,0,0,0,0,0,0,18,2
2026,1,JAN,2026-01-04T00:00:00Z,Portugal Santa Maria,COUNTRY (FIR),606,,,,,,,,,,,,,,,,,,,
2026,1,JAN,2026-01-04T00:00:00Z,Romania,COUNTRY (FIR),2599,,,,,,,,,,,,,,,,,,,
2026,1,JAN,2026-01-04T00:00:00Z,SES Area (RP2),AREA (FIR),25012,82228,0,16959,0,0,0,0,0,0,22450,807,0,10993,30660,359,0,0,3300,1460
2026,1,JAN,2026-01-04T00:00:00Z,SW FAB,FAB (FIR),6720,6484,0,6484,0,0,0,0,0,0,0,0,0,0,0,0,0,0,527,128
2026,1,JAN,2026-01-04T00:00:00Z,Serbia/Montenegro,COUNTRY (FIR),2447,0,0,0,0,0,0,0,0,0,0,0,0,0,0,0,0,0,0,0
2026,1,JAN,2026-01-04T00:00:00Z,Slovakia,COUNTRY (FIR),1524,,,,,,,,,,,,,,,,,,,
2026,1,JAN,2026-01-04T00:00:00Z,Slovenia,COUNTRY (FIR),1287,,,,,,,,,,,,,,,,,,,
2026,1,JAN,2026-01-04T00:00:00Z,Spain,COUNTRY (FIR),6472,6299,0,6299,0,0,0,0,0,0,0,0,0,0,0,0,0,0,509,126
2026,1,JAN,2026-01-04T00:00:00Z,Spain Canaries,COUNTRY (FIR),1413,515,0,515,0,0,0,0,0,0,0,0,0,0,0,0,0,0,58,10
2026,1,JAN,2026-01-04T00:00:00Z,Spain Continental,COUNTRY (FIR),6074,5784,0,5784,0,0,0,0,0,0,0,0,0,0,0,0,0,0,451,116
2026,1,JAN,2026-01-04T00:00:00Z,Sweden,COUNTRY (FIR),1712,,,,,,,,,,,,,,,,,,,
2026,1,JAN,2026-01-04T00:00:00Z,Switzerland,COUNTRY (FIR),3173,1560,0,1201,0,0,0,0,0,0,0,0,0,0,0,359,0,0,59,36
2026,1,JAN,2026-01-04T00:00:00Z,Türkiye,COUNTRY (FIR),5291,1678,0,0,0,0,0,0,0,0,1678,0,0,0,0,0,0,0,122,34
2026,1,JAN,2026-01-04T00:00:00Z,UK Continental,COUNTRY (FIR),6404,983,0,859,0,0,0,0,0,0,0,0,0,124,0,0,0,0,66,27
2026,1,JAN,2026-01-04T00:00:00Z,UK Oceanic,COUNTRY (FIR),1439,,,,,,,,,,,,,,,,,,,
2026,1,JAN,2026-01-04T00:00:00Z,UK-Ireland FAB,FAB (FIR),6539,983,0,859,0,0,0,0,0,0,0,0,0,124,0,0,0,0,66,27
2026,1,JAN,2026-01-04T00:00:00Z,United Kingdom,COUNTRY (FIR),6719,983,0,859,0,0,0,0,0,0,0,0,0,124,0,0,0,0,66,27
2026,1,JAN,2026-01-05T00:00:00Z,Albania,COUNTRY (FIR),930,,,,,,,,,,,,,,,,,,,
2026,1,JAN,2026-01-05T00:00:00Z,Armenia,COUNTRY (FIR),371,,,,,,,,,,,,,,,,,,,
2026,1,JAN,2026-01-05T00:00:00Z,Austria,COUNTRY (FIR),3963,,,,,,,,,,,,,,,,,,,
2026,1,JAN,2026-01-05T00:00:00Z,BLUE MED FAB,FAB (FIR),7502,2378,0,0,0,0,0,0,0,0,0,0,0,0,2378,0,0,0,139,68
2026,1,JAN,2026-01-05T00:00:00Z,Baltic FAB,FAB (FIR),2202,0,0,0,0,0,0,0,0,0,0,0,0,0,0,0,0,0,0,0
2026,1,JAN,2026-01-05T00:00:00Z,Belgium,COUNTRY (FIR),3021,0,0,0,0,0,0,0,0,0,0,0,0,0,0,0,0,0,0,0
2026,1,JAN,2026-01-05T00:00:00Z,Bosnia and Herzegovina,COUNTRY (FIR),1364,43,0,43,0,0,0,0,0,0,0,0,0,0,0,0,0,0,10,0
2026,1,JAN,2026-01-05T00:00:00Z,Bulgaria,COUNTRY (FIR),2824,810,0,0,0,0,0,0,0,0,810,0,0,0,0,0,0,0,67,15
2026,1,JAN,2026-01-05T00:00:00Z,Croatia,COUNTRY (FIR),2247,,,,,,,,,,,,,,,,,,,
2026,1,JAN,2026-01-05T00:00:00Z,Cyprus,COUNTRY (FIR),1262,,,,,,,,,,,,,,,,,,,
2026,1,JAN,2026-01-05T00:00:00Z,Czech Republic,COUNTRY (FIR),1967,,,,,,,,,,,,,,,,,,,
2026,1,JAN,2026-01-05T00:00:00Z,DANUBE FAB,FAB (FIR),3408,810,0,0,0,0,0,0,0,0,810,0,0,0,0,0,0,0,67,15
2026,1,JAN,2026-01-05T00:00:00Z,DK-SE FAB,FAB (FIR),2159,1,0,1,0,0,0,0,0,0,0,0,0,0,0,0,0,0,1,0
2026,1,JAN,2026-01-05T00:00:00Z,Denmark,COUNTRY (FIR),1432,1,0,1,0,0,0,0,0,0,0,0,0,0,0,0,0,0,1,0
2026,1,JAN,2026-01-05T00:00:00Z,Estonia,COUNTRY (FIR),437,,,,,,,,,,,,,,,,,,,
2026,1,JAN,2026-01-05T00:00:00Z,FAB CE,FAB (FIR),6623,74,0,74,0,0,0,0,0,0,0,0,0,0,0,0,0,0,12,1
2026,1,JAN,2026-01-05T00:00:00Z,FAB CE (SES RP1),FAB (FIR),5805,31,0,31,0,0,0,0,0,0,0,0,0,0,0,0,0,0,2,1
2026,1,JAN,2026-01-05T00:00:00Z,FAB CE (SES RP2),FAB (FIR),6595,31,0,31,0,0,0,0,0,0,0,0,0,0,0,0,0,0,2,1
2026,1,JAN,2026-01-05T00:00:00Z,FABEC,FAB (FIR),14357,11581,0,6336,0,0,0,0,0,0,1,453,0,4741,50,0,0,0,687,245
2026,1,JAN,2026-01-05T00:00:00Z,Finland,COUNTRY (FIR),653,,,,,,,,,,,,,,,,,,,
2026,1,JAN,2026-01-05T00:00:00Z,France,COUNTRY (FIR),8568,5390,0,1855,0,0,0,0,0,0,1,453,0,3031,50,0,0,0,251,124
2026,1,JAN,2026-01-05T00:00:00Z,Georgia,COUNTRY (FIR),734,150,0,150,0,0,0,0,0,0,0,0,0,0,0,0,0,0,12,3
2026,1,JAN,2026-01-05T00:00:00Z,Germany,COUNTRY (FIR),7269,6106,0,4396,0,0,0,0,0,0,0,0,0,1710,0,0,0,0,431,119
2026,1,JAN,2026-01-05T00:00:00Z,Greece,COUNTRY (FIR),2161,2378,0,0,0,0,0,0,0,0,0,0,0,0,2378,0,0,0,139,68
2026,1,JAN,2026-01-05T00:00:00Z,Hungary,COUNTRY (FIR),2922,31,0,31,0,0,0,0,0,0,0,0,0,0,0,0,0,0,2,1
2026,1,JAN,2026-01-05T00:00:00Z,Iceland,COUNTRY (FIR),358,,,,,,,,,,,,,,,,,,,
2026,1,JAN,2026-01-05T00:00:00Z,Ireland,COUNTRY (FIR),1541,0,0,0,0,0,0,0,0,0,0,0,0,0,0,0,0,0,0,0
2026,1,JAN,2026-01-05T00:00:00Z,Italy,COUNTRY (FIR),5490,0,0,0,0,0,0,0,0,0,0,0,0,0,0,0,0,0,0,0
2026,1,JAN,2026-01-05T00:00:00Z,Latvia,COUNTRY (FIR),607,,,,,,,,,,,,,,,,,,,
2026,1,JAN,2026-01-05T00:00:00Z,Lithuania,COUNTRY (FIR),569,,,,,,,,,,,,,,,,,,,
2026,1,JAN,2026-01-05T00:00:00Z,Malta,COUNTRY (FIR),478,,,,,,,,,,,,,,,,,,,
2026,1,JAN,2026-01-05T00:00:00Z,Moldova,COUNTRY (FIR),120,,,,,,,,,,,,,,,,,,,
2026,1,JAN,2026-01-05T00:00:00Z,NEFAB,FAB (FIR),2452,,,,,,,,,,,,,,,,,,,
2026,1,JAN,2026-01-05T00:00:00Z,Netherlands,COUNTRY (FIR),2327,0,0,0,0,0,0,0,0,0,0,0,0,0,0,0,0,0,0,0
2026,1,JAN,2026-01-05T00:00:00Z,North Macedonia,COUNTRY (FIR),650,589,0,589,0,0,0,0,0,0,0,0,0,0,0,0,0,0,34,13
2026,1,JAN,2026-01-05T00:00:00Z,Norway,COUNTRY (FIR),1479,,,,,,,,,,,,,,,,,,,
2026,1,JAN,2026-01-05T00:00:00Z,Poland,COUNTRY (FIR),2023,0,0,0,0,0,0,0,0,0,0,0,0,0,0,0,0,0,0,0
2026,1,JAN,2026-01-05T00:00:00Z,Portugal,COUNTRY (FIR),2354,0,0,0,0,0,0,0,0,0,0,0,0,0,0,0,0,0,0,0
2026,1,JAN,2026-01-05T00:00:00Z,Portugal Continental,COUNTRY (FIR),2069,0,0,0,0,0,0,0,0,0,0,0,0,0,0,0,0,0,0,0
2026,1,JAN,2026-01-05T00:00:00Z,Portugal Santa Maria,COUNTRY (FIR),575,,,,,,,,,,,,,,,,,,,
2026,1,JAN,2026-01-05T00:00:00Z,Romania,COUNTRY (FIR),2319,,,,,,,,,,,,,,,,,,,
2026,1,JAN,2026-01-05T00:00:00Z,SES Area (RP2),AREA (FIR),24400,18402,0,9654,0,0,0,0,0,0,811,453,0,5056,2428,0,0,0,1191,409
2026,1,JAN,2026-01-05T00:00:00Z,SW FAB,FAB (FIR),6263,3509,0,3194,0,0,0,0,0,0,0,0,0,315,0,0,0,0,290,77
2026,1,JAN,2026-01-05T00:00:00Z,Serbia/Montenegro,COUNTRY (FIR),2427,,,,,,,,,,,,,,,,,,,
2026,1,JAN,2026-01-05T00:00:00Z,Slovakia,COUNTRY (FIR),1381,,,,,,,,,,,,,,,,,,,
2026,1,JAN,2026-01-05T00:00:00Z,Slovenia,COUNTRY (FIR),1295,,,,,,,,,,,,,,,,,,,
2026,1,JAN,2026-01-05T00:00:00Z,Spain,COUNTRY (FIR),6044,3509,0,3194,0,0,0,0,0,0,0,0,0,315,0,0,0,0,290,77
2026,1,JAN,2026-01-05T00:00:00Z,Spain Canaries,COUNTRY (FIR),1204,0,0,0,0,0,0,0,0,0,0,0,0,0,0,0,0,0,0,0
2026,1,JAN,2026-01-05T00:00:00Z,Spain Continental,COUNTRY (FIR),5722,3509,0,3194,0,0,0,0,0,0,0,0,0,315,0,0,0,0,290,77
2026,1,JAN,2026-01-05T00:00:00Z,Sweden,COUNTRY (FIR),1613,0,0,0,0,0,0,0,0,0,0,0,0,0,0,0,0,0,0,0
2026,1,JAN,2026-01-05T00:00:00Z,Switzerland,COUNTRY (FIR),2773,85,0,85,0,0,0,0,0,0,0,0,0,0,0,0,0,0,5,2
2026,1,JAN,2026-01-05T00:00:00Z,Türkiye,COUNTRY (FIR),4739,,,,,,,,,,,,,,,,,,,
2026,1,JAN,2026-01-05T00:00:00Z,UK Continental,COUNTRY (FIR),5870,92,0,92,0,0,0,0,0,0,0,0,0,0,0,0,0,0,5,3
2026,1,JAN,2026-01-05T00:00:00Z,UK Oceanic,COUNTRY (FIR),1418,,,,,,,,,,,,,,,,,,,
2026,1,JAN,2026-01-05T00:00:00Z,UK-Ireland FAB,FAB (FIR),6005,92,0,92,0,0,0,0,0,0,0,0,0,0,0,0,0,0,5,3
2026,1,JAN,2026-01-05T00:00:00Z,United Kingdom,COUNTRY (FIR),6204,92,0,92,0,0,0,0,0,0,0,0,0,0,0,0,0,0,5,3
2026,1,JAN,2026-01-06T00:00:00Z,Albania,COUNTRY (FIR),817,,,,,,,,,,,,,,,,,,,
2026,1,JAN,2026-01-06T00:00:00Z,Armenia,COUNTRY (FIR),358,,,,,,,,,,,,,,,,,,,
2026,1,JAN,2026-01-06T00:00:00Z,Austria,COUNTRY (FIR),3421,,,,,,,,,,,,,,,,,,,
2026,1,JAN,2026-01-06T00:00:00Z,BLUE MED FAB,FAB (FIR),6362,0,0,0,0,0,0,0,0,0,0,0,0,0,0,0,0,0,0,0
2026,1,JAN,2026-01-06T00:00:00Z,Baltic FAB,FAB (FIR),1820,,,,,,,,,,,,,,,,,,,
2026,1,JAN,2026-01-06T00:00:00Z,Belgium,COUNTRY (FIR),2655,,,,,,,,,,,,,,,,,,,
2026,1,JAN,2026-01-06T00:00:00Z,Bosnia and Herzegovina,COUNTRY (FIR),1206,,,,,,,,,,,,,,,,,,,
2026,1,JAN,2026-01-06T00:00:00Z,Bulgaria,COUNTRY (FIR),2695,,,,,,,,,,,,,,,,,,,
2026,1,JAN,2026-01-06T00:00:00Z,Croatia,COUNTRY (FIR),1963,,,,,,,,,,,,,,,,,,,
2026,1,JAN,2026-01-06T00:00:00Z,Cyprus,COUNTRY (FIR),1154,,,,,,,,,,,,,,,,,,,
2026,1,JAN,2026-01-06T00:00:00Z,Czech Republic,COUNTRY (FIR),1702,,,,,,,,,,,,,,,,,,,
2026,1,JAN,2026-01-06T00:00:00Z,DANUBE FAB,FAB (FIR),3160,,,,,,,,,,,,,,,,,,,
2026,1,JAN,2026-01-06T00:00:00Z,DK-SE FAB,FAB (FIR),1936,0,0,0,0,0,0,0,0,0,0,0,0,0,0,0,0,0,0,0
2026,1,JAN,2026-01-06T00:00:00Z,Denmark,COUNTRY (FIR),1267,0,0,0,0,0,0,0,0,0,0,0,0,0,0,0,0,0,0,0
2026,1,JAN,2026-01-06T00:00:00Z,Estonia,COUNTRY (FIR),411,,,,,,,,,,,,,,,,,,,
2026,1,JAN,2026-01-06T00:00:00Z,FAB CE,FAB (FIR),5787,,,,,,,,,,,,,,,,,,,
2026,1,JAN,2026-01-06T00:00:00Z,FAB CE (SES RP1),FAB (FIR),5077,,,,,,,,,,,,,,,,,,,
2026,1,JAN,2026-01-06T00:00:00Z,FAB CE (SES RP2),FAB (FIR),5773,,,,,,,,,,,,,,,,,,,
2026,1,JAN,2026-01-06T00:00:00Z,FABEC,FAB (FIR),12549,850,0,410,0,0,0,0,0,0,0,289,0,151,0,0,0,0,63,18
2026,1,JAN,2026-01-06T00:00:00Z,Finland,COUNTRY (FIR),644,,,,,,,,,,,,,,,,,,,
2026,1,JAN,2026-01-06T00:00:00Z,France,COUNTRY (FIR),7460,718,0,410,0,0,0,0,0,0,0,289,0,19,0,0,0,0,46,16
2026,1,JAN,2026-01-06T00:00:00Z,Georgia,COUNTRY (FIR),778,92,0,92,0,0,0,0,0,0,0,0,0,0,0,0,0,0,15,0
2026,1,JAN,2026-01-06T00:00:00Z,Germany,COUNTRY (FIR),6342,132,0,0,0,0,0,0,0,0,0,0,0,132,0,0,0,0,17,2
2026,1,JAN,2026-01-06T00:00:00Z,Greece,COUNTRY (FIR),2138,0,0,0,0,0,0,0,0,0,0,0,0,0,0,0,0,0,0,0
2026,1,JAN,2026-01-06T00:00:00Z,Hungary,COUNTRY (FIR),2701,,,,,,,,,,,,,,,,,,,
2026,1,JAN,2026-01-06T00:00:00Z,Iceland,COUNTRY (FIR),318,,,,,,,,,,,,,,,,,,,
2026,1,JAN,2026-01-06T00:00:00Z,Ireland,COUNTRY (FIR),1330,0,0,0,0,0,0,0,0,0,0,0,0,0,0,0,0,0,0,0
2026,1,JAN,2026-01-06T00:00:00Z,Italy,COUNTRY (FIR),4493,,,,,,,,,,,,,,,,,,,
2026,1,JAN,2026-01-06T00:00:00Z,Latvia,COUNTRY (FIR),534,,,,,,,,,,,,,,,,,,,
2026,1,JAN,2026-01-06T00:00:00Z,Lithuania,COUNTRY (FIR),495,,,,,,,,,,,,,,,,,,,
2026,1,JAN,2026-01-06T00:00:00Z,Malta,COUNTRY (FIR),377,,,,,,,,,,,,,,,,,,,
2026,1,JAN,2026-01-06T00:00:00Z,Moldova,COUNTRY (FIR),122,,,,,,,,,,,,,,,,,,,
2026,1,JAN,2026-01-06T00:00:00Z,NEFAB,FAB (FIR),2393,0,0,0,0,0,0,0,0,0,0,0,0,0,0,0,0,0,0,0
2026,1,JAN,2026-01-06T00:00:00Z,Netherlands,COUNTRY (FIR),2173,0,0,0,0,0,0,0,0,0,0,0,0,0,0,0,0,0,0,0
2026,1,JAN,2026-01-06T00:00:00Z,North Macedonia,COUNTRY (FIR),561,234,0,0,0,0,0,0,0,0,0,234,0,0,0,0,0,0,14,4
2026,1,JAN,2026-01-06T00:00:00Z,Norway,COUNTRY (FIR),1498,0,0,0,0,0,0,0,0,0,0,0,0,0,0,0,0,0,0,0
2026,1,JAN,2026-01-06T00:00:00Z,Poland,COUNTRY (FIR),1669,,,,,,,,,,,,,,,,,,,
2026,1,JAN,2026-01-06T00:00:00Z,Portugal,COUNTRY (FIR),2121,658,0,658,0,0,0,0,0,0,0,0,0,0,0,0,0,0,44,17
2026,1,JAN,2026-01-06T00:00:00Z,Portugal Continental,COUNTRY (FIR),1894,658,0,658,0,0,0,0,0,0,0,0,0,0,0,0,0,0,44,17
2026,1,JAN,2026-01-06T00:00:00Z,Portugal Santa Maria,COUNTRY (FIR),532,,,,,,,,,,,,,,,,,,,
2026,1,JAN,2026-01-06T00:00:00Z,Romania,COUNTRY (FIR),2247,,,,,,,,,,,,,,,,,,,
2026,1,JAN,2026-01-06T00:00:00Z,SES Area (RP2),AREA (FIR),21612,2717,0,2277,0,0,0,0,0,0,0,289,0,151,0,0,0,0,186,53
2026,1,JAN,2026-01-06T00:00:00Z,SW FAB,FAB (FIR),5617,1867,0,1867,0,0,0,0,0,0,0,0,0,0,0,0,0,0,123,35
2026,1,JAN,2026-01-06T00:00:00Z,Serbia/Montenegro,COUNTRY (FIR),2174,,,,,,,,,,,,,,,,,,,
2026,1,JAN,2026-01-06T00:00:00Z,Slovakia,COUNTRY (FIR),1232,,,,,,,,,,,,,,,,,,,
2026,1,JAN,2026-01-06T00:00:00Z,Slovenia,COUNTRY (FIR),1152,,,,,,,,,,,,,,,,,,,
2026,1,JAN,2026-01-06T00:00:00Z,Spain,COUNTRY (FIR),5400,1209,0,1209,0,0,0,0,0,0,0,0,0,0,0,0,0,0,79,18
2026,1,JAN,2026-01-06T00:00:00Z,Spain Canaries,COUNTRY (FIR),1231,0,0,0,0,0,0,0,0,0,0,0,0,0,0,0,0,0,0,0
2026,1,JAN,2026-01-06T00:00:00Z,Spain Continental,COUNTRY (FIR),5067,1209,0,1209,0,0,0,0,0,0,0,0,0,0,0,0,0,0,79,18
2026,1,JAN,2026-01-06T00:00:00Z,Sweden,COUNTRY (FIR),1482,0,0,0,0,0,0,0,0,0,0,0,0,0,0,0,0,0,0,0
2026,1,JAN,2026-01-06T00:00:00Z,Switzerland,COUNTRY (FIR),2391,0,0,0,0,0,0,0,0,0,0,0,0,0,0,0,0,0,0,0
2026,1,JAN,2026-01-06T00:00:00Z,Türkiye,COUNTRY (FIR),4562,0,0,0,0,0,0,0,0,0,0,0,0,0,0,0,0,0,0,0
2026,1,JAN,2026-01-06T00:00:00Z,UK Continental,COUNTRY (FIR),4965,0,0,0,0,0,0,0,0,0,0,0,0,0,0,0,0,0,0,0
2026,1,JAN,2026-01-06T00:00:00Z,UK Oceanic,COUNTRY (FIR),1360,,,,,,,,,,,,,,,,,,,
2026,1,JAN,2026-01-06T00:00:00Z,UK-Ireland FAB,FAB (FIR),5085,0,0,0,0,0,0,0,0,0,0,0,0,0,0,0,0,0,0,0
2026,1,JAN,2026-01-06T00:00:00Z,United Kingdom,COUNTRY (FIR),5280,0,0,0,0,0,0,0,0,0,0,0,0,0,0,0,0,0,0,0
2026,1,JAN,2026-01-07T00:00:00Z,Albania,COUNTRY (FIR),753,,,,,,,,,,,,,,,,,,,
2026,1,JAN,2026-01-07T00:00:00Z,Armenia,COUNTRY (FIR),341,,,,,,,,,,,,,,,,,,,
2026,1,JAN,2026-01-07T00:00:00Z,Austria,COUNTRY (FIR),3324,,,,,,,,,,,,,,,,,,,
2026,1,JAN,2026-01-07T00:00:00Z,BLUE MED FAB,FAB (FIR),5828,0,0,0,0,0,0,0,0,0,0,0,0,0,0,0,0,0,0,0
2026,1,JAN,2026-01-07T00:00:00Z,Baltic FAB,FAB (FIR),1796,0,0,0,0,0,0,0,0,0,0,0,0,0,0,0,0,0,0,0
2026,1,JAN,2026-01-07T00:00:00Z,Belgium,COUNTRY (FIR),2436,0,0,0,0,0,0,0,0,0,0,0,0,0,0,0,0,0,0,0
2026,1,JAN,2026-01-07T00:00:00Z,Bosnia and Herzegovina,COUNTRY (FIR),1049,,,,,,,,,,,,,,,,,,,
2026,1,JAN,2026-01-07T00:00:00Z,Bulgaria,COUNTRY (FIR),2543,,,,,,,,,,,,,,,,,,,
2026,1,JAN,2026-01-07T00:00:00Z,Croatia,COUNTRY (FIR),1757,,,,,,,,,,,,,,,,,,,
2026,1,JAN,2026-01-07T00:00:00Z,Cyprus,COUNTRY (FIR),1111,0,0,0,0,0,0,0,0,0,0,0,0,0,0,0,0,0,0,0
2026,1,JAN,2026-01-07T00:00:00Z,Czech Republic,COUNTRY (FIR),1656,,,,,,,,,,,,,,,,,,,
2026,1,JAN,2026-01-07T00:00:00Z,DANUBE FAB,FAB (FIR),3037,,,,,,,,,,,,,,,,,,,
2026,1,JAN,2026-01-07T00:00:00Z,DK-SE FAB,FAB (FIR),1903,,,,,,,,,,,,,,,,,,,
2026,1,JAN,2026-01-07T00:00:00Z,Denmark,COUNTRY (FIR),1203,,,,,,,,,,,,,,,,,,,
2026,1,JAN,2026-01-07T00:00:00Z,Estonia,COUNTRY (FIR),405,,,,,,,,,,,,,,,,,,,
2026,1,JAN,2026-01-07T00:00:00Z,FAB CE,FAB (FIR),5513,,,,,,,,,,,,,,,,,,,
2026,1,JAN,2026-01-07T00:00:00Z,FAB CE (SES RP1),FAB (FIR),4914,,,,,,,,,,,,,,,,,,,
2026,1,JAN,2026-01-07T00:00:00Z,FAB CE (SES RP2),FAB (FIR),5500,,,,,,,,,,,,,,,,,,,
2026,1,JAN,2026-01-07T00:00:00Z,FABEC,FAB (FIR),11552,1199,0,112,0,0,0,0,0,0,0,758,0,280,49,0,0,0,69,28
2026,1,JAN,2026-01-07T00:00:00Z,Finland,COUNTRY (FIR),645,,,,,,,,,,,,,,,,,,,
2026,1,JAN,2026-01-07T00:00:00Z,France,COUNTRY (FIR),6513,919,0,112,0,0,0,0,0,0,0,758,0,0,49,0,0,0,38,20
2026,1,JAN,2026-01-07T00:00:00Z,Georgia,COUNTRY (FIR),749,285,0,285,0,0,0,0,0,0,0,0,0,0,0,0,0,0,23,6
2026,1,JAN,2026-01-07T00:00:00Z,Germany,COUNTRY (FIR),6212,280,0,0,0,0,0,0,0,0,0,0,0,280,0,0,0,0,31,8
2026,1,JAN,2026-01-07T00:00:00Z,Greece,COUNTRY (FIR),2025,0,0,0,0,0,0,0,0,0,0,0,0,0,0,0,0,0,0,0
2026,1,JAN,2026-01-07T00:00:00Z,Hungary,COUNTRY (FIR),2640,,,,,,,,,,,,,,,,,,,
2026,1,JAN,2026-01-07T00:00:00Z,Iceland,COUNTRY (FIR),429,,,,,,,,,,,,,,,,,,,
2026,1,JAN,2026-01-07T00:00:00Z,Ireland,COUNTRY (FIR),1239,,,,,,,,,,,,,,,,,,,
2026,1,JAN,2026-01-07T00:00:00Z,Italy,COUNTRY (FIR),4017,,,,,,,,,,,,,,,,,,,
2026,1,JAN,2026-01-07T00:00:00Z,Latvia,COUNTRY (FIR),525,,,,,,,,,,,,,,,,,,,
2026,1,JAN,2026-01-07T00:00:00Z,Lithuania,COUNTRY (FIR),486,,,,,,,,,,,,,,,,,,,
2026,1,JAN,2026-01-07T00:00:00Z,Malta,COUNTRY (FIR),339,,,,,,,,,,,,,,,,,,,
2026,1,JAN,2026-01-07T00:00:00Z,Moldova,COUNTRY (FIR),114,,,,,,,,,,,,,,,,,,,
2026,1,JAN,2026-01-07T00:00:00Z,NEFAB,FAB (FIR),2401,,,,,,,,,,,,,,,,,,,
2026,1,JAN,2026-01-07T00:00:00Z,Netherlands,COUNTRY (FIR),1816,0,0,0,0,0,0,0,0,0,0,0,0,0,0,0,0,0,0,0
2026,1,JAN,2026-01-07T00:00:00Z,North Macedonia,COUNTRY (FIR),518,,,,,,,,,,,,,,,,,,,
2026,1,JAN,2026-01-07T00:00:00Z,Norway,COUNTRY (FIR),1513,,,,,,,,,,,,,,,,,,,
2026,1,JAN,2026-01-07T00:00:00Z,Poland,COUNTRY (FIR),1640,0,0,0,0,0,0,0,0,0,0,0,0,0,0,0,0,0,0,0
2026,1,JAN,2026-01-07T00:00:00Z,Portugal,COUNTRY (FIR),1954,,,,,,,,,,,,,,,,,,,
2026,1,JAN,2026-01-07T00:00:00Z,Portugal Continental,COUNTRY (FIR),1718,,,,,,,,,,,,,,,,,,,
2026,1,JAN,2026-01-07T00:00:00Z,Portugal Santa Maria,COUNTRY (FIR),510,,,,,,,,,,,,,,,,,,,
2026,1,JAN,2026-01-07T00:00:00Z,Romania,COUNTRY (FIR),2181,,,,,,,,,,,,,,,,,,,
2026,1,JAN,2026-01-07T00:00:00Z,SES Area (RP2),AREA (FIR),20611,2838,0,1751,0,0,0,0,0,0,0,758,0,280,49,0,0,0,172,53
2026,1,JAN,2026-01-07T00:00:00Z,SW FAB,FAB (FIR),5018,1639,0,1639,0,0,0,0,0,0,0,0,0,0,0,0,0,0,103,25
2026,1,JAN,2026-01-07T00:00:00Z,Serbia/Montenegro,COUNTRY (FIR),2047,1051,0,1051,0,0,0,0,0,0,0,0,0,0,0,0,0,0,84,16
2026,1,JAN,2026-01-07T00:00:00Z,Slovakia,COUNTRY (FIR),1233,,,,,,,,,,,,,,,,,,,
2026,1,JAN,2026-01-07T00:00:00Z,Slovenia,COUNTRY (FIR),1064,,,,,,,,,,,,,,,,,,,
2026,1,JAN,2026-01-07T00:00:00Z,Spain,COUNTRY (FIR),4820,1639,0,1639,0,0,0,0,0,0,0,0,0,0,0,0,0,0,103,25
2026,1,JAN,2026-01-07T00:00:00Z,Spain Canaries,COUNTRY (FIR),1151,,,,,,,,,,,,,,,,,,,
2026,1,JAN,2026-01-07T00:00:00Z,Spain Continental,COUNTRY (FIR),4464,1639,0,1639,0,0,0,0,0,0,0,0,0,0,0,0,0,0,103,25
2026,1,JAN,2026-01-07T00:00:00Z,Sweden,COUNTRY (FIR),1475,,,,,,,,,,,,,,,,,,,
2026,1,JAN,2026-01-07T00:00:00Z,Switzerland,COUNTRY (FIR),2218,0,0,0,0,0,0,0,0,0,0,0,0,0,0,0,0,0,0,0
2026,1,JAN,2026-01-07T00:00:00Z,Türkiye,COUNTRY (FIR),4396,,,,,,,,,,,,,,,,,,,
2026,1,JAN,2026-01-07T00:00:00Z,UK Continental,COUNTRY (FIR),4725,,,,,,,,,,,,,,,,,,,
2026,1,JAN,2026-01-07T00:00:00Z,UK Oceanic,COUNTRY (FIR),1224,,,,,,,,,,,,,,,,,,,
2026,1,JAN,2026-01-07T00:00:00Z,UK-Ireland FAB,FAB (FIR),4848,,,,,,,,,,,,,,,,,,,
2026,1,JAN,2026-01-07T00:00:00Z,United Kingdom,COUNTRY (FIR),4972,,,,,,,,,,,,,,,,,,,
2026,1,JAN,2026-01-08T00:00:00Z,Albania,COUNTRY (FIR),723,,,,,,,,,,,,,,,,,,,
2026,1,JAN,2026-01-08T00:00:00Z,Armenia,COUNTRY (FIR),350,,,,,,,,,,,,,,,,,,,
2026,1,JAN,2026-01-08T00:00:00Z,Austria,COUNTRY (FIR),3442,,,,,,,,,,,,,,,,,,,
2026,1,JAN,2026-01-08T00:00:00Z,BLUE MED FAB,FAB (FIR),6358,0,0,0,0,0,0,0,0,0,0,0,0,0,0,0,0,0,0,0
2026,1,JAN,2026-01-08T00:00:00Z,Baltic FAB,FAB (FIR),1972,0,0,0,0,0,0,0,0,0,0,0,0,0,0,0,0,0,0,0
2026,1,JAN,2026-01-08T00:00:00Z,Belgium,COUNTRY (FIR),2757,0,0,0,0,0,0,0,0,0,0,0,0,0,0,0,0,0,0,0
2026,1,JAN,2026-01-08T00:00:00Z,Bosnia and Herzegovina,COUNTRY (FIR),1193,,,,,,,,,,,,,,,,,,,
2026,1,JAN,2026-01-08T00:00:00Z,Bulgaria,COUNTRY (FIR),2616,156,0,0,0,0,0,0,0,0,0,0,0,0,0,0,156,0,12,3
2026,1,JAN,2026-01-08T00:00:00Z,Croatia,COUNTRY (FIR),1919,,,,,,,,,,,,,,,,,,,
2026,1,JAN,2026-01-08T00:00:00Z,Cyprus,COUNTRY (FIR),1224,,,,,,,,,,,,,,,,,,,
2026,1,JAN,2026-01-08T00:00:00Z,Czech Republic,COUNTRY (FIR),1810,,,,,,,,,,,,,,,,,,,
2026,1,JAN,2026-01-08T00:00:00Z,DANUBE FAB,FAB (FIR),3122,156,0,0,0,0,0,0,0,0,0,0,0,0,0,0,156,0,12,3
2026,1,JAN,2026-01-08T00:00:00Z,DK-SE FAB,FAB (FIR),2137,,,,,,,,,,,,,,,,,,,
2026,1,JAN,2026-01-08T00:00:00Z,Denmark,COUNTRY (FIR),1424,,,,,,,,,,,,,,,,,,,
2026,1,JAN,2026-01-08T00:00:00Z,Estonia,COUNTRY (FIR),422,,,,,,,,,,,,,,,,,,,
2026,1,JAN,2026-01-08T00:00:00Z,FAB CE,FAB (FIR),5904,,,,,,,,,,,,,,,,,,,
2026,1,JAN,2026-01-08T00:00:00Z,FAB CE (SES RP1),FAB (FIR),5234,,,,,,,,,,,,,,,,,,,
2026,1,JAN,2026-01-08T00:00:00Z,FAB CE (SES RP2),FAB (FIR),5885,,,,,,,,,,,,,,,,,,,
2026,1,JAN,2026-01-08T00:00:00Z,FABEC,FAB (FIR),13101,2296,0,513,0,0,0,0,0,0,485,1052,0,201,45,0,0,0,148,50
2026,1,JAN,2026-01-08T00:00:00Z,Finland,COUNTRY (FIR),668,,,,,,,,,,,,,,,,,,,
2026,1,JAN,2026-01-08T00:00:00Z,France,COUNTRY (FIR),7373,1761,0,179,0,0,0,0,0,0,485,1052,0,0,45,0,0,0,97,37
2026,1,JAN,2026-01-08T00:00:00Z,Georgia,COUNTRY (FIR),758,0,0,0,0,0,0,0,0,0,0,0,0,0,0,0,0,0,0,0
2026,1,JAN,2026-01-08T00:00:00Z,Germany,COUNTRY (FIR),6634,535,0,334,0,0,0,0,0,0,0,0,0,201,0,0,0,0,51,13
2026,1,JAN,2026-01-08T00:00:00Z,Greece,COUNTRY (FIR),2144,0,0,0,0,0,0,0,0,0,0,0,0,0,0,0,0,0,0,0
2026,1,JAN,2026-01-08T00:00:00Z,Hungary,COUNTRY (FIR),2772,,,,,,,,,,,,,,,,,,,
2026,1,JAN,2026-01-08T00:00:00Z,Iceland,COUNTRY (FIR),409,,,,,,,,,,,,,,,,,,,
2026,1,JAN,2026-01-08T00:00:00Z,Ireland,COUNTRY (FIR),1334,0,0,0,0,0,0,0,0,0,0,0,0,0,0,0,0,0,0,0
2026,1,JAN,2026-01-08T00:00:00Z,Italy,COUNTRY (FIR),4390,,,,,,,,,,,,,,,,,,,
2026,1,JAN,2026-01-08T00:00:00Z,Latvia,COUNTRY (FIR),575,,,,,,,,,,,,,,,,,,,
2026,1,JAN,2026-01-08T00:00:00Z,Lithuania,COUNTRY (FIR),507,,,,,,,,,,,,,,,,,,,
2026,1,JAN,2026-01-08T00:00:00Z,Malta,COUNTRY (FIR),388,,,,,,,,,,,,,,,,,,,
2026,1,JAN,2026-01-08T00:00:00Z,Moldova,COUNTRY (FIR),112,,,,,,,,,,,,,,,,,,,
2026,1,JAN,2026-01-08T00:00:00Z,NEFAB,FAB (FIR),2524,,,,,,,,,,,,,,,,,,,
2026,1,JAN,2026-01-08T00:00:00Z,Netherlands,COUNTRY (FIR),2766,0,0,0,0,0,0,0,0,0,0,0,0,0,0,0,0,0,0,0
2026,1,JAN,2026-01-08T00:00:00Z,North Macedonia,COUNTRY (FIR),509,364,0,0,0,0,0,0,0,0,0,364,0,0,0,0,0,0,31,9
2026,1,JAN,2026-01-08T00:00:00Z,Norway,COUNTRY (FIR),1586,,,,,,,,,,,,,,,,,,,
2026,1,JAN,2026-01-08T00:00:00Z,Poland,COUNTRY (FIR),1796,0,0,0,0,0,0,0,0,0,0,0,0,0,0,0,0,0,0,0
2026,1,JAN,2026-01-08T00:00:00Z,Portugal,COUNTRY (FIR),2007,135,0,135,0,0,0,0,0,0,0,0,0,0,0,0,0,0,14,3
2026,1,JAN,2026-01-08T00:00:00Z,Portugal Continental,COUNTRY (FIR),1807,135,0,135,0,0,0,0,0,0,0,0,0,0,0,0,0,0,14,3
2026,1,JAN,2026-01-08T00:00:00Z,Portugal Santa Maria,COUNTRY (FIR),484,,,,,,,,,,,,,,,,,,,
2026,1,JAN,2026-01-08T00:00:00Z,Romania,COUNTRY (FIR),2203,,,,,,,,,,,,,,,,,,,
2026,1,JAN,2026-01-08T00:00:00Z,SES Area (RP2),AREA (FIR),22585,3509,0,1570,0,0,0,0,0,0,485,1052,0,201,45,0,156,0,274,72
2026,1,JAN,2026-01-08T00:00:00Z,SW FAB,FAB (FIR),5410,1057,0,1057,0,0,0,0,0,0,0,0,0,0,0,0,0,0,114,19
2026,1,JAN,2026-01-08T00:00:00Z,Serbia/Montenegro,COUNTRY (FIR),2128,,,,,,,,,,,,,,,,,,,
2026,1,JAN,2026-01-08T00:00:00Z,Slovakia,COUNTRY (FIR),1332,,,,,,,,,,,,,,,,,,,
2026,1,JAN,2026-01-08T00:00:00Z,Slovenia,COUNTRY (FIR),1131,,,,,,,,,,,,,,,,,,,
2026,1,JAN,2026-01-08T00:00:00Z,Spain,COUNTRY (FIR),5216,922,0,922,0,0,0,0,0,0,0,0,0,0,0,0,0,0,100,16
2026,1,JAN,2026-01-08T00:00:00Z,Spain Canaries,COUNTRY (FIR),1183,0,0,0,0,0,0,0,0,0,0,0,0,0,0,0,0,0,0,0
2026,1,JAN,2026-01-08T00:00:00Z,Spain Continental,COUNTRY (FIR),4871,922,0,922,0,0,0,0,0,0,0,0,0,0,0,0,0,0,100,16
2026,1,JAN,2026-01-08T00:00:00Z,Sweden,COUNTRY (FIR),1594,,,,,,,,,,,,,,,,,,,
2026,1,JAN,2026-01-08T00:00:00Z,Switzerland,COUNTRY (FIR),2326,0,0,0,0,0,0,0,0,0,0,0,0,0,0,0,0,0,0,0
2026,1,JAN,2026-01-08T00:00:00Z,Türkiye,COUNTRY (FIR),4373,0,0,0,0,0,0,0,0,0,0,0,0,0,0,0,0,0,0,0
2026,1,JAN,2026-01-08T00:00:00Z,UK Continental,COUNTRY (FIR),5208,0,0,0,0,0,0,0,0,0,0,0,0,0,0,0,0,0,0,0
2026,1,JAN,2026-01-08T00:00:00Z,UK Oceanic,COUNTRY (FIR),1212,,,,,,,,,,,,,,,,,,,
2026,1,JAN,2026-01-08T00:00:00Z,UK-Ireland FAB,FAB (FIR),5318,0,0,0,0,0,0,0,0,0,0,0,0,0,0,0,0,0,0,0
2026,1,JAN,2026-01-08T00:00:00Z,United Kingdom,COUNTRY (FIR),5421,0,0,0,0,0,0,0,0,0,0,0,0,0,0,0,0,0,0,0
2026,1,JAN,2026-01-09T00:00:00Z,Albania,COUNTRY (FIR),911,,,,,,,,,,,,,,,,,,,
2026,1,JAN,2026-01-09T00:00:00Z,Armenia,COUNTRY (FIR),387,,,,,,,,,,,,,,,,,,,
2026,1,JAN,2026-01-09T00:00:00Z,Austria,COUNTRY (FIR),3569,,,,,,,,,,,,,,,,,,,
2026,1,JAN,2026-01-09T00:00:00Z,BLUE MED FAB,FAB (FIR),6789,0,0,0,0,0,0,0,0,0,0,0,0,0,0,0,0,0,0,0
2026,1,JAN,2026-01-09T00:00:00Z,Baltic FAB,FAB (FIR),2089,107,0,107,0,0,0,0,0,0,0,0,0,0,0,0,0,0,4,1
2026,1,JAN,2026-01-09T00:00:00Z,Belgium,COUNTRY (FIR),2819,1122,0,0,0,0,0,0,0,0,0,0,0,1122,0,0,0,0,67,30
2026,1,JAN,2026-01-09T00:00:00Z,Bosnia and Herzegovina,COUNTRY (FIR),1306,,,,,,,,,,,,,,,,,,,
2026,1,JAN,2026-01-09T00:00:00Z,Bulgaria,COUNTRY (FIR),2574,,,,,,,,,,,,,,,,,,,
2026,1,JAN,2026-01-09T00:00:00Z,Croatia,COUNTRY (FIR),2137,,,,,,,,,,,,,,,,,,,
2026,1,JAN,2026-01-09T00:00:00Z,Cyprus,COUNTRY (FIR),1170,,,,,,,,,,,,,,,,,,,
2026,1,JAN,2026-01-09T00:00:00Z,Czech Republic,COUNTRY (FIR),1780,0,0,0,0,0,0,0,0,0,0,0,0,0,0,0,0,0,0,0
2026,1,JAN,2026-01-09T00:00:00Z,DANUBE FAB,FAB (FIR),3138,,,,,,,,,,,,,,,,,,,
2026,1,JAN,2026-01-09T00:00:00Z,DK-SE FAB,FAB (FIR),2155,,,,,,,,,,,,,,,,,,,
2026,1,JAN,2026-01-09T00:00:00Z,Denmark,COUNTRY (FIR),1396,,,,,,,,,,,,,,,,,,,
2026,1,JAN,2026-01-09T00:00:00Z,Estonia,COUNTRY (FIR),439,,,,,,,,,,,,,,,,,,,
2026,1,JAN,2026-01-09T00:00:00Z,FAB CE,FAB (FIR),6125,0,0,0,0,0,0,0,0,0,0,0,0,0,0,0,0,0,0,0
2026,1,JAN,2026-01-09T00:00:00Z,FAB CE (SES RP1),FAB (FIR),5344,0,0,0,0,0,0,0,0,0,0,0,0,0,0,0,0,0,0,0
2026,1,JAN,2026-01-09T00:00:00Z,FAB CE (SES RP2),FAB (FIR),6102,0,0,0,0,0,0,0,0,0,0,0,0,0,0,0,0,0,0,0
2026,1,JAN,2026-01-09T00:00:00Z,FABEC,FAB (FIR),13345,3981,0,1346,0,0,0,0,0,0,197,566,0,1165,0,0,707,0,265,82
2026,1,JAN,2026-01-09T00:00:00Z,Finland,COUNTRY (FIR),656,,,,,,,,,,,,,,,,,,,
2026,1,JAN,2026-01-09T00:00:00Z,France,COUNTRY (FIR),7876,829,0,23,0,0,0,0,0,0,197,566,0,43,0,0,0,0,45,15
2026,1,JAN,2026-01-09T00:00:00Z,Georgia,COUNTRY (FIR),782,39,0,39,0,0,0,0,0,0,0,0,0,0,0,0,0,0,3,1
2026,1,JAN,2026-01-09T00:00:00Z,Germany,COUNTRY (FIR),6590,1323,0,1323,0,0,0,0,0,0,0,0,0,0,0,0,0,0,100,25
2026,1,JAN,2026-01-09T00:00:00Z,Greece,COUNTRY (FIR),2182,0,0,0,0,0,0,0,0,0,0,0,0,0,0,0,0,0,0,0
2026,1,JAN,2026-01-09T00:00:00Z,Hungary,COUNTRY (FIR),2705,,,,,,,,,,,,,,,,,,,
2026,1,JAN,2026-01-09T00:00:00Z,Iceland,COUNTRY (FIR),411,,,,,,,,,,,,,,,,,,,
2026,1,JAN,2026-01-09T00:00:00Z,Ireland,COUNTRY (FIR),1354,0,0,0,0,0,0,0,0,0,0,0,0,0,0,0,0,0,0,0
2026,1,JAN,2026-01-09T00:00:00Z,Italy,COUNTRY (FIR),4935,,,,,,,,,,,,,,,,,,,
2026,1,JAN,2026-01-09T00:00:00Z,Latvia,COUNTRY (FIR),609,,,,,,,,,,,,,,,,,,,
2026,1,JAN,2026-01-09T00:00:00Z,Lithuania,COUNTRY (FIR),555,,,,,,,,,,,,,,,,,,,
2026,1,JAN,2026-01-09T00:00:00Z,Malta,COUNTRY (FIR),370,,,,,,,,,,,,,,,,,,,
2026,1,JAN,2026-01-09T00:00:00Z,Moldova,COUNTRY (FIR),129,,,,,,,,,,,,,,,,,,,
2026,1,JAN,2026-01-09T00:00:00Z,NEFAB,FAB (FIR),2425,,,,,,,,,,,,,,,,,,,
2026,1,JAN,2026-01-09T00:00:00Z,Netherlands,COUNTRY (FIR),2649,0,0,0,0,0,0,0,0,0,0,0,0,0,0,0,0,0,0,0
2026,1,JAN,2026-01-09T00:00:00Z,North Macedonia,COUNTRY (FIR),574,843,0,843,0,0,0,0,0,0,0,0,0,0,0,0,0,0,63,20
2026,1,JAN,2026-01-09T00:00:00Z,Norway,COUNTRY (FIR),1452,,,,,,,,,,,,,,,,,,,
2026,1,JAN,2026-01-09T00:00:00Z,Poland,COUNTRY (FIR),1910,107,0,107,0,0,0,0,0,0,0,0,0,0,0,0,0,0,4,1
2026,1,JAN,2026-01-09T00:00:00Z,Portugal,COUNTRY (FIR),2170,0,0,0,0,0,0,0,0,0,0,0,0,0,0,0,0,0,0,0
2026,1,JAN,2026-01-09T00:00:00Z,Portugal Continental,COUNTRY (FIR),1954,0,0,0,0,0,0,0,0,0,0,0,0,0,0,0,0,0,0,0
2026,1,JAN,2026-01-09T00:00:00Z,Portugal Santa Maria,COUNTRY (FIR),506,,,,,,,,,,,,,,,,,,,
2026,1,JAN,2026-01-09T00:00:00Z,Romania,COUNTRY (FIR),2233,,,,,,,,,,,,,,,,,,,
2026,1,JAN,2026-01-09T00:00:00Z,SES Area (RP2),AREA (FIR),23301,5442,0,2673,0,0,0,0,0,0,197,566,0,1165,0,0,841,0,410,103
2026,1,JAN,2026-01-09T00:00:00Z,SW FAB,FAB (FIR),5951,1354,0,1220,0,0,0,0,0,0,0,0,0,0,0,0,134,0,141,20
2026,1,JAN,2026-01-09T00:00:00Z,Serbia/Montenegro,COUNTRY (FIR),2279,,,,,,,,,,,,,,,,,,,
2026,1,JAN,2026-01-09T00:00:00Z,Slovakia,COUNTRY (FIR),1291,,,,,,,,,,,,,,,,,,,
2026,1,JAN,2026-01-09T00:00:00Z,Slovenia,COUNTRY (FIR),1224,,,,,,,,,,,,,,,,,,,
2026,1,JAN,2026-01-09T00:00:00Z,Spain,COUNTRY (FIR),5739,1354,0,1220,0,0,0,0,0,0,0,0,0,0,0,0,134,0,141,20
2026,1,JAN,2026-01-09T00:00:00Z,Spain Canaries,COUNTRY (FIR),1242,218,0,218,0,0,0,0,0,0,0,0,0,0,0,0,0,0,24,3
2026,1,JAN,2026-01-09T00:00:00Z,Spain Continental,COUNTRY (FIR),5321,1136,0,1002,0,0,0,0,0,0,0,0,0,0,0,0,134,0,117,17
2026,1,JAN,2026-01-09T00:00:00Z,Sweden,COUNTRY (FIR),1523,,,,,,,,,,,,,,,,,,,
2026,1,JAN,2026-01-09T00:00:00Z,Switzerland,COUNTRY (FIR),2566,707,0,0,0,0,0,0,0,0,0,0,0,0,0,0,707,0,53,12
2026,1,JAN,2026-01-09T00:00:00Z,Türkiye,COUNTRY (FIR),4486,,,,,,,,,,,,,,,,,,,
2026,1,JAN,2026-01-09T00:00:00Z,UK Continental,COUNTRY (FIR),5640,0,0,0,0,0,0,0,0,0,0,0,0,0,0,0,0,0,0,0
2026,1,JAN,2026-01-09T00:00:00Z,UK Oceanic,COUNTRY (FIR),1262,,,,,,,,,,,,,,,,,,,
2026,1,JAN,2026-01-09T00:00:00Z,UK-Ireland FAB,FAB (FIR),5756,0,0,0,0,0,0,0,0,0,0,0,0,0,0,0,0,0,0,0
2026,1,JAN,2026-01-09T00:00:00Z,United Kingdom,COUNTRY (FIR),5887,0,0,0,0,0,0,0,0,0,0,0,0,0,0,0,0,0,0,0
2026,1,JAN,2026-01-10T00:00:00Z,Albania,COUNTRY (FIR),847,,,,,,,,,,,,,,,,,,,
2026,1,JAN,2026-01-10T00:00:00Z,Armenia,COUNTRY (FIR),339,,,,,,,,,,,,,,,,,,,
2026,1,JAN,2026-01-10T00:00:00Z,Austria,COUNTRY (FIR),3584,0,0,0,0,0,0,0,0,0,0,0,0,0,0,0,0,0,0,0
2026,1,JAN,2026-01-10T00:00:00Z,BLUE MED FAB,FAB (FIR),6306,2880,0,0,0,0,0,0,0,0,0,0,0,2880,0,0,0,0,222,64
2026,1,JAN,2026-01-10T00:00:00Z,Baltic FAB,FAB (FIR),1893,0,0,0,0,0,0,0,0,0,0,0,0,0,0,0,0,0,0,0
2026,1,JAN,2026-01-10T00:00:00Z,Belgium,COUNTRY (FIR),2759,,,,,,,,,,,,,,,,,,,
2026,1,JAN,2026-01-10T00:00:00Z,Bosnia and Herzegovina,COUNTRY (FIR),1247,,,,,,,,,,,,,,,,,,,
2026,1,JAN,2026-01-10T00:00:00Z,Bulgaria,COUNTRY (FIR),2767,348,0,0,0,0,0,0,0,0,0,0,0,0,0,0,348,0,28,6
2026,1,JAN,2026-01-10T00:00:00Z,Croatia,COUNTRY (FIR),2051,,,,,,,,,,,,,,,,,,,
2026,1,JAN,2026-01-10T00:00:00Z,Cyprus,COUNTRY (FIR),1144,,,,,,,,,,,,,,,,,,,
2026,1,JAN,2026-01-10T00:00:00Z,Czech Republic,COUNTRY (FIR),1701,0,0,0,0,0,0,0,0,0,0,0,0,0,0,0,0,0,0,0
2026,1,JAN,2026-01-10T00:00:00Z,DANUBE FAB,FAB (FIR),3262,348,0,0,0,0,0,0,0,0,0,0,0,0,0,0,348,0,28,6
2026,1,JAN,2026-01-10T00:00:00Z,DK-SE FAB,FAB (FIR),1845,,,,,,,,,,,,,,,,,,,
2026,1,JAN,2026-01-10T00:00:00Z,Denmark,COUNTRY (FIR),1305,,,,,,,,,,,,,,,,,,,
2026,1,JAN,2026-01-10T00:00:00Z,Estonia,COUNTRY (FIR),384,,,,,,,,,,,,,,,,,,,
2026,1,JAN,2026-01-10T00:00:00Z,FAB CE,FAB (FIR),6062,0,0,0,0,0,0,0,0,0,0,0,0,0,0,0,0,0,0,0
2026,1,JAN,2026-01-10T00:00:00Z,FAB CE (SES RP1),FAB (FIR),5302,0,0,0,0,0,0,0,0,0,0,0,0,0,0,0,0,0,0,0
2026,1,JAN,2026-01-10T00:00:00Z,FAB CE (SES RP2),FAB (FIR),6045,0,0,0,0,0,0,0,0,0,0,0,0,0,0,0,0,0,0,0
2026,1,JAN,2026-01-10T00:00:00Z,FABEC,FAB (FIR),12618,6477,0,3382,0,0,0,0,0,0,2999,51,0,45,0,0,0,0,451,142
2026,1,JAN,2026-01-10T00:00:00Z,Finland,COUNTRY (FIR),604,,,,,,,,,,,,,,,,,,,
2026,1,JAN,2026-01-10T00:00:00Z,France,COUNTRY (FIR),7512,5836,0,2741,0,0,0,0,0,0,2999,51,0,45,0,0,0,0,416,126
2026,1,JAN,2026-01-10T00:00:00Z,Georgia,COUNTRY (FIR),842,30,0,30,0,0,0,0,0,0,0,0,0,0,0,0,0,0,3,0
2026,1,JAN,2026-01-10T00:00:00Z,Germany,COUNTRY (FIR),6305,641,0,641,0,0,0,0,0,0,0,0,0,0,0,0,0,0,35,16
2026,1,JAN,2026-01-10T00:00:00Z,Greece,COUNTRY (FIR),2123,2880,0,0,0,0,0,0,0,0,0,0,0,2880,0,0,0,0,222,64
2026,1,JAN,2026-01-10T00:00:00Z,Hungary,COUNTRY (FIR),2778,,,,,,,,,,,,,,,,,,,
2026,1,JAN,2026-01-10T00:00:00Z,Iceland,COUNTRY (FIR),394,,,,,,,,,,,,,,,,,,,
2026,1,JAN,2026-01-10T00:00:00Z,Ireland,COUNTRY (FIR),1456,0,0,0,0,0,0,0,0,0,0,0,0,0,0,0,0,0,0,0
2026,1,JAN,2026-01-10T00:00:00Z,Italy,COUNTRY (FIR),4544,,,,,,,,,,,,,,,,,,,
2026,1,JAN,2026-01-10T00:00:00Z,Latvia,COUNTRY (FIR),545,,,,,,,,,,,,,,,,,,,
2026,1,JAN,2026-01-10T00:00:00Z,Lithuania,COUNTRY (FIR),534,,,,,,,,,,,,,,,,,,,
2026,1,JAN,2026-01-10T00:00:00Z,Malta,COUNTRY (FIR),418,,,,,,,,,,,,,,,,,,,
2026,1,JAN,2026-01-10T00:00:00Z,Moldova,COUNTRY (FIR),126,,,,,,,,,,,,,,,,,,,
2026,1,JAN,2026-01-10T00:00:00Z,NEFAB,FAB (FIR),1761,,,,,,,,,,,,,,,,,,,
2026,1,JAN,2026-01-10T00:00:00Z,Netherlands,COUNTRY (FIR),2594,0,0,0,0,0,0,0,0,0,0,0,0,0,0,0,0,0,0,0
2026,1,JAN,2026-01-10T00:00:00Z,North Macedonia,COUNTRY (FIR),570,464,0,0,0,0,0,0,0,0,0,464,0,0,0,0,0,0,33,10
2026,1,JAN,2026-01-10T00:00:00Z,Norway,COUNTRY (FIR),900,,,,,,,,,,,,,,,,,,,
2026,1,JAN,2026-01-10T00:00:00Z,Poland,COUNTRY (FIR),1749,0,0,0,0,0,0,0,0,0,0,0,0,0,0,0,0,0,0,0
2026,1,JAN,2026-01-10T00:00:00Z,Portugal,COUNTRY (FIR),2372,817,0,0,0,0,0,0,0,0,41,776,0,0,0,0,0,0,72,20
2026,1,JAN,2026-01-10T00:00:00Z,Portugal Continental,COUNTRY (FIR),2120,817,0,0,0,0,0,0,0,0,41,776,0,0,0,0,0,0,72,20
2026,1,JAN,2026-01-10T00:00:00Z,Portugal Santa Maria,COUNTRY (FIR),568,,,,,,,,,,,,,,,,,,,
2026,1,JAN,2026-01-10T00:00:00Z,Romania,COUNTRY (FIR),2280,,,,,,,,,,,,,,,,,,,
2026,1,JAN,2026-01-10T00:00:00Z,SES Area (RP2),AREA (FIR),20709,14383,0,7243,0,0,0,0,0,0,3040,827,0,2925,0,0,348,0,1130,297
2026,1,JAN,2026-01-10T00:00:00Z,SW FAB,FAB (FIR),5629,4423,0,3606,0,0,0,0,0,0,41,776,0,0,0,0,0,0,414,78
2026,1,JAN,2026-01-10T00:00:00Z,Serbia/Montenegro,COUNTRY (FIR),2269,,,,,,,,,,,,,,,,,,,
2026,1,JAN,2026-01-10T00:00:00Z,Slovakia,COUNTRY (FIR),1340,,,,,,,,,,,,,,,,,,,
2026,1,JAN,2026-01-10T00:00:00Z,Slovenia,COUNTRY (FIR),1162,,,,,,,,,,,,,,,,,,,
2026,1,JAN,2026-01-10T00:00:00Z,Spain,COUNTRY (FIR),5441,3606,0,3606,0,0,0,0,0,0,0,0,0,0,0,0,0,0,342,58
2026,1,JAN,2026-01-10T00:00:00Z,Spain Canaries,COUNTRY (FIR),1502,522,0,522,0,0,0,0,0,0,0,0,0,0,0,0,0,0,43,10
2026,1,JAN,2026-01-10T00:00:00Z,Spain Continental,COUNTRY (FIR),5056,3084,0,3084,0,0,0,0,0,0,0,0,0,0,0,0,0,0,299,48
2026,1,JAN,2026-01-10T00:00:00Z,Sweden,COUNTRY (FIR),1271,,,,,,,,,,,,,,,,,,,
2026,1,JAN,2026-01-10T00:00:00Z,Switzerland,COUNTRY (FIR),2402,0,0,0,0,0,0,0,0,0,0,0,0,0,0,0,0,0,0,0
2026,1,JAN,2026-01-10T00:00:00Z,Türkiye,COUNTRY (FIR),4510,0,0,0,0,0,0,0,0,0,0,0,0,0,0,0,0,0,0,0
2026,1,JAN,2026-01-10T00:00:00Z,UK Continental,COUNTRY (FIR),5404,255,0,255,0,0,0,0,0,0,0,0,0,0,0,0,0,0,15,7
2026,1,JAN,2026-01-10T00:00:00Z,UK Oceanic,COUNTRY (FIR),1311,,,,,,,,,,,,,,,,,,,
2026,1,JAN,2026-01-10T00:00:00Z,UK-Ireland FAB,FAB (FIR),5532,255,0,255,0,0,0,0,0,0,0,0,0,0,0,0,0,0,15,7
2026,1,JAN,2026-01-10T00:00:00Z,United Kingdom,COUNTRY (FIR),5704,255,0,255,0,0,0,0,0,0,0,0,0,0,0,0,0,0,15,7
2026,1,JAN,2026-01-11T00:00:00Z,Albania,COUNTRY (FIR),893,,,,,,,,,,,,,,,,,,,
2026,1,JAN,2026-01-11T00:00:00Z,Armenia,COUNTRY (FIR),378,,,,,,,,,,,,,,,,,,,
2026,1,JAN,2026-01-11T00:00:00Z,Austria,COUNTRY (FIR),3764,,,,,,,,,,,,,,,,,,,
2026,1,JAN,2026-01-11T00:00:00Z,BLUE MED FAB,FAB (FIR),7039,2076,0,48,0,0,0,0,0,0,0,0,0,2028,0,0,0,0,175,47
2026,1,JAN,2026-01-11T00:00:00Z,Baltic FAB,FAB (FIR),2037,0,0,0,0,0,0,0,0,0,0,0,0,0,0,0,0,0,0,0
2026,1,JAN,2026-01-11T00:00:00Z,Belgium,COUNTRY (FIR),2934,,,,,,,,,,,,,,,,,,,
2026,1,JAN,2026-01-11T00:00:00Z,Bosnia and Herzegovina,COUNTRY (FIR),1339,,,,,,,,,,,,,,,,,,,
2026,1,JAN,2026-01-11T00:00:00Z,Bulgaria,COUNTRY (FIR),2774,,,,,,,,,,,,,,,,,,,
2026,1,JAN,2026-01-11T00:00:00Z,Croatia,COUNTRY (FIR),2209,,,,,,,,,,,,,,,,,,,
2026,1,JAN,2026-01-11T00:00:00Z,Cyprus,COUNTRY (FIR),1344,48,0,48,0,0,0,0,0,0,0,0,0,0,0,0,0,0,7,0
2026,1,JAN,2026-01-11T00:00:00Z,Czech Republic,COUNTRY (FIR),1893,,,,,,,,,,,,,,,,,,,
2026,1,JAN,2026-01-11T00:00:00Z,DANUBE FAB,FAB (FIR),3282,,,,,,,,,,,,,,,,,,,
2026,1,JAN,2026-01-11T00:00:00Z,DK-SE FAB,FAB (FIR),2179,,,,,,,,,,,,,,,,,,,
2026,1,JAN,2026-01-11T00:00:00Z,Denmark,COUNTRY (FIR),1474,,,,,,,,,,,,,,,,,,,
2026,1,JAN,2026-01-11T00:00:00Z,Estonia,COUNTRY (FIR),421,,,,,,,,,,,,,,,,,,,
2026,1,JAN,2026-01-11T00:00:00Z,FAB CE,FAB (FIR),6373,,,,,,,,,,,,,,,,,,,
2026,1,JAN,2026-01-11T00:00:00Z,FAB CE (SES RP1),FAB (FIR),5629,,,,,,,,,,,,,,,,,,,
2026,1,JAN,2026-01-11T00:00:00Z,FAB CE (SES RP2),FAB (FIR),6358,,,,,,,,,,,,,,,,,,,
2026,1,JAN,2026-01-11T00:00:00Z,FABEC,FAB (FIR),13826,5068,0,1760,0,0,0,0,0,0,2517,105,0,56,0,0,630,0,456,98
2026,1,JAN,2026-01-11T00:00:00Z,Finland,COUNTRY (FIR),674,,,,,,,,,,,,,,,,,,,
2026,1,JAN,2026-01-11T00:00:00Z,France,COUNTRY (FIR),8099,3921,0,1243,0,0,0,0,0,0,2517,105,0,56,0,0,0,0,354,78
2026,1,JAN,2026-01-11T00:00:00Z,Georgia,COUNTRY (FIR),837,0,0,0,0,0,0,0,0,0,0,0,0,0,0,0,0,0,0,0
2026,1,JAN,2026-01-11T00:00:00Z,Germany,COUNTRY (FIR),6900,919,0,289,0,0,0,0,0,0,0,0,0,0,0,0,630,0,87,14
2026,1,JAN,2026-01-11T00:00:00Z,Greece,COUNTRY (FIR),2302,2028,0,0,0,0,0,0,0,0,0,0,0,2028,0,0,0,0,168,47
2026,1,JAN,2026-01-11T00:00:00Z,Hungary,COUNTRY (FIR),2850,,,,,,,,,,,,,,,,,,,
2026,1,JAN,2026-01-11T00:00:00Z,Iceland,COUNTRY (FIR),389,,,,,,,,,,,,,,,,,,,
2026,1,JAN,2026-01-11T00:00:00Z,Ireland,COUNTRY (FIR),1520,0,0,0,0,0,0,0,0,0,0,0,0,0,0,0,0,0,0,0
2026,1,JAN,2026-01-11T00:00:00Z,Italy,COUNTRY (FIR),5043,,,,,,,,,,,,,,,,,,,
2026,1,JAN,2026-01-11T00:00:00Z,Latvia,COUNTRY (FIR),595,,,,,,,,,,,,,,,,,,,
2026,1,JAN,2026-01-11T00:00:00Z,Lithuania,COUNTRY (FIR),579,,,,,,,,,,,,,,,,,,,
2026,1,JAN,2026-01-11T00:00:00Z,Malta,COUNTRY (FIR),438,,,,,,,,,,,,,,,,,,,
2026,1,JAN,2026-01-11T00:00:00Z,Moldova,COUNTRY (FIR),133,,,,,,,,,,,,,,,,,,,
2026,1,JAN,2026-01-11T00:00:00Z,NEFAB,FAB (FIR),2256,118,0,0,0,0,0,0,0,0,0,118,0,0,0,0,0,0,9,2
2026,1,JAN,2026-01-11T00:00:00Z,Netherlands,COUNTRY (FIR),2900,228,0,228,0,0,0,0,0,0,0,0,0,0,0,0,0,0,15,6
2026,1,JAN,2026-01-11T00:00:00Z,North Macedonia,COUNTRY (FIR),586,364,0,364,0,0,0,0,0,0,0,0,0,0,0,0,0,0,26,7
2026,1,JAN,2026-01-11T00:00:00Z,Norway,COUNTRY (FIR),1308,118,0,0,0,0,0,0,0,0,0,118,0,0,0,0,0,0,9,2
2026,1,JAN,2026-01-11T00:00:00Z,Poland,COUNTRY (FIR),1854,0,0,0,0,0,0,0,0,0,0,0,0,0,0,0,0,0,0,0
2026,1,JAN,2026-01-11T00:00:00Z,Portugal,COUNTRY (FIR),2230,282,0,0,0,0,0,0,0,0,0,282,0,0,0,0,0,0,51,2
2026,1,JAN,2026-01-11T00:00:00Z,Portugal Continental,COUNTRY (FIR),1966,282,0,0,0,0,0,0,0,0,0,282,0,0,0,0,0,0,51,2
2026,1,JAN,2026-01-11T00:00:00Z,Portugal Santa Maria,COUNTRY (FIR),566,,,,,,,,,,,,,,,,,,,
2026,1,JAN,2026-01-11T00:00:00Z,Romania,COUNTRY (FIR),2277,,,,,,,,,,,,,,,,,,,
2026,1,JAN,2026-01-11T00:00:00Z,SES Area (RP2),AREA (FIR),23134,9402,0,3666,0,0,0,0,0,0,2517,505,0,2084,0,0,630,0,919,173
2026,1,JAN,2026-01-11T00:00:00Z,SW FAB,FAB (FIR),6007,2140,0,1858,0,0,0,0,0,0,0,282,0,0,0,0,0,0,279,26
2026,1,JAN,2026-01-11T00:00:00Z,Serbia/Montenegro,COUNTRY (FIR),2369,,,,,,,,,,,,,,,,,,,
2026,1,JAN,2026-01-11T00:00:00Z,Slovakia,COUNTRY (FIR),1392,,,,,,,,,,,,,,,,,,,
2026,1,JAN,2026-01-11T00:00:00Z,Slovenia,COUNTRY (FIR),1274,,,,,,,,,,,,,,,,,,,
2026,1,JAN,2026-01-11T00:00:00Z,Spain,COUNTRY (FIR),5791,1858,0,1858,0,0,0,0,0,0,0,0,0,0,0,0,0,0,228,24
2026,1,JAN,2026-01-11T00:00:00Z,Spain Canaries,COUNTRY (FIR),1312,283,0,283,0,0,0,0,0,0,0,0,0,0,0,0,0,0,32,3
2026,1,JAN,2026-01-11T00:00:00Z,Spain Continental,COUNTRY (FIR),5430,1575,0,1575,0,0,0,0,0,0,0,0,0,0,0,0,0,0,196,21
2026,1,JAN,2026-01-11T00:00:00Z,Sweden,COUNTRY (FIR),1558,,,,,,,,,,,,,,,,,,,
2026,1,JAN,2026-01-11T00:00:00Z,Switzerland,COUNTRY (FIR),2651,0,0,0,0,0,0,0,0,0,0,0,0,0,0,0,0,0,0,0
2026,1,JAN,2026-01-11T00:00:00Z,Türkiye,COUNTRY (FIR),4705,,,,,,,,,,,,,,,,,,,
2026,1,JAN,2026-01-11T00:00:00Z,UK Continental,COUNTRY (FIR),5748,0,0,0,0,0,0,0,0,0,0,0,0,0,0,0,0,0,0,0
2026,1,JAN,2026-01-11T00:00:00Z,UK Oceanic,COUNTRY (FIR),1321,,,,,,,,,,,,,,,,,,,
2026,1,JAN,2026-01-11T00:00:00Z,UK-Ireland FAB,FAB (FIR),5854,0,0,0,0,0,0,0,0,0,0,0,0,0,0,0,0,0,0,0
2026,1,JAN,2026-01-11T00:00:00Z,United Kingdom,COUNTRY (FIR),6001,0,0,0,0,0,0,0,0,0,0,0,0,0,0,0,0,0,0,0
2026,1,JAN,2026-01-12T00:00:00Z,Albania,COUNTRY (FIR),811,,,,,,,,,,,,,,,,,,,
2026,1,JAN,2026-01-12T00:00:00Z,Armenia,COUNTRY (FIR),325,,,,,,,,,,,,,,,,,,,
2026,1,JAN,2026-01-12T00:00:00Z,Austria,COUNTRY (FIR),3388,,,,,,,,,,,,,,,,,,,
2026,1,JAN,2026-01-12T00:00:00Z,BLUE MED FAB,FAB (FIR),6503,0,0,0,0,0,0,0,0,0,0,0,0,0,0,0,0,0,0,0
2026,1,JAN,2026-01-12T00:00:00Z,Baltic FAB,FAB (FIR),2110,,,,,,,,,,,,,,,,,,,
2026,1,JAN,2026-01-12T00:00:00Z,Belgium,COUNTRY (FIR),2769,0,0,0,0,0,0,0,0,0,0,0,0,0,0,0,0,0,0,0
2026,1,JAN,2026-01-12T00:00:00Z,Bosnia and Herzegovina,COUNTRY (FIR),1231,,,,,,,,,,,,,,,,,,,
2026,1,JAN,2026-01-12T00:00:00Z,Bulgaria,COUNTRY (FIR),2407,,,,,,,,,,,,,,,,,,,
2026,1,JAN,2026-01-12T00:00:00Z,Croatia,COUNTRY (FIR),1917,,,,,,,,,,,,,,,,,,,
2026,1,JAN,2026-01-12T00:00:00Z,Cyprus,COUNTRY (FIR),1212,,,,,,,,,,,,,,,,,,,
2026,1,JAN,2026-01-12T00:00:00Z,Czech Republic,COUNTRY (FIR),1808,0,0,0,0,0,0,0,0,0,0,0,0,0,0,0,0,0,0,0
2026,1,JAN,2026-01-12T00:00:00Z,DANUBE FAB,FAB (FIR),2922,,,,,,,,,,,,,,,,,,,
2026,1,JAN,2026-01-12T00:00:00Z,DK-SE FAB,FAB (FIR),2236,,,,,,,,,,,,,,,,,,,
2026,1,JAN,2026-01-12T00:00:00Z,Denmark,COUNTRY (FIR),1461,,,,,,,,,,,,,,,,,,,
2026,1,JAN,2026-01-12T00:00:00Z,Estonia,COUNTRY (FIR),437,,,,,,,,,,,,,,,,,,,
2026,1,JAN,2026-01-12T00:00:00Z,FAB CE,FAB (FIR),5876,0,0,0,0,0,0,0,0,0,0,0,0,0,0,0,0,0,0,0
2026,1,JAN,2026-01-12T00:00:00Z,FAB CE (SES RP1),FAB (FIR),5172,0,0,0,0,0,0,0,0,0,0,0,0,0,0,0,0,0,0,0
2026,1,JAN,2026-01-12T00:00:00Z,FAB CE (SES RP2),FAB (FIR),5853,0,0,0,0,0,0,0,0,0,0,0,0,0,0,0,0,0,0,0
2026,1,JAN,2026-01-12T00:00:00Z,FABEC,FAB (FIR),13464,861,0,85,0,0,0,0,0,0,31,571,0,133,41,0,0,0,49,23
2026,1,JAN,2026-01-12T00:00:00Z,Finland,COUNTRY (FIR),659,,,,,,,,,,,,,,,,,,,
2026,1,JAN,2026-01-12T00:00:00Z,France,COUNTRY (FIR),7697,776,0,0,0,0,0,0,0,0,31,571,0,133,41,0,0,0,43,22
2026,1,JAN,2026-01-12T00:00:00Z,Georgia,COUNTRY (FIR),748,92,0,92,0,0,0,0,0,0,0,0,0,0,0,0,0,0,17,0
2026,1,JAN,2026-01-12T00:00:00Z,Germany,COUNTRY (FIR),6600,85,0,85,0,0,0,0,0,0,0,0,0,0,0,0,0,0,6,1
2026,1,JAN,2026-01-12T00:00:00Z,Greece,COUNTRY (FIR),2010,0,0,0,0,0,0,0,0,0,0,0,0,0,0,0,0,0,0,0
2026,1,JAN,2026-01-12T00:00:00Z,Hungary,COUNTRY (FIR),2646,,,,,,,,,,,,,,,,,,,
2026,1,JAN,2026-01-12T00:00:00Z,Iceland,COUNTRY (FIR),469,,,,,,,,,,,,,,,,,,,
2026,1,JAN,2026-01-12T00:00:00Z,Ireland,COUNTRY (FIR),1318,0,0,0,0,0,0,0,0,0,0,0,0,0,0,0,0,0,0,0
2026,1,JAN,2026-01-12T00:00:00Z,Italy,COUNTRY (FIR),4742,,,,,,,,,,,,,,,,,,,
2026,1,JAN,2026-01-12T00:00:00Z,Latvia,COUNTRY (FIR),591,,,,,,,,,,,,,,,,,,,
2026,1,JAN,2026-01-12T00:00:00Z,Lithuania,COUNTRY (FIR),522,,,,,,,,,,,,,,,,,,,
2026,1,JAN,2026-01-12T00:00:00Z,Malta,COUNTRY (FIR),396,,,,,,,,,,,,,,,,,,,
2026,1,JAN,2026-01-12T00:00:00Z,Moldova,COUNTRY (FIR),107,,,,,,,,,,,,,,,,,,,
2026,1,JAN,2026-01-12T00:00:00Z,NEFAB,FAB (FIR),2352,,,,,,,,,,,,,,,,,,,
2026,1,JAN,2026-01-12T00:00:00Z,Netherlands,COUNTRY (FIR),2819,0,0,0,0,0,0,0,0,0,0,0,0,0,0,0,0,0,0,0
2026,1,JAN,2026-01-12T00:00:00Z,North Macedonia,COUNTRY (FIR),564,554,0,0,0,0,0,0,0,0,0,554,0,0,0,0,0,0,29,12
2026,1,JAN,2026-01-12T00:00:00Z,Norway,COUNTRY (FIR),1365,,,,,,,,,,,,,,,,,,,
2026,1,JAN,2026-01-12T00:00:00Z,Poland,COUNTRY (FIR),1945,,,,,,,,,,,,,,,,,,,
2026,1,JAN,2026-01-12T00:00:00Z,Portugal,COUNTRY (FIR),1969,,,,,,,,,,,,,,,,,,,
2026,1,JAN,2026-01-12T00:00:00Z,Portugal Continental,COUNTRY (FIR),1723,,,,,,,,,,,,,,,,,,,
2026,1,JAN,2026-01-12T00:00:00Z,Portugal Santa Maria,COUNTRY (FIR),508,,,,,,,,,,,,,,,,,,,
2026,1,JAN,2026-01-12T00:00:00Z,Romania,COUNTRY (FIR),2143,,,,,,,,,,,,,,,,,,,
2026,1,JAN,2026-01-12T00:00:00Z,SES Area (RP2),AREA (FIR),23163,1684,0,908,0,0,0,0,0,0,31,571,0,133,41,0,0,0,142,36
2026,1,JAN,2026-01-12T00:00:00Z,SW FAB,FAB (FIR),5520,823,0,823,0,0,0,0,0,0,0,0,0,0,0,0,0,0,93,13
2026,1,JAN,2026-01-12T00:00:00Z,Serbia/Montenegro,COUNTRY (FIR),2031,49,0,0,0,0,0,0,0,0,0,0,0,0,49,0,0,0,5,1
2026,1,JAN,2026-01-12T00:00:00Z,Slovakia,COUNTRY (FIR),1299,,,,,,,,,,,,,,,,,,,
2026,1,JAN,2026-01-12T00:00:00Z,Slovenia,COUNTRY (FIR),1117,,,,,,,,,,,,,,,,,,,
2026,1,JAN,2026-01-12T00:00:00Z,Spain,COUNTRY (FIR),5317,823,0,823,0,0,0,0,0,0,0,0,0,0,0,0,0,0,93,13
2026,1,JAN,2026-01-12T00:00:00Z,Spain Canaries,COUNTRY (FIR),1121,73,0,73,0,0,0,0,0,0,0,0,0,0,0,0,0,0,3,2
2026,1,JAN,2026-01-12T00:00:00Z,Spain Continental,COUNTRY (FIR),4949,750,0,750,0,0,0,0,0,0,0,0,0,0,0,0,0,0,90,11
2026,1,JAN,2026-01-12T00:00:00Z,Sweden,COUNTRY (FIR),1673,,,,,,,,,,,,,,,,,,,
2026,1,JAN,2026-01-12T00:00:00Z,Switzerland,COUNTRY (FIR),2478,,,,,,,,,,,,,,,,,,,
2026,1,JAN,2026-01-12T00:00:00Z,Türkiye,COUNTRY (FIR),4152,,,,,,,,,,,,,,,,,,,
2026,1,JAN,2026-01-12T00:00:00Z,UK Continental,COUNTRY (FIR),5629,0,0,0,0,0,0,0,0,0,0,0,0,0,0,0,0,0,0,0
2026,1,JAN,2026-01-12T00:00:00Z,UK Oceanic,COUNTRY (FIR),1266,,,,,,,,,,,,,,,,,,,
2026,1,JAN,2026-01-12T00:00:00Z,UK-Ireland FAB,FAB (FIR),5742,0,0,0,0,0,0,0,0,0,0,0,0,0,0,0,0,0,0,0
2026,1,JAN,2026-01-12T00:00:00Z,United Kingdom,COUNTRY (FIR),5870,0,0,0,0,0,0,0,0,0,0,0,0,0,0,0,0,0,0,0
2026,1,JAN,2026-01-13T00:00:00Z,Albania,COUNTRY (FIR),648,,,,,,,,,,,,,,,,,,,
2026,1,JAN,2026-01-13T00:00:00Z,Armenia,COUNTRY (FIR),321,,,,,,,,,,,,,,,,,,,
2026,1,JAN,2026-01-13T00:00:00Z,Austria,COUNTRY (FIR),2733,0,0,0,0,0,0,0,0,0,0,0,0,0,0,0,0,0,0,0
2026,1,JAN,2026-01-13T00:00:00Z,BLUE MED FAB,FAB (FIR),5317,0,0,0,0,0,0,0,0,0,0,0,0,0,0,0,0,0,0,0
2026,1,JAN,2026-01-13T00:00:00Z,Baltic FAB,FAB (FIR),1545,,,,,,,,,,,,,,,,,,,
2026,1,JAN,2026-01-13T00:00:00Z,Belgium,COUNTRY (FIR),2446,,,,,,,,,,,,,,,,,,,
2026,1,JAN,2026-01-13T00:00:00Z,Bosnia and Herzegovina,COUNTRY (FIR),1041,,,,,,,,,,,,,,,,,,,
2026,1,JAN,2026-01-13T00:00:00Z,Bulgaria,COUNTRY (FIR),2255,,,,,,,,,,,,,,,,,,,
2026,1,JAN,2026-01-13T00:00:00Z,Croatia,COUNTRY (FIR),1658,,,,,,,,,,,,,,,,,,,
2026,1,JAN,2026-01-13T00:00:00Z,Cyprus,COUNTRY (FIR),1157,,,,,,,,,,,,,,,,,,,
2026,1,JAN,2026-01-13T00:00:00Z,Czech Republic,COUNTRY (FIR),1376,0,0,0,0,0,0,0,0,0,0,0,0,0,0,0,0,0,0,0
2026,1,JAN,2026-01-13T00:00:00Z,DANUBE FAB,FAB (FIR),2652,,,,,,,,,,,,,,,,,,,
2026,1,JAN,2026-01-13T00:00:00Z,DK-SE FAB,FAB (FIR),1854,,,,,,,,,,,,,,,,,,,
2026,1,JAN,2026-01-13T00:00:00Z,Denmark,COUNTRY (FIR),1209,,,,,,,,,,,,,,,,,,,
2026,1,JAN,2026-01-13T00:00:00Z,Estonia,COUNTRY (FIR),381,,,,,,,,,,,,,,,,,,,
2026,1,JAN,2026-01-13T00:00:00Z,FAB CE,FAB (FIR),4806,0,0,0,0,0,0,0,0,0,0,0,0,0,0,0,0,0,0,0
2026,1,JAN,2026-01-13T00:00:00Z,FAB CE (SES RP1),FAB (FIR),4207,0,0,0,0,0,0,0,0,0,0,0,0,0,0,0,0,0,0,0
2026,1,JAN,2026-01-13T00:00:00Z,FAB CE (SES RP2),FAB (FIR),4792,0,0,0,0,0,0,0,0,0,0,0,0,0,0,0,0,0,0,0
2026,1,JAN,2026-01-13T00:00:00Z,FABEC,FAB (FIR),11704,1018,0,184,0,0,0,0,0,0,570,178,0,19,67,0,0,0,82,25
2026,1,JAN,2026-01-13T00:00:00Z,Finland,COUNTRY (FIR),615,,,,,,,,,,,,,,,,,,,
2026,1,JAN,2026-01-13T00:00:00Z,France,COUNTRY (FIR),6572,880,0,65,0,0,0,0,0,0,570,178,0,0,67,0,0,0,76,20
2026,1,JAN,2026-01-13T00:00:00Z,Georgia,COUNTRY (FIR),777,35,0,35,0,0,0,0,0,0,0,0,0,0,0,0,0,0,3,1
2026,1,JAN,2026-01-13T00:00:00Z,Germany,COUNTRY (FIR),5805,0,0,0,0,0,0,0,0,0,0,0,0,0,0,0,0,0,0,0
2026,1,JAN,2026-01-13T00:00:00Z,Greece,COUNTRY (FIR),1891,0,0,0,0,0,0,0,0,0,0,0,0,0,0,0,0,0,0,0
2026,1,JAN,2026-01-13T00:00:00Z,Hungary,COUNTRY (FIR),2220,0,0,0,0,0,0,0,0,0,0,0,0,0,0,0,0,0,0,0
2026,1,JAN,2026-01-13T00:00:00Z,Iceland,COUNTRY (FIR),383,,,,,,,,,,,,,,,,,,,
2026,1,JAN,2026-01-13T00:00:00Z,Ireland,COUNTRY (FIR),1160,0,0,0,0,0,0,0,0,0,0,0,0,0,0,0,0,0,0,0
2026,1,JAN,2026-01-13T00:00:00Z,Italy,COUNTRY (FIR),3672,,,,,,,,,,,,,,,,,,,
2026,1,JAN,2026-01-13T00:00:00Z,Latvia,COUNTRY (FIR),471,,,,,,,,,,,,,,,,,,,
2026,1,JAN,2026-01-13T00:00:00Z,Lithuania,COUNTRY (FIR),419,,,,,,,,,,,,,,,,,,,
2026,1,JAN,2026-01-13T00:00:00Z,Malta,COUNTRY (FIR),313,,,,,,,,,,,,,,,,,,,
2026,1,JAN,2026-01-13T00:00:00Z,Moldova,COUNTRY (FIR),106,,,,,,,,,,,,,,,,,,,
2026,1,JAN,2026-01-13T00:00:00Z,NEFAB,FAB (FIR),2275,,,,,,,,,,,,,,,,,,,
2026,1,JAN,2026-01-13T00:00:00Z,Netherlands,COUNTRY (FIR),2442,19,0,0,0,0,0,0,0,0,0,0,0,19,0,0,0,0,1,1
2026,1,JAN,2026-01-13T00:00:00Z,North Macedonia,COUNTRY (FIR),489,,,,,,,,,,,,,,,,,,,
2026,1,JAN,2026-01-13T00:00:00Z,Norway,COUNTRY (FIR),1425,,,,,,,,,,,,,,,,,,,
2026,1,JAN,2026-01-13T00:00:00Z,Poland,COUNTRY (FIR),1424,,,,,,,,,,,,,,,,,,,
2026,1,JAN,2026-01-13T00:00:00Z,Portugal,COUNTRY (FIR),1757,112,0,0,0,0,0,0,0,0,112,0,0,0,0,0,0,0,7,3
2026,1,JAN,2026-01-13T00:00:00Z,Portugal Continental,COUNTRY (FIR),1529,112,0,0,0,0,0,0,0,0,112,0,0,0,0,0,0,0,7,3
2026,1,JAN,2026-01-13T00:00:00Z,Portugal Santa Maria,COUNTRY (FIR),482,,,,,,,,,,,,,,,,,,,
2026,1,JAN,2026-01-13T00:00:00Z,Romania,COUNTRY (FIR),1947,,,,,,,,,,,,,,,,,,,
2026,1,JAN,2026-01-13T00:00:00Z,SES Area (RP2),AREA (FIR),20200,2093,0,426,0,0,0,0,0,0,682,178,0,19,67,0,721,0,177,50
2026,1,JAN,2026-01-13T00:00:00Z,SW FAB,FAB (FIR),4619,1075,0,242,0,0,0,0,0,0,112,0,0,0,0,0,721,0,95,25
2026,1,JAN,2026-01-13T00:00:00Z,Serbia/Montenegro,COUNTRY (FIR),1761,20,0,0,0,0,0,0,0,0,0,0,0,0,20,0,0,0,1,1
2026,1,JAN,2026-01-13T00:00:00Z,Slovakia,COUNTRY (FIR),1092,,,,,,,,,,,,,,,,,,,
2026,1,JAN,2026-01-13T00:00:00Z,Slovenia,COUNTRY (FIR),976,,,,,,,,,,,,,,,,,,,
2026,1,JAN,2026-01-13T00:00:00Z,Spain,COUNTRY (FIR),4447,963,0,242,0,0,0,0,0,0,0,0,0,0,0,0,721,0,88,22
2026,1,JAN,2026-01-13T00:00:00Z,Spain Canaries,COUNTRY (FIR),1079,721,0,0,0,0,0,0,0,0,0,0,0,0,0,0,721,0,65,17
2026,1,JAN,2026-01-13T00:00:00Z,Spain Continental,COUNTRY (FIR),4098,242,0,242,0,0,0,0,0,0,0,0,0,0,0,0,0,0,23,5
2026,1,JAN,2026-01-13T00:00:00Z,Sweden,COUNTRY (FIR),1403,,,,,,,,,,,,,,,,,,,
2026,1,JAN,2026-01-13T00:00:00Z,Switzerland,COUNTRY (FIR),2089,119,0,119,0,0,0,0,0,0,0,0,0,0,0,0,0,0,5,4
2026,1,JAN,2026-01-13T00:00:00Z,Türkiye,COUNTRY (FIR),4226,,,,,,,,,,,,,,,,,,,
2026,1,JAN,2026-01-13T00:00:00Z,UK Continental,COUNTRY (FIR),4577,0,0,0,0,0,0,0,0,0,0,0,0,0,0,0,0,0,0,0
2026,1,JAN,2026-01-13T00:00:00Z,UK Oceanic,COUNTRY (FIR),1188,,,,,,,,,,,,,,,,,,,
2026,1,JAN,2026-01-13T00:00:00Z,UK-Ireland FAB,FAB (FIR),4686,0,0,0,0,0,0,0,0,0,0,0,0,0,0,0,0,0,0,0
2026,1,JAN,2026-01-13T00:00:00Z,United Kingdom,COUNTRY (FIR),4854,0,0,0,0,0,0,0,0,0,0,0,0,0,0,0,0,0,0,0
2026,1,JAN,2026-01-14T00:00:00Z,Albania,COUNTRY (FIR),666,,,,,,,,,,,,,,,,,,,
2026,1,JAN,2026-01-14T00:00:00Z,Armenia,COUNTRY (FIR),330,,,,,,,,,,,,,,,,,,,
2026,1,JAN,2026-01-14T00:00:00Z,Austria,COUNTRY (FIR),2943,,,,,,,,,,,,,,,,,,,
2026,1,JAN,2026-01-14T00:00:00Z,BLUE MED FAB,FAB (FIR),5415,0,0,0,0,0,0,0,0,0,0,0,0,0,0,0,0,0,0,0
2026,1,JAN,2026-01-14T00:00:00Z,Baltic FAB,FAB (FIR),1529,0,0,0,0,0,0,0,0,0,0,0,0,0,0,0,0,0,0,0
2026,1,JAN,2026-01-14T00:00:00Z,Belgium,COUNTRY (FIR),2557,,,,,,,,,,,,,,,,,,,
2026,1,JAN,2026-01-14T00:00:00Z,Bosnia and Herzegovina,COUNTRY (FIR),929,,,,,,,,,,,,,,,,,,,
2026,1,JAN,2026-01-14T00:00:00Z,Bulgaria,COUNTRY (FIR),2283,,,,,,,,,,,,,,,,,,,
2026,1,JAN,2026-01-14T00:00:00Z,Croatia,COUNTRY (FIR),1517,,,,,,,,,,,,,,,,,,,
2026,1,JAN,2026-01-14T00:00:00Z,Cyprus,COUNTRY (FIR),1228,,,,,,,,,,,,,,,,,,,
2026,1,JAN,2026-01-14T00:00:00Z,Czech Republic,COUNTRY (FIR),1503,0,0,0,0,0,0,0,0,0,0,0,0,0,0,0,0,0,0,0
2026,1,JAN,2026-01-14T00:00:00Z,DANUBE FAB,FAB (FIR),2660,,,,,,,,,,,,,,,,,,,
2026,1,JAN,2026-01-14T00:00:00Z,DK-SE FAB,FAB (FIR),1934,0,0,0,0,0,0,0,0,0,0,0,0,0,0,0,0,0,0,0
2026,1,JAN,2026-01-14T00:00:00Z,Denmark,COUNTRY (FIR),1301,,,,,,,,,,,,,,,,,,,
2026,1,JAN,2026-01-14T00:00:00Z,Estonia,COUNTRY (FIR),382,,,,,,,,,,,,,,,,,,,
2026,1,JAN,2026-01-14T00:00:00Z,FAB CE,FAB (FIR),4948,0,0,0,0,0,0,0,0,0,0,0,0,0,0,0,0,0,0,0
2026,1,JAN,2026-01-14T00:00:00Z,FAB CE (SES RP1),FAB (FIR),4417,0,0,0,0,0,0,0,0,0,0,0,0,0,0,0,0,0,0,0
2026,1,JAN,2026-01-14T00:00:00Z,FAB CE (SES RP2),FAB (FIR),4933,0,0,0,0,0,0,0,0,0,0,0,0,0,0,0,0,0,0,0
2026,1,JAN,2026-01-14T00:00:00Z,FABEC,FAB (FIR),12180,1058,0,54,0,0,0,0,0,0,322,275,0,349,58,0,0,0,67,31
2026,1,JAN,2026-01-14T00:00:00Z,Finland,COUNTRY (FIR),600,,,,,,,,,,,,,,,,,,,
2026,1,JAN,2026-01-14T00:00:00Z,France,COUNTRY (FIR),6700,1004,0,0,0,0,0,0,0,0,322,275,0,349,58,0,0,0,64,29
2026,1,JAN,2026-01-14T00:00:00Z,Georgia,COUNTRY (FIR),768,177,0,177,0,0,0,0,0,0,0,0,0,0,0,0,0,0,16,3
2026,1,JAN,2026-01-14T00:00:00Z,Germany,COUNTRY (FIR),6145,,,,,,,,,,,,,,,,,,,
2026,1,JAN,2026-01-14T00:00:00Z,Greece,COUNTRY (FIR),1912,0,0,0,0,0,0,0,0,0,0,0,0,0,0,0,0,0,0,0
2026,1,JAN,2026-01-14T00:00:00Z,Hungary,COUNTRY (FIR),2290,,,,,,,,,,,,,,,,,,,
2026,1,JAN,2026-01-14T00:00:00Z,Iceland,COUNTRY (FIR),392,,,,,,,,,,,,,,,,,,,
2026,1,JAN,2026-01-14T00:00:00Z,Ireland,COUNTRY (FIR),1146,0,0,0,0,0,0,0,0,0,0,0,0,0,0,0,0,0,0,0
2026,1,JAN,2026-01-14T00:00:00Z,Italy,COUNTRY (FIR),3730,,,,,,,,,,,,,,,,,,,
2026,1,JAN,2026-01-14T00:00:00Z,Latvia,COUNTRY (FIR),513,,,,,,,,,,,,,,,,,,,
2026,1,JAN,2026-01-14T00:00:00Z,Lithuania,COUNTRY (FIR),426,,,,,,,,,,,,,,,,,,,
2026,1,JAN,2026-01-14T00:00:00Z,Malta,COUNTRY (FIR),341,,,,,,,,,,,,,,,,,,,
2026,1,JAN,2026-01-14T00:00:00Z,Moldova,COUNTRY (FIR),101,,,,,,,,,,,,,,,,,,,
2026,1,JAN,2026-01-14T00:00:00Z,NEFAB,FAB (FIR),2358,0,0,0,0,0,0,0,0,0,0,0,0,0,0,0,0,0,0,0
2026,1,JAN,2026-01-14T00:00:00Z,Netherlands,COUNTRY (FIR),2618,0,0,0,0,0,0,0,0,0,0,0,0,0,0,0,0,0,0,0
2026,1,JAN,2026-01-14T00:00:00Z,North Macedonia,COUNTRY (FIR),485,,,,,,,,,,,,,,,,,,,
2026,1,JAN,2026-01-14T00:00:00Z,Norway,COUNTRY (FIR),1480,0,0,0,0,0,0,0,0,0,0,0,0,0,0,0,0,0,0,0
2026,1,JAN,2026-01-14T00:00:00Z,Poland,COUNTRY (FIR),1397,0,0,0,0,0,0,0,0,0,0,0,0,0,0,0,0,0,0,0
2026,1,JAN,2026-01-14T00:00:00Z,Portugal,COUNTRY (FIR),1817,,,,,,,,,,,,,,,,,,,
2026,1,JAN,2026-01-14T00:00:00Z,Portugal Continental,COUNTRY (FIR),1582,,,,,,,,,,,,,,,,,,,
2026,1,JAN,2026-01-14T00:00:00Z,Portugal Santa Maria,COUNTRY (FIR),488,,,,,,,,,,,,,,,,,,,
2026,1,JAN,2026-01-14T00:00:00Z,Romania,COUNTRY (FIR),1893,,,,,,,,,,,,,,,,,,,
2026,1,JAN,2026-01-14T00:00:00Z,SES Area (RP2),AREA (FIR),20915,1115,0,111,0,0,0,0,0,0,322,275,0,349,58,0,0,0,72,32
2026,1,JAN,2026-01-14T00:00:00Z,SW FAB,FAB (FIR),4625,57,0,57,0,0,0,0,0,0,0,0,0,0,0,0,0,0,5,1
2026,1,JAN,2026-01-14T00:00:00Z,Serbia/Montenegro,COUNTRY (FIR),1763,30,0,0,0,0,0,0,0,0,0,0,0,0,30,0,0,0,4,0
2026,1,JAN,2026-01-14T00:00:00Z,Slovakia,COUNTRY (FIR),1099,,,,,,,,,,,,,,,,,,,
2026,1,JAN,2026-01-14T00:00:00Z,Slovenia,COUNTRY (FIR),929,,,,,,,,,,,,,,,,,,,
2026,1,JAN,2026-01-14T00:00:00Z,Spain,COUNTRY (FIR),4451,57,0,57,0,0,0,0,0,0,0,0,0,0,0,0,0,0,5,1
2026,1,JAN,2026-01-14T00:00:00Z,Spain Canaries,COUNTRY (FIR),1009,57,0,57,0,0,0,0,0,0,0,0,0,0,0,0,0,0,5,1
2026,1,JAN,2026-01-14T00:00:00Z,Spain Continental,COUNTRY (FIR),4107,,,,,,,,,,,,,,,,,,,
2026,1,JAN,2026-01-14T00:00:00Z,Sweden,COUNTRY (FIR),1427,0,0,0,0,0,0,0,0,0,0,0,0,0,0,0,0,0,0,0
2026,1,JAN,2026-01-14T00:00:00Z,Switzerland,COUNTRY (FIR),2236,54,0,54,0,0,0,0,0,0,0,0,0,0,0,0,0,0,3,2
2026,1,JAN,2026-01-14T00:00:00Z,Türkiye,COUNTRY (FIR),4311,,,,,,,,,,,,,,,,,,,
2026,1,JAN,2026-01-14T00:00:00Z,UK Continental,COUNTRY (FIR),4789,0,0,0,0,0,0,0,0,0,0,0,0,0,0,0,0,0,0,0
2026,1,JAN,2026-01-14T00:00:00Z,UK Oceanic,COUNTRY (FIR),1222,,,,,,,,,,,,,,,,,,,
2026,1,JAN,2026-01-14T00:00:00Z,UK-Ireland FAB,FAB (FIR),4898,0,0,0,0,0,0,0,0,0,0,0,0,0,0,0,0,0,0,0
2026,1,JAN,2026-01-14T00:00:00Z,United Kingdom,COUNTRY (FIR),5043,0,0,0,0,0,0,0,0,0,0,0,0,0,0,0,0,0,0,0
2026,1,JAN,2026-01-15T00:00:00Z,Albania,COUNTRY (FIR),769,,,,,,,,,,,,,,,,,,,
2026,1,JAN,2026-01-15T00:00:00Z,Armenia,COUNTRY (FIR),374,,,,,,,,,,,,,,,,,,,
2026,1,JAN,2026-01-15T00:00:00Z,Austria,COUNTRY (FIR),3284,0,0,0,0,0,0,0,0,0,0,0,0,0,0,0,0,0,0,0
2026,1,JAN,2026-01-15T00:00:00Z,BLUE MED FAB,FAB (FIR),6255,301,0,301,0,0,0,0,0,0,0,0,0,0,0,0,0,0,22,8
2026,1,JAN,2026-01-15T00:00:00Z,Baltic FAB,FAB (FIR),1917,287,0,0,0,0,0,0,0,0,287,0,0,0,0,0,0,0,32,5
2026,1,JAN,2026-01-15T00:00:00Z,Belgium,COUNTRY (FIR),2740,,,,,,,,,,,,,,,,,,,
2026,1,JAN,2026-01-15T00:00:00Z,Bosnia and Herzegovina,COUNTRY (FIR),1135,,,,,,,,,,,,,,,,,,,
2026,1,JAN,2026-01-15T00:00:00Z,Bulgaria,COUNTRY (FIR),2415,,,,,,,,,,,,,,,,,,,
2026,1,JAN,2026-01-15T00:00:00Z,Croatia,COUNTRY (FIR),1805,,,,,,,,,,,,,,,,,,,
2026,1,JAN,2026-01-15T00:00:00Z,Cyprus,COUNTRY (FIR),1359,301,0,301,0,0,0,0,0,0,0,0,0,0,0,0,0,0,22,8
2026,1,JAN,2026-01-15T00:00:00Z,Czech Republic,COUNTRY (FIR),1697,0,0,0,0,0,0,0,0,0,0,0,0,0,0,0,0,0,0,0
2026,1,JAN,2026-01-15T00:00:00Z,DANUBE FAB,FAB (FIR),2825,,,,,,,,,,,,,,,,,,,
2026,1,JAN,2026-01-15T00:00:00Z,DK-SE FAB,FAB (FIR),2209,0,0,0,0,0,0,0,0,0,0,0,0,0,0,0,0,0,0,0
2026,1,JAN,2026-01-15T00:00:00Z,Denmark,COUNTRY (FIR),1419,0,0,0,0,0,0,0,0,0,0,0,0,0,0,0,0,0,0,0
2026,1,JAN,2026-01-15T00:00:00Z,Estonia,COUNTRY (FIR),418,,,,,,,,,,,,,,,,,,,
2026,1,JAN,2026-01-15T00:00:00Z,FAB CE,FAB (FIR),5625,0,0,0,0,0,0,0,0,0,0,0,0,0,0,0,0,0,0,0
2026,1,JAN,2026-01-15T00:00:00Z,FAB CE (SES RP1),FAB (FIR),4985,0,0,0,0,0,0,0,0,0,0,0,0,0,0,0,0,0,0,0
2026,1,JAN,2026-01-15T00:00:00Z,FAB CE (SES RP2),FAB (FIR),5611,0,0,0,0,0,0,0,0,0,0,0,0,0,0,0,0,0,0,0
2026,1,JAN,2026-01-15T00:00:00Z,FABEC,FAB (FIR),13314,2553,0,864,0,0,0,0,0,0,118,1110,0,453,8,0,0,0,160,46
2026,1,JAN,2026-01-15T00:00:00Z,Finland,COUNTRY (FIR),639,,,,,,,,,,,,,,,,,,,
2026,1,JAN,2026-01-15T00:00:00Z,France,COUNTRY (FIR),7329,2025,0,336,0,0,0,0,0,0,118,1110,0,453,8,0,0,0,101,38
2026,1,JAN,2026-01-15T00:00:00Z,Georgia,COUNTRY (FIR),823,212,0,212,0,0,0,0,0,0,0,0,0,0,0,0,0,0,17,5
2026,1,JAN,2026-01-15T00:00:00Z,Germany,COUNTRY (FIR),6774,374,0,374,0,0,0,0,0,0,0,0,0,0,0,0,0,0,53,3
2026,1,JAN,2026-01-15T00:00:00Z,Greece,COUNTRY (FIR),2138,0,0,0,0,0,0,0,0,0,0,0,0,0,0,0,0,0,0,0
2026,1,JAN,2026-01-15T00:00:00Z,Hungary,COUNTRY (FIR),2515,,,,,,,,,,,,,,,,,,,
2026,1,JAN,2026-01-15T00:00:00Z,Iceland,COUNTRY (FIR),468,,,,,,,,,,,,,,,,,,,
2026,1,JAN,2026-01-15T00:00:00Z,Ireland,COUNTRY (FIR),1218,0,0,0,0,0,0,0,0,0,0,0,0,0,0,0,0,0,0,0
2026,1,JAN,2026-01-15T00:00:00Z,Italy,COUNTRY (FIR),4230,0,0,0,0,0,0,0,0,0,0,0,0,0,0,0,0,0,0,0
2026,1,JAN,2026-01-15T00:00:00Z,Latvia,COUNTRY (FIR),560,,,,,,,,,,,,,,,,,,,
2026,1,JAN,2026-01-15T00:00:00Z,Lithuania,COUNTRY (FIR),506,,,,,,,,,,,,,,,,,,,
2026,1,JAN,2026-01-15T00:00:00Z,Malta,COUNTRY (FIR),377,,,,,,,,,,,,,,,,,,,
2026,1,JAN,2026-01-15T00:00:00Z,Moldova,COUNTRY (FIR),106,,,,,,,,,,,,,,,,,,,
2026,1,JAN,2026-01-15T00:00:00Z,NEFAB,FAB (FIR),2530,0,0,0,0,0,0,0,0,0,0,0,0,0,0,0,0,0,0,0
2026,1,JAN,2026-01-15T00:00:00Z,Netherlands,COUNTRY (FIR),2793,0,0,0,0,0,0,0,0,0,0,0,0,0,0,0,0,0,0,0
2026,1,JAN,2026-01-15T00:00:00Z,North Macedonia,COUNTRY (FIR),590,335,0,0,0,0,0,0,0,0,0,335,0,0,0,0,0,0,25,9
2026,1,JAN,2026-01-15T00:00:00Z,Norway,COUNTRY (FIR),1584,0,0,0,0,0,0,0,0,0,0,0,0,0,0,0,0,0,0,0
2026,1,JAN,2026-01-15T00:00:00Z,Poland,COUNTRY (FIR),1763,287,0,0,0,0,0,0,0,0,287,0,0,0,0,0,0,0,32,5
2026,1,JAN,2026-01-15T00:00:00Z,Portugal,COUNTRY (FIR),1871,,,,,,,,,,,,,,,,,,,
2026,1,JAN,2026-01-15T00:00:00Z,Portugal Continental,COUNTRY (FIR),1649,,,,,,,,,,,,,,,,,,,
2026,1,JAN,2026-01-15T00:00:00Z,Portugal Santa Maria,COUNTRY (FIR),464,,,,,,,,,,,,,,,,,,,
2026,1,JAN,2026-01-15T00:00:00Z,Romania,COUNTRY (FIR),1976,,,,,,,,,,,,,,,,,,,
2026,1,JAN,2026-01-15T00:00:00Z,SES Area (RP2),AREA (FIR),23079,3516,0,1540,0,0,0,0,0,0,405,1110,0,453,8,0,0,0,249,67
2026,1,JAN,2026-01-15T00:00:00Z,SW FAB,FAB (FIR),5078,375,0,375,0,0,0,0,0,0,0,0,0,0,0,0,0,0,35,8
2026,1,JAN,2026-01-15T00:00:00Z,Serbia/Montenegro,COUNTRY (FIR),2064,7,0,0,0,0,0,0,0,0,0,0,0,0,7,0,0,0,1,0
2026,1,JAN,2026-01-15T00:00:00Z,Slovakia,COUNTRY (FIR),1230,,,,,,,,,,,,,,,,,,,
2026,1,JAN,2026-01-15T00:00:00Z,Slovenia,COUNTRY (FIR),1079,,,,,,,,,,,,,,,,,,,
2026,1,JAN,2026-01-15T00:00:00Z,Spain,COUNTRY (FIR),4881,375,0,375,0,0,0,0,0,0,0,0,0,0,0,0,0,0,35,8
2026,1,JAN,2026-01-15T00:00:00Z,Spain Canaries,COUNTRY (FIR),1141,29,0,29,0,0,0,0,0,0,0,0,0,0,0,0,0,0,2,1
2026,1,JAN,2026-01-15T00:00:00Z,Spain Continental,COUNTRY (FIR),4514,346,0,346,0,0,0,0,0,0,0,0,0,0,0,0,0,0,33,7
2026,1,JAN,2026-01-15T00:00:00Z,Sweden,COUNTRY (FIR),1660,,,,,,,,,,,,,,,,,,,
2026,1,JAN,2026-01-15T00:00:00Z,Switzerland,COUNTRY (FIR),2423,154,0,154,0,0,0,0,0,0,0,0,0,0,0,0,0,0,6,5
2026,1,JAN,2026-01-15T00:00:00Z,Türkiye,COUNTRY (FIR),4509,,,,,,,,,,,,,,,,,,,
2026,1,JAN,2026-01-15T00:00:00Z,UK Continental,COUNTRY (FIR),5367,0,0,0,0,0,0,0,0,0,0,0,0,0,0,0,0,0,0,0
2026,1,JAN,2026-01-15T00:00:00Z,UK Oceanic,COUNTRY (FIR),1270,,,,,,,,,,,,,,,,,,,
2026,1,JAN,2026-01-15T00:00:00Z,UK-Ireland FAB,FAB (FIR),5485,0,0,0,0,0,0,0,0,0,0,0,0,0,0,0,0,0,0,0
2026,1,JAN,2026-01-15T00:00:00Z,United Kingdom,COUNTRY (FIR),5622,0,0,0,0,0,0,0,0,0,0,0,0,0,0,0,0,0,0,0
2026,1,JAN,2026-01-16T00:00:00Z,Albania,COUNTRY (FIR),852,,,,,,,,,,,,,,,,,,,
2026,1,JAN,2026-01-16T00:00:00Z,Armenia,COUNTRY (FIR),373,,,,,,,,,,,,,,,,,,,
2026,1,JAN,2026-01-16T00:00:00Z,Austria,COUNTRY (FIR),3687,0,0,0,0,0,0,0,0,0,0,0,0,0,0,0,0,0,0,0
2026,1,JAN,2026-01-16T00:00:00Z,BLUE MED FAB,FAB (FIR),6889,0,0,0,0,0,0,0,0,0,0,0,0,0,0,0,0,0,0,0
2026,1,JAN,2026-01-16T00:00:00Z,Baltic FAB,FAB (FIR),2097,0,0,0,0,0,0,0,0,0,0,0,0,0,0,0,0,0,0,0
2026,1,JAN,2026-01-16T00:00:00Z,Belgium,COUNTRY (FIR),2983,,,,,,,,,,,,,,,,,,,
2026,1,JAN,2026-01-16T00:00:00Z,Bosnia and Herzegovina,COUNTRY (FIR),1246,,,,,,,,,,,,,,,,,,,
2026,1,JAN,2026-01-16T00:00:00Z,Bulgaria,COUNTRY (FIR),2439,,,,,,,,,,,,,,,,,,,
2026,1,JAN,2026-01-16T00:00:00Z,Croatia,COUNTRY (FIR),2046,,,,,,,,,,,,,,,,,,,
2026,1,JAN,2026-01-16T00:00:00Z,Cyprus,COUNTRY (FIR),1237,,,,,,,,,,,,,,,,,,,
2026,1,JAN,2026-01-16T00:00:00Z,Czech Republic,COUNTRY (FIR),1890,0,0,0,0,0,0,0,0,0,0,0,0,0,0,0,0,0,0,0
2026,1,JAN,2026-01-16T00:00:00Z,DANUBE FAB,FAB (FIR),2986,,,,,,,,,,,,,,,,,,,
2026,1,JAN,2026-01-16T00:00:00Z,DK-SE FAB,FAB (FIR),2256,,,,,,,,,,,,,,,,,,,
2026,1,JAN,2026-01-16T00:00:00Z,Denmark,COUNTRY (FIR),1494,,,,,,,,,,,,,,,,,,,
2026,1,JAN,2026-01-16T00:00:00Z,Estonia,COUNTRY (FIR),441,,,,,,,,,,,,,,,,,,,
2026,1,JAN,2026-01-16T00:00:00Z,FAB CE,FAB (FIR),6207,0,0,0,0,0,0,0,0,0,0,0,0,0,0,0,0,0,0,0
2026,1,JAN,2026-01-16T00:00:00Z,FAB CE (SES RP1),FAB (FIR),5519,0,0,0,0,0,0,0,0,0,0,0,0,0,0,0,0,0,0,0
2026,1,JAN,2026-01-16T00:00:00Z,FAB CE (SES RP2),FAB (FIR),6182,0,0,0,0,0,0,0,0,0,0,0,0,0,0,0,0,0,0,0
2026,1,JAN,2026-01-16T00:00:00Z,FABEC,FAB (FIR),14513,689,0,417,0,0,0,0,0,0,0,194,0,78,0,0,0,0,69,15
2026,1,JAN,2026-01-16T00:00:00Z,Finland,COUNTRY (FIR),638,,,,,,,,,,,,,,,,,,,
2026,1,JAN,2026-01-16T00:00:00Z,France,COUNTRY (FIR),8100,291,0,93,0,0,0,0,0,0,0,194,0,4,0,0,0,0,21,8
2026,1,JAN,2026-01-16T00:00:00Z,Georgia,COUNTRY (FIR),796,111,0,111,0,0,0,0,0,0,0,0,0,0,0,0,0,0,13,3
2026,1,JAN,2026-01-16T00:00:00Z,Germany,COUNTRY (FIR),7418,152,0,78,0,0,0,0,0,0,0,0,0,74,0,0,0,0,28,0
2026,1,JAN,2026-01-16T00:00:00Z,Greece,COUNTRY (FIR),2131,0,0,0,0,0,0,0,0,0,0,0,0,0,0,0,0,0,0,0
2026,1,JAN,2026-01-16T00:00:00Z,Hungary,COUNTRY (FIR),2661,,,,,,,,,,,,,,,,,,,
2026,1,JAN,2026-01-16T00:00:00Z,Iceland,COUNTRY (FIR),512,,,,,,,,,,,,,,,,,,,
2026,1,JAN,2026-01-16T00:00:00Z,Ireland,COUNTRY (FIR),1464,,,,,,,,,,,,,,,,,,,
2026,1,JAN,2026-01-16T00:00:00Z,Italy,COUNTRY (FIR),5004,0,0,0,0,0,0,0,0,0,0,0,0,0,0,0,0,0,0,0
2026,1,JAN,2026-01-16T00:00:00Z,Latvia,COUNTRY (FIR),602,,,,,,,,,,,,,,,,,,,
2026,1,JAN,2026-01-16T00:00:00Z,Lithuania,COUNTRY (FIR),533,,,,,,,,,,,,,,,,,,,
2026,1,JAN,2026-01-16T00:00:00Z,Malta,COUNTRY (FIR),358,,,,,,,,,,,,,,,,,,,
2026,1,JAN,2026-01-16T00:00:00Z,Moldova,COUNTRY (FIR),123,,,,,,,,,,,,,,,,,,,
2026,1,JAN,2026-01-16T00:00:00Z,NEFAB,FAB (FIR),2488,0,0,0,0,0,0,0,0,0,0,0,0,0,0,0,0,0,0,0
2026,1,JAN,2026-01-16T00:00:00Z,Netherlands,COUNTRY (FIR),3042,221,0,221,0,0,0,0,0,0,0,0,0,0,0,0,0,0,18,6
2026,1,JAN,2026-01-16T00:00:00Z,North Macedonia,COUNTRY (FIR),590,388,0,0,0,0,0,0,0,0,0,388,0,0,0,0,0,0,42,3
2026,1,JAN,2026-01-16T00:00:00Z,Norway,COUNTRY (FIR),1508,0,0,0,0,0,0,0,0,0,0,0,0,0,0,0,0,0,0,0
2026,1,JAN,2026-01-16T00:00:00Z,Poland,COUNTRY (FIR),1937,0,0,0,0,0,0,0,0,0,0,0,0,0,0,0,0,0,0,0
2026,1,JAN,2026-01-16T00:00:00Z,Portugal,COUNTRY (FIR),2160,0,0,0,0,0,0,0,0,0,0,0,0,0,0,0,0,0,0,0
2026,1,JAN,2026-01-16T00:00:00Z,Portugal Continental,COUNTRY (FIR),1910,0,0,0,0,0,0,0,0,0,0,0,0,0,0,0,0,0,0,0
2026,1,JAN,2026-01-16T00:00:00Z,Portugal Santa Maria,COUNTRY (FIR),546,,,,,,,,,,,,,,,,,,,
2026,1,JAN,2026-01-16T00:00:00Z,Romania,COUNTRY (FIR),2112,,,,,,,,,,,,,,,,,,,
2026,1,JAN,2026-01-16T00:00:00Z,SES Area (RP2),AREA (FIR),24810,1752,0,1480,0,0,0,0,0,0,0,194,0,78,0,0,0,0,184,27
2026,1,JAN,2026-01-16T00:00:00Z,SW FAB,FAB (FIR),5901,1063,0,1063,0,0,0,0,0,0,0,0,0,0,0,0,0,0,115,12
2026,1,JAN,2026-01-16T00:00:00Z,Serbia/Montenegro,COUNTRY (FIR),2193,59,0,0,0,0,0,0,0,0,0,0,0,0,59,0,0,0,6,1
2026,1,JAN,2026-01-16T00:00:00Z,Slovakia,COUNTRY (FIR),1334,,,,,,,,,,,,,,,,,,,
2026,1,JAN,2026-01-16T00:00:00Z,Slovenia,COUNTRY (FIR),1225,,,,,,,,,,,,,,,,,,,
2026,1,JAN,2026-01-16T00:00:00Z,Spain,COUNTRY (FIR),5694,1063,0,1063,0,0,0,0,0,0,0,0,0,0,0,0,0,0,115,12
2026,1,JAN,2026-01-16T00:00:00Z,Spain Canaries,COUNTRY (FIR),1231,120,0,120,0,0,0,0,0,0,0,0,0,0,0,0,0,0,12,2
2026,1,JAN,2026-01-16T00:00:00Z,Spain Continental,COUNTRY (FIR),5271,943,0,943,0,0,0,0,0,0,0,0,0,0,0,0,0,0,103,10
2026,1,JAN,2026-01-16T00:00:00Z,Sweden,COUNTRY (FIR),1657,,,,,,,,,,,,,,,,,,,
2026,1,JAN,2026-01-16T00:00:00Z,Switzerland,COUNTRY (FIR),2568,25,0,25,0,0,0,0,0,0,0,0,0,0,0,0,0,0,2,1
2026,1,JAN,2026-01-16T00:00:00Z,Türkiye,COUNTRY (FIR),4552,,,,,,,,,,,,,,,,,,,
2026,1,JAN,2026-01-16T00:00:00Z,UK Continental,COUNTRY (FIR),5987,0,0,0,0,0,0,0,0,0,0,0,0,0,0,0,0,0,0,0
2026,1,JAN,2026-01-16T00:00:00Z,UK Oceanic,COUNTRY (FIR),1244,,,,,,,,,,,,,,,,,,,
2026,1,JAN,2026-01-16T00:00:00Z,UK-Ireland FAB,FAB (FIR),6102,0,0,0,0,0,0,0,0,0,0,0,0,0,0,0,0,0,0,0
2026,1,JAN,2026-01-16T00:00:00Z,United Kingdom,COUNTRY (FIR),6211,0,0,0,0,0,0,0,0,0,0,0,0,0,0,0,0,0,0,0
2026,1,JAN,2026-01-17T00:00:00Z,Albania,COUNTRY (FIR),830,,,,,,,,,,,,,,,,,,,
2026,1,JAN,2026-01-17T00:00:00Z,Armenia,COUNTRY (FIR),362,,,,,,,,,,,,,,,,,,,
2026,1,JAN,2026-01-17T00:00:00Z,Austria,COUNTRY (FIR),3480,0,0,0,0,0,0,0,0,0,0,0,0,0,0,0,0,0,0,0
2026,1,JAN,2026-01-17T00:00:00Z,BLUE MED FAB,FAB (FIR),6344,751,0,751,0,0,0,0,0,0,0,0,0,0,0,0,0,0,75,16
2026,1,JAN,2026-01-17T00:00:00Z,Baltic FAB,FAB (FIR),1865,0,0,0,0,0,0,0,0,0,0,0,0,0,0,0,0,0,0,0
2026,1,JAN,2026-01-17T00:00:00Z,Belgium,COUNTRY (FIR),2717,,,,,,,,,,,,,,,,,,,
2026,1,JAN,2026-01-17T00:00:00Z,Bosnia and Herzegovina,COUNTRY (FIR),1284,19,0,19,0,0,0,0,0,0,0,0,0,0,0,0,0,0,1,1
2026,1,JAN,2026-01-17T00:00:00Z,Bulgaria,COUNTRY (FIR),2504,,,,,,,,,,,,,,,,,,,
2026,1,JAN,2026-01-17T00:00:00Z,Croatia,COUNTRY (FIR),2008,,,,,,,,,,,,,,,,,,,
2026,1,JAN,2026-01-17T00:00:00Z,Cyprus,COUNTRY (FIR),1304,751,0,751,0,0,0,0,0,0,0,0,0,0,0,0,0,0,75,16
2026,1,JAN,2026-01-17T00:00:00Z,Czech Republic,COUNTRY (FIR),1653,0,0,0,0,0,0,0,0,0,0,0,0,0,0,0,0,0,0,0
2026,1,JAN,2026-01-17T00:00:00Z,DANUBE FAB,FAB (FIR),2951,,,,,,,,,,,,,,,,,,,
2026,1,JAN,2026-01-17T00:00:00Z,DK-SE FAB,FAB (FIR),1840,0,0,0,0,0,0,0,0,0,0,0,0,0,0,0,0,0,0,0
2026,1,JAN,2026-01-17T00:00:00Z,Denmark,COUNTRY (FIR),1310,0,0,0,0,0,0,0,0,0,0,0,0,0,0,0,0,0,0,0
2026,1,JAN,2026-01-17T00:00:00Z,Estonia,COUNTRY (FIR),424,,,,,,,,,,,,,,,,,,,
2026,1,JAN,2026-01-17T00:00:00Z,FAB CE,FAB (FIR),5807,19,0,19,0,0,0,0,0,0,0,0,0,0,0,0,0,0,1,1
2026,1,JAN,2026-01-17T00:00:00Z,FAB CE (SES RP1),FAB (FIR),5106,0,0,0,0,0,0,0,0,0,0,0,0,0,0,0,0,0,0,0
2026,1,JAN,2026-01-17T00:00:00Z,FAB CE (SES RP2),FAB (FIR),5789,0,0,0,0,0,0,0,0,0,0,0,0,0,0,0,0,0,0,0
2026,1,JAN,2026-01-17T00:00:00Z,FABEC,FAB (FIR),12447,4114,0,877,0,0,0,0,0,0,1961,491,0,785,0,0,0,0,338,98
2026,1,JAN,2026-01-17T00:00:00Z,Finland,COUNTRY (FIR),624,0,0,0,0,0,0,0,0,0,0,0,0,0,0,0,0,0,0,0
2026,1,JAN,2026-01-17T00:00:00Z,France,COUNTRY (FIR),7291,3511,0,764,0,0,0,0,0,0,1961,1,0,785,0,0,0,0,293,81
2026,1,JAN,2026-01-17T00:00:00Z,Georgia,COUNTRY (FIR),860,277,0,277,0,0,0,0,0,0,0,0,0,0,0,0,0,0,24,6
2026,1,JAN,2026-01-17T00:00:00Z,Germany,COUNTRY (FIR),6268,441,0,0,0,0,0,0,0,0,0,441,0,0,0,0,0,0,39,12
2026,1,JAN,2026-01-17T00:00:00Z,Greece,COUNTRY (FIR),2128,,,,,,,,,,,,,,,,,,,
2026,1,JAN,2026-01-17T00:00:00Z,Hungary,COUNTRY (FIR),2518,,,,,,,,,,,,,,,,,,,
2026,1,JAN,2026-01-17T00:00:00Z,Iceland,COUNTRY (FIR),340,,,,,,,,,,,,,,,,,,,
2026,1,JAN,2026-01-17T00:00:00Z,Ireland,COUNTRY (FIR),1302,,,,,,,,,,,,,,,,,,,
2026,1,JAN,2026-01-17T00:00:00Z,Italy,COUNTRY (FIR),4438,0,0,0,0,0,0,0,0,0,0,0,0,0,0,0,0,0,0,0
2026,1,JAN,2026-01-17T00:00:00Z,Latvia,COUNTRY (FIR),562,,,,,,,,,,,,,,,,,,,
2026,1,JAN,2026-01-17T00:00:00Z,Lithuania,COUNTRY (FIR),481,,,,,,,,,,,,,,,,,,,
2026,1,JAN,2026-01-17T00:00:00Z,Malta,COUNTRY (FIR),401,,,,,,,,,,,,,,,,,,,
2026,1,JAN,2026-01-17T00:00:00Z,Moldova,COUNTRY (FIR),106,,,,,,,,,,,,,,,,,,,
2026,1,JAN,2026-01-17T00:00:00Z,NEFAB,FAB (FIR),1738,0,0,0,0,0,0,0,0,0,0,0,0,0,0,0,0,0,0,0
2026,1,JAN,2026-01-17T00:00:00Z,Netherlands,COUNTRY (FIR),2644,0,0,0,0,0,0,0,0,0,0,0,0,0,0,0,0,0,0,0
2026,1,JAN,2026-01-17T00:00:00Z,North Macedonia,COUNTRY (FIR),577,34,0,0,0,0,0,0,0,0,0,34,0,0,0,0,0,0,6,0
2026,1,JAN,2026-01-17T00:00:00Z,Norway,COUNTRY (FIR),853,,,,,,,,,,,,,,,,,,,
2026,1,JAN,2026-01-17T00:00:00Z,Poland,COUNTRY (FIR),1736,0,0,0,0,0,0,0,0,0,0,0,0,0,0,0,0,0,0,0
2026,1,JAN,2026-01-17T00:00:00Z,Portugal,COUNTRY (FIR),2250,245,0,245,0,0,0,0,0,0,0,0,0,0,0,0,0,0,9,6
2026,1,JAN,2026-01-17T00:00:00Z,Portugal Continental,COUNTRY (FIR),2011,245,0,245,0,0,0,0,0,0,0,0,0,0,0,0,0,0,9,6
2026,1,JAN,2026-01-17T00:00:00Z,Portugal Santa Maria,COUNTRY (FIR),550,,,,,,,,,,,,,,,,,,,
2026,1,JAN,2026-01-17T00:00:00Z,Romania,COUNTRY (FIR),2081,,,,,,,,,,,,,,,,,,,
2026,1,JAN,2026-01-17T00:00:00Z,SES Area (RP2),AREA (FIR),20460,6671,0,3147,0,0,0,0,0,0,1961,491,0,929,0,0,143,0,563,155
2026,1,JAN,2026-01-17T00:00:00Z,SW FAB,FAB (FIR),5403,1790,0,1503,0,0,0,0,0,0,0,0,0,144,0,0,143,0,149,40
2026,1,JAN,2026-01-17T00:00:00Z,Serbia/Montenegro,COUNTRY (FIR),2138,193,0,139,0,0,0,0,0,0,0,0,0,0,54,0,0,0,42,1
2026,1,JAN,2026-01-17T00:00:00Z,Slovakia,COUNTRY (FIR),1245,,,,,,,,,,,,,,,,,,,
2026,1,JAN,2026-01-17T00:00:00Z,Slovenia,COUNTRY (FIR),1204,,,,,,,,,,,,,,,,,,,
2026,1,JAN,2026-01-17T00:00:00Z,Spain,COUNTRY (FIR),5221,1545,0,1258,0,0,0,0,0,0,0,0,0,144,0,0,143,0,140,34
2026,1,JAN,2026-01-17T00:00:00Z,Spain Canaries,COUNTRY (FIR),1456,144,0,0,0,0,0,0,0,0,0,0,0,144,0,0,0,0,13,2
2026,1,JAN,2026-01-17T00:00:00Z,Spain Continental,COUNTRY (FIR),4840,1401,0,1258,0,0,0,0,0,0,0,0,0,0,0,0,143,0,127,32
2026,1,JAN,2026-01-17T00:00:00Z,Sweden,COUNTRY (FIR),1373,,,,,,,,,,,,,,,,,,,
2026,1,JAN,2026-01-17T00:00:00Z,Switzerland,COUNTRY (FIR),2408,162,0,113,0,0,0,0,0,0,0,49,0,0,0,0,0,0,6,5
2026,1,JAN,2026-01-17T00:00:00Z,Türkiye,COUNTRY (FIR),4508,,,,,,,,,,,,,,,,,,,
2026,1,JAN,2026-01-17T00:00:00Z,UK Continental,COUNTRY (FIR),5374,16,0,16,0,0,0,0,0,0,0,0,0,0,0,0,0,0,1,1
2026,1,JAN,2026-01-17T00:00:00Z,UK Oceanic,COUNTRY (FIR),1332,,,,,,,,,,,,,,,,,,,
2026,1,JAN,2026-01-17T00:00:00Z,UK-Ireland FAB,FAB (FIR),5489,16,0,16,0,0,0,0,0,0,0,0,0,0,0,0,0,0,1,1
2026,1,JAN,2026-01-17T00:00:00Z,United Kingdom,COUNTRY (FIR),5656,16,0,16,0,0,0,0,0,0,0,0,0,0,0,0,0,0,1,1
2026,1,JAN,2026-01-18T00:00:00Z,Albania,COUNTRY (FIR),933,,,,,,,,,,,,,,,,,,,
2026,1,JAN,2026-01-18T00:00:00Z,Armenia,COUNTRY (FIR),391,,,,,,,,,,,,,,,,,,,
2026,1,JAN,2026-01-18T00:00:00Z,Austria,COUNTRY (FIR),3752,,,,,,,,,,,,,,,,,,,
2026,1,JAN,2026-01-18T00:00:00Z,BLUE MED FAB,FAB (FIR),7012,453,0,415,0,0,0,0,0,0,0,0,0,38,0,0,0,0,37,12
2026,1,JAN,2026-01-18T00:00:00Z,Baltic FAB,FAB (FIR),2015,0,0,0,0,0,0,0,0,0,0,0,0,0,0,0,0,0,0,0
2026,1,JAN,2026-01-18T00:00:00Z,Belgium,COUNTRY (FIR),2946,,,,,,,,,,,,,,,,,,,
2026,1,JAN,2026-01-18T00:00:00Z,Bosnia and Herzegovina,COUNTRY (FIR),1428,609,0,609,0,0,0,0,0,0,0,0,0,0,0,0,0,0,62,12
2026,1,JAN,2026-01-18T00:00:00Z,Bulgaria,COUNTRY (FIR),2617,,,,,,,,,,,,,,,,,,,
2026,1,JAN,2026-01-18T00:00:00Z,Croatia,COUNTRY (FIR),2231,,,,,,,,,,,,,,,,,,,
2026,1,JAN,2026-01-18T00:00:00Z,Cyprus,COUNTRY (FIR),1439,415,0,415,0,0,0,0,0,0,0,0,0,0,0,0,0,0,34,10
2026,1,JAN,2026-01-18T00:00:00Z,Czech Republic,COUNTRY (FIR),1865,,,,,,,,,,,,,,,,,,,
2026,1,JAN,2026-01-18T00:00:00Z,DANUBE FAB,FAB (FIR),3106,,,,,,,,,,,,,,,,,,,
2026,1,JAN,2026-01-18T00:00:00Z,DK-SE FAB,FAB (FIR),2184,,,,,,,,,,,,,,,,,,,
2026,1,JAN,2026-01-18T00:00:00Z,Denmark,COUNTRY (FIR),1451,,,,,,,,,,,,,,,,,,,
2026,1,JAN,2026-01-18T00:00:00Z,Estonia,COUNTRY (FIR),424,,,,,,,,,,,,,,,,,,,
2026,1,JAN,2026-01-18T00:00:00Z,FAB CE,FAB (FIR),6278,609,0,609,0,0,0,0,0,0,0,0,0,0,0,0,0,0,62,12
2026,1,JAN,2026-01-18T00:00:00Z,FAB CE (SES RP1),FAB (FIR),5521,0,0,0,0,0,0,0,0,0,0,0,0,0,0,0,0,0,0,0
2026,1,JAN,2026-01-18T00:00:00Z,FAB CE (SES RP2),FAB (FIR),6258,0,0,0,0,0,0,0,0,0,0,0,0,0,0,0,0,0,0,0
2026,1,JAN,2026-01-18T00:00:00Z,FABEC,FAB (FIR),13740,965,0,500,0,0,0,0,0,0,179,67,0,219,0,0,0,0,112,15
2026,1,JAN,2026-01-18T00:00:00Z,Finland,COUNTRY (FIR),639,0,0,0,0,0,0,0,0,0,0,0,0,0,0,0,0,0,0,0
2026,1,JAN,2026-01-18T00:00:00Z,France,COUNTRY (FIR),7998,555,0,265,0,0,0,0,0,0,179,67,0,44,0,0,0,0,72,8
2026,1,JAN,2026-01-18T00:00:00Z,Georgia,COUNTRY (FIR),825,8,0,8,0,0,0,0,0,0,0,0,0,0,0,0,0,0,1,0
2026,1,JAN,2026-01-18T00:00:00Z,Germany,COUNTRY (FIR),6922,262,0,87,0,0,0,0,0,0,0,0,0,175,0,0,0,0,32,4
2026,1,JAN,2026-01-18T00:00:00Z,Greece,COUNTRY (FIR),2260,38,0,0,0,0,0,0,0,0,0,0,0,38,0,0,0,0,3,2
2026,1,JAN,2026-01-18T00:00:00Z,Hungary,COUNTRY (FIR),2668,0,0,0,0,0,0,0,0,0,0,0,0,0,0,0,0,0,0,0
2026,1,JAN,2026-01-18T00:00:00Z,Iceland,COUNTRY (FIR),404,,,,,,,,,,,,,,,,,,,
2026,1,JAN,2026-01-18T00:00:00Z,Ireland,COUNTRY (FIR),1403,,,,,,,,,,,,,,,,,,,
2026,1,JAN,2026-01-18T00:00:00Z,Italy,COUNTRY (FIR),4998,,,,,,,,,,,,,,,,,,,
2026,1,JAN,2026-01-18T00:00:00Z,Latvia,COUNTRY (FIR),590,,,,,,,,,,,,,,,,,,,
2026,1,JAN,2026-01-18T00:00:00Z,Lithuania,COUNTRY (FIR),525,,,,,,,,,,,,,,,,,,,
2026,1,JAN,2026-01-18T00:00:00Z,Malta,COUNTRY (FIR),434,,,,,,,,,,,,,,,,,,,
2026,1,JAN,2026-01-18T00:00:00Z,Moldova,COUNTRY (FIR),122,,,,,,,,,,,,,,,,,,,
2026,1,JAN,2026-01-18T00:00:00Z,NEFAB,FAB (FIR),2231,58,0,0,0,0,0,0,0,0,0,58,0,0,0,0,0,0,9,0
2026,1,JAN,2026-01-18T00:00:00Z,Netherlands,COUNTRY (FIR),2849,0,0,0,0,0,0,0,0,0,0,0,0,0,0,0,0,0,0,0
2026,1,JAN,2026-01-18T00:00:00Z,North Macedonia,COUNTRY (FIR),619,993,0,0,0,0,0,0,0,0,0,993,0,0,0,0,0,0,79,23
2026,1,JAN,2026-01-18T00:00:00Z,Norway,COUNTRY (FIR),1297,58,0,0,0,0,0,0,0,0,0,58,0,0,0,0,0,0,9,0
2026,1,JAN,2026-01-18T00:00:00Z,Poland,COUNTRY (FIR),1874,0,0,0,0,0,0,0,0,0,0,0,0,0,0,0,0,0,0,0
2026,1,JAN,2026-01-18T00:00:00Z,Portugal,COUNTRY (FIR),2226,0,0,0,0,0,0,0,0,0,0,0,0,0,0,0,0,0,0,0
2026,1,JAN,2026-01-18T00:00:00Z,Portugal Continental,COUNTRY (FIR),1984,0,0,0,0,0,0,0,0,0,0,0,0,0,0,0,0,0,0,0
2026,1,JAN,2026-01-18T00:00:00Z,Portugal Santa Maria,COUNTRY (FIR),569,,,,,,,,,,,,,,,,,,,
2026,1,JAN,2026-01-18T00:00:00Z,Romania,COUNTRY (FIR),2096,,,,,,,,,,,,,,,,,,,
2026,1,JAN,2026-01-18T00:00:00Z,SES Area (RP2),AREA (FIR),22947,1893,0,1332,0,0,0,0,0,0,179,125,0,257,0,0,0,0,206,33
2026,1,JAN,2026-01-18T00:00:00Z,SW FAB,FAB (FIR),5806,399,0,399,0,0,0,0,0,0,0,0,0,0,0,0,0,0,47,5
2026,1,JAN,2026-01-18T00:00:00Z,Serbia/Montenegro,COUNTRY (FIR),2400,28,0,0,0,0,0,0,0,0,0,0,0,0,28,0,0,0,6,0
2026,1,JAN,2026-01-18T00:00:00Z,Slovakia,COUNTRY (FIR),1292,,,,,,,,,,,,,,,,,,,
2026,1,JAN,2026-01-18T00:00:00Z,Slovenia,COUNTRY (FIR),1338,,,,,,,,,,,,,,,,,,,
2026,1,JAN,2026-01-18T00:00:00Z,Spain,COUNTRY (FIR),5597,399,0,399,0,0,0,0,0,0,0,0,0,0,0,0,0,0,47,5
2026,1,JAN,2026-01-18T00:00:00Z,Spain Canaries,COUNTRY (FIR),1262,44,0,44,0,0,0,0,0,0,0,0,0,0,0,0,0,0,6,0
2026,1,JAN,2026-01-18T00:00:00Z,Spain Continental,COUNTRY (FIR),5225,355,0,355,0,0,0,0,0,0,0,0,0,0,0,0,0,0,41,5
2026,1,JAN,2026-01-18T00:00:00Z,Sweden,COUNTRY (FIR),1574,,,,,,,,,,,,,,,,,,,
2026,1,JAN,2026-01-18T00:00:00Z,Switzerland,COUNTRY (FIR),2779,148,0,148,0,0,0,0,0,0,0,0,0,0,0,0,0,0,8,3
2026,1,JAN,2026-01-18T00:00:00Z,Türkiye,COUNTRY (FIR),4554,0,0,0,0,0,0,0,0,0,0,0,0,0,0,0,0,0,0,0
2026,1,JAN,2026-01-18T00:00:00Z,UK Continental,COUNTRY (FIR),5771,18,0,18,0,0,0,0,0,0,0,0,0,0,0,0,0,0,1,1
2026,1,JAN,2026-01-18T00:00:00Z,UK Oceanic,COUNTRY (FIR),1349,,,,,,,,,,,,,,,,,,,
2026,1,JAN,2026-01-18T00:00:00Z,UK-Ireland FAB,FAB (FIR),5874,18,0,18,0,0,0,0,0,0,0,0,0,0,0,0,0,0,1,1
2026,1,JAN,2026-01-18T00:00:00Z,United Kingdom,COUNTRY (FIR),6053,18,0,18,0,0,0,0,0,0,0,0,0,0,0,0,0,0,1,1
2026,1,JAN,2026-01-19T00:00:00Z,Albania,COUNTRY (FIR),845,,,,,,,,,,,,,,,,,,,
2026,1,JAN,2026-01-19T00:00:00Z,Armenia,COUNTRY (FIR),383,,,,,,,,,,,,,,,,,,,
2026,1,JAN,2026-01-19T00:00:00Z,Austria,COUNTRY (FIR),3610,,,,,,,,,,,,,,,,,,,
2026,1,JAN,2026-01-19T00:00:00Z,BLUE MED FAB,FAB (FIR),6757,0,0,0,0,0,0,0,0,0,0,0,0,0,0,0,0,0,0,0
2026,1,JAN,2026-01-19T00:00:00Z,Baltic FAB,FAB (FIR),2035,,,,,,,,,,,,,,,,,,,
2026,1,JAN,2026-01-19T00:00:00Z,Belgium,COUNTRY (FIR),2983,0,0,0,0,0,0,0,0,0,0,0,0,0,0,0,0,0,0,0
2026,1,JAN,2026-01-19T00:00:00Z,Bosnia and Herzegovina,COUNTRY (FIR),1247,49,0,0,0,0,0,0,0,0,0,0,0,49,0,0,0,0,8,0
2026,1,JAN,2026-01-19T00:00:00Z,Bulgaria,COUNTRY (FIR),2368,,,,,,,,,,,,,,,,,,,
2026,1,JAN,2026-01-19T00:00:00Z,Croatia,COUNTRY (FIR),1984,,,,,,,,,,,,,,,,,,,
2026,1,JAN,2026-01-19T00:00:00Z,Cyprus,COUNTRY (FIR),1357,,,,,,,,,,,,,,,,,,,
2026,1,JAN,2026-01-19T00:00:00Z,Czech Republic,COUNTRY (FIR),1828,,,,,,,,,,,,,,,,,,,
2026,1,JAN,2026-01-19T00:00:00Z,DANUBE FAB,FAB (FIR),2880,,,,,,,,,,,,,,,,,,,
2026,1,JAN,2026-01-19T00:00:00Z,DK-SE FAB,FAB (FIR),2267,,,,,,,,,,,,,,,,,,,
2026,1,JAN,2026-01-19T00:00:00Z,Denmark,COUNTRY (FIR),1512,,,,,,,,,,,,,,,,,,,
2026,1,JAN,2026-01-19T00:00:00Z,Estonia,COUNTRY (FIR),412,,,,,,,,,,,,,,,,,,,
2026,1,JAN,2026-01-19T00:00:00Z,FAB CE,FAB (FIR),5978,61,0,12,0,0,0,0,0,0,0,0,0,49,0,0,0,0,9,0
2026,1,JAN,2026-01-19T00:00:00Z,FAB CE (SES RP1),FAB (FIR),5331,12,0,12,0,0,0,0,0,0,0,0,0,0,0,0,0,0,1,0
2026,1,JAN,2026-01-19T00:00:00Z,FAB CE (SES RP2),FAB (FIR),5960,12,0,12,0,0,0,0,0,0,0,0,0,0,0,0,0,0,1,0
2026,1,JAN,2026-01-19T00:00:00Z,FABEC,FAB (FIR),14069,4169,0,1796,0,0,0,0,28,0,616,866,0,428,435,0,0,0,379,76
2026,1,JAN,2026-01-19T00:00:00Z,Finland,COUNTRY (FIR),629,0,0,0,0,0,0,0,0,0,0,0,0,0,0,0,0,0,0,0
2026,1,JAN,2026-01-19T00:00:00Z,France,COUNTRY (FIR),7744,2395,0,1028,0,0,0,0,28,0,616,232,0,56,435,0,0,0,204,49
2026,1,JAN,2026-01-19T00:00:00Z,Georgia,COUNTRY (FIR),713,42,0,42,0,0,0,0,0,0,0,0,0,0,0,0,0,0,7,1
2026,1,JAN,2026-01-19T00:00:00Z,Germany,COUNTRY (FIR),7303,1135,0,763,0,0,0,0,0,0,0,0,0,372,0,0,0,0,153,13
2026,1,JAN,2026-01-19T00:00:00Z,Greece,COUNTRY (FIR),2162,0,0,0,0,0,0,0,0,0,0,0,0,0,0,0,0,0,0,0
2026,1,JAN,2026-01-19T00:00:00Z,Hungary,COUNTRY (FIR),2556,12,0,12,0,0,0,0,0,0,0,0,0,0,0,0,0,0,1,0
2026,1,JAN,2026-01-19T00:00:00Z,Iceland,COUNTRY (FIR),419,,,,,,,,,,,,,,,,,,,
2026,1,JAN,2026-01-19T00:00:00Z,Ireland,COUNTRY (FIR),1425,,,,,,,,,,,,,,,,,,,
2026,1,JAN,2026-01-19T00:00:00Z,Italy,COUNTRY (FIR),4788,0,0,0,0,0,0,0,0,0,0,0,0,0,0,0,0,0,0,0
2026,1,JAN,2026-01-19T00:00:00Z,Latvia,COUNTRY (FIR),552,,,,,,,,,,,,,,,,,,,
2026,1,JAN,2026-01-19T00:00:00Z,Lithuania,COUNTRY (FIR),494,,,,,,,,,,,,,,,,,,,
2026,1,JAN,2026-01-19T00:00:00Z,Malta,COUNTRY (FIR),412,,,,,,,,,,,,,,,,,,,
2026,1,JAN,2026-01-19T00:00:00Z,Moldova,COUNTRY (FIR),111,,,,,,,,,,,,,,,,,,,
2026,1,JAN,2026-01-19T00:00:00Z,NEFAB,FAB (FIR),2418,0,0,0,0,0,0,0,0,0,0,0,0,0,0,0,0,0,0,0
2026,1,JAN,2026-01-19T00:00:00Z,Netherlands,COUNTRY (FIR),2958,5,0,5,0,0,0,0,0,0,0,0,0,0,0,0,0,0,1,0
2026,1,JAN,2026-01-19T00:00:00Z,North Macedonia,COUNTRY (FIR),600,,,,,,,,,,,,,,,,,,,
2026,1,JAN,2026-01-19T00:00:00Z,Norway,COUNTRY (FIR),1484,,,,,,,,,,,,,,,,,,,
2026,1,JAN,2026-01-19T00:00:00Z,Poland,COUNTRY (FIR),1876,,,,,,,,,,,,,,,,,,,
2026,1,JAN,2026-01-19T00:00:00Z,Portugal,COUNTRY (FIR),2025,,,,,,,,,,,,,,,,,,,
2026,1,JAN,2026-01-19T00:00:00Z,Portugal Continental,COUNTRY (FIR),1788,,,,,,,,,,,,,,,,,,,
2026,1,JAN,2026-01-19T00:00:00Z,Portugal Santa Maria,COUNTRY (FIR),531,,,,,,,,,,,,,,,,,,,
2026,1,JAN,2026-01-19T00:00:00Z,Romania,COUNTRY (FIR),2041,,,,,,,,,,,,,,,,,,,
2026,1,JAN,2026-01-19T00:00:00Z,SES Area (RP2),AREA (FIR),24065,4924,0,2551,0,0,0,0,28,0,616,866,0,428,435,0,0,0,484,86
2026,1,JAN,2026-01-19T00:00:00Z,SW FAB,FAB (FIR),5619,743,0,743,0,0,0,0,0,0,0,0,0,0,0,0,0,0,104,10
2026,1,JAN,2026-01-19T00:00:00Z,Serbia/Montenegro,COUNTRY (FIR),2116,30,0,0,0,0,0,0,0,0,0,0,0,0,30,0,0,0,3,1
2026,1,JAN,2026-01-19T00:00:00Z,Slovakia,COUNTRY (FIR),1249,,,,,,,,,,,,,,,,,,,
2026,1,JAN,2026-01-19T00:00:00Z,Slovenia,COUNTRY (FIR),1218,,,,,,,,,,,,,,,,,,,
2026,1,JAN,2026-01-19T00:00:00Z,Spain,COUNTRY (FIR),5412,743,0,743,0,0,0,0,0,0,0,0,0,0,0,0,0,0,104,10
2026,1,JAN,2026-01-19T00:00:00Z,Spain Canaries,COUNTRY (FIR),1110,,,,,,,,,,,,,,,,,,,
2026,1,JAN,2026-01-19T00:00:00Z,Spain Continental,COUNTRY (FIR),5040,743,0,743,0,0,0,0,0,0,0,0,0,0,0,0,0,0,104,10
2026,1,JAN,2026-01-19T00:00:00Z,Sweden,COUNTRY (FIR),1664,,,,,,,,,,,,,,,,,,,
2026,1,JAN,2026-01-19T00:00:00Z,Switzerland,COUNTRY (FIR),2647,634,0,0,0,0,0,0,0,0,0,634,0,0,0,0,0,0,21,14
2026,1,JAN,2026-01-19T00:00:00Z,Türkiye,COUNTRY (FIR),4228,0,0,0,0,0,0,0,0,0,0,0,0,0,0,0,0,0,0,0
2026,1,JAN,2026-01-19T00:00:00Z,UK Continental,COUNTRY (FIR),5750,0,0,0,0,0,0,0,0,0,0,0,0,0,0,0,0,0,0,0
2026,1,JAN,2026-01-19T00:00:00Z,UK Oceanic,COUNTRY (FIR),1309,,,,,,,,,,,,,,,,,,,
2026,1,JAN,2026-01-19T00:00:00Z,UK-Ireland FAB,FAB (FIR),5870,0,0,0,0,0,0,0,0,0,0,0,0,0,0,0,0,0,0,0
2026,1,JAN,2026-01-19T00:00:00Z,United Kingdom,COUNTRY (FIR),6024,0,0,0,0,0,0,0,0,0,0,0,0,0,0,0,0,0,0,0
2026,1,JAN,2026-01-20T00:00:00Z,Albania,COUNTRY (FIR),594,,,,,,,,,,,,,,,,,,,
2026,1,JAN,2026-01-20T00:00:00Z,Armenia,COUNTRY (FIR),382,,,,,,,,,,,,,,,,,,,
2026,1,JAN,2026-01-20T00:00:00Z,Austria,COUNTRY (FIR),3092,,,,,,,,,,,,,,,,,,,
2026,1,JAN,2026-01-20T00:00:00Z,BLUE MED FAB,FAB (FIR),5393,67,0,0,0,0,0,0,0,0,0,0,0,0,0,0,67,0,5,1
2026,1,JAN,2026-01-20T00:00:00Z,Baltic FAB,FAB (FIR),1652,,,,,,,,,,,,,,,,,,,
2026,1,JAN,2026-01-20T00:00:00Z,Belgium,COUNTRY (FIR),2515,0,0,0,0,0,0,0,0,0,0,0,0,0,0,0,0,0,0,0
2026,1,JAN,2026-01-20T00:00:00Z,Bosnia and Herzegovina,COUNTRY (FIR),1021,,,,,,,,,,,,,,,,,,,
2026,1,JAN,2026-01-20T00:00:00Z,Bulgaria,COUNTRY (FIR),2360,,,,,,,,,,,,,,,,,,,
2026,1,JAN,2026-01-20T00:00:00Z,Croatia,COUNTRY (FIR),1633,,,,,,,,,,,,,,,,,,,
2026,1,JAN,2026-01-20T00:00:00Z,Cyprus,COUNTRY (FIR),1165,,,,,,,,,,,,,,,,,,,
2026,1,JAN,2026-01-20T00:00:00Z,Czech Republic,COUNTRY (FIR),1513,,,,,,,,,,,,,,,,,,,
2026,1,JAN,2026-01-20T00:00:00Z,DANUBE FAB,FAB (FIR),2788,,,,,,,,,,,,,,,,,,,
2026,1,JAN,2026-01-20T00:00:00Z,DK-SE FAB,FAB (FIR),1924,,,,,,,,,,,,,,,,,,,
2026,1,JAN,2026-01-20T00:00:00Z,Denmark,COUNTRY (FIR),1237,,,,,,,,,,,,,,,,,,,
2026,1,JAN,2026-01-20T00:00:00Z,Estonia,COUNTRY (FIR),363,,,,,,,,,,,,,,,,,,,
2026,1,JAN,2026-01-20T00:00:00Z,FAB CE,FAB (FIR),5142,,,,,,,,,,,,,,,,,,,
2026,1,JAN,2026-01-20T00:00:00Z,FAB CE (SES RP1),FAB (FIR),4613,,,,,,,,,,,,,,,,,,,
2026,1,JAN,2026-01-20T00:00:00Z,FAB CE (SES RP2),FAB (FIR),5126,,,,,,,,,,,,,,,,,,,
2026,1,JAN,2026-01-20T00:00:00Z,FABEC,FAB (FIR),11973,1024,0,2,0,0,0,0,92,0,0,587,0,343,0,0,0,0,42,22
2026,1,JAN,2026-01-20T00:00:00Z,Finland,COUNTRY (FIR),621,,,,,,,,,,,,,,,,,,,
2026,1,JAN,2026-01-20T00:00:00Z,France,COUNTRY (FIR),6422,913,0,2,0,0,0,0,89,0,0,522,0,300,0,0,0,0,38,20
2026,1,JAN,2026-01-20T00:00:00Z,Georgia,COUNTRY (FIR),749,106,0,106,0,0,0,0,0,0,0,0,0,0,0,0,0,0,17,0
2026,1,JAN,2026-01-20T00:00:00Z,Germany,COUNTRY (FIR),6300,3,0,0,0,0,0,0,3,0,0,0,0,0,0,0,0,0,1,0
2026,1,JAN,2026-01-20T00:00:00Z,Greece,COUNTRY (FIR),1867,,,,,,,,,,,,,,,,,,,
2026,1,JAN,2026-01-20T00:00:00Z,Hungary,COUNTRY (FIR),2297,,,,,,,,,,,,,,,,,,,
2026,1,JAN,2026-01-20T00:00:00Z,Iceland,COUNTRY (FIR),414,,,,,,,,,,,,,,,,,,,
2026,1,JAN,2026-01-20T00:00:00Z,Ireland,COUNTRY (FIR),1147,,,,,,,,,,,,,,,,,,,
2026,1,JAN,2026-01-20T00:00:00Z,Italy,COUNTRY (FIR),3689,,,,,,,,,,,,,,,,,,,
2026,1,JAN,2026-01-20T00:00:00Z,Latvia,COUNTRY (FIR),472,,,,,,,,,,,,,,,,,,,
2026,1,JAN,2026-01-20T00:00:00Z,Lithuania,COUNTRY (FIR),431,,,,,,,,,,,,,,,,,,,
2026,1,JAN,2026-01-20T00:00:00Z,Malta,COUNTRY (FIR),295,67,0,0,0,0,0,0,0,0,0,0,0,0,0,0,67,0,5,1
2026,1,JAN,2026-01-20T00:00:00Z,Moldova,COUNTRY (FIR),91,,,,,,,,,,,,,,,,,,,
2026,1,JAN,2026-01-20T00:00:00Z,NEFAB,FAB (FIR),2284,,,,,,,,,,,,,,,,,,,
2026,1,JAN,2026-01-20T00:00:00Z,Netherlands,COUNTRY (FIR),2574,43,0,0,0,0,0,0,0,0,0,0,0,43,0,0,0,0,1,1
2026,1,JAN,2026-01-20T00:00:00Z,North Macedonia,COUNTRY (FIR),473,86,0,0,0,0,0,0,0,0,0,86,0,0,0,0,0,0,13,0
2026,1,JAN,2026-01-20T00:00:00Z,Norway,COUNTRY (FIR),1425,,,,,,,,,,,,,,,,,,,
2026,1,JAN,2026-01-20T00:00:00Z,Poland,COUNTRY (FIR),1520,,,,,,,,,,,,,,,,,,,
2026,1,JAN,2026-01-20T00:00:00Z,Portugal,COUNTRY (FIR),1768,,,,,,,,,,,,,,,,,,,
2026,1,JAN,2026-01-20T00:00:00Z,Portugal Continental,COUNTRY (FIR),1542,,,,,,,,,,,,,,,,,,,
2026,1,JAN,2026-01-20T00:00:00Z,Portugal Santa Maria,COUNTRY (FIR),506,,,,,,,,,,,,,,,,,,,
2026,1,JAN,2026-01-20T00:00:00Z,Romania,COUNTRY (FIR),1966,,,,,,,,,,,,,,,,,,,
2026,1,JAN,2026-01-20T00:00:00Z,SES Area (RP2),AREA (FIR),20724,1646,0,557,0,0,0,0,92,0,0,587,0,343,0,0,67,0,84,37
2026,1,JAN,2026-01-20T00:00:00Z,SW FAB,FAB (FIR),4577,555,0,555,0,0,0,0,0,0,0,0,0,0,0,0,0,0,37,14
2026,1,JAN,2026-01-20T00:00:00Z,Serbia/Montenegro,COUNTRY (FIR),1773,41,0,0,0,0,0,0,0,0,0,0,0,0,41,0,0,0,5,1
2026,1,JAN,2026-01-20T00:00:00Z,Slovakia,COUNTRY (FIR),1121,,,,,,,,,,,,,,,,,,,
2026,1,JAN,2026-01-20T00:00:00Z,Slovenia,COUNTRY (FIR),1043,,,,,,,,,,,,,,,,,,,
2026,1,JAN,2026-01-20T00:00:00Z,Spain,COUNTRY (FIR),4416,555,0,555,0,0,0,0,0,0,0,0,0,0,0,0,0,0,37,14
2026,1,JAN,2026-01-20T00:00:00Z,Spain Canaries,COUNTRY (FIR),1082,553,0,553,0,0,0,0,0,0,0,0,0,0,0,0,0,0,36,14
2026,1,JAN,2026-01-20T00:00:00Z,Spain Continental,COUNTRY (FIR),4044,2,0,2,0,0,0,0,0,0,0,0,0,0,0,0,0,0,1,0
2026,1,JAN,2026-01-20T00:00:00Z,Sweden,COUNTRY (FIR),1395,,,,,,,,,,,,,,,,,,,
2026,1,JAN,2026-01-20T00:00:00Z,Switzerland,COUNTRY (FIR),2167,65,0,0,0,0,0,0,0,0,0,65,0,0,0,0,0,0,2,1
2026,1,JAN,2026-01-20T00:00:00Z,Türkiye,COUNTRY (FIR),4277,,,,,,,,,,,,,,,,,,,
2026,1,JAN,2026-01-20T00:00:00Z,UK Continental,COUNTRY (FIR),4671,0,0,0,0,0,0,0,0,0,0,0,0,0,0,0,0,0,0,0
2026,1,JAN,2026-01-20T00:00:00Z,UK Oceanic,COUNTRY (FIR),1176,,,,,,,,,,,,,,,,,,,
2026,1,JAN,2026-01-20T00:00:00Z,UK-Ireland FAB,FAB (FIR),4774,0,0,0,0,0,0,0,0,0,0,0,0,0,0,0,0,0,0,0
2026,1,JAN,2026-01-20T00:00:00Z,United Kingdom,COUNTRY (FIR),4898,0,0,0,0,0,0,0,0,0,0,0,0,0,0,0,0,0,0,0
2026,1,JAN,2026-01-21T00:00:00Z,Albania,COUNTRY (FIR),622,,,,,,,,,,,,,,,,,,,
2026,1,JAN,2026-01-21T00:00:00Z,Armenia,COUNTRY (FIR),333,,,,,,,,,,,,,,,,,,,
2026,1,JAN,2026-01-21T00:00:00Z,Austria,COUNTRY (FIR),3177,,,,,,,,,,,,,,,,,,,
2026,1,JAN,2026-01-21T00:00:00Z,BLUE MED FAB,FAB (FIR),5418,0,0,0,0,0,0,0,0,0,0,0,0,0,0,0,0,0,0,0
2026,1,JAN,2026-01-21T00:00:00Z,Baltic FAB,FAB (FIR),1708,,,,,,,,,,,,,,,,,,,
2026,1,JAN,2026-01-21T00:00:00Z,Belgium,COUNTRY (FIR),2693,59,0,0,0,0,0,0,0,0,0,0,0,59,0,0,0,0,4,0
2026,1,JAN,2026-01-21T00:00:00Z,Bosnia and Herzegovina,COUNTRY (FIR),957,,,,,,,,,,,,,,,,,,,
2026,1,JAN,2026-01-21T00:00:00Z,Bulgaria,COUNTRY (FIR),2375,,,,,,,,,,,,,,,,,,,
2026,1,JAN,2026-01-21T00:00:00Z,Croatia,COUNTRY (FIR),1514,,,,,,,,,,,,,,,,,,,
2026,1,JAN,2026-01-21T00:00:00Z,Cyprus,COUNTRY (FIR),1103,,,,,,,,,,,,,,,,,,,
2026,1,JAN,2026-01-21T00:00:00Z,Czech Republic,COUNTRY (FIR),1569,,,,,,,,,,,,,,,,,,,
2026,1,JAN,2026-01-21T00:00:00Z,DANUBE FAB,FAB (FIR),2740,,,,,,,,,,,,,,,,,,,
2026,1,JAN,2026-01-21T00:00:00Z,DK-SE FAB,FAB (FIR),2022,,,,,,,,,,,,,,,,,,,
2026,1,JAN,2026-01-21T00:00:00Z,Denmark,COUNTRY (FIR),1278,,,,,,,,,,,,,,,,,,,
2026,1,JAN,2026-01-21T00:00:00Z,Estonia,COUNTRY (FIR),371,,,,,,,,,,,,,,,,,,,
2026,1,JAN,2026-01-21T00:00:00Z,FAB CE,FAB (FIR),5145,,,,,,,,,,,,,,,,,,,
2026,1,JAN,2026-01-21T00:00:00Z,FAB CE (SES RP1),FAB (FIR),4683,,,,,,,,,,,,,,,,,,,
2026,1,JAN,2026-01-21T00:00:00Z,FAB CE (SES RP2),FAB (FIR),5127,,,,,,,,,,,,,,,,,,,
2026,1,JAN,2026-01-21T00:00:00Z,FABEC,FAB (FIR),12616,1342,0,605,0,0,0,0,0,0,0,503,0,202,32,0,0,0,104,23
2026,1,JAN,2026-01-21T00:00:00Z,Finland,COUNTRY (FIR),619,,,,,,,,,,,,,,,,,,,
2026,1,JAN,2026-01-21T00:00:00Z,France,COUNTRY (FIR),6709,648,0,44,0,0,0,0,0,0,0,429,0,143,32,0,0,0,39,12
2026,1,JAN,2026-01-21T00:00:00Z,Georgia,COUNTRY (FIR),798,88,0,88,0,0,0,0,0,0,0,0,0,0,0,0,0,0,16,1
2026,1,JAN,2026-01-21T00:00:00Z,Germany,COUNTRY (FIR),6615,561,0,561,0,0,0,0,0,0,0,0,0,0,0,0,0,0,58,9
2026,1,JAN,2026-01-21T00:00:00Z,Greece,COUNTRY (FIR),1836,0,0,0,0,0,0,0,0,0,0,0,0,0,0,0,0,0,0,0
2026,1,JAN,2026-01-21T00:00:00Z,Hungary,COUNTRY (FIR),2312,,,,,,,,,,,,,,,,,,,
2026,1,JAN,2026-01-21T00:00:00Z,Iceland,COUNTRY (FIR),384,,,,,,,,,,,,,,,,,,,
2026,1,JAN,2026-01-21T00:00:00Z,Ireland,COUNTRY (FIR),1149,,,,,,,,,,,,,,,,,,,
2026,1,JAN,2026-01-21T00:00:00Z,Italy,COUNTRY (FIR),3770,,,,,,,,,,,,,,,,,,,
2026,1,JAN,2026-01-21T00:00:00Z,Latvia,COUNTRY (FIR),482,,,,,,,,,,,,,,,,,,,
2026,1,JAN,2026-01-21T00:00:00Z,Lithuania,COUNTRY (FIR),429,,,,,,,,,,,,,,,,,,,
2026,1,JAN,2026-01-21T00:00:00Z,Malta,COUNTRY (FIR),341,,,,,,,,,,,,,,,,,,,
2026,1,JAN,2026-01-21T00:00:00Z,Moldova,COUNTRY (FIR),85,,,,,,,,,,,,,,,,,,,
2026,1,JAN,2026-01-21T00:00:00Z,NEFAB,FAB (FIR),2403,35,0,0,0,0,0,0,0,0,0,35,0,0,0,0,0,0,6,0
2026,1,JAN,2026-01-21T00:00:00Z,Netherlands,COUNTRY (FIR),2655,0,0,0,0,0,0,0,0,0,0,0,0,0,0,0,0,0,0,0
2026,1,JAN,2026-01-21T00:00:00Z,North Macedonia,COUNTRY (FIR),435,,,,,,,,,,,,,,,,,,,
2026,1,JAN,2026-01-21T00:00:00Z,Norway,COUNTRY (FIR),1548,35,0,0,0,0,0,0,0,0,0,35,0,0,0,0,0,0,6,0
2026,1,JAN,2026-01-21T00:00:00Z,Poland,COUNTRY (FIR),1585,,,,,,,,,,,,,,,,,,,
2026,1,JAN,2026-01-21T00:00:00Z,Portugal,COUNTRY (FIR),1711,0,0,0,0,0,0,0,0,0,0,0,0,0,0,0,0,0,0,0
2026,1,JAN,2026-01-21T00:00:00Z,Portugal Continental,COUNTRY (FIR),1506,0,0,0,0,0,0,0,0,0,0,0,0,0,0,0,0,0,0,0
2026,1,JAN,2026-01-21T00:00:00Z,Portugal Santa Maria,COUNTRY (FIR),442,,,,,,,,,,,,,,,,,,,
2026,1,JAN,2026-01-21T00:00:00Z,Romania,COUNTRY (FIR),1905,,,,,,,,,,,,,,,,,,,
2026,1,JAN,2026-01-21T00:00:00Z,SES Area (RP2),AREA (FIR),21386,1441,0,669,0,0,0,0,0,0,0,538,0,202,32,0,0,0,116,24
2026,1,JAN,2026-01-21T00:00:00Z,SW FAB,FAB (FIR),4648,64,0,64,0,0,0,0,0,0,0,0,0,0,0,0,0,0,6,1
2026,1,JAN,2026-01-21T00:00:00Z,Serbia/Montenegro,COUNTRY (FIR),1763,6,0,0,0,0,0,0,0,0,0,0,0,0,6,0,0,0,3,0
2026,1,JAN,2026-01-21T00:00:00Z,Slovakia,COUNTRY (FIR),1099,,,,,,,,,,,,,,,,,,,
2026,1,JAN,2026-01-21T00:00:00Z,Slovenia,COUNTRY (FIR),975,,,,,,,,,,,,,,,,,,,
2026,1,JAN,2026-01-21T00:00:00Z,Spain,COUNTRY (FIR),4484,64,0,64,0,0,0,0,0,0,0,0,0,0,0,0,0,0,6,1
2026,1,JAN,2026-01-21T00:00:00Z,Spain Canaries,COUNTRY (FIR),993,,,,,,,,,,,,,,,,,,,
2026,1,JAN,2026-01-21T00:00:00Z,Spain Continental,COUNTRY (FIR),4155,64,0,64,0,0,0,0,0,0,0,0,0,0,0,0,0,0,6,1
2026,1,JAN,2026-01-21T00:00:00Z,Sweden,COUNTRY (FIR),1445,,,,,,,,,,,,,,,,,,,
2026,1,JAN,2026-01-21T00:00:00Z,Switzerland,COUNTRY (FIR),2288,74,0,0,0,0,0,0,0,0,0,74,0,0,0,0,0,0,3,2
2026,1,JAN,2026-01-21T00:00:00Z,Türkiye,COUNTRY (FIR),4286,,,,,,,,,,,,,,,,,,,
2026,1,JAN,2026-01-21T00:00:00Z,UK Continental,COUNTRY (FIR),4749,0,0,0,0,0,0,0,0,0,0,0,0,0,0,0,0,0,0,0
2026,1,JAN,2026-01-21T00:00:00Z,UK Oceanic,COUNTRY (FIR),1191,,,,,,,,,,,,,,,,,,,
2026,1,JAN,2026-01-21T00:00:00Z,UK-Ireland FAB,FAB (FIR),4851,0,0,0,0,0,0,0,0,0,0,0,0,0,0,0,0,0,0,0
2026,1,JAN,2026-01-21T00:00:00Z,United Kingdom,COUNTRY (FIR),4997,0,0,0,0,0,0,0,0,0,0,0,0,0,0,0,0,0,0,0
2026,1,JAN,2026-01-22T00:00:00Z,Albania,COUNTRY (FIR),727,,,,,,,,,,,,,,,,,,,
2026,1,JAN,2026-01-22T00:00:00Z,Armenia,COUNTRY (FIR),340,,,,,,,,,,,,,,,,,,,
2026,1,JAN,2026-01-22T00:00:00Z,Austria,COUNTRY (FIR),3542,,,,,,,,,,,,,,,,,,,
2026,1,JAN,2026-01-22T00:00:00Z,BLUE MED FAB,FAB (FIR),6282,641,0,0,0,0,0,0,0,0,0,0,0,0,0,0,641,0,63,15
2026,1,JAN,2026-01-22T00:00:00Z,Baltic FAB,FAB (FIR),1934,,,,,,,,,,,,,,,,,,,
2026,1,JAN,2026-01-22T00:00:00Z,Belgium,COUNTRY (FIR),2978,146,0,0,0,0,0,0,0,0,0,0,0,146,0,0,0,0,15,2
2026,1,JAN,2026-01-22T00:00:00Z,Bosnia and Herzegovina,COUNTRY (FIR),1142,,,,,,,,,,,,,,,,,,,
2026,1,JAN,2026-01-22T00:00:00Z,Bulgaria,COUNTRY (FIR),2484,,,,,,,,,,,,,,,,,,,
2026,1,JAN,2026-01-22T00:00:00Z,Croatia,COUNTRY (FIR),1774,,,,,,,,,,,,,,,,,,,
2026,1,JAN,2026-01-22T00:00:00Z,Cyprus,COUNTRY (FIR),1244,,,,,,,,,,,,,,,,,,,
2026,1,JAN,2026-01-22T00:00:00Z,Czech Republic,COUNTRY (FIR),1778,,,,,,,,,,,,,,,,,,,
2026,1,JAN,2026-01-22T00:00:00Z,DANUBE FAB,FAB (FIR),2915,,,,,,,,,,,,,,,,,,,
2026,1,JAN,2026-01-22T00:00:00Z,DK-SE FAB,FAB (FIR),2195,,,,,,,,,,,,,,,,,,,
2026,1,JAN,2026-01-22T00:00:00Z,Denmark,COUNTRY (FIR),1421,,,,,,,,,,,,,,,,,,,
2026,1,JAN,2026-01-22T00:00:00Z,Estonia,COUNTRY (FIR),400,,,,,,,,,,,,,,,,,,,
2026,1,JAN,2026-01-22T00:00:00Z,FAB CE,FAB (FIR),5760,,,,,,,,,,,,,,,,,,,
2026,1,JAN,2026-01-22T00:00:00Z,FAB CE (SES RP1),FAB (FIR),5209,,,,,,,,,,,,,,,,,,,
2026,1,JAN,2026-01-22T00:00:00Z,FAB CE (SES RP2),FAB (FIR),5742,,,,,,,,,,,,,,,,,,,
2026,1,JAN,2026-01-22T00:00:00Z,FABEC,FAB (FIR),13868,1987,0,654,0,0,0,0,0,0,0,572,0,724,37,0,0,0,125,41
2026,1,JAN,2026-01-22T00:00:00Z,Finland,COUNTRY (FIR),649,,,,,,,,,,,,,,,,,,,
2026,1,JAN,2026-01-22T00:00:00Z,France,COUNTRY (FIR),7457,1196,0,522,0,0,0,0,0,0,0,59,0,578,37,0,0,0,76,29
2026,1,JAN,2026-01-22T00:00:00Z,Georgia,COUNTRY (FIR),767,156,0,156,0,0,0,0,0,0,0,0,0,0,0,0,0,0,14,5
2026,1,JAN,2026-01-22T00:00:00Z,Germany,COUNTRY (FIR),7198,79,0,79,0,0,0,0,0,0,0,0,0,0,0,0,0,0,10,1
2026,1,JAN,2026-01-22T00:00:00Z,Greece,COUNTRY (FIR),2051,641,0,0,0,0,0,0,0,0,0,0,0,0,0,0,641,0,63,15
2026,1,JAN,2026-01-22T00:00:00Z,Hungary,COUNTRY (FIR),2513,,,,,,,,,,,,,,,,,,,
2026,1,JAN,2026-01-22T00:00:00Z,Iceland,COUNTRY (FIR),371,,,,,,,,,,,,,,,,,,,
2026,1,JAN,2026-01-22T00:00:00Z,Ireland,COUNTRY (FIR),1411,0,0,0,0,0,0,0,0,0,0,0,0,0,0,0,0,0,0,0
2026,1,JAN,2026-01-22T00:00:00Z,Italy,COUNTRY (FIR),4358,0,0,0,0,0,0,0,0,0,0,0,0,0,0,0,0,0,0,0
2026,1,JAN,2026-01-22T00:00:00Z,Latvia,COUNTRY (FIR),539,,,,,,,,,,,,,,,,,,,
2026,1,JAN,2026-01-22T00:00:00Z,Lithuania,COUNTRY (FIR),483,,,,,,,,,,,,,,,,,,,
2026,1,JAN,2026-01-22T00:00:00Z,Malta,COUNTRY (FIR),391,,,,,,,,,,,,,,,,,,,
2026,1,JAN,2026-01-22T00:00:00Z,Moldova,COUNTRY (FIR),87,,,,,,,,,,,,,,,,,,,
2026,1,JAN,2026-01-22T00:00:00Z,NEFAB,FAB (FIR),2489,,,,,,,,,,,,,,,,,,,
2026,1,JAN,2026-01-22T00:00:00Z,Netherlands,COUNTRY (FIR),2928,0,0,0,0,0,0,0,0,0,0,0,0,0,0,0,0,0,0,0
2026,1,JAN,2026-01-22T00:00:00Z,North Macedonia,COUNTRY (FIR),523,,,,,,,,,,,,,,,,,,,
2026,1,JAN,2026-01-22T00:00:00Z,Norway,COUNTRY (FIR),1556,,,,,,,,,,,,,,,,,,,
2026,1,JAN,2026-01-22T00:00:00Z,Poland,COUNTRY (FIR),1782,,,,,,,,,,,,,,,,,,,
2026,1,JAN,2026-01-22T00:00:00Z,Portugal,COUNTRY (FIR),1931,0,0,0,0,0,0,0,0,0,0,0,0,0,0,0,0,0,0,0
2026,1,JAN,2026-01-22T00:00:00Z,Portugal Continental,COUNTRY (FIR),1703,0,0,0,0,0,0,0,0,0,0,0,0,0,0,0,0,0,0,0
2026,1,JAN,2026-01-22T00:00:00Z,Portugal Santa Maria,COUNTRY (FIR),515,,,,,,,,,,,,,,,,,,,
2026,1,JAN,2026-01-22T00:00:00Z,Romania,COUNTRY (FIR),2002,,,,,,,,,,,,,,,,,,,
2026,1,JAN,2026-01-22T00:00:00Z,SES Area (RP2),AREA (FIR),23516,3562,0,1560,0,0,0,0,0,0,28,572,0,724,37,0,641,0,220,74
2026,1,JAN,2026-01-22T00:00:00Z,SW FAB,FAB (FIR),5261,934,0,906,0,0,0,0,0,0,28,0,0,0,0,0,0,0,32,18
2026,1,JAN,2026-01-22T00:00:00Z,Serbia/Montenegro,COUNTRY (FIR),1999,0,0,0,0,0,0,0,0,0,0,0,0,0,0,0,0,0,0,0
2026,1,JAN,2026-01-22T00:00:00Z,Slovakia,COUNTRY (FIR),1237,,,,,,,,,,,,,,,,,,,
2026,1,JAN,2026-01-22T00:00:00Z,Slovenia,COUNTRY (FIR),1096,,,,,,,,,,,,,,,,,,,
2026,1,JAN,2026-01-22T00:00:00Z,Spain,COUNTRY (FIR),5084,934,0,906,0,0,0,0,0,0,28,0,0,0,0,0,0,0,32,18
2026,1,JAN,2026-01-22T00:00:00Z,Spain Canaries,COUNTRY (FIR),1148,37,0,9,0,0,0,0,0,0,28,0,0,0,0,0,0,0,7,0
2026,1,JAN,2026-01-22T00:00:00Z,Spain Continental,COUNTRY (FIR),4705,897,0,897,0,0,0,0,0,0,0,0,0,0,0,0,0,0,25,18
2026,1,JAN,2026-01-22T00:00:00Z,Sweden,COUNTRY (FIR),1595,,,,,,,,,,,,,,,,,,,
2026,1,JAN,2026-01-22T00:00:00Z,Switzerland,COUNTRY (FIR),2591,566,0,53,0,0,0,0,0,0,0,513,0,0,0,0,0,0,24,9
2026,1,JAN,2026-01-22T00:00:00Z,Türkiye,COUNTRY (FIR),4267,,,,,,,,,,,,,,,,,,,
2026,1,JAN,2026-01-22T00:00:00Z,UK Continental,COUNTRY (FIR),5499,0,0,0,0,0,0,0,0,0,0,0,0,0,0,0,0,0,0,0
2026,1,JAN,2026-01-22T00:00:00Z,UK Oceanic,COUNTRY (FIR),1284,,,,,,,,,,,,,,,,,,,
2026,1,JAN,2026-01-22T00:00:00Z,UK-Ireland FAB,FAB (FIR),5621,0,0,0,0,0,0,0,0,0,0,0,0,0,0,0,0,0,0,0
2026,1,JAN,2026-01-22T00:00:00Z,United Kingdom,COUNTRY (FIR),5726,0,0,0,0,0,0,0,0,0,0,0,0,0,0,0,0,0,0,0
2026,1,JAN,2026-01-23T00:00:00Z,Albania,COUNTRY (FIR),837,,,,,,,,,,,,,,,,,,,
2026,1,JAN,2026-01-23T00:00:00Z,Armenia,COUNTRY (FIR),377,,,,,,,,,,,,,,,,,,,
2026,1,JAN,2026-01-23T00:00:00Z,Austria,COUNTRY (FIR),3854,,,,,,,,,,,,,,,,,,,
2026,1,JAN,2026-01-23T00:00:00Z,BLUE MED FAB,FAB (FIR),6842,835,0,0,0,0,0,0,0,0,0,0,0,835,0,0,0,0,80,14
2026,1,JAN,2026-01-23T00:00:00Z,Baltic FAB,FAB (FIR),2109,,,,,,,,,,,,,,,,,,,
2026,1,JAN,2026-01-23T00:00:00Z,Belgium,COUNTRY (FIR),3116,,,,,,,,,,,,,,,,,,,
2026,1,JAN,2026-01-23T00:00:00Z,Bosnia and Herzegovina,COUNTRY (FIR),1236,,,,,,,,,,,,,,,,,,,
2026,1,JAN,2026-01-23T00:00:00Z,Bulgaria,COUNTRY (FIR),2558,,,,,,,,,,,,,,,,,,,
2026,1,JAN,2026-01-23T00:00:00Z,Croatia,COUNTRY (FIR),2030,,,,,,,,,,,,,,,,,,,
2026,1,JAN,2026-01-23T00:00:00Z,Cyprus,COUNTRY (FIR),1076,,,,,,,,,,,,,,,,,,,
2026,1,JAN,2026-01-23T00:00:00Z,Czech Republic,COUNTRY (FIR),1914,,,,,,,,,,,,,,,,,,,
2026,1,JAN,2026-01-23T00:00:00Z,DANUBE FAB,FAB (FIR),3087,,,,,,,,,,,,,,,,,,,
2026,1,JAN,2026-01-23T00:00:00Z,DK-SE FAB,FAB (FIR),2243,,,,,,,,,,,,,,,,,,,
2026,1,JAN,2026-01-23T00:00:00Z,Denmark,COUNTRY (FIR),1490,,,,,,,,,,,,,,,,,,,
2026,1,JAN,2026-01-23T00:00:00Z,Estonia,COUNTRY (FIR),415,,,,,,,,,,,,,,,,,,,
2026,1,JAN,2026-01-23T00:00:00Z,FAB CE,FAB (FIR),6374,,,,,,,,,,,,,,,,,,,
2026,1,JAN,2026-01-23T00:00:00Z,FAB CE (SES RP1),FAB (FIR),5673,,,,,,,,,,,,,,,,,,,
2026,1,JAN,2026-01-23T00:00:00Z,FAB CE (SES RP2),FAB (FIR),6350,,,,,,,,,,,,,,,,,,,
2026,1,JAN,2026-01-23T00:00:00Z,FABEC,FAB (FIR),14825,4906,0,1499,0,0,0,0,205,0,1657,184,0,1359,2,0,0,0,470,98
2026,1,JAN,2026-01-23T00:00:00Z,Finland,COUNTRY (FIR),612,,,,,,,,,,,,,,,,,,,
2026,1,JAN,2026-01-23T00:00:00Z,France,COUNTRY (FIR),8260,3371,0,346,0,0,0,0,0,0,1657,69,0,1297,2,0,0,0,344,60
2026,1,JAN,2026-01-23T00:00:00Z,Georgia,COUNTRY (FIR),802,33,0,33,0,0,0,0,0,0,0,0,0,0,0,0,0,0,5,0
2026,1,JAN,2026-01-23T00:00:00Z,Germany,COUNTRY (FIR),7559,1117,0,912,0,0,0,0,205,0,0,0,0,0,0,0,0,0,108,25
2026,1,JAN,2026-01-23T00:00:00Z,Greece,COUNTRY (FIR),2013,835,0,0,0,0,0,0,0,0,0,0,0,835,0,0,0,0,80,14
2026,1,JAN,2026-01-23T00:00:00Z,Hungary,COUNTRY (FIR),2730,,,,,,,,,,,,,,,,,,,
2026,1,JAN,2026-01-23T00:00:00Z,Iceland,COUNTRY (FIR),370,,,,,,,,,,,,,,,,,,,
2026,1,JAN,2026-01-23T00:00:00Z,Ireland,COUNTRY (FIR),1493,0,0,0,0,0,0,0,0,0,0,0,0,0,0,0,0,0,0,0
2026,1,JAN,2026-01-23T00:00:00Z,Italy,COUNTRY (FIR),5089,,,,,,,,,,,,,,,,,,,
2026,1,JAN,2026-01-23T00:00:00Z,Latvia,COUNTRY (FIR),573,,,,,,,,,,,,,,,,,,,
2026,1,JAN,2026-01-23T00:00:00Z,Lithuania,COUNTRY (FIR),524,,,,,,,,,,,,,,,,,,,
2026,1,JAN,2026-01-23T00:00:00Z,Malta,COUNTRY (FIR),392,,,,,,,,,,,,,,,,,,,
2026,1,JAN,2026-01-23T00:00:00Z,Moldova,COUNTRY (FIR),110,,,,,,,,,,,,,,,,,,,
2026,1,JAN,2026-01-23T00:00:00Z,NEFAB,FAB (FIR),2419,,,,,,,,,,,,,,,,,,,
2026,1,JAN,2026-01-23T00:00:00Z,Netherlands,COUNTRY (FIR),3056,62,0,0,0,0,0,0,0,0,0,0,0,62,0,0,0,0,3,1
2026,1,JAN,2026-01-23T00:00:00Z,North Macedonia,COUNTRY (FIR),562,504,0,114,0,0,0,0,0,0,0,390,0,0,0,0,0,0,39,12
2026,1,JAN,2026-01-23T00:00:00Z,Norway,COUNTRY (FIR),1462,,,,,,,,,,,,,,,,,,,
2026,1,JAN,2026-01-23T00:00:00Z,Poland,COUNTRY (FIR),1950,,,,,,,,,,,,,,,,,,,
2026,1,JAN,2026-01-23T00:00:00Z,Portugal,COUNTRY (FIR),2162,0,0,0,0,0,0,0,0,0,0,0,0,0,0,0,0,0,0,0
2026,1,JAN,2026-01-23T00:00:00Z,Portugal Continental,COUNTRY (FIR),1931,0,0,0,0,0,0,0,0,0,0,0,0,0,0,0,0,0,0,0
2026,1,JAN,2026-01-23T00:00:00Z,Portugal Santa Maria,COUNTRY (FIR),542,,,,,,,,,,,,,,,,,,,
2026,1,JAN,2026-01-23T00:00:00Z,Romania,COUNTRY (FIR),2178,,,,,,,,,,,,,,,,,,,
2026,1,JAN,2026-01-23T00:00:00Z,SES Area (RP2),AREA (FIR),24972,8094,0,3481,0,0,0,0,205,0,1926,184,0,2194,2,0,102,0,761,158
2026,1,JAN,2026-01-23T00:00:00Z,SW FAB,FAB (FIR),5982,2353,0,1982,0,0,0,0,0,0,269,0,0,0,0,0,102,0,211,46
2026,1,JAN,2026-01-23T00:00:00Z,Serbia/Montenegro,COUNTRY (FIR),2139,,,,,,,,,,,,,,,,,,,
2026,1,JAN,2026-01-23T00:00:00Z,Slovakia,COUNTRY (FIR),1301,,,,,,,,,,,,,,,,,,,
2026,1,JAN,2026-01-23T00:00:00Z,Slovenia,COUNTRY (FIR),1188,,,,,,,,,,,,,,,,,,,
2026,1,JAN,2026-01-23T00:00:00Z,Spain,COUNTRY (FIR),5775,2353,0,1982,0,0,0,0,0,0,269,0,0,0,0,0,102,0,211,46
2026,1,JAN,2026-01-23T00:00:00Z,Spain Canaries,COUNTRY (FIR),1215,269,0,0,0,0,0,0,0,0,269,0,0,0,0,0,0,0,20,6
2026,1,JAN,2026-01-23T00:00:00Z,Spain Continental,COUNTRY (FIR),5352,2084,0,1982,0,0,0,0,0,0,0,0,0,0,0,0,102,0,191,40
2026,1,JAN,2026-01-23T00:00:00Z,Sweden,COUNTRY (FIR),1575,,,,,,,,,,,,,,,,,,,
2026,1,JAN,2026-01-23T00:00:00Z,Switzerland,COUNTRY (FIR),2828,356,0,241,0,0,0,0,0,0,0,115,0,0,0,0,0,0,15,12
2026,1,JAN,2026-01-23T00:00:00Z,Türkiye,COUNTRY (FIR),4350,0,0,0,0,0,0,0,0,0,0,0,0,0,0,0,0,0,0,0
2026,1,JAN,2026-01-23T00:00:00Z,UK Continental,COUNTRY (FIR),5992,0,0,0,0,0,0,0,0,0,0,0,0,0,0,0,0,0,0,0
2026,1,JAN,2026-01-23T00:00:00Z,UK Oceanic,COUNTRY (FIR),1308,,,,,,,,,,,,,,,,,,,
2026,1,JAN,2026-01-23T00:00:00Z,UK-Ireland FAB,FAB (FIR),6120,0,0,0,0,0,0,0,0,0,0,0,0,0,0,0,0,0,0,0
2026,1,JAN,2026-01-23T00:00:00Z,United Kingdom,COUNTRY (FIR),6268,0,0,0,0,0,0,0,0,0,0,0,0,0,0,0,0,0,0,0
2026,1,JAN,2026-01-24T00:00:00Z,Albania,COUNTRY (FIR),810,,,,,,,,,,,,,,,,,,,
2026,1,JAN,2026-01-24T00:00:00Z,Armenia,COUNTRY (FIR),328,,,,,,,,,,,,,,,,,,,
2026,1,JAN,2026-01-24T00:00:00Z,Austria,COUNTRY (FIR),3499,,,,,,,,,,,,,,,,,,,
2026,1,JAN,2026-01-24T00:00:00Z,BLUE MED FAB,FAB (FIR),6236,652,0,625,0,0,0,0,0,0,0,0,0,27,0,0,0,0,57,16
2026,1,JAN,2026-01-24T00:00:00Z,Baltic FAB,FAB (FIR),1824,,,,,,,,,,,,,,,,,,,
2026,1,JAN,2026-01-24T00:00:00Z,Belgium,COUNTRY (FIR),2708,0,0,0,0,0,0,0,0,0,0,0,0,0,0,0,0,0,0,0
2026,1,JAN,2026-01-24T00:00:00Z,Bosnia and Herzegovina,COUNTRY (FIR),1317,,,,,,,,,,,,,,,,,,,
2026,1,JAN,2026-01-24T00:00:00Z,Bulgaria,COUNTRY (FIR),2511,,,,,,,,,,,,,,,,,,,
2026,1,JAN,2026-01-24T00:00:00Z,Croatia,COUNTRY (FIR),2027,,,,,,,,,,,,,,,,,,,
2026,1,JAN,2026-01-24T00:00:00Z,Cyprus,COUNTRY (FIR),1182,625,0,625,0,0,0,0,0,0,0,0,0,0,0,0,0,0,51,16
2026,1,JAN,2026-01-24T00:00:00Z,Czech Republic,COUNTRY (FIR),1685,,,,,,,,,,,,,,,,,,,
2026,1,JAN,2026-01-24T00:00:00Z,DANUBE FAB,FAB (FIR),2943,,,,,,,,,,,,,,,,,,,
2026,1,JAN,2026-01-24T00:00:00Z,DK-SE FAB,FAB (FIR),1880,,,,,,,,,,,,,,,,,,,
2026,1,JAN,2026-01-24T00:00:00Z,Denmark,COUNTRY (FIR),1335,,,,,,,,,,,,,,,,,,,
2026,1,JAN,2026-01-24T00:00:00Z,Estonia,COUNTRY (FIR),389,,,,,,,,,,,,,,,,,,,
2026,1,JAN,2026-01-24T00:00:00Z,FAB CE,FAB (FIR),5849,,,,,,,,,,,,,,,,,,,
2026,1,JAN,2026-01-24T00:00:00Z,FAB CE (SES RP1),FAB (FIR),5115,,,,,,,,,,,,,,,,,,,
2026,1,JAN,2026-01-24T00:00:00Z,FAB CE (SES RP2),FAB (FIR),5827,,,,,,,,,,,,,,,,,,,
2026,1,JAN,2026-01-24T00:00:00Z,FABEC,FAB (FIR),12413,4173,0,1462,0,0,0,0,0,0,2345,19,0,347,0,0,0,0,408,78
2026,1,JAN,2026-01-24T00:00:00Z,Finland,COUNTRY (FIR),619,,,,,,,,,,,,,,,,,,,
2026,1,JAN,2026-01-24T00:00:00Z,France,COUNTRY (FIR),7241,3614,0,1137,0,0,0,0,0,0,2345,19,0,113,0,0,0,0,351,64
2026,1,JAN,2026-01-24T00:00:00Z,Georgia,COUNTRY (FIR),873,156,0,156,0,0,0,0,0,0,0,0,0,0,0,0,0,0,16,2
2026,1,JAN,2026-01-24T00:00:00Z,Germany,COUNTRY (FIR),6296,510,0,276,0,0,0,0,0,0,0,0,0,234,0,0,0,0,54,12
2026,1,JAN,2026-01-24T00:00:00Z,Greece,COUNTRY (FIR),2145,27,0,0,0,0,0,0,0,0,0,0,0,27,0,0,0,0,6,0
2026,1,JAN,2026-01-24T00:00:00Z,Hungary,COUNTRY (FIR),2504,,,,,,,,,,,,,,,,,,,
2026,1,JAN,2026-01-24T00:00:00Z,Iceland,COUNTRY (FIR),332,,,,,,,,,,,,,,,,,,,
2026,1,JAN,2026-01-24T00:00:00Z,Ireland,COUNTRY (FIR),1445,,,,,,,,,,,,,,,,,,,
2026,1,JAN,2026-01-24T00:00:00Z,Italy,COUNTRY (FIR),4434,,,,,,,,,,,,,,,,,,,
2026,1,JAN,2026-01-24T00:00:00Z,Latvia,COUNTRY (FIR),522,,,,,,,,,,,,,,,,,,,
2026,1,JAN,2026-01-24T00:00:00Z,Lithuania,COUNTRY (FIR),480,,,,,,,,,,,,,,,,,,,
2026,1,JAN,2026-01-24T00:00:00Z,Malta,COUNTRY (FIR),409,,,,,,,,,,,,,,,,,,,
2026,1,JAN,2026-01-24T00:00:00Z,Moldova,COUNTRY (FIR),103,,,,,,,,,,,,,,,,,,,
2026,1,JAN,2026-01-24T00:00:00Z,NEFAB,FAB (FIR),1744,,,,,,,,,,,,,,,,,,,
2026,1,JAN,2026-01-24T00:00:00Z,Netherlands,COUNTRY (FIR),2642,0,0,0,0,0,0,0,0,0,0,0,0,0,0,0,0,0,0,0
2026,1,JAN,2026-01-24T00:00:00Z,North Macedonia,COUNTRY (FIR),576,437,0,0,0,0,0,0,0,0,0,437,0,0,0,0,0,0,31,8
2026,1,JAN,2026-01-24T00:00:00Z,Norway,COUNTRY (FIR),873,,,,,,,,,,,,,,,,,,,
2026,1,JAN,2026-01-24T00:00:00Z,Poland,COUNTRY (FIR),1699,,,,,,,,,,,,,,,,,,,
2026,1,JAN,2026-01-24T00:00:00Z,Portugal,COUNTRY (FIR),2321,225,0,225,0,0,0,0,0,0,0,0,0,0,0,0,0,0,28,1
2026,1,JAN,2026-01-24T00:00:00Z,Portugal Continental,COUNTRY (FIR),2080,225,0,225,0,0,0,0,0,0,0,0,0,0,0,0,0,0,28,1
2026,1,JAN,2026-01-24T00:00:00Z,Portugal Santa Maria,COUNTRY (FIR),534,,,,,,,,,,,,,,,,,,,
2026,1,JAN,2026-01-24T00:00:00Z,Romania,COUNTRY (FIR),2024,,,,,,,,,,,,,,,,,,,
2026,1,JAN,2026-01-24T00:00:00Z,SES Area (RP2),AREA (FIR),20212,6424,0,2773,0,0,0,0,0,0,2345,19,0,1287,0,0,0,0,620,124
2026,1,JAN,2026-01-24T00:00:00Z,SW FAB,FAB (FIR),5368,493,0,493,0,0,0,0,0,0,0,0,0,0,0,0,0,0,54,6
2026,1,JAN,2026-01-24T00:00:00Z,Serbia/Montenegro,COUNTRY (FIR),2151,,,,,,,,,,,,,,,,,,,
2026,1,JAN,2026-01-24T00:00:00Z,Slovakia,COUNTRY (FIR),1241,,,,,,,,,,,,,,,,,,,
2026,1,JAN,2026-01-24T00:00:00Z,Slovenia,COUNTRY (FIR),1175,,,,,,,,,,,,,,,,,,,
2026,1,JAN,2026-01-24T00:00:00Z,Spain,COUNTRY (FIR),5194,268,0,268,0,0,0,0,0,0,0,0,0,0,0,0,0,0,26,5
2026,1,JAN,2026-01-24T00:00:00Z,Spain Canaries,COUNTRY (FIR),1443,0,0,0,0,0,0,0,0,0,0,0,0,0,0,0,0,0,0,0
2026,1,JAN,2026-01-24T00:00:00Z,Spain Continental,COUNTRY (FIR),4789,268,0,268,0,0,0,0,0,0,0,0,0,0,0,0,0,0,26,5
2026,1,JAN,2026-01-24T00:00:00Z,Sweden,COUNTRY (FIR),1334,,,,,,,,,,,,,,,,,,,
2026,1,JAN,2026-01-24T00:00:00Z,Switzerland,COUNTRY (FIR),2423,49,0,49,0,0,0,0,0,0,0,0,0,0,0,0,0,0,3,2
2026,1,JAN,2026-01-24T00:00:00Z,Türkiye,COUNTRY (FIR),4449,0,0,0,0,0,0,0,0,0,0,0,0,0,0,0,0,0,0,0
2026,1,JAN,2026-01-24T00:00:00Z,UK Continental,COUNTRY (FIR),5341,1106,0,193,0,0,0,0,0,0,0,0,0,913,0,0,0,0,101,24
2026,1,JAN,2026-01-24T00:00:00Z,UK Oceanic,COUNTRY (FIR),1331,,,,,,,,,,,,,,,,,,,
2026,1,JAN,2026-01-24T00:00:00Z,UK-Ireland FAB,FAB (FIR),5453,1106,0,193,0,0,0,0,0,0,0,0,0,913,0,0,0,0,101,24
2026,1,JAN,2026-01-24T00:00:00Z,United Kingdom,COUNTRY (FIR),5627,1106,0,193,0,0,0,0,0,0,0,0,0,913,0,0,0,0,101,24
2026,1,JAN,2026-01-25T00:00:00Z,Albania,COUNTRY (FIR),896,,,,,,,,,,,,,,,,,,,
2026,1,JAN,2026-01-25T00:00:00Z,Armenia,COUNTRY (FIR),382,,,,,,,,,,,,,,,,,,,
2026,1,JAN,2026-01-25T00:00:00Z,Austria,COUNTRY (FIR),3549,0,0,0,0,0,0,0,0,0,0,0,0,0,0,0,0,0,0,0
2026,1,JAN,2026-01-25T00:00:00Z,BLUE MED FAB,FAB (FIR),6778,218,0,179,0,0,0,0,0,0,0,0,0,39,0,0,0,0,17,5
2026,1,JAN,2026-01-25T00:00:00Z,Baltic FAB,FAB (FIR),1968,0,0,0,0,0,0,0,0,0,0,0,0,0,0,0,0,0,0,0
2026,1,JAN,2026-01-25T00:00:00Z,Belgium,COUNTRY (FIR),2856,321,0,227,0,0,0,0,0,0,0,94,0,0,0,0,0,0,45,4
2026,1,JAN,2026-01-25T00:00:00Z,Bosnia and Herzegovina,COUNTRY (FIR),1233,,,,,,,,,,,,,,,,,,,
2026,1,JAN,2026-01-25T00:00:00Z,Bulgaria,COUNTRY (FIR),2546,,,,,,,,,,,,,,,,,,,
2026,1,JAN,2026-01-25T00:00:00Z,Croatia,COUNTRY (FIR),2037,,,,,,,,,,,,,,,,,,,
2026,1,JAN,2026-01-25T00:00:00Z,Cyprus,COUNTRY (FIR),1190,179,0,179,0,0,0,0,0,0,0,0,0,0,0,0,0,0,11,5
2026,1,JAN,2026-01-25T00:00:00Z,Czech Republic,COUNTRY (FIR),1825,0,0,0,0,0,0,0,0,0,0,0,0,0,0,0,0,0,0,0
2026,1,JAN,2026-01-25T00:00:00Z,DANUBE FAB,FAB (FIR),3025,,,,,,,,,,,,,,,,,,,
2026,1,JAN,2026-01-25T00:00:00Z,DK-SE FAB,FAB (FIR),2136,,,,,,,,,,,,,,,,,,,
2026,1,JAN,2026-01-25T00:00:00Z,Denmark,COUNTRY (FIR),1436,,,,,,,,,,,,,,,,,,,
2026,1,JAN,2026-01-25T00:00:00Z,Estonia,COUNTRY (FIR),430,,,,,,,,,,,,,,,,,,,
2026,1,JAN,2026-01-25T00:00:00Z,FAB CE,FAB (FIR),6001,0,0,0,0,0,0,0,0,0,0,0,0,0,0,0,0,0,0,0
2026,1,JAN,2026-01-25T00:00:00Z,FAB CE (SES RP1),FAB (FIR),5289,0,0,0,0,0,0,0,0,0,0,0,0,0,0,0,0,0,0,0
2026,1,JAN,2026-01-25T00:00:00Z,FAB CE (SES RP2),FAB (FIR),5988,0,0,0,0,0,0,0,0,0,0,0,0,0,0,0,0,0,0,0
2026,1,JAN,2026-01-25T00:00:00Z,FABEC,FAB (FIR),13505,2449,0,812,0,0,0,0,0,0,906,122,0,609,0,0,0,0,272,42
2026,1,JAN,2026-01-25T00:00:00Z,Finland,COUNTRY (FIR),655,,,,,,,,,,,,,,,,,,,
2026,1,JAN,2026-01-25T00:00:00Z,France,COUNTRY (FIR),7893,1934,0,391,0,0,0,0,0,0,906,28,0,609,0,0,0,0,221,33
2026,1,JAN,2026-01-25T00:00:00Z,Georgia,COUNTRY (FIR),812,261,0,261,0,0,0,0,0,0,0,0,0,0,0,0,0,0,13,8
2026,1,JAN,2026-01-25T00:00:00Z,Germany,COUNTRY (FIR),6723,0,0,0,0,0,0,0,0,0,0,0,0,0,0,0,0,0,0,0
2026,1,JAN,2026-01-25T00:00:00Z,Greece,COUNTRY (FIR),2228,39,0,0,0,0,0,0,0,0,0,0,0,39,0,0,0,0,6,0
2026,1,JAN,2026-01-25T00:00:00Z,Hungary,COUNTRY (FIR),2634,,,,,,,,,,,,,,,,,,,
2026,1,JAN,2026-01-25T00:00:00Z,Iceland,COUNTRY (FIR),349,,,,,,,,,,,,,,,,,,,
2026,1,JAN,2026-01-25T00:00:00Z,Ireland,COUNTRY (FIR),1225,0,0,0,0,0,0,0,0,0,0,0,0,0,0,0,0,0,0,0
2026,1,JAN,2026-01-25T00:00:00Z,Italy,COUNTRY (FIR),4899,,,,,,,,,,,,,,,,,,,
2026,1,JAN,2026-01-25T00:00:00Z,Latvia,COUNTRY (FIR),582,,,,,,,,,,,,,,,,,,,
2026,1,JAN,2026-01-25T00:00:00Z,Lithuania,COUNTRY (FIR),520,,,,,,,,,,,,,,,,,,,
2026,1,JAN,2026-01-25T00:00:00Z,Malta,COUNTRY (FIR),422,,,,,,,,,,,,,,,,,,,
2026,1,JAN,2026-01-25T00:00:00Z,Moldova,COUNTRY (FIR),120,,,,,,,,,,,,,,,,,,,
2026,1,JAN,2026-01-25T00:00:00Z,NEFAB,FAB (FIR),2240,,,,,,,,,,,,,,,,,,,
2026,1,JAN,2026-01-25T00:00:00Z,Netherlands,COUNTRY (FIR),2783,0,0,0,0,0,0,0,0,0,0,0,0,0,0,0,0,0,0,0
2026,1,JAN,2026-01-25T00:00:00Z,North Macedonia,COUNTRY (FIR),547,184,0,0,0,0,0,0,0,0,0,184,0,0,0,0,0,0,22,4
2026,1,JAN,2026-01-25T00:00:00Z,Norway,COUNTRY (FIR),1289,,,,,,,,,,,,,,,,,,,
2026,1,JAN,2026-01-25T00:00:00Z,Poland,COUNTRY (FIR),1826,0,0,0,0,0,0,0,0,0,0,0,0,0,0,0,0,0,0,0
2026,1,JAN,2026-01-25T00:00:00Z,Portugal,COUNTRY (FIR),2201,43,0,43,0,0,0,0,0,0,0,0,0,0,0,0,0,0,9,0
2026,1,JAN,2026-01-25T00:00:00Z,Portugal Continental,COUNTRY (FIR),1921,43,0,43,0,0,0,0,0,0,0,0,0,0,0,0,0,0,9,0
2026,1,JAN,2026-01-25T00:00:00Z,Portugal Santa Maria,COUNTRY (FIR),558,,,,,,,,,,,,,,,,,,,
2026,1,JAN,2026-01-25T00:00:00Z,Romania,COUNTRY (FIR),2148,,,,,,,,,,,,,,,,,,,
2026,1,JAN,2026-01-25T00:00:00Z,SES Area (RP2),AREA (FIR),22557,5066,0,2966,0,0,0,0,0,0,906,122,0,1072,0,0,0,0,562,89
2026,1,JAN,2026-01-25T00:00:00Z,SW FAB,FAB (FIR),5816,1975,0,1975,0,0,0,0,0,0,0,0,0,0,0,0,0,0,226,31
2026,1,JAN,2026-01-25T00:00:00Z,Serbia/Montenegro,COUNTRY (FIR),2135,,,,,,,,,,,,,,,,,,,
2026,1,JAN,2026-01-25T00:00:00Z,Slovakia,COUNTRY (FIR),1309,,,,,,,,,,,,,,,,,,,
2026,1,JAN,2026-01-25T00:00:00Z,Slovenia,COUNTRY (FIR),1177,,,,,,,,,,,,,,,,,,,
2026,1,JAN,2026-01-25T00:00:00Z,Spain,COUNTRY (FIR),5634,1932,0,1932,0,0,0,0,0,0,0,0,0,0,0,0,0,0,217,31
2026,1,JAN,2026-01-25T00:00:00Z,Spain Canaries,COUNTRY (FIR),1300,239,0,239,0,0,0,0,0,0,0,0,0,0,0,0,0,0,32,2
2026,1,JAN,2026-01-25T00:00:00Z,Spain Continental,COUNTRY (FIR),5226,1693,0,1693,0,0,0,0,0,0,0,0,0,0,0,0,0,0,185,29
2026,1,JAN,2026-01-25T00:00:00Z,Sweden,COUNTRY (FIR),1543,,,,,,,,,,,,,,,,,,,
2026,1,JAN,2026-01-25T00:00:00Z,Switzerland,COUNTRY (FIR),2665,194,0,194,0,0,0,0,0,0,0,0,0,0,0,0,0,0,6,5
2026,1,JAN,2026-01-25T00:00:00Z,Türkiye,COUNTRY (FIR),4448,0,0,0,0,0,0,0,0,0,0,0,0,0,0,0,0,0,0,0
2026,1,JAN,2026-01-25T00:00:00Z,UK Continental,COUNTRY (FIR),5588,424,0,0,0,0,0,0,0,0,0,0,0,424,0,0,0,0,47,11
2026,1,JAN,2026-01-25T00:00:00Z,UK Oceanic,COUNTRY (FIR),1060,,,,,,,,,,,,,,,,,,,
2026,1,JAN,2026-01-25T00:00:00Z,UK-Ireland FAB,FAB (FIR),5676,424,0,0,0,0,0,0,0,0,0,0,0,424,0,0,0,0,47,11
2026,1,JAN,2026-01-25T00:00:00Z,United Kingdom,COUNTRY (FIR),5839,424,0,0,0,0,0,0,0,0,0,0,0,424,0,0,0,0,47,11
2026,1,JAN,2026-01-26T00:00:00Z,Albania,COUNTRY (FIR),776,,,,,,,,,,,,,,,,,,,
2026,1,JAN,2026-01-26T00:00:00Z,Armenia,COUNTRY (FIR),354,,,,,,,,,,,,,,,,,,,
2026,1,JAN,2026-01-26T00:00:00Z,Austria,COUNTRY (FIR),3358,,,,,,,,,,,,,,,,,,,
2026,1,JAN,2026-01-26T00:00:00Z,BLUE MED FAB,FAB (FIR),6459,188,0,0,0,0,0,0,0,0,188,0,0,0,0,0,0,0,15,4
2026,1,JAN,2026-01-26T00:00:00Z,Baltic FAB,FAB (FIR),2005,0,0,0,0,0,0,0,0,0,0,0,0,0,0,0,0,0,0,0
2026,1,JAN,2026-01-26T00:00:00Z,Belgium,COUNTRY (FIR),2779,,,,,,,,,,,,,,,,,,,
2026,1,JAN,2026-01-26T00:00:00Z,Bosnia and Herzegovina,COUNTRY (FIR),1111,,,,,,,,,,,,,,,,,,,
2026,1,JAN,2026-01-26T00:00:00Z,Bulgaria,COUNTRY (FIR),2350,,,,,,,,,,,,,,,,,,,
2026,1,JAN,2026-01-26T00:00:00Z,Croatia,COUNTRY (FIR),1863,,,,,,,,,,,,,,,,,,,
2026,1,JAN,2026-01-26T00:00:00Z,Cyprus,COUNTRY (FIR),1126,188,0,0,0,0,0,0,0,0,188,0,0,0,0,0,0,0,15,4
2026,1,JAN,2026-01-26T00:00:00Z,Czech Republic,COUNTRY (FIR),1782,,,,,,,,,,,,,,,,,,,
2026,1,JAN,2026-01-26T00:00:00Z,DANUBE FAB,FAB (FIR),2802,,,,,,,,,,,,,,,,,,,
2026,1,JAN,2026-01-26T00:00:00Z,DK-SE FAB,FAB (FIR),2217,0,0,0,0,0,0,0,0,0,0,0,0,0,0,0,0,0,0,0
2026,1,JAN,2026-01-26T00:00:00Z,Denmark,COUNTRY (FIR),1451,0,0,0,0,0,0,0,0,0,0,0,0,0,0,0,0,0,0,0
2026,1,JAN,2026-01-26T00:00:00Z,Estonia,COUNTRY (FIR),396,,,,,,,,,,,,,,,,,,,
2026,1,JAN,2026-01-26T00:00:00Z,FAB CE,FAB (FIR),5700,,,,,,,,,,,,,,,,,,,
2026,1,JAN,2026-01-26T00:00:00Z,FAB CE (SES RP1),FAB (FIR),5047,,,,,,,,,,,,,,,,,,,
2026,1,JAN,2026-01-26T00:00:00Z,FAB CE (SES RP2),FAB (FIR),5670,,,,,,,,,,,,,,,,,,,
2026,1,JAN,2026-01-26T00:00:00Z,FABEC,FAB (FIR),13359,1500,0,424,0,0,0,0,210,0,0,395,0,471,0,0,0,0,147,26
2026,1,JAN,2026-01-26T00:00:00Z,Finland,COUNTRY (FIR),584,,,,,,,,,,,,,,,,,,,
2026,1,JAN,2026-01-26T00:00:00Z,France,COUNTRY (FIR),7634,670,0,180,0,0,0,0,0,0,0,246,0,244,0,0,0,0,43,17
2026,1,JAN,2026-01-26T00:00:00Z,Georgia,COUNTRY (FIR),737,53,0,53,0,0,0,0,0,0,0,0,0,0,0,0,0,0,8,0
2026,1,JAN,2026-01-26T00:00:00Z,Germany,COUNTRY (FIR),6543,830,0,244,0,0,0,0,210,0,0,149,0,227,0,0,0,0,104,9
2026,1,JAN,2026-01-26T00:00:00Z,Greece,COUNTRY (FIR),1985,0,0,0,0,0,0,0,0,0,0,0,0,0,0,0,0,0,0,0
2026,1,JAN,2026-01-26T00:00:00Z,Hungary,COUNTRY (FIR),2492,,,,,,,,,,,,,,,,,,,
2026,1,JAN,2026-01-26T00:00:00Z,Iceland,COUNTRY (FIR),342,,,,,,,,,,,,,,,,,,,
2026,1,JAN,2026-01-26T00:00:00Z,Ireland,COUNTRY (FIR),1223,,,,,,,,,,,,,,,,,,,
2026,1,JAN,2026-01-26T00:00:00Z,Italy,COUNTRY (FIR),4722,,,,,,,,,,,,,,,,,,,
2026,1,JAN,2026-01-26T00:00:00Z,Latvia,COUNTRY (FIR),548,,,,,,,,,,,,,,,,,,,
2026,1,JAN,2026-01-26T00:00:00Z,Lithuania,COUNTRY (FIR),482,,,,,,,,,,,,,,,,,,,
2026,1,JAN,2026-01-26T00:00:00Z,Malta,COUNTRY (FIR),376,,,,,,,,,,,,,,,,,,,
2026,1,JAN,2026-01-26T00:00:00Z,Moldova,COUNTRY (FIR),100,,,,,,,,,,,,,,,,,,,
2026,1,JAN,2026-01-26T00:00:00Z,NEFAB,FAB (FIR),2411,0,0,0,0,0,0,0,0,0,0,0,0,0,0,0,0,0,0,0
2026,1,JAN,2026-01-26T00:00:00Z,Netherlands,COUNTRY (FIR),2823,0,0,0,0,0,0,0,0,0,0,0,0,0,0,0,0,0,0,0
2026,1,JAN,2026-01-26T00:00:00Z,North Macedonia,COUNTRY (FIR),509,,,,,,,,,,,,,,,,,,,
2026,1,JAN,2026-01-26T00:00:00Z,Norway,COUNTRY (FIR),1496,0,0,0,0,0,0,0,0,0,0,0,0,0,0,0,0,0,0,0
2026,1,JAN,2026-01-26T00:00:00Z,Poland,COUNTRY (FIR),1855,0,0,0,0,0,0,0,0,0,0,0,0,0,0,0,0,0,0,0
2026,1,JAN,2026-01-26T00:00:00Z,Portugal,COUNTRY (FIR),1882,,,,,,,,,,,,,,,,,,,
2026,1,JAN,2026-01-26T00:00:00Z,Portugal Continental,COUNTRY (FIR),1665,,,,,,,,,,,,,,,,,,,
2026,1,JAN,2026-01-26T00:00:00Z,Portugal Santa Maria,COUNTRY (FIR),456,,,,,,,,,,,,,,,,,,,
2026,1,JAN,2026-01-26T00:00:00Z,Romania,COUNTRY (FIR),1950,,,,,,,,,,,,,,,,,,,
2026,1,JAN,2026-01-26T00:00:00Z,SES Area (RP2),AREA (FIR),22992,1861,0,468,0,0,0,0,210,0,188,524,0,471,0,0,0,0,183,34
2026,1,JAN,2026-01-26T00:00:00Z,SW FAB,FAB (FIR),5443,173,0,44,0,0,0,0,0,0,0,129,0,0,0,0,0,0,21,4
2026,1,JAN,2026-01-26T00:00:00Z,Serbia/Montenegro,COUNTRY (FIR),1989,,,,,,,,,,,,,,,,,,,
2026,1,JAN,2026-01-26T00:00:00Z,Slovakia,COUNTRY (FIR),1201,,,,,,,,,,,,,,,,,,,
2026,1,JAN,2026-01-26T00:00:00Z,Slovenia,COUNTRY (FIR),1103,,,,,,,,,,,,,,,,,,,
2026,1,JAN,2026-01-26T00:00:00Z,Spain,COUNTRY (FIR),5267,173,0,44,0,0,0,0,0,0,0,129,0,0,0,0,0,0,21,4
2026,1,JAN,2026-01-26T00:00:00Z,Spain Canaries,COUNTRY (FIR),1071,,,,,,,,,,,,,,,,,,,
2026,1,JAN,2026-01-26T00:00:00Z,Spain Continental,COUNTRY (FIR),4909,173,0,44,0,0,0,0,0,0,0,129,0,0,0,0,0,0,21,4
2026,1,JAN,2026-01-26T00:00:00Z,Sweden,COUNTRY (FIR),1597,,,,,,,,,,,,,,,,,,,
2026,1,JAN,2026-01-26T00:00:00Z,Switzerland,COUNTRY (FIR),2552,0,0,0,0,0,0,0,0,0,0,0,0,0,0,0,0,0,0,0
2026,1,JAN,2026-01-26T00:00:00Z,Türkiye,COUNTRY (FIR),4161,0,0,0,0,0,0,0,0,0,0,0,0,0,0,0,0,0,0,0
2026,1,JAN,2026-01-26T00:00:00Z,UK Continental,COUNTRY (FIR),5444,0,0,0,0,0,0,0,0,0,0,0,0,0,0,0,0,0,0,0
2026,1,JAN,2026-01-26T00:00:00Z,UK Oceanic,COUNTRY (FIR),945,,,,,,,,,,,,,,,,,,,
2026,1,JAN,2026-01-26T00:00:00Z,UK-Ireland FAB,FAB (FIR),5521,0,0,0,0,0,0,0,0,0,0,0,0,0,0,0,0,0,0,0
2026,1,JAN,2026-01-26T00:00:00Z,United Kingdom,COUNTRY (FIR),5633,0,0,0,0,0,0,0,0,0,0,0,0,0,0,0,0,0,0,0
2026,1,JAN,2026-01-27T00:00:00Z,Albania,COUNTRY (FIR),601,,,,,,,,,,,,,,,,,,,
2026,1,JAN,2026-01-27T00:00:00Z,Armenia,COUNTRY (FIR),367,,,,,,,,,,,,,,,,,,,
2026,1,JAN,2026-01-27T00:00:00Z,Austria,COUNTRY (FIR),2977,,,,,,,,,,,,,,,,,,,
2026,1,JAN,2026-01-27T00:00:00Z,BLUE MED FAB,FAB (FIR),5380,,,,,,,,,,,,,,,,,,,
2026,1,JAN,2026-01-27T00:00:00Z,Baltic FAB,FAB (FIR),1622,0,0,0,0,0,0,0,0,0,0,0,0,0,0,0,0,0,0,0
2026,1,JAN,2026-01-27T00:00:00Z,Belgium,COUNTRY (FIR),2510,29,0,0,0,0,0,0,0,0,0,29,0,0,0,0,0,0,9,0
2026,1,JAN,2026-01-27T00:00:00Z,Bosnia and Herzegovina,COUNTRY (FIR),1021,,,,,,,,,,,,,,,,,,,
2026,1,JAN,2026-01-27T00:00:00Z,Bulgaria,COUNTRY (FIR),2242,,,,,,,,,,,,,,,,,,,
2026,1,JAN,2026-01-27T00:00:00Z,Croatia,COUNTRY (FIR),1580,,,,,,,,,,,,,,,,,,,
2026,1,JAN,2026-01-27T00:00:00Z,Cyprus,COUNTRY (FIR),1113,,,,,,,,,,,,,,,,,,,
2026,1,JAN,2026-01-27T00:00:00Z,Czech Republic,COUNTRY (FIR),1528,,,,,,,,,,,,,,,,,,,
2026,1,JAN,2026-01-27T00:00:00Z,DANUBE FAB,FAB (FIR),2650,,,,,,,,,,,,,,,,,,,
2026,1,JAN,2026-01-27T00:00:00Z,DK-SE FAB,FAB (FIR),1964,,,,,,,,,,,,,,,,,,,
2026,1,JAN,2026-01-27T00:00:00Z,Denmark,COUNTRY (FIR),1257,,,,,,,,,,,,,,,,,,,
2026,1,JAN,2026-01-27T00:00:00Z,Estonia,COUNTRY (FIR),340,,,,,,,,,,,,,,,,,,,
2026,1,JAN,2026-01-27T00:00:00Z,FAB CE,FAB (FIR),5082,,,,,,,,,,,,,,,,,,,
2026,1,JAN,2026-01-27T00:00:00Z,FAB CE (SES RP1),FAB (FIR),4544,,,,,,,,,,,,,,,,,,,
2026,1,JAN,2026-01-27T00:00:00Z,FAB CE (SES RP2),FAB (FIR),5065,,,,,,,,,,,,,,,,,,,
2026,1,JAN,2026-01-27T00:00:00Z,FABEC,FAB (FIR),11791,4384,0,424,0,0,1,0,0,0,40,29,0,26,3864,0,0,0,223,66
2026,1,JAN,2026-01-27T00:00:00Z,Finland,COUNTRY (FIR),600,,,,,,,,,,,,,,,,,,,
2026,1,JAN,2026-01-27T00:00:00Z,France,COUNTRY (FIR),6456,132,0,65,0,0,1,0,0,0,40,0,0,26,0,0,0,0,10,3
2026,1,JAN,2026-01-27T00:00:00Z,Georgia,COUNTRY (FIR),771,58,0,58,0,0,0,0,0,0,0,0,0,0,0,0,0,0,15,0
2026,1,JAN,2026-01-27T00:00:00Z,Germany,COUNTRY (FIR),6072,0,0,0,0,0,0,0,0,0,0,0,0,0,0,0,0,0,0,0
2026,1,JAN,2026-01-27T00:00:00Z,Greece,COUNTRY (FIR),1888,,,,,,,,,,,,,,,,,,,
2026,1,JAN,2026-01-27T00:00:00Z,Hungary,COUNTRY (FIR),2277,,,,,,,,,,,,,,,,,,,
2026,1,JAN,2026-01-27T00:00:00Z,Iceland,COUNTRY (FIR),333,,,,,,,,,,,,,,,,,,,
2026,1,JAN,2026-01-27T00:00:00Z,Ireland,COUNTRY (FIR),1067,0,0,0,0,0,0,0,0,0,0,0,0,0,0,0,0,0,0,0
2026,1,JAN,2026-01-27T00:00:00Z,Italy,COUNTRY (FIR),3635,,,,,,,,,,,,,,,,,,,
2026,1,JAN,2026-01-27T00:00:00Z,Latvia,COUNTRY (FIR),434,,,,,,,,,,,,,,,,,,,
2026,1,JAN,2026-01-27T00:00:00Z,Lithuania,COUNTRY (FIR),402,0,0,0,0,0,0,0,0,0,0,0,0,0,0,0,0,0,0,0
2026,1,JAN,2026-01-27T00:00:00Z,Malta,COUNTRY (FIR),354,,,,,,,,,,,,,,,,,,,
2026,1,JAN,2026-01-27T00:00:00Z,Moldova,COUNTRY (FIR),82,,,,,,,,,,,,,,,,,,,
2026,1,JAN,2026-01-27T00:00:00Z,NEFAB,FAB (FIR),2275,,,,,,,,,,,,,,,,,,,
2026,1,JAN,2026-01-27T00:00:00Z,Netherlands,COUNTRY (FIR),2488,359,0,359,0,0,0,0,0,0,0,0,0,0,0,0,0,0,28,9
2026,1,JAN,2026-01-27T00:00:00Z,North Macedonia,COUNTRY (FIR),520,,,,,,,,,,,,,,,,,,,
2026,1,JAN,2026-01-27T00:00:00Z,Norway,COUNTRY (FIR),1442,,,,,,,,,,,,,,,,,,,
2026,1,JAN,2026-01-27T00:00:00Z,Poland,COUNTRY (FIR),1508,0,0,0,0,0,0,0,0,0,0,0,0,0,0,0,0,0,0,0
2026,1,JAN,2026-01-27T00:00:00Z,Portugal,COUNTRY (FIR),1773,0,0,0,0,0,0,0,0,0,0,0,0,0,0,0,0,0,0,0
2026,1,JAN,2026-01-27T00:00:00Z,Portugal Continental,COUNTRY (FIR),1579,0,0,0,0,0,0,0,0,0,0,0,0,0,0,0,0,0,0,0
2026,1,JAN,2026-01-27T00:00:00Z,Portugal Santa Maria,COUNTRY (FIR),473,,,,,,,,,,,,,,,,,,,
2026,1,JAN,2026-01-27T00:00:00Z,Romania,COUNTRY (FIR),1891,,,,,,,,,,,,,,,,,,,
2026,1,JAN,2026-01-27T00:00:00Z,SES Area (RP2),AREA (FIR),20282,4384,0,424,0,0,1,0,0,0,40,29,0,26,3864,0,0,0,223,66
2026,1,JAN,2026-01-27T00:00:00Z,SW FAB,FAB (FIR),4571,0,0,0,0,0,0,0,0,0,0,0,0,0,0,0,0,0,0,0
2026,1,JAN,2026-01-27T00:00:00Z,Serbia/Montenegro,COUNTRY (FIR),1749,,,,,,,,,,,,,,,,,,,
2026,1,JAN,2026-01-27T00:00:00Z,Slovakia,COUNTRY (FIR),1129,,,,,,,,,,,,,,,,,,,
2026,1,JAN,2026-01-27T00:00:00Z,Slovenia,COUNTRY (FIR),1011,,,,,,,,,,,,,,,,,,,
2026,1,JAN,2026-01-27T00:00:00Z,Spain,COUNTRY (FIR),4405,0,0,0,0,0,0,0,0,0,0,0,0,0,0,0,0,0,0,0
2026,1,JAN,2026-01-27T00:00:00Z,Spain Canaries,COUNTRY (FIR),1065,,,,,,,,,,,,,,,,,,,
2026,1,JAN,2026-01-27T00:00:00Z,Spain Continental,COUNTRY (FIR),4036,0,0,0,0,0,0,0,0,0,0,0,0,0,0,0,0,0,0,0
2026,1,JAN,2026-01-27T00:00:00Z,Sweden,COUNTRY (FIR),1417,,,,,,,,,,,,,,,,,,,
2026,1,JAN,2026-01-27T00:00:00Z,Switzerland,COUNTRY (FIR),2030,3864,0,0,0,0,0,0,0,0,0,0,0,0,3864,0,0,0,176,54
2026,1,JAN,2026-01-27T00:00:00Z,Türkiye,COUNTRY (FIR),4163,,,,,,,,,,,,,,,,,,,
2026,1,JAN,2026-01-27T00:00:00Z,UK Continental,COUNTRY (FIR),4450,0,0,0,0,0,0,0,0,0,0,0,0,0,0,0,0,0,0,0
2026,1,JAN,2026-01-27T00:00:00Z,UK Oceanic,COUNTRY (FIR),1155,,,,,,,,,,,,,,,,,,,
2026,1,JAN,2026-01-27T00:00:00Z,UK-Ireland FAB,FAB (FIR),4542,0,0,0,0,0,0,0,0,0,0,0,0,0,0,0,0,0,0,0
2026,1,JAN,2026-01-27T00:00:00Z,United Kingdom,COUNTRY (FIR),4676,0,0,0,0,0,0,0,0,0,0,0,0,0,0,0,0,0,0,0
2026,1,JAN,2026-01-28T00:00:00Z,Albania,COUNTRY (FIR),670,,,,,,,,,,,,,,,,,,,
2026,1,JAN,2026-01-28T00:00:00Z,Armenia,COUNTRY (FIR),344,,,,,,,,,,,,,,,,,,,
2026,1,JAN,2026-01-28T00:00:00Z,Austria,COUNTRY (FIR),2977,,,,,,,,,,,,,,,,,,,
2026,1,JAN,2026-01-28T00:00:00Z,BLUE MED FAB,FAB (FIR),5441,0,0,0,0,0,0,0,0,0,0,0,0,0,0,0,0,0,0,0
2026,1,JAN,2026-01-28T00:00:00Z,Baltic FAB,FAB (FIR),1642,0,0,0,0,0,0,0,0,0,0,0,0,0,0,0,0,0,0,0
2026,1,JAN,2026-01-28T00:00:00Z,Belgium,COUNTRY (FIR),2665,0,0,0,0,0,0,0,0,0,0,0,0,0,0,0,0,0,0,0
2026,1,JAN,2026-01-28T00:00:00Z,Bosnia and Herzegovina,COUNTRY (FIR),957,,,,,,,,,,,,,,,,,,,
2026,1,JAN,2026-01-28T00:00:00Z,Bulgaria,COUNTRY (FIR),2199,,,,,,,,,,,,,,,,,,,
2026,1,JAN,2026-01-28T00:00:00Z,Croatia,COUNTRY (FIR),1532,,,,,,,,,,,,,,,,,,,
2026,1,JAN,2026-01-28T00:00:00Z,Cyprus,COUNTRY (FIR),1213,,,,,,,,,,,,,,,,,,,
2026,1,JAN,2026-01-28T00:00:00Z,Czech Republic,COUNTRY (FIR),1540,,,,,,,,,,,,,,,,,,,
2026,1,JAN,2026-01-28T00:00:00Z,DANUBE FAB,FAB (FIR),2561,,,,,,,,,,,,,,,,,,,
2026,1,JAN,2026-01-28T00:00:00Z,DK-SE FAB,FAB (FIR),2050,,,,,,,,,,,,,,,,,,,
2026,1,JAN,2026-01-28T00:00:00Z,Denmark,COUNTRY (FIR),1312,,,,,,,,,,,,,,,,,,,
2026,1,JAN,2026-01-28T00:00:00Z,Estonia,COUNTRY (FIR),388,,,,,,,,,,,,,,,,,,,
2026,1,JAN,2026-01-28T00:00:00Z,FAB CE,FAB (FIR),4986,,,,,,,,,,,,,,,,,,,
2026,1,JAN,2026-01-28T00:00:00Z,FAB CE (SES RP1),FAB (FIR),4469,,,,,,,,,,,,,,,,,,,
2026,1,JAN,2026-01-28T00:00:00Z,FAB CE (SES RP2),FAB (FIR),4965,,,,,,,,,,,,,,,,,,,
2026,1,JAN,2026-01-28T00:00:00Z,FABEC,FAB (FIR),12173,938,0,216,0,0,0,0,0,0,0,142,0,580,0,0,0,0,90,17
2026,1,JAN,2026-01-28T00:00:00Z,Finland,COUNTRY (FIR),639,,,,,,,,,,,,,,,,,,,
2026,1,JAN,2026-01-28T00:00:00Z,France,COUNTRY (FIR),6689,269,0,0,0,0,0,0,0,0,0,142,0,127,0,0,0,0,17,9
2026,1,JAN,2026-01-28T00:00:00Z,Georgia,COUNTRY (FIR),761,13,0,13,0,0,0,0,0,0,0,0,0,0,0,0,0,0,3,0
2026,1,JAN,2026-01-28T00:00:00Z,Germany,COUNTRY (FIR),6335,603,0,216,0,0,0,0,0,0,0,0,0,387,0,0,0,0,69,7
2026,1,JAN,2026-01-28T00:00:00Z,Greece,COUNTRY (FIR),2025,,,,,,,,,,,,,,,,,,,
2026,1,JAN,2026-01-28T00:00:00Z,Hungary,COUNTRY (FIR),2235,,,,,,,,,,,,,,,,,,,
2026,1,JAN,2026-01-28T00:00:00Z,Iceland,COUNTRY (FIR),312,,,,,,,,,,,,,,,,,,,
2026,1,JAN,2026-01-28T00:00:00Z,Ireland,COUNTRY (FIR),1154,0,0,0,0,0,0,0,0,0,0,0,0,0,0,0,0,0,0,0
2026,1,JAN,2026-01-28T00:00:00Z,Italy,COUNTRY (FIR),3640,0,0,0,0,0,0,0,0,0,0,0,0,0,0,0,0,0,0,0
2026,1,JAN,2026-01-28T00:00:00Z,Latvia,COUNTRY (FIR),491,,,,,,,,,,,,,,,,,,,
2026,1,JAN,2026-01-28T00:00:00Z,Lithuania,COUNTRY (FIR),418,0,0,0,0,0,0,0,0,0,0,0,0,0,0,0,0,0,0,0
2026,1,JAN,2026-01-28T00:00:00Z,Malta,COUNTRY (FIR),355,,,,,,,,,,,,,,,,,,,
2026,1,JAN,2026-01-28T00:00:00Z,Moldova,COUNTRY (FIR),78,,,,,,,,,,,,,,,,,,,
2026,1,JAN,2026-01-28T00:00:00Z,NEFAB,FAB (FIR),2374,,,,,,,,,,,,,,,,,,,
2026,1,JAN,2026-01-28T00:00:00Z,Netherlands,COUNTRY (FIR),2567,66,0,0,0,0,0,0,0,0,0,0,0,66,0,0,0,0,4,1
2026,1,JAN,2026-01-28T00:00:00Z,North Macedonia,COUNTRY (FIR),554,230,0,230,0,0,0,0,0,0,0,0,0,0,0,0,0,0,24,6
2026,1,JAN,2026-01-28T00:00:00Z,Norway,COUNTRY (FIR),1462,,,,,,,,,,,,,,,,,,,
2026,1,JAN,2026-01-28T00:00:00Z,Poland,COUNTRY (FIR),1519,,,,,,,,,,,,,,,,,,,
2026,1,JAN,2026-01-28T00:00:00Z,Portugal,COUNTRY (FIR),1771,0,0,0,0,0,0,0,0,0,0,0,0,0,0,0,0,0,0,0
2026,1,JAN,2026-01-28T00:00:00Z,Portugal Continental,COUNTRY (FIR),1561,0,0,0,0,0,0,0,0,0,0,0,0,0,0,0,0,0,0,0
2026,1,JAN,2026-01-28T00:00:00Z,Portugal Santa Maria,COUNTRY (FIR),465,,,,,,,,,,,,,,,,,,,
2026,1,JAN,2026-01-28T00:00:00Z,Romania,COUNTRY (FIR),1864,,,,,,,,,,,,,,,,,,,
2026,1,JAN,2026-01-28T00:00:00Z,SES Area (RP2),AREA (FIR),20894,1418,0,499,0,0,0,0,0,0,0,142,0,580,0,0,197,0,141,23
2026,1,JAN,2026-01-28T00:00:00Z,SW FAB,FAB (FIR),4558,480,0,283,0,0,0,0,0,0,0,0,0,0,0,0,197,0,51,6
2026,1,JAN,2026-01-28T00:00:00Z,Serbia/Montenegro,COUNTRY (FIR),1734,,,,,,,,,,,,,,,,,,,
2026,1,JAN,2026-01-28T00:00:00Z,Slovakia,COUNTRY (FIR),1114,,,,,,,,,,,,,,,,,,,
2026,1,JAN,2026-01-28T00:00:00Z,Slovenia,COUNTRY (FIR),958,,,,,,,,,,,,,,,,,,,
2026,1,JAN,2026-01-28T00:00:00Z,Spain,COUNTRY (FIR),4400,480,0,283,0,0,0,0,0,0,0,0,0,0,0,0,197,0,51,6
2026,1,JAN,2026-01-28T00:00:00Z,Spain Canaries,COUNTRY (FIR),1008,235,0,235,0,0,0,0,0,0,0,0,0,0,0,0,0,0,30,2
2026,1,JAN,2026-01-28T00:00:00Z,Spain Continental,COUNTRY (FIR),4047,245,0,48,0,0,0,0,0,0,0,0,0,0,0,0,197,0,21,4
2026,1,JAN,2026-01-28T00:00:00Z,Sweden,COUNTRY (FIR),1462,,,,,,,,,,,,,,,,,,,
2026,1,JAN,2026-01-28T00:00:00Z,Switzerland,COUNTRY (FIR),2228,,,,,,,,,,,,,,,,,,,
2026,1,JAN,2026-01-28T00:00:00Z,Türkiye,COUNTRY (FIR),4271,,,,,,,,,,,,,,,,,,,
2026,1,JAN,2026-01-28T00:00:00Z,UK Continental,COUNTRY (FIR),4870,0,0,0,0,0,0,0,0,0,0,0,0,0,0,0,0,0,0,0
2026,1,JAN,2026-01-28T00:00:00Z,UK Oceanic,COUNTRY (FIR),1206,,,,,,,,,,,,,,,,,,,
2026,1,JAN,2026-01-28T00:00:00Z,UK-Ireland FAB,FAB (FIR),4956,0,0,0,0,0,0,0,0,0,0,0,0,0,0,0,0,0,0,0
2026,1,JAN,2026-01-28T00:00:00Z,United Kingdom,COUNTRY (FIR),5084,0,0,0,0,0,0,0,0,0,0,0,0,0,0,0,0,0,0,0
2026,1,JAN,2026-01-29T00:00:00Z,Albania,COUNTRY (FIR),720,,,,,,,,,,,,,,,,,,,
2026,1,JAN,2026-01-29T00:00:00Z,Armenia,COUNTRY (FIR),330,,,,,,,,,,,,,,,,,,,
2026,1,JAN,2026-01-29T00:00:00Z,Austria,COUNTRY (FIR),3314,,,,,,,,,,,,,,,,,,,
2026,1,JAN,2026-01-29T00:00:00Z,BLUE MED FAB,FAB (FIR),6330,0,0,0,0,0,0,0,0,0,0,0,0,0,0,0,0,0,0,0
2026,1,JAN,2026-01-29T00:00:00Z,Baltic FAB,FAB (FIR),1907,,,,,,,,,,,,,,,,,,,
2026,1,JAN,2026-01-29T00:00:00Z,Belgium,COUNTRY (FIR),2906,258,0,0,0,0,0,0,0,0,250,8,0,0,0,0,0,0,25,3
2026,1,JAN,2026-01-29T00:00:00Z,Bosnia and Herzegovina,COUNTRY (FIR),1070,,,,,,,,,,,,,,,,,,,
2026,1,JAN,2026-01-29T00:00:00Z,Bulgaria,COUNTRY (FIR),2406,622,0,0,0,0,0,0,0,0,0,0,0,0,0,0,622,0,43,14
2026,1,JAN,2026-01-29T00:00:00Z,Croatia,COUNTRY (FIR),1763,,,,,,,,,,,,,,,,,,,
2026,1,JAN,2026-01-29T00:00:00Z,Cyprus,COUNTRY (FIR),1347,,,,,,,,,,,,,,,,,,,
2026,1,JAN,2026-01-29T00:00:00Z,Czech Republic,COUNTRY (FIR),1781,0,0,0,0,0,0,0,0,0,0,0,0,0,0,0,0,0,0,0
2026,1,JAN,2026-01-29T00:00:00Z,DANUBE FAB,FAB (FIR),2827,622,0,0,0,0,0,0,0,0,0,0,0,0,0,0,622,0,43,14
2026,1,JAN,2026-01-29T00:00:00Z,DK-SE FAB,FAB (FIR),2299,0,0,0,0,0,0,0,0,0,0,0,0,0,0,0,0,0,0,0
2026,1,JAN,2026-01-29T00:00:00Z,Denmark,COUNTRY (FIR),1505,0,0,0,0,0,0,0,0,0,0,0,0,0,0,0,0,0,0,0
2026,1,JAN,2026-01-29T00:00:00Z,Estonia,COUNTRY (FIR),402,,,,,,,,,,,,,,,,,,,
2026,1,JAN,2026-01-29T00:00:00Z,FAB CE,FAB (FIR),5600,0,0,0,0,0,0,0,0,0,0,0,0,0,0,0,0,0,0,0
2026,1,JAN,2026-01-29T00:00:00Z,FAB CE (SES RP1),FAB (FIR),5012,0,0,0,0,0,0,0,0,0,0,0,0,0,0,0,0,0,0,0
2026,1,JAN,2026-01-29T00:00:00Z,FAB CE (SES RP2),FAB (FIR),5583,0,0,0,0,0,0,0,0,0,0,0,0,0,0,0,0,0,0,0
2026,1,JAN,2026-01-29T00:00:00Z,FABEC,FAB (FIR),13419,1590,0,352,0,0,0,0,0,0,250,14,0,825,149,0,0,0,168,21
2026,1,JAN,2026-01-29T00:00:00Z,Finland,COUNTRY (FIR),661,,,,,,,,,,,,,,,,,,,
2026,1,JAN,2026-01-29T00:00:00Z,France,COUNTRY (FIR),7516,334,0,109,0,0,0,0,0,0,0,6,0,70,149,0,0,0,30,7
2026,1,JAN,2026-01-29T00:00:00Z,Georgia,COUNTRY (FIR),782,147,0,147,0,0,0,0,0,0,0,0,0,0,0,0,0,0,19,2
2026,1,JAN,2026-01-29T00:00:00Z,Germany,COUNTRY (FIR),6813,998,0,243,0,0,0,0,0,0,0,0,0,755,0,0,0,0,113,11
2026,1,JAN,2026-01-29T00:00:00Z,Greece,COUNTRY (FIR),2140,0,0,0,0,0,0,0,0,0,0,0,0,0,0,0,0,0,0,0
2026,1,JAN,2026-01-29T00:00:00Z,Hungary,COUNTRY (FIR),2504,,,,,,,,,,,,,,,,,,,
2026,1,JAN,2026-01-29T00:00:00Z,Iceland,COUNTRY (FIR),403,,,,,,,,,,,,,,,,,,,
2026,1,JAN,2026-01-29T00:00:00Z,Ireland,COUNTRY (FIR),1368,0,0,0,0,0,0,0,0,0,0,0,0,0,0,0,0,0,0,0
2026,1,JAN,2026-01-29T00:00:00Z,Italy,COUNTRY (FIR),4325,0,0,0,0,0,0,0,0,0,0,0,0,0,0,0,0,0,0,0
2026,1,JAN,2026-01-29T00:00:00Z,Latvia,COUNTRY (FIR),522,,,,,,,,,,,,,,,,,,,
2026,1,JAN,2026-01-29T00:00:00Z,Lithuania,COUNTRY (FIR),470,,,,,,,,,,,,,,,,,,,
2026,1,JAN,2026-01-29T00:00:00Z,Malta,COUNTRY (FIR),416,,,,,,,,,,,,,,,,,,,
2026,1,JAN,2026-01-29T00:00:00Z,Moldova,COUNTRY (FIR),89,,,,,,,,,,,,,,,,,,,
2026,1,JAN,2026-01-29T00:00:00Z,NEFAB,FAB (FIR),2487,,,,,,,,,,,,,,,,,,,
2026,1,JAN,2026-01-29T00:00:00Z,Netherlands,COUNTRY (FIR),2716,0,0,0,0,0,0,0,0,0,0,0,0,0,0,0,0,0,0,0
2026,1,JAN,2026-01-29T00:00:00Z,North Macedonia,COUNTRY (FIR),528,,,,,,,,,,,,,,,,,,,
2026,1,JAN,2026-01-29T00:00:00Z,Norway,COUNTRY (FIR),1552,,,,,,,,,,,,,,,,,,,
2026,1,JAN,2026-01-29T00:00:00Z,Poland,COUNTRY (FIR),1760,,,,,,,,,,,,,,,,,,,
2026,1,JAN,2026-01-29T00:00:00Z,Portugal,COUNTRY (FIR),1963,998,0,0,0,0,0,0,0,0,0,998,0,0,0,0,0,0,124,17
2026,1,JAN,2026-01-29T00:00:00Z,Portugal Continental,COUNTRY (FIR),1716,998,0,0,0,0,0,0,0,0,0,998,0,0,0,0,0,0,124,17
2026,1,JAN,2026-01-29T00:00:00Z,Portugal Santa Maria,COUNTRY (FIR),539,,,,,,,,,,,,,,,,,,,
2026,1,JAN,2026-01-29T00:00:00Z,Romania,COUNTRY (FIR),1982,,,,,,,,,,,,,,,,,,,
2026,1,JAN,2026-01-29T00:00:00Z,SES Area (RP2),AREA (FIR),23195,3489,0,381,0,0,0,0,0,0,250,1262,0,825,149,0,622,0,360,55
2026,1,JAN,2026-01-29T00:00:00Z,SW FAB,FAB (FIR),5285,1277,0,29,0,0,0,0,0,0,0,1248,0,0,0,0,0,0,149,20
2026,1,JAN,2026-01-29T00:00:00Z,Serbia/Montenegro,COUNTRY (FIR),1938,,,,,,,,,,,,,,,,,,,
2026,1,JAN,2026-01-29T00:00:00Z,Slovakia,COUNTRY (FIR),1226,,,,,,,,,,,,,,,,,,,
2026,1,JAN,2026-01-29T00:00:00Z,Slovenia,COUNTRY (FIR),1065,,,,,,,,,,,,,,,,,,,
2026,1,JAN,2026-01-29T00:00:00Z,Spain,COUNTRY (FIR),5105,279,0,29,0,0,0,0,0,0,0,250,0,0,0,0,0,0,25,3
2026,1,JAN,2026-01-29T00:00:00Z,Spain Canaries,COUNTRY (FIR),1144,,,,,,,,,,,,,,,,,,,
2026,1,JAN,2026-01-29T00:00:00Z,Spain Continental,COUNTRY (FIR),4724,279,0,29,0,0,0,0,0,0,0,250,0,0,0,0,0,0,25,3
2026,1,JAN,2026-01-29T00:00:00Z,Sweden,COUNTRY (FIR),1652,,,,,,,,,,,,,,,,,,,
2026,1,JAN,2026-01-29T00:00:00Z,Switzerland,COUNTRY (FIR),2518,0,0,0,0,0,0,0,0,0,0,0,0,0,0,0,0,0,0,0
2026,1,JAN,2026-01-29T00:00:00Z,Türkiye,COUNTRY (FIR),4417,0,0,0,0,0,0,0,0,0,0,0,0,0,0,0,0,0,0,0
2026,1,JAN,2026-01-29T00:00:00Z,UK Continental,COUNTRY (FIR),5428,0,0,0,0,0,0,0,0,0,0,0,0,0,0,0,0,0,0,0
2026,1,JAN,2026-01-29T00:00:00Z,UK Oceanic,COUNTRY (FIR),1243,,,,,,,,,,,,,,,,,,,
2026,1,JAN,2026-01-29T00:00:00Z,UK-Ireland FAB,FAB (FIR),5562,0,0,0,0,0,0,0,0,0,0,0,0,0,0,0,0,0,0,0
2026,1,JAN,2026-01-29T00:00:00Z,United Kingdom,COUNTRY (FIR),5687,0,0,0,0,0,0,0,0,0,0,0,0,0,0,0,0,0,0,0
2026,1,JAN,2026-01-30T00:00:00Z,Albania,COUNTRY (FIR),833,,,,,,,,,,,,,,,,,,,
2026,1,JAN,2026-01-30T00:00:00Z,Armenia,COUNTRY (FIR),381,,,,,,,,,,,,,,,,,,,
2026,1,JAN,2026-01-30T00:00:00Z,Austria,COUNTRY (FIR),3778,,,,,,,,,,,,,,,,,,,
2026,1,JAN,2026-01-30T00:00:00Z,BLUE MED FAB,FAB (FIR),6979,257,0,257,0,0,0,0,0,0,0,0,0,0,0,0,0,0,14,8
2026,1,JAN,2026-01-30T00:00:00Z,Baltic FAB,FAB (FIR),2102,0,0,0,0,0,0,0,0,0,0,0,0,0,0,0,0,0,0,0
2026,1,JAN,2026-01-30T00:00:00Z,Belgium,COUNTRY (FIR),3080,46,0,0,0,0,0,0,0,0,0,46,0,0,0,0,0,0,13,0
2026,1,JAN,2026-01-30T00:00:00Z,Bosnia and Herzegovina,COUNTRY (FIR),1268,,,,,,,,,,,,,,,,,,,
2026,1,JAN,2026-01-30T00:00:00Z,Bulgaria,COUNTRY (FIR),2530,,,,,,,,,,,,,,,,,,,
2026,1,JAN,2026-01-30T00:00:00Z,Croatia,COUNTRY (FIR),2076,,,,,,,,,,,,,,,,,,,
2026,1,JAN,2026-01-30T00:00:00Z,Cyprus,COUNTRY (FIR),1276,257,0,257,0,0,0,0,0,0,0,0,0,0,0,0,0,0,14,8
2026,1,JAN,2026-01-30T00:00:00Z,Czech Republic,COUNTRY (FIR),1965,0,0,0,0,0,0,0,0,0,0,0,0,0,0,0,0,0,0,0
2026,1,JAN,2026-01-30T00:00:00Z,DANUBE FAB,FAB (FIR),3065,,,,,,,,,,,,,,,,,,,
2026,1,JAN,2026-01-30T00:00:00Z,DK-SE FAB,FAB (FIR),2347,0,0,0,0,0,0,0,0,0,0,0,0,0,0,0,0,0,0,0
2026,1,JAN,2026-01-30T00:00:00Z,Denmark,COUNTRY (FIR),1554,0,0,0,0,0,0,0,0,0,0,0,0,0,0,0,0,0,0,0
2026,1,JAN,2026-01-30T00:00:00Z,Estonia,COUNTRY (FIR),435,,,,,,,,,,,,,,,,,,,
2026,1,JAN,2026-01-30T00:00:00Z,FAB CE,FAB (FIR),6350,0,0,0,0,0,0,0,0,0,0,0,0,0,0,0,0,0,0,0
2026,1,JAN,2026-01-30T00:00:00Z,FAB CE (SES RP1),FAB (FIR),5615,0,0,0,0,0,0,0,0,0,0,0,0,0,0,0,0,0,0,0
2026,1,JAN,2026-01-30T00:00:00Z,FAB CE (SES RP2),FAB (FIR),6322,0,0,0,0,0,0,0,0,0,0,0,0,0,0,0,0,0,0,0
2026,1,JAN,2026-01-30T00:00:00Z,FABEC,FAB (FIR),14857,1462,0,721,0,0,0,0,0,0,224,142,0,314,61,0,0,0,140,23
2026,1,JAN,2026-01-30T00:00:00Z,Finland,COUNTRY (FIR),652,,,,,,,,,,,,,,,,,,,
2026,1,JAN,2026-01-30T00:00:00Z,France,COUNTRY (FIR),8417,248,0,159,0,0,0,0,0,0,28,0,0,0,61,0,0,0,32,3
2026,1,JAN,2026-01-30T00:00:00Z,Georgia,COUNTRY (FIR),811,118,0,118,0,0,0,0,0,0,0,0,0,0,0,0,0,0,15,1
2026,1,JAN,2026-01-30T00:00:00Z,Germany,COUNTRY (FIR),7493,869,0,459,0,0,0,0,0,0,0,96,0,314,0,0,0,0,83,16
2026,1,JAN,2026-01-30T00:00:00Z,Greece,COUNTRY (FIR),2227,0,0,0,0,0,0,0,0,0,0,0,0,0,0,0,0,0,0,0
2026,1,JAN,2026-01-30T00:00:00Z,Hungary,COUNTRY (FIR),2699,,,,,,,,,,,,,,,,,,,
2026,1,JAN,2026-01-30T00:00:00Z,Iceland,COUNTRY (FIR),385,,,,,,,,,,,,,,,,,,,
2026,1,JAN,2026-01-30T00:00:00Z,Ireland,COUNTRY (FIR),1486,0,0,0,0,0,0,0,0,0,0,0,0,0,0,0,0,0,0,0
2026,1,JAN,2026-01-30T00:00:00Z,Italy,COUNTRY (FIR),5059,,,,,,,,,,,,,,,,,,,
2026,1,JAN,2026-01-30T00:00:00Z,Latvia,COUNTRY (FIR),585,,,,,,,,,,,,,,,,,,,
2026,1,JAN,2026-01-30T00:00:00Z,Lithuania,COUNTRY (FIR),521,,,,,,,,,,,,,,,,,,,
2026,1,JAN,2026-01-30T00:00:00Z,Malta,COUNTRY (FIR),392,,,,,,,,,,,,,,,,,,,
2026,1,JAN,2026-01-30T00:00:00Z,Moldova,COUNTRY (FIR),108,,,,,,,,,,,,,,,,,,,
2026,1,JAN,2026-01-30T00:00:00Z,NEFAB,FAB (FIR),2511,92,0,0,0,0,0,0,0,0,0,92,0,0,0,0,0,0,11,2
2026,1,JAN,2026-01-30T00:00:00Z,Netherlands,COUNTRY (FIR),3046,0,0,0,0,0,0,0,0,0,0,0,0,0,0,0,0,0,0,0
2026,1,JAN,2026-01-30T00:00:00Z,North Macedonia,COUNTRY (FIR),585,44,0,0,0,0,0,0,0,0,0,44,0,0,0,0,0,0,5,1
2026,1,JAN,2026-01-30T00:00:00Z,Norway,COUNTRY (FIR),1516,92,0,0,0,0,0,0,0,0,0,92,0,0,0,0,0,0,11,2
2026,1,JAN,2026-01-30T00:00:00Z,Poland,COUNTRY (FIR),1938,0,0,0,0,0,0,0,0,0,0,0,0,0,0,0,0,0,0,0
2026,1,JAN,2026-01-30T00:00:00Z,Portugal,COUNTRY (FIR),2171,338,0,0,0,0,0,0,0,0,0,208,0,0,130,0,0,0,60,3
2026,1,JAN,2026-01-30T00:00:00Z,Portugal Continental,COUNTRY (FIR),1900,338,0,0,0,0,0,0,0,0,0,208,0,0,130,0,0,0,60,3
2026,1,JAN,2026-01-30T00:00:00Z,Portugal Santa Maria,COUNTRY (FIR),557,,,,,,,,,,,,,,,,,,,
2026,1,JAN,2026-01-30T00:00:00Z,Romania,COUNTRY (FIR),2142,,,,,,,,,,,,,,,,,,,
2026,1,JAN,2026-01-30T00:00:00Z,SES Area (RP2),AREA (FIR),25276,5216,0,1999,0,0,0,0,0,0,224,644,0,2158,191,0,0,0,469,115
2026,1,JAN,2026-01-30T00:00:00Z,SW FAB,FAB (FIR),6082,1561,0,1021,0,0,0,0,0,0,0,410,0,0,130,0,0,0,189,21
2026,1,JAN,2026-01-30T00:00:00Z,Serbia/Montenegro,COUNTRY (FIR),2256,,,,,,,,,,,,,,,,,,,
2026,1,JAN,2026-01-30T00:00:00Z,Slovakia,COUNTRY (FIR),1304,,,,,,,,,,,,,,,,,,,
2026,1,JAN,2026-01-30T00:00:00Z,Slovenia,COUNTRY (FIR),1225,,,,,,,,,,,,,,,,,,,
2026,1,JAN,2026-01-30T00:00:00Z,Spain,COUNTRY (FIR),5884,1223,0,1021,0,0,0,0,0,0,0,202,0,0,0,0,0,0,129,18
2026,1,JAN,2026-01-30T00:00:00Z,Spain Canaries,COUNTRY (FIR),1216,152,0,152,0,0,0,0,0,0,0,0,0,0,0,0,0,0,17,1
2026,1,JAN,2026-01-30T00:00:00Z,Spain Continental,COUNTRY (FIR),5445,1071,0,869,0,0,0,0,0,0,0,202,0,0,0,0,0,0,112,17
2026,1,JAN,2026-01-30T00:00:00Z,Sweden,COUNTRY (FIR),1645,,,,,,,,,,,,,,,,,,,
2026,1,JAN,2026-01-30T00:00:00Z,Switzerland,COUNTRY (FIR),2825,299,0,103,0,0,0,0,0,0,196,0,0,0,0,0,0,0,12,4
2026,1,JAN,2026-01-30T00:00:00Z,Türkiye,COUNTRY (FIR),4592,,,,,,,,,,,,,,,,,,,
2026,1,JAN,2026-01-30T00:00:00Z,UK Continental,COUNTRY (FIR),6061,1844,0,0,0,0,0,0,0,0,0,0,0,1844,0,0,0,0,115,61
2026,1,JAN,2026-01-30T00:00:00Z,UK Oceanic,COUNTRY (FIR),1298,,,,,,,,,,,,,,,,,,,
2026,1,JAN,2026-01-30T00:00:00Z,UK-Ireland FAB,FAB (FIR),6188,1844,0,0,0,0,0,0,0,0,0,0,0,1844,0,0,0,0,115,61
2026,1,JAN,2026-01-30T00:00:00Z,United Kingdom,COUNTRY (FIR),6317,1844,0,0,0,0,0,0,0,0,0,0,0,1844,0,0,0,0,115,61
2026,1,JAN,2026-01-31T00:00:00Z,Albania,COUNTRY (FIR),832,,,,,,,,,,,,,,,,,,,
2026,1,JAN,2026-01-31T00:00:00Z,Armenia,COUNTRY (FIR),343,,,,,,,,,,,,,,,,,,,
2026,1,JAN,2026-01-31T00:00:00Z,Austria,COUNTRY (FIR),3598,0,0,0,0,0,0,0,0,0,0,0,0,0,0,0,0,0,0,0
2026,1,JAN,2026-01-31T00:00:00Z,BLUE MED FAB,FAB (FIR),6359,453,0,453,0,0,0,0,0,0,0,0,0,0,0,0,0,0,49,10
2026,1,JAN,2026-01-31T00:00:00Z,Baltic FAB,FAB (FIR),1904,,,,,,,,,,,,,,,,,,,
2026,1,JAN,2026-01-31T00:00:00Z,Belgium,COUNTRY (FIR),2802,23,0,0,0,0,0,0,0,0,0,23,0,0,0,0,0,0,8,0
2026,1,JAN,2026-01-31T00:00:00Z,Bosnia and Herzegovina,COUNTRY (FIR),1261,155,0,155,0,0,0,0,0,0,0,0,0,0,0,0,0,0,26,1
2026,1,JAN,2026-01-31T00:00:00Z,Bulgaria,COUNTRY (FIR),2564,,,,,,,,,,,,,,,,,,,
2026,1,JAN,2026-01-31T00:00:00Z,Croatia,COUNTRY (FIR),2030,,,,,,,,,,,,,,,,,,,
2026,1,JAN,2026-01-31T00:00:00Z,Cyprus,COUNTRY (FIR),1253,453,0,453,0,0,0,0,0,0,0,0,0,0,0,0,0,0,49,10
2026,1,JAN,2026-01-31T00:00:00Z,Czech Republic,COUNTRY (FIR),1730,0,0,0,0,0,0,0,0,0,0,0,0,0,0,0,0,0,0,0
2026,1,JAN,2026-01-31T00:00:00Z,DANUBE FAB,FAB (FIR),2997,,,,,,,,,,,,,,,,,,,
2026,1,JAN,2026-01-31T00:00:00Z,DK-SE FAB,FAB (FIR),1975,0,0,0,0,0,0,0,0,0,0,0,0,0,0,0,0,0,0,0
2026,1,JAN,2026-01-31T00:00:00Z,Denmark,COUNTRY (FIR),1383,0,0,0,0,0,0,0,0,0,0,0,0,0,0,0,0,0,0,0
2026,1,JAN,2026-01-31T00:00:00Z,Estonia,COUNTRY (FIR),413,,,,,,,,,,,,,,,,,,,
2026,1,JAN,2026-01-31T00:00:00Z,FAB CE,FAB (FIR),6001,155,0,155,0,0,0,0,0,0,0,0,0,0,0,0,0,0,26,1
2026,1,JAN,2026-01-31T00:00:00Z,FAB CE (SES RP1),FAB (FIR),5278,0,0,0,0,0,0,0,0,0,0,0,0,0,0,0,0,0,0,0
2026,1,JAN,2026-01-31T00:00:00Z,FAB CE (SES RP2),FAB (FIR),5983,0,0,0,0,0,0,0,0,0,0,0,0,0,0,0,0,0,0,0
2026,1,JAN,2026-01-31T00:00:00Z,FABEC,FAB (FIR),12760,4633,0,2278,0,0,0,0,0,0,18,38,0,546,0,0,1753,0,299,71
2026,1,JAN,2026-01-31T00:00:00Z,Finland,COUNTRY (FIR),629,,,,,,,,,,,,,,,,,,,
2026,1,JAN,2026-01-31T00:00:00Z,France,COUNTRY (FIR),7466,2906,0,592,0,0,0,0,0,0,0,15,0,546,0,0,1753,0,160,37
2026,1,JAN,2026-01-31T00:00:00Z,Georgia,COUNTRY (FIR),815,140,0,140,0,0,0,0,0,0,0,0,0,0,0,0,0,0,17,2
2026,1,JAN,2026-01-31T00:00:00Z,Germany,COUNTRY (FIR),6521,1060,0,1060,0,0,0,0,0,0,0,0,0,0,0,0,0,0,111,22
2026,1,JAN,2026-01-31T00:00:00Z,Greece,COUNTRY (FIR),2165,,,,,,,,,,,,,,,,,,,
2026,1,JAN,2026-01-31T00:00:00Z,Hungary,COUNTRY (FIR),2633,,,,,,,,,,,,,,,,,,,
2026,1,JAN,2026-01-31T00:00:00Z,Iceland,COUNTRY (FIR),444,,,,,,,,,,,,,,,,,,,
2026,1,JAN,2026-01-31T00:00:00Z,Ireland,COUNTRY (FIR),1290,326,0,0,0,0,0,0,0,0,0,0,0,326,0,0,0,0,38,5
2026,1,JAN,2026-01-31T00:00:00Z,Italy,COUNTRY (FIR),4441,0,0,0,0,0,0,0,0,0,0,0,0,0,0,0,0,0,0,0
2026,1,JAN,2026-01-31T00:00:00Z,Latvia,COUNTRY (FIR),549,,,,,,,,,,,,,,,,,,,
2026,1,JAN,2026-01-31T00:00:00Z,Lithuania,COUNTRY (FIR),487,,,,,,,,,,,,,,,,,,,
2026,1,JAN,2026-01-31T00:00:00Z,Malta,COUNTRY (FIR),419,,,,,,,,,,,,,,,,,,,
2026,1,JAN,2026-01-31T00:00:00Z,Moldova,COUNTRY (FIR),104,,,,,,,,,,,,,,,,,,,
2026,1,JAN,2026-01-31T00:00:00Z,NEFAB,FAB (FIR),1803,,,,,,,,,,,,,,,,,,,
2026,1,JAN,2026-01-31T00:00:00Z,Netherlands,COUNTRY (FIR),2671,41,0,41,0,0,0,0,0,0,0,0,0,0,0,0,0,0,6,0
2026,1,JAN,2026-01-31T00:00:00Z,North Macedonia,COUNTRY (FIR),567,1,0,1,0,0,0,0,0,0,0,0,0,0,0,0,0,0,1,0
2026,1,JAN,2026-01-31T00:00:00Z,Norway,COUNTRY (FIR),914,,,,,,,,,,,,,,,,,,,
2026,1,JAN,2026-01-31T00:00:00Z,Poland,COUNTRY (FIR),1774,,,,,,,,,,,,,,,,,,,
2026,1,JAN,2026-01-31T00:00:00Z,Portugal,COUNTRY (FIR),2317,1997,0,0,0,0,0,0,0,0,0,1997,0,0,0,0,0,0,212,36
2026,1,JAN,2026-01-31T00:00:00Z,Portugal Continental,COUNTRY (FIR),2019,1997,0,0,0,0,0,0,0,0,0,1997,0,0,0,0,0,0,212,36
2026,1,JAN,2026-01-31T00:00:00Z,Portugal Santa Maria,COUNTRY (FIR),596,,,,,,,,,,,,,,,,,,,
2026,1,JAN,2026-01-31T00:00:00Z,Romania,COUNTRY (FIR),2106,,,,,,,,,,,,,,,,,,,
2026,1,JAN,2026-01-31T00:00:00Z,SES Area (RP2),AREA (FIR),20803,8960,0,4282,0,0,0,0,0,0,18,2035,0,872,0,0,1753,0,763,151
2026,1,JAN,2026-01-31T00:00:00Z,SW FAB,FAB (FIR),5484,3377,0,1380,0,0,0,0,0,0,0,1997,0,0,0,0,0,0,355,64
2026,1,JAN,2026-01-31T00:00:00Z,Serbia/Montenegro,COUNTRY (FIR),2203,,,,,,,,,,,,,,,,,,,
2026,1,JAN,2026-01-31T00:00:00Z,Slovakia,COUNTRY (FIR),1285,,,,,,,,,,,,,,,,,,,
2026,1,JAN,2026-01-31T00:00:00Z,Slovenia,COUNTRY (FIR),1156,,,,,,,,,,,,,,,,,,,
2026,1,JAN,2026-01-31T00:00:00Z,Spain,COUNTRY (FIR),5303,1380,0,1380,0,0,0,0,0,0,0,0,0,0,0,0,0,0,143,28
2026,1,JAN,2026-01-31T00:00:00Z,Spain Canaries,COUNTRY (FIR),1433,915,0,915,0,0,0,0,0,0,0,0,0,0,0,0,0,0,73,24
2026,1,JAN,2026-01-31T00:00:00Z,Spain Continental,COUNTRY (FIR),4905,465,0,465,0,0,0,0,0,0,0,0,0,0,0,0,0,0,70,4
2026,1,JAN,2026-01-31T00:00:00Z,Sweden,COUNTRY (FIR),1323,,,,,,,,,,,,,,,,,,,
2026,1,JAN,2026-01-31T00:00:00Z,Switzerland,COUNTRY (FIR),2573,603,0,585,0,0,0,0,0,0,18,0,0,0,0,0,0,0,14,12
2026,1,JAN,2026-01-31T00:00:00Z,Türkiye,COUNTRY (FIR),4522,,,,,,,,,,,,,,,,,,,
2026,1,JAN,2026-01-31T00:00:00Z,UK Continental,COUNTRY (FIR),5374,171,0,171,0,0,0,0,0,0,0,0,0,0,0,0,0,0,22,1
2026,1,JAN,2026-01-31T00:00:00Z,UK Oceanic,COUNTRY (FIR),1295,,,,,,,,,,,,,,,,,,,
2026,1,JAN,2026-01-31T00:00:00Z,UK-Ireland FAB,FAB (FIR),5493,497,0,171,0,0,0,0,0,0,0,0,0,326,0,0,0,0,60,6
2026,1,JAN,2026-01-31T00:00:00Z,United Kingdom,COUNTRY (FIR),5666,171,0,171,0,0,0,0,0,0,0,0,0,0,0,0,0,0,22,1
2026,2,FEB,2026-02-01T00:00:00Z,Albania,COUNTRY (FIR),869,,,,,,,,,,,,,,,,,,,
2026,2,FEB,2026-02-01T00:00:00Z,Armenia,COUNTRY (FIR),353,,,,,,,,,,,,,,,,,,,
2026,2,FEB,2026-02-01T00:00:00Z,Austria,COUNTRY (FIR),3793,0,0,0,0,0,0,0,0,0,0,0,0,0,0,0,0,0,0,0
2026,2,FEB,2026-02-01T00:00:00Z,BLUE MED FAB,FAB (FIR),7233,1313,0,64,0,0,0,0,0,0,0,0,0,31,0,0,1218,0,85,27
2026,2,FEB,2026-02-01T00:00:00Z,Baltic FAB,FAB (FIR),2163,,,,,,,,,,,,,,,,,,,
2026,2,FEB,2026-02-01T00:00:00Z,Belgium,COUNTRY (FIR),3095,139,0,0,0,0,0,0,0,0,0,139,0,0,0,0,0,0,27,0
2026,2,FEB,2026-02-01T00:00:00Z,Bosnia and Herzegovina,COUNTRY (FIR),1313,91,0,91,0,0,0,0,0,0,0,0,0,0,0,0,0,0,11,1
2026,2,FEB,2026-02-01T00:00:00Z,Bulgaria,COUNTRY (FIR),2703,,,,,,,,,,,,,,,,,,,
2026,2,FEB,2026-02-01T00:00:00Z,Croatia,COUNTRY (FIR),2147,,,,,,,,,,,,,,,,,,,
2026,2,FEB,2026-02-01T00:00:00Z,Cyprus,COUNTRY (FIR),1348,64,0,64,0,0,0,0,0,0,0,0,0,0,0,0,0,0,11,0
2026,2,FEB,2026-02-01T00:00:00Z,Czech Republic,COUNTRY (FIR),1973,,,,,,,,,,,,,,,,,,,
2026,2,FEB,2026-02-01T00:00:00Z,DANUBE FAB,FAB (FIR),3198,,,,,,,,,,,,,,,,,,,
2026,2,FEB,2026-02-01T00:00:00Z,DK-SE FAB,FAB (FIR),2306,0,0,0,0,0,0,0,0,0,0,0,0,0,0,0,0,0,0,0
2026,2,FEB,2026-02-01T00:00:00Z,Denmark,COUNTRY (FIR),1545,0,0,0,0,0,0,0,0,0,0,0,0,0,0,0,0,0,0,0
2026,2,FEB,2026-02-01T00:00:00Z,Estonia,COUNTRY (FIR),408,,,,,,,,,,,,,,,,,,,
2026,2,FEB,2026-02-01T00:00:00Z,FAB CE,FAB (FIR),6417,91,0,91,0,0,0,0,0,0,0,0,0,0,0,0,0,0,11,1
2026,2,FEB,2026-02-01T00:00:00Z,FAB CE (SES RP1),FAB (FIR),5671,0,0,0,0,0,0,0,0,0,0,0,0,0,0,0,0,0,0,0
2026,2,FEB,2026-02-01T00:00:00Z,FAB CE (SES RP2),FAB (FIR),6396,0,0,0,0,0,0,0,0,0,0,0,0,0,0,0,0,0,0,0
2026,2,FEB,2026-02-01T00:00:00Z,FABEC,FAB (FIR),14292,2313,0,1841,0,0,0,0,0,0,0,186,0,286,0,0,0,0,238,42
2026,2,FEB,2026-02-01T00:00:00Z,Finland,COUNTRY (FIR),668,,,,,,,,,,,,,,,,,,,
2026,2,FEB,2026-02-01T00:00:00Z,France,COUNTRY (FIR),8344,1257,0,1019,0,0,0,0,0,0,0,15,0,223,0,0,0,0,153,23
2026,2,FEB,2026-02-01T00:00:00Z,Georgia,COUNTRY (FIR),826,215,0,215,0,0,0,0,0,0,0,0,0,0,0,0,0,0,26,3
2026,2,FEB,2026-02-01T00:00:00Z,Germany,COUNTRY (FIR),7117,271,0,208,0,0,0,0,0,0,0,0,0,63,0,0,0,0,16,4
2026,2,FEB,2026-02-01T00:00:00Z,Greece,COUNTRY (FIR),2182,1249,0,0,0,0,0,0,0,0,0,0,0,31,0,0,1218,0,74,27
2026,2,FEB,2026-02-01T00:00:00Z,Hungary,COUNTRY (FIR),2842,,,,,,,,,,,,,,,,,,,
2026,2,FEB,2026-02-01T00:00:00Z,Iceland,COUNTRY (FIR),429,,,,,,,,,,,,,,,,,,,
2026,2,FEB,2026-02-01T00:00:00Z,Ireland,COUNTRY (FIR),1365,250,0,0,0,0,0,0,0,0,0,0,0,250,0,0,0,0,22,5
2026,2,FEB,2026-02-01T00:00:00Z,Italy,COUNTRY (FIR),5194,,,,,,,,,,,,,,,,,,,
2026,2,FEB,2026-02-01T00:00:00Z,Latvia,COUNTRY (FIR),609,,,,,,,,,,,,,,,,,,,
2026,2,FEB,2026-02-01T00:00:00Z,Lithuania,COUNTRY (FIR),562,,,,,,,,,,,,,,,,,,,
2026,2,FEB,2026-02-01T00:00:00Z,Malta,COUNTRY (FIR),418,,,,,,,,,,,,,,,,,,,
2026,2,FEB,2026-02-01T00:00:00Z,Moldova,COUNTRY (FIR),115,,,,,,,,,,,,,,,,,,,
2026,2,FEB,2026-02-01T00:00:00Z,NEFAB,FAB (FIR),2339,138,0,0,0,0,0,0,0,0,0,138,0,0,0,0,0,0,10,5
2026,2,FEB,2026-02-01T00:00:00Z,Netherlands,COUNTRY (FIR),2989,32,0,0,0,0,0,0,0,0,0,32,0,0,0,0,0,0,13,0
2026,2,FEB,2026-02-01T00:00:00Z,North Macedonia,COUNTRY (FIR),597,84,0,0,0,0,0,0,0,0,0,84,0,0,0,0,0,0,7,1
2026,2,FEB,2026-02-01T00:00:00Z,Norway,COUNTRY (FIR),1348,138,0,0,0,0,0,0,0,0,0,138,0,0,0,0,0,0,10,5
2026,2,FEB,2026-02-01T00:00:00Z,Poland,COUNTRY (FIR),2003,,,,,,,,,,,,,,,,,,,
2026,2,FEB,2026-02-01T00:00:00Z,Portugal,COUNTRY (FIR),2164,797,0,0,0,0,0,0,0,0,0,797,0,0,0,0,0,0,117,11
2026,2,FEB,2026-02-01T00:00:00Z,Portugal Continental,COUNTRY (FIR),1909,797,0,0,0,0,0,0,0,0,0,797,0,0,0,0,0,0,117,11
2026,2,FEB,2026-02-01T00:00:00Z,Portugal Santa Maria,COUNTRY (FIR),528,,,,,,,,,,,,,,,,,,,
2026,2,FEB,2026-02-01T00:00:00Z,Romania,COUNTRY (FIR),2197,,,,,,,,,,,,,,,,,,,
2026,2,FEB,2026-02-01T00:00:00Z,SES Area (RP2),AREA (FIR),23894,6190,0,3284,0,0,0,0,0,0,0,1121,0,567,0,0,1218,0,629,112
2026,2,FEB,2026-02-01T00:00:00Z,SW FAB,FAB (FIR),6190,2176,0,1379,0,0,0,0,0,0,0,797,0,0,0,0,0,0,274,33
2026,2,FEB,2026-02-01T00:00:00Z,Serbia/Montenegro,COUNTRY (FIR),2327,,,,,,,,,,,,,,,,,,,
2026,2,FEB,2026-02-01T00:00:00Z,Slovakia,COUNTRY (FIR),1391,,,,,,,,,,,,,,,,,,,
2026,2,FEB,2026-02-01T00:00:00Z,Slovenia,COUNTRY (FIR),1251,,,,,,,,,,,,,,,,,,,
2026,2,FEB,2026-02-01T00:00:00Z,Spain,COUNTRY (FIR),5992,1379,0,1379,0,0,0,0,0,0,0,0,0,0,0,0,0,0,157,22
2026,2,FEB,2026-02-01T00:00:00Z,Spain Canaries,COUNTRY (FIR),1291,,,,,,,,,,,,,,,,,,,
2026,2,FEB,2026-02-01T00:00:00Z,Spain Continental,COUNTRY (FIR),5595,1379,0,1379,0,0,0,0,0,0,0,0,0,0,0,0,0,0,157,22
2026,2,FEB,2026-02-01T00:00:00Z,Sweden,COUNTRY (FIR),1594,,,,,,,,,,,,,,,,,,,
2026,2,FEB,2026-02-01T00:00:00Z,Switzerland,COUNTRY (FIR),2898,614,0,614,0,0,0,0,0,0,0,0,0,0,0,0,0,0,29,15
2026,2,FEB,2026-02-01T00:00:00Z,Türkiye,COUNTRY (FIR),4560,,,,,,,,,,,,,,,,,,,
2026,2,FEB,2026-02-01T00:00:00Z,UK Continental,COUNTRY (FIR),6004,0,0,0,0,0,0,0,0,0,0,0,0,0,0,0,0,0,0,0
2026,2,FEB,2026-02-01T00:00:00Z,UK Oceanic,COUNTRY (FIR),1304,,,,,,,,,,,,,,,,,,,
2026,2,FEB,2026-02-01T00:00:00Z,UK-Ireland FAB,FAB (FIR),6099,250,0,0,0,0,0,0,0,0,0,0,0,250,0,0,0,0,22,5
2026,2,FEB,2026-02-01T00:00:00Z,United Kingdom,COUNTRY (FIR),6254,0,0,0,0,0,0,0,0,0,0,0,0,0,0,0,0,0,0,0
2026,2,FEB,2026-02-02T00:00:00Z,Albania,COUNTRY (FIR),807,,,,,,,,,,,,,,,,,,,
2026,2,FEB,2026-02-02T00:00:00Z,Armenia,COUNTRY (FIR),352,,,,,,,,,,,,,,,,,,,
2026,2,FEB,2026-02-02T00:00:00Z,Austria,COUNTRY (FIR),3673,,,,,,,,,,,,,,,,,,,
2026,2,FEB,2026-02-02T00:00:00Z,BLUE MED FAB,FAB (FIR),6945,204,0,204,0,0,0,0,0,0,0,0,0,0,0,0,0,0,24,2
2026,2,FEB,2026-02-02T00:00:00Z,Baltic FAB,FAB (FIR),2203,0,0,0,0,0,0,0,0,0,0,0,0,0,0,0,0,0,0,0
2026,2,FEB,2026-02-02T00:00:00Z,Belgium,COUNTRY (FIR),3105,0,0,0,0,0,0,0,0,0,0,0,0,0,0,0,0,0,0,0
2026,2,FEB,2026-02-02T00:00:00Z,Bosnia and Herzegovina,COUNTRY (FIR),1239,,,,,,,,,,,,,,,,,,,
2026,2,FEB,2026-02-02T00:00:00Z,Bulgaria,COUNTRY (FIR),2405,,,,,,,,,,,,,,,,,,,
2026,2,FEB,2026-02-02T00:00:00Z,Croatia,COUNTRY (FIR),1897,,,,,,,,,,,,,,,,,,,
2026,2,FEB,2026-02-02T00:00:00Z,Cyprus,COUNTRY (FIR),1304,204,0,204,0,0,0,0,0,0,0,0,0,0,0,0,0,0,24,2
2026,2,FEB,2026-02-02T00:00:00Z,Czech Republic,COUNTRY (FIR),1881,,,,,,,,,,,,,,,,,,,
2026,2,FEB,2026-02-02T00:00:00Z,DANUBE FAB,FAB (FIR),2893,,,,,,,,,,,,,,,,,,,
2026,2,FEB,2026-02-02T00:00:00Z,DK-SE FAB,FAB (FIR),2353,0,0,0,0,0,0,0,0,0,0,0,0,0,0,0,0,0,0,0
2026,2,FEB,2026-02-02T00:00:00Z,Denmark,COUNTRY (FIR),1546,0,0,0,0,0,0,0,0,0,0,0,0,0,0,0,0,0,0,0
2026,2,FEB,2026-02-02T00:00:00Z,Estonia,COUNTRY (FIR),391,,,,,,,,,,,,,,,,,,,
2026,2,FEB,2026-02-02T00:00:00Z,FAB CE,FAB (FIR),6055,,,,,,,,,,,,,,,,,,,
2026,2,FEB,2026-02-02T00:00:00Z,FAB CE (SES RP1),FAB (FIR),5393,,,,,,,,,,,,,,,,,,,
2026,2,FEB,2026-02-02T00:00:00Z,FAB CE (SES RP2),FAB (FIR),6036,,,,,,,,,,,,,,,,,,,
2026,2,FEB,2026-02-02T00:00:00Z,FABEC,FAB (FIR),14512,2388,0,580,0,0,0,0,0,0,0,80,0,1728,0,0,0,0,227,42
2026,2,FEB,2026-02-02T00:00:00Z,Finland,COUNTRY (FIR),625,,,,,,,,,,,,,,,,,,,
2026,2,FEB,2026-02-02T00:00:00Z,France,COUNTRY (FIR),8106,852,0,175,0,0,0,0,0,0,0,27,0,650,0,0,0,0,59,19
2026,2,FEB,2026-02-02T00:00:00Z,Georgia,COUNTRY (FIR),797,205,0,205,0,0,0,0,0,0,0,0,0,0,0,0,0,0,18,6
2026,2,FEB,2026-02-02T00:00:00Z,Germany,COUNTRY (FIR),7331,1516,0,385,0,0,0,0,0,0,0,53,0,1078,0,0,0,0,166,23
2026,2,FEB,2026-02-02T00:00:00Z,Greece,COUNTRY (FIR),2188,0,0,0,0,0,0,0,0,0,0,0,0,0,0,0,0,0,0,0
2026,2,FEB,2026-02-02T00:00:00Z,Hungary,COUNTRY (FIR),2680,,,,,,,,,,,,,,,,,,,
2026,2,FEB,2026-02-02T00:00:00Z,Iceland,COUNTRY (FIR),373,,,,,,,,,,,,,,,,,,,
2026,2,FEB,2026-02-02T00:00:00Z,Ireland,COUNTRY (FIR),1478,0,0,0,0,0,0,0,0,0,0,0,0,0,0,0,0,0,0,0
2026,2,FEB,2026-02-02T00:00:00Z,Italy,COUNTRY (FIR),4994,,,,,,,,,,,,,,,,,,,
2026,2,FEB,2026-02-02T00:00:00Z,Latvia,COUNTRY (FIR),548,,,,,,,,,,,,,,,,,,,
2026,2,FEB,2026-02-02T00:00:00Z,Lithuania,COUNTRY (FIR),514,,,,,,,,,,,,,,,,,,,
2026,2,FEB,2026-02-02T00:00:00Z,Malta,COUNTRY (FIR),436,,,,,,,,,,,,,,,,,,,
2026,2,FEB,2026-02-02T00:00:00Z,Moldova,COUNTRY (FIR),95,,,,,,,,,,,,,,,,,,,
2026,2,FEB,2026-02-02T00:00:00Z,NEFAB,FAB (FIR),2512,,,,,,,,,,,,,,,,,,,
2026,2,FEB,2026-02-02T00:00:00Z,Netherlands,COUNTRY (FIR),3048,0,0,0,0,0,0,0,0,0,0,0,0,0,0,0,0,0,0,0
2026,2,FEB,2026-02-02T00:00:00Z,North Macedonia,COUNTRY (FIR),590,,,,,,,,,,,,,,,,,,,
2026,2,FEB,2026-02-02T00:00:00Z,Norway,COUNTRY (FIR),1556,,,,,,,,,,,,,,,,,,,
2026,2,FEB,2026-02-02T00:00:00Z,Poland,COUNTRY (FIR),2039,0,0,0,0,0,0,0,0,0,0,0,0,0,0,0,0,0,0,0
2026,2,FEB,2026-02-02T00:00:00Z,Portugal,COUNTRY (FIR),2071,500,0,0,0,0,0,0,0,0,0,490,0,0,10,0,0,0,56,6
2026,2,FEB,2026-02-02T00:00:00Z,Portugal Continental,COUNTRY (FIR),1820,500,0,0,0,0,0,0,0,0,0,490,0,0,10,0,0,0,56,6
2026,2,FEB,2026-02-02T00:00:00Z,Portugal Santa Maria,COUNTRY (FIR),513,,,,,,,,,,,,,,,,,,,
2026,2,FEB,2026-02-02T00:00:00Z,Romania,COUNTRY (FIR),2036,,,,,,,,,,,,,,,,,,,
2026,2,FEB,2026-02-02T00:00:00Z,SES Area (RP2),AREA (FIR),24658,4166,0,1309,0,0,0,0,282,0,0,741,0,1728,10,0,96,0,409,67
2026,2,FEB,2026-02-02T00:00:00Z,SW FAB,FAB (FIR),5763,1574,0,525,0,0,0,0,282,0,0,661,0,0,10,0,96,0,158,23
2026,2,FEB,2026-02-02T00:00:00Z,Serbia/Montenegro,COUNTRY (FIR),2095,,,,,,,,,,,,,,,,,,,
2026,2,FEB,2026-02-02T00:00:00Z,Slovakia,COUNTRY (FIR),1235,,,,,,,,,,,,,,,,,,,
2026,2,FEB,2026-02-02T00:00:00Z,Slovenia,COUNTRY (FIR),1111,,,,,,,,,,,,,,,,,,,
2026,2,FEB,2026-02-02T00:00:00Z,Spain,COUNTRY (FIR),5555,1074,0,525,0,0,0,0,282,0,0,171,0,0,0,0,96,0,102,17
2026,2,FEB,2026-02-02T00:00:00Z,Spain Canaries,COUNTRY (FIR),1124,,,,,,,,,,,,,,,,,,,
2026,2,FEB,2026-02-02T00:00:00Z,Spain Continental,COUNTRY (FIR),5187,1074,0,525,0,0,0,0,282,0,0,171,0,0,0,0,96,0,102,17
2026,2,FEB,2026-02-02T00:00:00Z,Sweden,COUNTRY (FIR),1602,,,,,,,,,,,,,,,,,,,
2026,2,FEB,2026-02-02T00:00:00Z,Switzerland,COUNTRY (FIR),2659,20,0,20,0,0,0,0,0,0,0,0,0,0,0,0,0,0,2,0
2026,2,FEB,2026-02-02T00:00:00Z,Türkiye,COUNTRY (FIR),4366,,,,,,,,,,,,,,,,,,,
2026,2,FEB,2026-02-02T00:00:00Z,UK Continental,COUNTRY (FIR),5951,0,0,0,0,0,0,0,0,0,0,0,0,0,0,0,0,0,0,0
2026,2,FEB,2026-02-02T00:00:00Z,UK Oceanic,COUNTRY (FIR),1278,,,,,,,,,,,,,,,,,,,
2026,2,FEB,2026-02-02T00:00:00Z,UK-Ireland FAB,FAB (FIR),6064,0,0,0,0,0,0,0,0,0,0,0,0,0,0,0,0,0,0,0
2026,2,FEB,2026-02-02T00:00:00Z,United Kingdom,COUNTRY (FIR),6201,0,0,0,0,0,0,0,0,0,0,0,0,0,0,0,0,0,0,0
2026,2,FEB,2026-02-03T00:00:00Z,Albania,COUNTRY (FIR),666,,,,,,,,,,,,,,,,,,,
2026,2,FEB,2026-02-03T00:00:00Z,Armenia,COUNTRY (FIR),324,,,,,,,,,,,,,,,,,,,
2026,2,FEB,2026-02-03T00:00:00Z,Austria,COUNTRY (FIR),3003,,,,,,,,,,,,,,,,,,,
2026,2,FEB,2026-02-03T00:00:00Z,BLUE MED FAB,FAB (FIR),5639,,,,,,,,,,,,,,,,,,,
2026,2,FEB,2026-02-03T00:00:00Z,Baltic FAB,FAB (FIR),1730,0,0,0,0,0,0,0,0,0,0,0,0,0,0,0,0,0,0,0
2026,2,FEB,2026-02-03T00:00:00Z,Belgium,COUNTRY (FIR),2648,144,0,0,0,0,0,0,0,0,0,144,0,0,0,0,0,0,25,1
2026,2,FEB,2026-02-03T00:00:00Z,Bosnia and Herzegovina,COUNTRY (FIR),1043,,,,,,,,,,,,,,,,,,,
2026,2,FEB,2026-02-03T00:00:00Z,Bulgaria,COUNTRY (FIR),2264,,,,,,,,,,,,,,,,,,,
2026,2,FEB,2026-02-03T00:00:00Z,Croatia,COUNTRY (FIR),1590,,,,,,,,,,,,,,,,,,,
2026,2,FEB,2026-02-03T00:00:00Z,Cyprus,COUNTRY (FIR),1171,,,,,,,,,,,,,,,,,,,
2026,2,FEB,2026-02-03T00:00:00Z,Czech Republic,COUNTRY (FIR),1546,,,,,,,,,,,,,,,,,,,
2026,2,FEB,2026-02-03T00:00:00Z,DANUBE FAB,FAB (FIR),2677,,,,,,,,,,,,,,,,,,,
2026,2,FEB,2026-02-03T00:00:00Z,DK-SE FAB,FAB (FIR),1985,0,0,0,0,0,0,0,0,0,0,0,0,0,0,0,0,0,0,0
2026,2,FEB,2026-02-03T00:00:00Z,Denmark,COUNTRY (FIR),1260,0,0,0,0,0,0,0,0,0,0,0,0,0,0,0,0,0,0,0
2026,2,FEB,2026-02-03T00:00:00Z,Estonia,COUNTRY (FIR),356,,,,,,,,,,,,,,,,,,,
2026,2,FEB,2026-02-03T00:00:00Z,FAB CE,FAB (FIR),5074,,,,,,,,,,,,,,,,,,,
2026,2,FEB,2026-02-03T00:00:00Z,FAB CE (SES RP1),FAB (FIR),4504,,,,,,,,,,,,,,,,,,,
2026,2,FEB,2026-02-03T00:00:00Z,FAB CE (SES RP2),FAB (FIR),5062,,,,,,,,,,,,,,,,,,,
2026,2,FEB,2026-02-03T00:00:00Z,FABEC,FAB (FIR),12200,2418,0,1384,0,0,367,0,0,0,0,444,0,217,0,0,6,0,133,52
2026,2,FEB,2026-02-03T00:00:00Z,Finland,COUNTRY (FIR),636,,,,,,,,,,,,,,,,,,,
2026,2,FEB,2026-02-03T00:00:00Z,France,COUNTRY (FIR),6829,951,0,174,0,0,367,0,0,0,0,300,0,110,0,0,0,0,27,20
2026,2,FEB,2026-02-03T00:00:00Z,Georgia,COUNTRY (FIR),799,89,0,89,0,0,0,0,0,0,0,0,0,0,0,0,0,0,10,2
2026,2,FEB,2026-02-03T00:00:00Z,Germany,COUNTRY (FIR),6138,1089,0,976,0,0,0,0,0,0,0,0,0,107,0,0,6,0,67,21
2026,2,FEB,2026-02-03T00:00:00Z,Greece,COUNTRY (FIR),1965,,,,,,,,,,,,,,,,,,,
2026,2,FEB,2026-02-03T00:00:00Z,Hungary,COUNTRY (FIR),2321,,,,,,,,,,,,,,,,,,,
2026,2,FEB,2026-02-03T00:00:00Z,Iceland,COUNTRY (FIR),315,,,,,,,,,,,,,,,,,,,
2026,2,FEB,2026-02-03T00:00:00Z,Ireland,COUNTRY (FIR),1301,,,,,,,,,,,,,,,,,,,
2026,2,FEB,2026-02-03T00:00:00Z,Italy,COUNTRY (FIR),3924,,,,,,,,,,,,,,,,,,,
2026,2,FEB,2026-02-03T00:00:00Z,Latvia,COUNTRY (FIR),470,,,,,,,,,,,,,,,,,,,
2026,2,FEB,2026-02-03T00:00:00Z,Lithuania,COUNTRY (FIR),471,,,,,,,,,,,,,,,,,,,
2026,2,FEB,2026-02-03T00:00:00Z,Malta,COUNTRY (FIR),340,,,,,,,,,,,,,,,,,,,
2026,2,FEB,2026-02-03T00:00:00Z,Moldova,COUNTRY (FIR),83,,,,,,,,,,,,,,,,,,,
2026,2,FEB,2026-02-03T00:00:00Z,NEFAB,FAB (FIR),2308,,,,,,,,,,,,,,,,,,,
2026,2,FEB,2026-02-03T00:00:00Z,Netherlands,COUNTRY (FIR),2530,151,0,151,0,0,0,0,0,0,0,0,0,0,0,0,0,0,10,7
2026,2,FEB,2026-02-03T00:00:00Z,North Macedonia,COUNTRY (FIR),482,,,,,,,,,,,,,,,,,,,
2026,2,FEB,2026-02-03T00:00:00Z,Norway,COUNTRY (FIR),1421,,,,,,,,,,,,,,,,,,,
2026,2,FEB,2026-02-03T00:00:00Z,Poland,COUNTRY (FIR),1595,0,0,0,0,0,0,0,0,0,0,0,0,0,0,0,0,0,0,0
2026,2,FEB,2026-02-03T00:00:00Z,Portugal,COUNTRY (FIR),1775,0,0,0,0,0,0,0,0,0,0,0,0,0,0,0,0,0,0,0
2026,2,FEB,2026-02-03T00:00:00Z,Portugal Continental,COUNTRY (FIR),1556,0,0,0,0,0,0,0,0,0,0,0,0,0,0,0,0,0,0,0
2026,2,FEB,2026-02-03T00:00:00Z,Portugal Santa Maria,COUNTRY (FIR),445,,,,,,,,,,,,,,,,,,,
2026,2,FEB,2026-02-03T00:00:00Z,Romania,COUNTRY (FIR),1980,,,,,,,,,,,,,,,,,,,
2026,2,FEB,2026-02-03T00:00:00Z,SES Area (RP2),AREA (FIR),21003,2524,0,1490,0,0,367,0,0,0,0,444,0,217,0,0,6,0,148,54
2026,2,FEB,2026-02-03T00:00:00Z,SW FAB,FAB (FIR),4859,106,0,106,0,0,0,0,0,0,0,0,0,0,0,0,0,0,15,2
2026,2,FEB,2026-02-03T00:00:00Z,Serbia/Montenegro,COUNTRY (FIR),1737,,,,,,,,,,,,,,,,,,,
2026,2,FEB,2026-02-03T00:00:00Z,Slovakia,COUNTRY (FIR),1107,,,,,,,,,,,,,,,,,,,
2026,2,FEB,2026-02-03T00:00:00Z,Slovenia,COUNTRY (FIR),952,,,,,,,,,,,,,,,,,,,
2026,2,FEB,2026-02-03T00:00:00Z,Spain,COUNTRY (FIR),4706,106,0,106,0,0,0,0,0,0,0,0,0,0,0,0,0,0,15,2
2026,2,FEB,2026-02-03T00:00:00Z,Spain Canaries,COUNTRY (FIR),1074,,,,,,,,,,,,,,,,,,,
2026,2,FEB,2026-02-03T00:00:00Z,Spain Continental,COUNTRY (FIR),4333,106,0,106,0,0,0,0,0,0,0,0,0,0,0,0,0,0,15,2
2026,2,FEB,2026-02-03T00:00:00Z,Sweden,COUNTRY (FIR),1411,,,,,,,,,,,,,,,,,,,
2026,2,FEB,2026-02-03T00:00:00Z,Switzerland,COUNTRY (FIR),2170,83,0,83,0,0,0,0,0,0,0,0,0,0,0,0,0,0,4,3
2026,2,FEB,2026-02-03T00:00:00Z,Türkiye,COUNTRY (FIR),4179,,,,,,,,,,,,,,,,,,,
2026,2,FEB,2026-02-03T00:00:00Z,UK Continental,COUNTRY (FIR),4785,0,0,0,0,0,0,0,0,0,0,0,0,0,0,0,0,0,0,0
2026,2,FEB,2026-02-03T00:00:00Z,UK Oceanic,COUNTRY (FIR),1233,,,,,,,,,,,,,,,,,,,
2026,2,FEB,2026-02-03T00:00:00Z,UK-Ireland FAB,FAB (FIR),4897,0,0,0,0,0,0,0,0,0,0,0,0,0,0,0,0,0,0,0
2026,2,FEB,2026-02-03T00:00:00Z,United Kingdom,COUNTRY (FIR),5048,0,0,0,0,0,0,0,0,0,0,0,0,0,0,0,0,0,0,0
2026,2,FEB,2026-02-04T00:00:00Z,Albania,COUNTRY (FIR),671,,,,,,,,,,,,,,,,,,,
2026,2,FEB,2026-02-04T00:00:00Z,Armenia,COUNTRY (FIR),362,,,,,,,,,,,,,,,,,,,
2026,2,FEB,2026-02-04T00:00:00Z,Austria,COUNTRY (FIR),3088,,,,,,,,,,,,,,,,,,,
2026,2,FEB,2026-02-04T00:00:00Z,BLUE MED FAB,FAB (FIR),5640,0,0,0,0,0,0,0,0,0,0,0,0,0,0,0,0,0,0,0
2026,2,FEB,2026-02-04T00:00:00Z,Baltic FAB,FAB (FIR),1696,0,0,0,0,0,0,0,0,0,0,0,0,0,0,0,0,0,0,0
2026,2,FEB,2026-02-04T00:00:00Z,Belgium,COUNTRY (FIR),2754,,,,,,,,,,,,,,,,,,,
2026,2,FEB,2026-02-04T00:00:00Z,Bosnia and Herzegovina,COUNTRY (FIR),998,,,,,,,,,,,,,,,,,,,
2026,2,FEB,2026-02-04T00:00:00Z,Bulgaria,COUNTRY (FIR),2285,,,,,,,,,,,,,,,,,,,
2026,2,FEB,2026-02-04T00:00:00Z,Croatia,COUNTRY (FIR),1509,,,,,,,,,,,,,,,,,,,
2026,2,FEB,2026-02-04T00:00:00Z,Cyprus,COUNTRY (FIR),1158,,,,,,,,,,,,,,,,,,,
2026,2,FEB,2026-02-04T00:00:00Z,Czech Republic,COUNTRY (FIR),1643,,,,,,,,,,,,,,,,,,,
2026,2,FEB,2026-02-04T00:00:00Z,DANUBE FAB,FAB (FIR),2647,,,,,,,,,,,,,,,,,,,
2026,2,FEB,2026-02-04T00:00:00Z,DK-SE FAB,FAB (FIR),2085,0,0,0,0,0,0,0,0,0,0,0,0,0,0,0,0,0,0,0
2026,2,FEB,2026-02-04T00:00:00Z,Denmark,COUNTRY (FIR),1348,0,0,0,0,0,0,0,0,0,0,0,0,0,0,0,0,0,0,0
2026,2,FEB,2026-02-04T00:00:00Z,Estonia,COUNTRY (FIR),373,,,,,,,,,,,,,,,,,,,
2026,2,FEB,2026-02-04T00:00:00Z,FAB CE,FAB (FIR),5117,,,,,,,,,,,,,,,,,,,
2026,2,FEB,2026-02-04T00:00:00Z,FAB CE (SES RP1),FAB (FIR),4601,,,,,,,,,,,,,,,,,,,
2026,2,FEB,2026-02-04T00:00:00Z,FAB CE (SES RP2),FAB (FIR),5099,,,,,,,,,,,,,,,,,,,
2026,2,FEB,2026-02-04T00:00:00Z,FABEC,FAB (FIR),12789,401,0,110,0,0,0,0,0,0,0,71,0,0,220,0,0,0,40,8
2026,2,FEB,2026-02-04T00:00:00Z,Finland,COUNTRY (FIR),644,,,,,,,,,,,,,,,,,,,
2026,2,FEB,2026-02-04T00:00:00Z,France,COUNTRY (FIR),6937,292,0,1,0,0,0,0,0,0,0,71,0,0,220,0,0,0,33,6
2026,2,FEB,2026-02-04T00:00:00Z,Georgia,COUNTRY (FIR),744,129,0,129,0,0,0,0,0,0,0,0,0,0,0,0,0,0,13,1
2026,2,FEB,2026-02-04T00:00:00Z,Germany,COUNTRY (FIR),6631,65,0,65,0,0,0,0,0,0,0,0,0,0,0,0,0,0,4,1
2026,2,FEB,2026-02-04T00:00:00Z,Greece,COUNTRY (FIR),2006,0,0,0,0,0,0,0,0,0,0,0,0,0,0,0,0,0,0,0
2026,2,FEB,2026-02-04T00:00:00Z,Hungary,COUNTRY (FIR),2383,,,,,,,,,,,,,,,,,,,
2026,2,FEB,2026-02-04T00:00:00Z,Iceland,COUNTRY (FIR),309,,,,,,,,,,,,,,,,,,,
2026,2,FEB,2026-02-04T00:00:00Z,Ireland,COUNTRY (FIR),1268,,,,,,,,,,,,,,,,,,,
2026,2,FEB,2026-02-04T00:00:00Z,Italy,COUNTRY (FIR),3905,,,,,,,,,,,,,,,,,,,
2026,2,FEB,2026-02-04T00:00:00Z,Latvia,COUNTRY (FIR),494,,,,,,,,,,,,,,,,,,,
2026,2,FEB,2026-02-04T00:00:00Z,Lithuania,COUNTRY (FIR),444,,,,,,,,,,,,,,,,,,,
2026,2,FEB,2026-02-04T00:00:00Z,Malta,COUNTRY (FIR),372,,,,,,,,,,,,,,,,,,,
2026,2,FEB,2026-02-04T00:00:00Z,Moldova,COUNTRY (FIR),84,,,,,,,,,,,,,,,,,,,
2026,2,FEB,2026-02-04T00:00:00Z,NEFAB,FAB (FIR),2345,,,,,,,,,,,,,,,,,,,
2026,2,FEB,2026-02-04T00:00:00Z,Netherlands,COUNTRY (FIR),2650,0,0,0,0,0,0,0,0,0,0,0,0,0,0,0,0,0,0,0
2026,2,FEB,2026-02-04T00:00:00Z,North Macedonia,COUNTRY (FIR),514,,,,,,,,,,,,,,,,,,,
2026,2,FEB,2026-02-04T00:00:00Z,Norway,COUNTRY (FIR),1425,,,,,,,,,,,,,,,,,,,
2026,2,FEB,2026-02-04T00:00:00Z,Poland,COUNTRY (FIR),1574,0,0,0,0,0,0,0,0,0,0,0,0,0,0,0,0,0,0,0
2026,2,FEB,2026-02-04T00:00:00Z,Portugal,COUNTRY (FIR),1785,0,0,0,0,0,0,0,0,0,0,0,0,0,0,0,0,0,0,0
2026,2,FEB,2026-02-04T00:00:00Z,Portugal Continental,COUNTRY (FIR),1540,0,0,0,0,0,0,0,0,0,0,0,0,0,0,0,0,0,0,0
2026,2,FEB,2026-02-04T00:00:00Z,Portugal Santa Maria,COUNTRY (FIR),480,,,,,,,,,,,,,,,,,,,
2026,2,FEB,2026-02-04T00:00:00Z,Romania,COUNTRY (FIR),1926,,,,,,,,,,,,,,,,,,,
2026,2,FEB,2026-02-04T00:00:00Z,SES Area (RP2),AREA (FIR),21547,763,0,472,0,0,0,0,0,0,0,71,0,0,220,0,0,0,75,16
2026,2,FEB,2026-02-04T00:00:00Z,SW FAB,FAB (FIR),4777,362,0,362,0,0,0,0,0,0,0,0,0,0,0,0,0,0,35,8
2026,2,FEB,2026-02-04T00:00:00Z,Serbia/Montenegro,COUNTRY (FIR),1736,,,,,,,,,,,,,,,,,,,
2026,2,FEB,2026-02-04T00:00:00Z,Slovakia,COUNTRY (FIR),1132,,,,,,,,,,,,,,,,,,,
2026,2,FEB,2026-02-04T00:00:00Z,Slovenia,COUNTRY (FIR),935,,,,,,,,,,,,,,,,,,,
2026,2,FEB,2026-02-04T00:00:00Z,Spain,COUNTRY (FIR),4619,362,0,362,0,0,0,0,0,0,0,0,0,0,0,0,0,0,35,8
2026,2,FEB,2026-02-04T00:00:00Z,Spain Canaries,COUNTRY (FIR),1065,353,0,353,0,0,0,0,0,0,0,0,0,0,0,0,0,0,33,8
2026,2,FEB,2026-02-04T00:00:00Z,Spain Continental,COUNTRY (FIR),4274,9,0,9,0,0,0,0,0,0,0,0,0,0,0,0,0,0,2,0
2026,2,FEB,2026-02-04T00:00:00Z,Sweden,COUNTRY (FIR),1517,,,,,,,,,,,,,,,,,,,
2026,2,FEB,2026-02-04T00:00:00Z,Switzerland,COUNTRY (FIR),2311,44,0,44,0,0,0,0,0,0,0,0,0,0,0,0,0,0,3,1
2026,2,FEB,2026-02-04T00:00:00Z,Türkiye,COUNTRY (FIR),4191,,,,,,,,,,,,,,,,,,,
2026,2,FEB,2026-02-04T00:00:00Z,UK Continental,COUNTRY (FIR),4956,0,0,0,0,0,0,0,0,0,0,0,0,0,0,0,0,0,0,0
2026,2,FEB,2026-02-04T00:00:00Z,UK Oceanic,COUNTRY (FIR),1202,,,,,,,,,,,,,,,,,,,
2026,2,FEB,2026-02-04T00:00:00Z,UK-Ireland FAB,FAB (FIR),5076,0,0,0,0,0,0,0,0,0,0,0,0,0,0,0,0,0,0,0
2026,2,FEB,2026-02-04T00:00:00Z,United Kingdom,COUNTRY (FIR),5189,0,0,0,0,0,0,0,0,0,0,0,0,0,0,0,0,0,0,0
2026,2,FEB,2026-02-05T00:00:00Z,Albania,COUNTRY (FIR),747,,,,,,,,,,,,,,,,,,,
2026,2,FEB,2026-02-05T00:00:00Z,Armenia,COUNTRY (FIR),349,,,,,,,,,,,,,,,,,,,
2026,2,FEB,2026-02-05T00:00:00Z,Austria,COUNTRY (FIR),3494,,,,,,,,,,,,,,,,,,,
2026,2,FEB,2026-02-05T00:00:00Z,BLUE MED FAB,FAB (FIR),6595,0,0,0,0,0,0,0,0,0,0,0,0,0,0,0,0,0,0,0
2026,2,FEB,2026-02-05T00:00:00Z,Baltic FAB,FAB (FIR),1899,0,0,0,0,0,0,0,0,0,0,0,0,0,0,0,0,0,0,0
2026,2,FEB,2026-02-05T00:00:00Z,Belgium,COUNTRY (FIR),2985,0,0,0,0,0,0,0,0,0,0,0,0,0,0,0,0,0,0,0
2026,2,FEB,2026-02-05T00:00:00Z,Bosnia and Herzegovina,COUNTRY (FIR),1147,,,,,,,,,,,,,,,,,,,
2026,2,FEB,2026-02-05T00:00:00Z,Bulgaria,COUNTRY (FIR),2484,,,,,,,,,,,,,,,,,,,
2026,2,FEB,2026-02-05T00:00:00Z,Croatia,COUNTRY (FIR),1810,,,,,,,,,,,,,,,,,,,
2026,2,FEB,2026-02-05T00:00:00Z,Cyprus,COUNTRY (FIR),1301,,,,,,,,,,,,,,,,,,,
2026,2,FEB,2026-02-05T00:00:00Z,Czech Republic,COUNTRY (FIR),1798,0,0,0,0,0,0,0,0,0,0,0,0,0,0,0,0,0,0,0
2026,2,FEB,2026-02-05T00:00:00Z,DANUBE FAB,FAB (FIR),2914,,,,,,,,,,,,,,,,,,,
2026,2,FEB,2026-02-05T00:00:00Z,DK-SE FAB,FAB (FIR),2252,0,0,0,0,0,0,0,0,0,0,0,0,0,0,0,0,0,0,0
2026,2,FEB,2026-02-05T00:00:00Z,Denmark,COUNTRY (FIR),1451,0,0,0,0,0,0,0,0,0,0,0,0,0,0,0,0,0,0,0
2026,2,FEB,2026-02-05T00:00:00Z,Estonia,COUNTRY (FIR),414,,,,,,,,,,,,,,,,,,,
2026,2,FEB,2026-02-05T00:00:00Z,FAB CE,FAB (FIR),5774,0,0,0,0,0,0,0,0,0,0,0,0,0,0,0,0,0,0,0
2026,2,FEB,2026-02-05T00:00:00Z,FAB CE (SES RP1),FAB (FIR),5157,0,0,0,0,0,0,0,0,0,0,0,0,0,0,0,0,0,0,0
2026,2,FEB,2026-02-05T00:00:00Z,FAB CE (SES RP2),FAB (FIR),5764,0,0,0,0,0,0,0,0,0,0,0,0,0,0,0,0,0,0,0
2026,2,FEB,2026-02-05T00:00:00Z,FABEC,FAB (FIR),13790,1432,0,247,0,0,0,0,0,0,0,568,0,545,72,0,0,0,127,27
2026,2,FEB,2026-02-05T00:00:00Z,Finland,COUNTRY (FIR),641,,,,,,,,,,,,,,,,,,,
2026,2,FEB,2026-02-05T00:00:00Z,France,COUNTRY (FIR),7796,901,0,143,0,0,0,0,0,0,0,568,0,118,72,0,0,0,77,16
2026,2,FEB,2026-02-05T00:00:00Z,Georgia,COUNTRY (FIR),790,168,0,168,0,0,0,0,0,0,0,0,0,0,0,0,0,0,22,3
2026,2,FEB,2026-02-05T00:00:00Z,Germany,COUNTRY (FIR),6826,497,0,98,0,0,0,0,0,0,0,0,0,399,0,0,0,0,44,11
2026,2,FEB,2026-02-05T00:00:00Z,Greece,COUNTRY (FIR),2163,0,0,0,0,0,0,0,0,0,0,0,0,0,0,0,0,0,0,0
2026,2,FEB,2026-02-05T00:00:00Z,Hungary,COUNTRY (FIR),2594,,,,,,,,,,,,,,,,,,,
2026,2,FEB,2026-02-05T00:00:00Z,Iceland,COUNTRY (FIR),303,,,,,,,,,,,,,,,,,,,
2026,2,FEB,2026-02-05T00:00:00Z,Ireland,COUNTRY (FIR),1405,,,,,,,,,,,,,,,,,,,
2026,2,FEB,2026-02-05T00:00:00Z,Italy,COUNTRY (FIR),4640,0,0,0,0,0,0,0,0,0,0,0,0,0,0,0,0,0,0,0
2026,2,FEB,2026-02-05T00:00:00Z,Latvia,COUNTRY (FIR),555,,,,,,,,,,,,,,,,,,,
2026,2,FEB,2026-02-05T00:00:00Z,Lithuania,COUNTRY (FIR),513,,,,,,,,,,,,,,,,,,,
2026,2,FEB,2026-02-05T00:00:00Z,Malta,COUNTRY (FIR),431,,,,,,,,,,,,,,,,,,,
2026,2,FEB,2026-02-05T00:00:00Z,Moldova,COUNTRY (FIR),93,,,,,,,,,,,,,,,,,,,
2026,2,FEB,2026-02-05T00:00:00Z,NEFAB,FAB (FIR),2502,,,,,,,,,,,,,,,,,,,
2026,2,FEB,2026-02-05T00:00:00Z,Netherlands,COUNTRY (FIR),2918,0,0,0,0,0,0,0,0,0,0,0,0,0,0,0,0,0,0,0
2026,2,FEB,2026-02-05T00:00:00Z,North Macedonia,COUNTRY (FIR),509,,,,,,,,,,,,,,,,,,,
2026,2,FEB,2026-02-05T00:00:00Z,Norway,COUNTRY (FIR),1540,,,,,,,,,,,,,,,,,,,
2026,2,FEB,2026-02-05T00:00:00Z,Poland,COUNTRY (FIR),1743,0,0,0,0,0,0,0,0,0,0,0,0,0,0,0,0,0,0,0
2026,2,FEB,2026-02-05T00:00:00Z,Portugal,COUNTRY (FIR),2026,0,0,0,0,0,0,0,0,0,0,0,0,0,0,0,0,0,0,0
2026,2,FEB,2026-02-05T00:00:00Z,Portugal Continental,COUNTRY (FIR),1758,0,0,0,0,0,0,0,0,0,0,0,0,0,0,0,0,0,0,0
2026,2,FEB,2026-02-05T00:00:00Z,Portugal Santa Maria,COUNTRY (FIR),544,,,,,,,,,,,,,,,,,,,
2026,2,FEB,2026-02-05T00:00:00Z,Romania,COUNTRY (FIR),2017,,,,,,,,,,,,,,,,,,,
2026,2,FEB,2026-02-05T00:00:00Z,SES Area (RP2),AREA (FIR),23567,5872,0,4687,0,0,0,0,0,0,0,568,0,545,72,0,0,0,401,125
2026,2,FEB,2026-02-05T00:00:00Z,SW FAB,FAB (FIR),5417,4440,0,4440,0,0,0,0,0,0,0,0,0,0,0,0,0,0,274,98
2026,2,FEB,2026-02-05T00:00:00Z,Serbia/Montenegro,COUNTRY (FIR),1994,,,,,,,,,,,,,,,,,,,
2026,2,FEB,2026-02-05T00:00:00Z,Slovakia,COUNTRY (FIR),1229,,,,,,,,,,,,,,,,,,,
2026,2,FEB,2026-02-05T00:00:00Z,Slovenia,COUNTRY (FIR),1039,,,,,,,,,,,,,,,,,,,
2026,2,FEB,2026-02-05T00:00:00Z,Spain,COUNTRY (FIR),5233,4440,0,4440,0,0,0,0,0,0,0,0,0,0,0,0,0,0,274,98
2026,2,FEB,2026-02-05T00:00:00Z,Spain Canaries,COUNTRY (FIR),1157,0,0,0,0,0,0,0,0,0,0,0,0,0,0,0,0,0,0,0
2026,2,FEB,2026-02-05T00:00:00Z,Spain Continental,COUNTRY (FIR),4847,4440,0,4440,0,0,0,0,0,0,0,0,0,0,0,0,0,0,274,98
2026,2,FEB,2026-02-05T00:00:00Z,Sweden,COUNTRY (FIR),1661,,,,,,,,,,,,,,,,,,,
2026,2,FEB,2026-02-05T00:00:00Z,Switzerland,COUNTRY (FIR),2615,34,0,6,0,0,0,0,0,0,0,0,0,28,0,0,0,0,6,0
2026,2,FEB,2026-02-05T00:00:00Z,Türkiye,COUNTRY (FIR),4291,,,,,,,,,,,,,,,,,,,
2026,2,FEB,2026-02-05T00:00:00Z,UK Continental,COUNTRY (FIR),5681,0,0,0,0,0,0,0,0,0,0,0,0,0,0,0,0,0,0,0
2026,2,FEB,2026-02-05T00:00:00Z,UK Oceanic,COUNTRY (FIR),1350,,,,,,,,,,,,,,,,,,,
2026,2,FEB,2026-02-05T00:00:00Z,UK-Ireland FAB,FAB (FIR),5798,0,0,0,0,0,0,0,0,0,0,0,0,0,0,0,0,0,0,0
2026,2,FEB,2026-02-05T00:00:00Z,United Kingdom,COUNTRY (FIR),5963,0,0,0,0,0,0,0,0,0,0,0,0,0,0,0,0,0,0,0
2026,2,FEB,2026-02-06T00:00:00Z,Albania,COUNTRY (FIR),862,,,,,,,,,,,,,,,,,,,
2026,2,FEB,2026-02-06T00:00:00Z,Armenia,COUNTRY (FIR),366,,,,,,,,,,,,,,,,,,,
2026,2,FEB,2026-02-06T00:00:00Z,Austria,COUNTRY (FIR),3840,,,,,,,,,,,,,,,,,,,
2026,2,FEB,2026-02-06T00:00:00Z,BLUE MED FAB,FAB (FIR),7347,248,0,248,0,0,0,0,0,0,0,0,0,0,0,0,0,0,33,2
2026,2,FEB,2026-02-06T00:00:00Z,Baltic FAB,FAB (FIR),2152,0,0,0,0,0,0,0,0,0,0,0,0,0,0,0,0,0,0,0
2026,2,FEB,2026-02-06T00:00:00Z,Belgium,COUNTRY (FIR),3176,224,0,224,0,0,0,0,0,0,0,0,0,0,0,0,0,0,24,3
2026,2,FEB,2026-02-06T00:00:00Z,Bosnia and Herzegovina,COUNTRY (FIR),1326,,,,,,,,,,,,,,,,,,,
2026,2,FEB,2026-02-06T00:00:00Z,Bulgaria,COUNTRY (FIR),2505,,,,,,,,,,,,,,,,,,,
2026,2,FEB,2026-02-06T00:00:00Z,Croatia,COUNTRY (FIR),2160,,,,,,,,,,,,,,,,,,,
2026,2,FEB,2026-02-06T00:00:00Z,Cyprus,COUNTRY (FIR),1230,248,0,248,0,0,0,0,0,0,0,0,0,0,0,0,0,0,33,2
2026,2,FEB,2026-02-06T00:00:00Z,Czech Republic,COUNTRY (FIR),1895,0,0,0,0,0,0,0,0,0,0,0,0,0,0,0,0,0,0,0
2026,2,FEB,2026-02-06T00:00:00Z,DANUBE FAB,FAB (FIR),3064,,,,,,,,,,,,,,,,,,,
2026,2,FEB,2026-02-06T00:00:00Z,DK-SE FAB,FAB (FIR),2264,0,0,0,0,0,0,0,0,0,0,0,0,0,0,0,0,0,0,0
2026,2,FEB,2026-02-06T00:00:00Z,Denmark,COUNTRY (FIR),1466,0,0,0,0,0,0,0,0,0,0,0,0,0,0,0,0,0,0,0
2026,2,FEB,2026-02-06T00:00:00Z,Estonia,COUNTRY (FIR),411,151,0,0,0,0,0,0,0,0,0,14,0,0,137,0,0,0,24,0
2026,2,FEB,2026-02-06T00:00:00Z,FAB CE,FAB (FIR),6443,0,0,0,0,0,0,0,0,0,0,0,0,0,0,0,0,0,0,0
2026,2,FEB,2026-02-06T00:00:00Z,FAB CE (SES RP1),FAB (FIR),5679,0,0,0,0,0,0,0,0,0,0,0,0,0,0,0,0,0,0,0
2026,2,FEB,2026-02-06T00:00:00Z,FAB CE (SES RP2),FAB (FIR),6420,0,0,0,0,0,0,0,0,0,0,0,0,0,0,0,0,0,0,0
2026,2,FEB,2026-02-06T00:00:00Z,FABEC,FAB (FIR),15028,3668,0,2509,0,0,0,0,0,0,0,295,0,521,0,0,343,0,263,71
2026,2,FEB,2026-02-06T00:00:00Z,Finland,COUNTRY (FIR),636,,,,,,,,,,,,,,,,,,,
2026,2,FEB,2026-02-06T00:00:00Z,France,COUNTRY (FIR),8751,1336,0,671,0,0,0,0,0,0,0,295,0,262,0,0,108,0,104,28
2026,2,FEB,2026-02-06T00:00:00Z,Georgia,COUNTRY (FIR),813,125,0,125,0,0,0,0,0,0,0,0,0,0,0,0,0,0,17,2
2026,2,FEB,2026-02-06T00:00:00Z,Germany,COUNTRY (FIR),7324,1751,0,1257,0,0,0,0,0,0,0,0,0,259,0,0,235,0,122,31
2026,2,FEB,2026-02-06T00:00:00Z,Greece,COUNTRY (FIR),2228,0,0,0,0,0,0,0,0,0,0,0,0,0,0,0,0,0,0,0
2026,2,FEB,2026-02-06T00:00:00Z,Hungary,COUNTRY (FIR),2715,,,,,,,,,,,,,,,,,,,
2026,2,FEB,2026-02-06T00:00:00Z,Iceland,COUNTRY (FIR),360,,,,,,,,,,,,,,,,,,,
2026,2,FEB,2026-02-06T00:00:00Z,Ireland,COUNTRY (FIR),1604,0,0,0,0,0,0,0,0,0,0,0,0,0,0,0,0,0,0,0
2026,2,FEB,2026-02-06T00:00:00Z,Italy,COUNTRY (FIR),5443,0,0,0,0,0,0,0,0,0,0,0,0,0,0,0,0,0,0,0
2026,2,FEB,2026-02-06T00:00:00Z,Latvia,COUNTRY (FIR),572,,,,,,,,,,,,,,,,,,,
2026,2,FEB,2026-02-06T00:00:00Z,Lithuania,COUNTRY (FIR),526,,,,,,,,,,,,,,,,,,,
2026,2,FEB,2026-02-06T00:00:00Z,Malta,COUNTRY (FIR),408,,,,,,,,,,,,,,,,,,,
2026,2,FEB,2026-02-06T00:00:00Z,Moldova,COUNTRY (FIR),103,,,,,,,,,,,,,,,,,,,
2026,2,FEB,2026-02-06T00:00:00Z,NEFAB,FAB (FIR),2467,151,0,0,0,0,0,0,0,0,0,14,0,0,137,0,0,0,24,0
2026,2,FEB,2026-02-06T00:00:00Z,Netherlands,COUNTRY (FIR),3066,0,0,0,0,0,0,0,0,0,0,0,0,0,0,0,0,0,0,0
2026,2,FEB,2026-02-06T00:00:00Z,North Macedonia,COUNTRY (FIR),599,5,0,0,0,0,0,0,0,0,0,5,0,0,0,0,0,0,2,0
2026,2,FEB,2026-02-06T00:00:00Z,Norway,COUNTRY (FIR),1496,,,,,,,,,,,,,,,,,,,
2026,2,FEB,2026-02-06T00:00:00Z,Poland,COUNTRY (FIR),1994,0,0,0,0,0,0,0,0,0,0,0,0,0,0,0,0,0,0,0
2026,2,FEB,2026-02-06T00:00:00Z,Portugal,COUNTRY (FIR),2224,0,0,0,0,0,0,0,0,0,0,0,0,0,0,0,0,0,0,0
2026,2,FEB,2026-02-06T00:00:00Z,Portugal Continental,COUNTRY (FIR),1978,0,0,0,0,0,0,0,0,0,0,0,0,0,0,0,0,0,0,0
2026,2,FEB,2026-02-06T00:00:00Z,Portugal Santa Maria,COUNTRY (FIR),540,,,,,,,,,,,,,,,,,,,
2026,2,FEB,2026-02-06T00:00:00Z,Romania,COUNTRY (FIR),2162,,,,,,,,,,,,,,,,,,,
2026,2,FEB,2026-02-06T00:00:00Z,SES Area (RP2),AREA (FIR),25553,8009,0,6134,0,0,0,0,0,0,0,309,0,1086,137,0,343,0,683,149
2026,2,FEB,2026-02-06T00:00:00Z,SW FAB,FAB (FIR),6324,3377,0,3377,0,0,0,0,0,0,0,0,0,0,0,0,0,0,302,67
2026,2,FEB,2026-02-06T00:00:00Z,Serbia/Montenegro,COUNTRY (FIR),2241,,,,,,,,,,,,,,,,,,,
2026,2,FEB,2026-02-06T00:00:00Z,Slovakia,COUNTRY (FIR),1306,,,,,,,,,,,,,,,,,,,
2026,2,FEB,2026-02-06T00:00:00Z,Slovenia,COUNTRY (FIR),1261,,,,,,,,,,,,,,,,,,,
2026,2,FEB,2026-02-06T00:00:00Z,Spain,COUNTRY (FIR),6120,3377,0,3377,0,0,0,0,0,0,0,0,0,0,0,0,0,0,302,67
2026,2,FEB,2026-02-06T00:00:00Z,Spain Canaries,COUNTRY (FIR),1238,,,,,,,,,,,,,,,,,,,
2026,2,FEB,2026-02-06T00:00:00Z,Spain Continental,COUNTRY (FIR),5677,3377,0,3377,0,0,0,0,0,0,0,0,0,0,0,0,0,0,302,67
2026,2,FEB,2026-02-06T00:00:00Z,Sweden,COUNTRY (FIR),1645,,,,,,,,,,,,,,,,,,,
2026,2,FEB,2026-02-06T00:00:00Z,Switzerland,COUNTRY (FIR),2881,357,0,357,0,0,0,0,0,0,0,0,0,0,0,0,0,0,13,9
2026,2,FEB,2026-02-06T00:00:00Z,Türkiye,COUNTRY (FIR),4405,,,,,,,,,,,,,,,,,,,
2026,2,FEB,2026-02-06T00:00:00Z,UK Continental,COUNTRY (FIR),6356,565,0,0,0,0,0,0,0,0,0,0,0,565,0,0,0,0,61,9
2026,2,FEB,2026-02-06T00:00:00Z,UK Oceanic,COUNTRY (FIR),1354,,,,,,,,,,,,,,,,,,,
2026,2,FEB,2026-02-06T00:00:00Z,UK-Ireland FAB,FAB (FIR),6469,565,0,0,0,0,0,0,0,0,0,0,0,565,0,0,0,0,61,9
2026,2,FEB,2026-02-06T00:00:00Z,United Kingdom,COUNTRY (FIR),6639,565,0,0,0,0,0,0,0,0,0,0,0,565,0,0,0,0,61,9
2026,2,FEB,2026-02-07T00:00:00Z,Albania,COUNTRY (FIR),877,,,,,,,,,,,,,,,,,,,
2026,2,FEB,2026-02-07T00:00:00Z,Armenia,COUNTRY (FIR),358,,,,,,,,,,,,,,,,,,,
2026,2,FEB,2026-02-07T00:00:00Z,Austria,COUNTRY (FIR),3824,0,0,0,0,0,0,0,0,0,0,0,0,0,0,0,0,0,0,0
2026,2,FEB,2026-02-07T00:00:00Z,BLUE MED FAB,FAB (FIR),6904,159,0,141,0,0,0,0,0,0,0,0,0,18,0,0,0,0,20,3
2026,2,FEB,2026-02-07T00:00:00Z,Baltic FAB,FAB (FIR),2032,25,0,25,0,0,0,0,0,0,0,0,0,0,0,0,0,0,11,0
2026,2,FEB,2026-02-07T00:00:00Z,Belgium,COUNTRY (FIR),3027,,,,,,,,,,,,,,,,,,,
2026,2,FEB,2026-02-07T00:00:00Z,Bosnia and Herzegovina,COUNTRY (FIR),1318,,,,,,,,,,,,,,,,,,,
2026,2,FEB,2026-02-07T00:00:00Z,Bulgaria,COUNTRY (FIR),2664,,,,,,,,,,,,,,,,,,,
2026,2,FEB,2026-02-07T00:00:00Z,Croatia,COUNTRY (FIR),2138,,,,,,,,,,,,,,,,,,,
2026,2,FEB,2026-02-07T00:00:00Z,Cyprus,COUNTRY (FIR),1191,141,0,141,0,0,0,0,0,0,0,0,0,0,0,0,0,0,16,3
2026,2,FEB,2026-02-07T00:00:00Z,Czech Republic,COUNTRY (FIR),1926,,,,,,,,,,,,,,,,,,,
2026,2,FEB,2026-02-07T00:00:00Z,DANUBE FAB,FAB (FIR),3117,,,,,,,,,,,,,,,,,,,
2026,2,FEB,2026-02-07T00:00:00Z,DK-SE FAB,FAB (FIR),2102,,,,,,,,,,,,,,,,,,,
2026,2,FEB,2026-02-07T00:00:00Z,Denmark,COUNTRY (FIR),1500,,,,,,,,,,,,,,,,,,,
2026,2,FEB,2026-02-07T00:00:00Z,Estonia,COUNTRY (FIR),390,558,0,0,0,0,0,0,0,0,0,558,0,0,0,0,0,0,55,9
2026,2,FEB,2026-02-07T00:00:00Z,FAB CE,FAB (FIR),6353,0,0,0,0,0,0,0,0,0,0,0,0,0,0,0,0,0,0,0
2026,2,FEB,2026-02-07T00:00:00Z,FAB CE (SES RP1),FAB (FIR),5641,0,0,0,0,0,0,0,0,0,0,0,0,0,0,0,0,0,0,0
2026,2,FEB,2026-02-07T00:00:00Z,FAB CE (SES RP2),FAB (FIR),6335,0,0,0,0,0,0,0,0,0,0,0,0,0,0,0,0,0,0,0
2026,2,FEB,2026-02-07T00:00:00Z,FABEC,FAB (FIR),13814,6920,0,3152,0,0,26,0,0,0,0,1427,0,2315,0,0,0,0,587,143
2026,2,FEB,2026-02-07T00:00:00Z,Finland,COUNTRY (FIR),647,,,,,,,,,,,,,,,,,,,
2026,2,FEB,2026-02-07T00:00:00Z,France,COUNTRY (FIR),8112,3859,0,2030,0,0,26,0,0,0,0,0,0,1803,0,0,0,0,354,81
2026,2,FEB,2026-02-07T00:00:00Z,Georgia,COUNTRY (FIR),877,83,0,83,0,0,0,0,0,0,0,0,0,0,0,0,0,0,18,0
2026,2,FEB,2026-02-07T00:00:00Z,Germany,COUNTRY (FIR),7005,2525,0,586,0,0,0,0,0,0,0,1427,0,512,0,0,0,0,214,47
2026,2,FEB,2026-02-07T00:00:00Z,Greece,COUNTRY (FIR),2259,18,0,0,0,0,0,0,0,0,0,0,0,18,0,0,0,0,4,0
2026,2,FEB,2026-02-07T00:00:00Z,Hungary,COUNTRY (FIR),2734,,,,,,,,,,,,,,,,,,,
2026,2,FEB,2026-02-07T00:00:00Z,Iceland,COUNTRY (FIR),340,,,,,,,,,,,,,,,,,,,
2026,2,FEB,2026-02-07T00:00:00Z,Ireland,COUNTRY (FIR),1524,,,,,,,,,,,,,,,,,,,
2026,2,FEB,2026-02-07T00:00:00Z,Italy,COUNTRY (FIR),5041,,,,,,,,,,,,,,,,,,,
2026,2,FEB,2026-02-07T00:00:00Z,Latvia,COUNTRY (FIR),552,,,,,,,,,,,,,,,,,,,
2026,2,FEB,2026-02-07T00:00:00Z,Lithuania,COUNTRY (FIR),510,,,,,,,,,,,,,,,,,,,
2026,2,FEB,2026-02-07T00:00:00Z,Malta,COUNTRY (FIR),454,,,,,,,,,,,,,,,,,,,
2026,2,FEB,2026-02-07T00:00:00Z,Moldova,COUNTRY (FIR),106,,,,,,,,,,,,,,,,,,,
2026,2,FEB,2026-02-07T00:00:00Z,NEFAB,FAB (FIR),1857,558,0,0,0,0,0,0,0,0,0,558,0,0,0,0,0,0,55,9
2026,2,FEB,2026-02-07T00:00:00Z,Netherlands,COUNTRY (FIR),2862,0,0,0,0,0,0,0,0,0,0,0,0,0,0,0,0,0,0,0
2026,2,FEB,2026-02-07T00:00:00Z,North Macedonia,COUNTRY (FIR),544,,,,,,,,,,,,,,,,,,,
2026,2,FEB,2026-02-07T00:00:00Z,Norway,COUNTRY (FIR),927,,,,,,,,,,,,,,,,,,,
2026,2,FEB,2026-02-07T00:00:00Z,Poland,COUNTRY (FIR),1894,25,0,25,0,0,0,0,0,0,0,0,0,0,0,0,0,0,11,0
2026,2,FEB,2026-02-07T00:00:00Z,Portugal,COUNTRY (FIR),2381,0,0,0,0,0,0,0,0,0,0,0,0,0,0,0,0,0,0,0
2026,2,FEB,2026-02-07T00:00:00Z,Portugal Continental,COUNTRY (FIR),2144,0,0,0,0,0,0,0,0,0,0,0,0,0,0,0,0,0,0,0
2026,2,FEB,2026-02-07T00:00:00Z,Portugal Santa Maria,COUNTRY (FIR),503,,,,,,,,,,,,,,,,,,,
2026,2,FEB,2026-02-07T00:00:00Z,Romania,COUNTRY (FIR),2182,,,,,,,,,,,,,,,,,,,
2026,2,FEB,2026-02-07T00:00:00Z,SES Area (RP2),AREA (FIR),22124,9160,0,4816,0,0,26,0,0,0,0,1985,0,2333,0,0,0,0,849,177
2026,2,FEB,2026-02-07T00:00:00Z,SW FAB,FAB (FIR),5986,1498,0,1498,0,0,0,0,0,0,0,0,0,0,0,0,0,0,176,22
2026,2,FEB,2026-02-07T00:00:00Z,Serbia/Montenegro,COUNTRY (FIR),2235,,,,,,,,,,,,,,,,,,,
2026,2,FEB,2026-02-07T00:00:00Z,Slovakia,COUNTRY (FIR),1364,,,,,,,,,,,,,,,,,,,
2026,2,FEB,2026-02-07T00:00:00Z,Slovenia,COUNTRY (FIR),1268,,,,,,,,,,,,,,,,,,,
2026,2,FEB,2026-02-07T00:00:00Z,Spain,COUNTRY (FIR),5816,1498,0,1498,0,0,0,0,0,0,0,0,0,0,0,0,0,0,176,22
2026,2,FEB,2026-02-07T00:00:00Z,Spain Canaries,COUNTRY (FIR),1501,452,0,452,0,0,0,0,0,0,0,0,0,0,0,0,0,0,28,11
2026,2,FEB,2026-02-07T00:00:00Z,Spain Continental,COUNTRY (FIR),5413,1046,0,1046,0,0,0,0,0,0,0,0,0,0,0,0,0,0,148,11
2026,2,FEB,2026-02-07T00:00:00Z,Sweden,COUNTRY (FIR),1491,,,,,,,,,,,,,,,,,,,
2026,2,FEB,2026-02-07T00:00:00Z,Switzerland,COUNTRY (FIR),2774,536,0,536,0,0,0,0,0,0,0,0,0,0,0,0,0,0,19,15
2026,2,FEB,2026-02-07T00:00:00Z,Türkiye,COUNTRY (FIR),4442,0,0,0,0,0,0,0,0,0,0,0,0,0,0,0,0,0,0,0
2026,2,FEB,2026-02-07T00:00:00Z,UK Continental,COUNTRY (FIR),5790,0,0,0,0,0,0,0,0,0,0,0,0,0,0,0,0,0,0,0
2026,2,FEB,2026-02-07T00:00:00Z,UK Oceanic,COUNTRY (FIR),1327,1888,0,0,0,0,0,0,0,0,0,0,0,1888,0,0,0,0,197,27
2026,2,FEB,2026-02-07T00:00:00Z,UK-Ireland FAB,FAB (FIR),5920,0,0,0,0,0,0,0,0,0,0,0,0,0,0,0,0,0,0,0
2026,2,FEB,2026-02-07T00:00:00Z,United Kingdom,COUNTRY (FIR),6076,1888,0,0,0,0,0,0,0,0,0,0,0,1888,0,0,0,0,197,27
2026,2,FEB,2026-02-08T00:00:00Z,Albania,COUNTRY (FIR),877,,,,,,,,,,,,,,,,,,,
2026,2,FEB,2026-02-08T00:00:00Z,Armenia,COUNTRY (FIR),390,,,,,,,,,,,,,,,,,,,
2026,2,FEB,2026-02-08T00:00:00Z,Austria,COUNTRY (FIR),3935,0,0,0,0,0,0,0,0,0,0,0,0,0,0,0,0,0,0,0
2026,2,FEB,2026-02-08T00:00:00Z,BLUE MED FAB,FAB (FIR),7393,3302,0,0,0,0,0,0,0,0,0,0,0,3302,0,0,0,0,282,72
2026,2,FEB,2026-02-08T00:00:00Z,Baltic FAB,FAB (FIR),2086,0,0,0,0,0,0,0,0,0,0,0,0,0,0,0,0,0,0,0
2026,2,FEB,2026-02-08T00:00:00Z,Belgium,COUNTRY (FIR),3171,353,0,318,0,0,0,0,0,0,0,35,0,0,0,0,0,0,44,5
2026,2,FEB,2026-02-08T00:00:00Z,Bosnia and Herzegovina,COUNTRY (FIR),1343,,,,,,,,,,,,,,,,,,,
2026,2,FEB,2026-02-08T00:00:00Z,Bulgaria,COUNTRY (FIR),2710,,,,,,,,,,,,,,,,,,,
2026,2,FEB,2026-02-08T00:00:00Z,Croatia,COUNTRY (FIR),2181,,,,,,,,,,,,,,,,,,,
2026,2,FEB,2026-02-08T00:00:00Z,Cyprus,COUNTRY (FIR),1311,,,,,,,,,,,,,,,,,,,
2026,2,FEB,2026-02-08T00:00:00Z,Czech Republic,COUNTRY (FIR),2006,0,0,0,0,0,0,0,0,0,0,0,0,0,0,0,0,0,0,0
2026,2,FEB,2026-02-08T00:00:00Z,DANUBE FAB,FAB (FIR),3195,,,,,,,,,,,,,,,,,,,
2026,2,FEB,2026-02-08T00:00:00Z,DK-SE FAB,FAB (FIR),2296,0,0,0,0,0,0,0,0,0,0,0,0,0,0,0,0,0,0,0
2026,2,FEB,2026-02-08T00:00:00Z,Denmark,COUNTRY (FIR),1535,0,0,0,0,0,0,0,0,0,0,0,0,0,0,0,0,0,0,0
2026,2,FEB,2026-02-08T00:00:00Z,Estonia,COUNTRY (FIR),410,,,,,,,,,,,,,,,,,,,
2026,2,FEB,2026-02-08T00:00:00Z,FAB CE,FAB (FIR),6522,0,0,0,0,0,0,0,0,0,0,0,0,0,0,0,0,0,0,0
2026,2,FEB,2026-02-08T00:00:00Z,FAB CE (SES RP1),FAB (FIR),5805,0,0,0,0,0,0,0,0,0,0,0,0,0,0,0,0,0,0,0
2026,2,FEB,2026-02-08T00:00:00Z,FAB CE (SES RP2),FAB (FIR),6508,0,0,0,0,0,0,0,0,0,0,0,0,0,0,0,0,0,0,0
2026,2,FEB,2026-02-08T00:00:00Z,FABEC,FAB (FIR),14664,3168,0,1712,0,0,0,0,1261,0,0,35,0,132,28,0,0,0,365,50
2026,2,FEB,2026-02-08T00:00:00Z,Finland,COUNTRY (FIR),668,,,,,,,,,,,,,,,,,,,
2026,2,FEB,2026-02-08T00:00:00Z,France,COUNTRY (FIR),8592,2601,0,1180,0,0,0,0,1261,0,0,0,0,132,28,0,0,0,312,39
2026,2,FEB,2026-02-08T00:00:00Z,Georgia,COUNTRY (FIR),823,108,0,108,0,0,0,0,0,0,0,0,0,0,0,0,0,0,15,2
2026,2,FEB,2026-02-08T00:00:00Z,Germany,COUNTRY (FIR),7317,0,0,0,0,0,0,0,0,0,0,0,0,0,0,0,0,0,0,0
2026,2,FEB,2026-02-08T00:00:00Z,Greece,COUNTRY (FIR),2309,3302,0,0,0,0,0,0,0,0,0,0,0,3302,0,0,0,0,282,72
2026,2,FEB,2026-02-08T00:00:00Z,Hungary,COUNTRY (FIR),2817,,,,,,,,,,,,,,,,,,,
2026,2,FEB,2026-02-08T00:00:00Z,Iceland,COUNTRY (FIR),385,,,,,,,,,,,,,,,,,,,
2026,2,FEB,2026-02-08T00:00:00Z,Ireland,COUNTRY (FIR),1541,,,,,,,,,,,,,,,,,,,
2026,2,FEB,2026-02-08T00:00:00Z,Italy,COUNTRY (FIR),5354,0,0,0,0,0,0,0,0,0,0,0,0,0,0,0,0,0,0,0
2026,2,FEB,2026-02-08T00:00:00Z,Latvia,COUNTRY (FIR),569,,,,,,,,,,,,,,,,,,,
2026,2,FEB,2026-02-08T00:00:00Z,Lithuania,COUNTRY (FIR),525,,,,,,,,,,,,,,,,,,,
2026,2,FEB,2026-02-08T00:00:00Z,Malta,COUNTRY (FIR),445,,,,,,,,,,,,,,,,,,,
2026,2,FEB,2026-02-08T00:00:00Z,Moldova,COUNTRY (FIR),126,,,,,,,,,,,,,,,,,,,
2026,2,FEB,2026-02-08T00:00:00Z,NEFAB,FAB (FIR),2278,123,0,0,0,0,0,0,0,0,0,123,0,0,0,0,0,0,14,1
2026,2,FEB,2026-02-08T00:00:00Z,Netherlands,COUNTRY (FIR),3058,0,0,0,0,0,0,0,0,0,0,0,0,0,0,0,0,0,0,0
2026,2,FEB,2026-02-08T00:00:00Z,North Macedonia,COUNTRY (FIR),592,,,,,,,,,,,,,,,,,,,
2026,2,FEB,2026-02-08T00:00:00Z,Norway,COUNTRY (FIR),1335,123,0,0,0,0,0,0,0,0,0,123,0,0,0,0,0,0,14,1
2026,2,FEB,2026-02-08T00:00:00Z,Poland,COUNTRY (FIR),1941,0,0,0,0,0,0,0,0,0,0,0,0,0,0,0,0,0,0,0
2026,2,FEB,2026-02-08T00:00:00Z,Portugal,COUNTRY (FIR),2246,130,0,130,0,0,0,0,0,0,0,0,0,0,0,0,0,0,19,0
2026,2,FEB,2026-02-08T00:00:00Z,Portugal Continental,COUNTRY (FIR),1997,130,0,130,0,0,0,0,0,0,0,0,0,0,0,0,0,0,19,0
2026,2,FEB,2026-02-08T00:00:00Z,Portugal Santa Maria,COUNTRY (FIR),522,,,,,,,,,,,,,,,,,,,
2026,2,FEB,2026-02-08T00:00:00Z,Romania,COUNTRY (FIR),2182,,,,,,,,,,,,,,,,,,,
2026,2,FEB,2026-02-08T00:00:00Z,SES Area (RP2),AREA (FIR),24312,14334,0,4484,0,0,0,0,1261,0,4969,158,0,3434,28,0,0,0,1393,288
2026,2,FEB,2026-02-08T00:00:00Z,SW FAB,FAB (FIR),6357,7741,0,2772,0,0,0,0,0,0,4969,0,0,0,0,0,0,0,732,165
2026,2,FEB,2026-02-08T00:00:00Z,Serbia/Montenegro,COUNTRY (FIR),2341,49,0,0,0,0,0,0,0,0,0,0,0,0,49,0,0,0,5,1
2026,2,FEB,2026-02-08T00:00:00Z,Slovakia,COUNTRY (FIR),1359,,,,,,,,,,,,,,,,,,,
2026,2,FEB,2026-02-08T00:00:00Z,Slovenia,COUNTRY (FIR),1343,,,,,,,,,,,,,,,,,,,
2026,2,FEB,2026-02-08T00:00:00Z,Spain,COUNTRY (FIR),6156,7611,0,2642,0,0,0,0,0,0,4969,0,0,0,0,0,0,0,713,165
2026,2,FEB,2026-02-08T00:00:00Z,Spain Canaries,COUNTRY (FIR),1332,6,0,6,0,0,0,0,0,0,0,0,0,0,0,0,0,0,1,0
2026,2,FEB,2026-02-08T00:00:00Z,Spain Continental,COUNTRY (FIR),5741,7605,0,2636,0,0,0,0,0,0,4969,0,0,0,0,0,0,0,712,165
2026,2,FEB,2026-02-08T00:00:00Z,Sweden,COUNTRY (FIR),1646,,,,,,,,,,,,,,,,,,,
2026,2,FEB,2026-02-08T00:00:00Z,Switzerland,COUNTRY (FIR),2900,214,0,214,0,0,0,0,0,0,0,0,0,0,0,0,0,0,9,6
2026,2,FEB,2026-02-08T00:00:00Z,Türkiye,COUNTRY (FIR),4528,0,0,0,0,0,0,0,0,0,0,0,0,0,0,0,0,0,0,0
2026,2,FEB,2026-02-08T00:00:00Z,UK Continental,COUNTRY (FIR),6158,0,0,0,0,0,0,0,0,0,0,0,0,0,0,0,0,0,0,0
2026,2,FEB,2026-02-08T00:00:00Z,UK Oceanic,COUNTRY (FIR),1422,,,,,,,,,,,,,,,,,,,
2026,2,FEB,2026-02-08T00:00:00Z,UK-Ireland FAB,FAB (FIR),6286,0,0,0,0,0,0,0,0,0,0,0,0,0,0,0,0,0,0,0
2026,2,FEB,2026-02-08T00:00:00Z,United Kingdom,COUNTRY (FIR),6424,0,0,0,0,0,0,0,0,0,0,0,0,0,0,0,0,0,0,0
2026,2,FEB,2026-02-09T00:00:00Z,Albania,COUNTRY (FIR),808,,,,,,,,,,,,,,,,,,,
2026,2,FEB,2026-02-09T00:00:00Z,Armenia,COUNTRY (FIR),336,,,,,,,,,,,,,,,,,,,
2026,2,FEB,2026-02-09T00:00:00Z,Austria,COUNTRY (FIR),3682,,,,,,,,,,,,,,,,,,,
2026,2,FEB,2026-02-09T00:00:00Z,BLUE MED FAB,FAB (FIR),7040,225,0,225,0,0,0,0,0,0,0,0,0,0,0,0,0,0,21,2
2026,2,FEB,2026-02-09T00:00:00Z,Baltic FAB,FAB (FIR),2150,0,0,0,0,0,0,0,0,0,0,0,0,0,0,0,0,0,0,0
2026,2,FEB,2026-02-09T00:00:00Z,Belgium,COUNTRY (FIR),3105,291,0,291,0,0,0,0,0,0,0,0,0,0,0,0,0,0,39,2
2026,2,FEB,2026-02-09T00:00:00Z,Bosnia and Herzegovina,COUNTRY (FIR),1222,,,,,,,,,,,,,,,,,,,
2026,2,FEB,2026-02-09T00:00:00Z,Bulgaria,COUNTRY (FIR),2448,,,,,,,,,,,,,,,,,,,
2026,2,FEB,2026-02-09T00:00:00Z,Croatia,COUNTRY (FIR),1915,,,,,,,,,,,,,,,,,,,
2026,2,FEB,2026-02-09T00:00:00Z,Cyprus,COUNTRY (FIR),1141,225,0,225,0,0,0,0,0,0,0,0,0,0,0,0,0,0,21,2
2026,2,FEB,2026-02-09T00:00:00Z,Czech Republic,COUNTRY (FIR),1908,,,,,,,,,,,,,,,,,,,
2026,2,FEB,2026-02-09T00:00:00Z,DANUBE FAB,FAB (FIR),2949,,,,,,,,,,,,,,,,,,,
2026,2,FEB,2026-02-09T00:00:00Z,DK-SE FAB,FAB (FIR),2325,,,,,,,,,,,,,,,,,,,
2026,2,FEB,2026-02-09T00:00:00Z,Denmark,COUNTRY (FIR),1486,,,,,,,,,,,,,,,,,,,
2026,2,FEB,2026-02-09T00:00:00Z,Estonia,COUNTRY (FIR),433,,,,,,,,,,,,,,,,,,,
2026,2,FEB,2026-02-09T00:00:00Z,FAB CE,FAB (FIR),6150,,,,,,,,,,,,,,,,,,,
2026,2,FEB,2026-02-09T00:00:00Z,FAB CE (SES RP1),FAB (FIR),5435,,,,,,,,,,,,,,,,,,,
2026,2,FEB,2026-02-09T00:00:00Z,FAB CE (SES RP2),FAB (FIR),6131,,,,,,,,,,,,,,,,,,,
2026,2,FEB,2026-02-09T00:00:00Z,FABEC,FAB (FIR),14934,2381,0,701,0,0,0,0,0,0,282,648,0,726,24,0,0,0,185,38
2026,2,FEB,2026-02-09T00:00:00Z,Finland,COUNTRY (FIR),645,,,,,,,,,,,,,,,,,,,
2026,2,FEB,2026-02-09T00:00:00Z,France,COUNTRY (FIR),8443,2085,0,410,0,0,0,0,0,0,282,648,0,721,24,0,0,0,145,36
2026,2,FEB,2026-02-09T00:00:00Z,Georgia,COUNTRY (FIR),754,152,0,152,0,0,0,0,0,0,0,0,0,0,0,0,0,0,22,2
2026,2,FEB,2026-02-09T00:00:00Z,Germany,COUNTRY (FIR),7500,5,0,0,0,0,0,0,0,0,0,0,0,5,0,0,0,0,1,0
2026,2,FEB,2026-02-09T00:00:00Z,Greece,COUNTRY (FIR),2113,0,0,0,0,0,0,0,0,0,0,0,0,0,0,0,0,0,0,0
2026,2,FEB,2026-02-09T00:00:00Z,Hungary,COUNTRY (FIR),2712,,,,,,,,,,,,,,,,,,,
2026,2,FEB,2026-02-09T00:00:00Z,Iceland,COUNTRY (FIR),370,,,,,,,,,,,,,,,,,,,
2026,2,FEB,2026-02-09T00:00:00Z,Ireland,COUNTRY (FIR),1543,,,,,,,,,,,,,,,,,,,
2026,2,FEB,2026-02-09T00:00:00Z,Italy,COUNTRY (FIR),5246,0,0,0,0,0,0,0,0,0,0,0,0,0,0,0,0,0,0,0
2026,2,FEB,2026-02-09T00:00:00Z,Latvia,COUNTRY (FIR),579,,,,,,,,,,,,,,,,,,,
2026,2,FEB,2026-02-09T00:00:00Z,Lithuania,COUNTRY (FIR),520,,,,,,,,,,,,,,,,,,,
2026,2,FEB,2026-02-09T00:00:00Z,Malta,COUNTRY (FIR),455,,,,,,,,,,,,,,,,,,,
2026,2,FEB,2026-02-09T00:00:00Z,Moldova,COUNTRY (FIR),94,,,,,,,,,,,,,,,,,,,
2026,2,FEB,2026-02-09T00:00:00Z,NEFAB,FAB (FIR),2490,,,,,,,,,,,,,,,,,,,
2026,2,FEB,2026-02-09T00:00:00Z,Netherlands,COUNTRY (FIR),3071,0,0,0,0,0,0,0,0,0,0,0,0,0,0,0,0,0,0,0
2026,2,FEB,2026-02-09T00:00:00Z,North Macedonia,COUNTRY (FIR),572,,,,,,,,,,,,,,,,,,,
2026,2,FEB,2026-02-09T00:00:00Z,Norway,COUNTRY (FIR),1514,,,,,,,,,,,,,,,,,,,
2026,2,FEB,2026-02-09T00:00:00Z,Poland,COUNTRY (FIR),1987,0,0,0,0,0,0,0,0,0,0,0,0,0,0,0,0,0,0,0
2026,2,FEB,2026-02-09T00:00:00Z,Portugal,COUNTRY (FIR),2044,0,0,0,0,0,0,0,0,0,0,0,0,0,0,0,0,0,0,0
2026,2,FEB,2026-02-09T00:00:00Z,Portugal Continental,COUNTRY (FIR),1842,0,0,0,0,0,0,0,0,0,0,0,0,0,0,0,0,0,0,0
2026,2,FEB,2026-02-09T00:00:00Z,Portugal Santa Maria,COUNTRY (FIR),486,,,,,,,,,,,,,,,,,,,
2026,2,FEB,2026-02-09T00:00:00Z,Romania,COUNTRY (FIR),2095,,,,,,,,,,,,,,,,,,,
2026,2,FEB,2026-02-09T00:00:00Z,SES Area (RP2),AREA (FIR),25139,6314,0,3682,0,0,0,0,0,0,1234,648,0,726,24,0,0,0,535,109
2026,2,FEB,2026-02-09T00:00:00Z,SW FAB,FAB (FIR),6002,3708,0,2756,0,0,0,0,0,0,952,0,0,0,0,0,0,0,329,69
2026,2,FEB,2026-02-09T00:00:00Z,Serbia/Montenegro,COUNTRY (FIR),2086,22,0,0,0,0,0,0,0,0,0,0,0,0,22,0,0,0,4,0
2026,2,FEB,2026-02-09T00:00:00Z,Slovakia,COUNTRY (FIR),1270,,,,,,,,,,,,,,,,,,,
2026,2,FEB,2026-02-09T00:00:00Z,Slovenia,COUNTRY (FIR),1104,,,,,,,,,,,,,,,,,,,
2026,2,FEB,2026-02-09T00:00:00Z,Spain,COUNTRY (FIR),5805,3708,0,2756,0,0,0,0,0,0,952,0,0,0,0,0,0,0,329,69
2026,2,FEB,2026-02-09T00:00:00Z,Spain Canaries,COUNTRY (FIR),1163,,,,,,,,,,,,,,,,,,,
2026,2,FEB,2026-02-09T00:00:00Z,Spain Continental,COUNTRY (FIR),5424,3708,0,2756,0,0,0,0,0,0,952,0,0,0,0,0,0,0,329,69
2026,2,FEB,2026-02-09T00:00:00Z,Sweden,COUNTRY (FIR),1689,,,,,,,,,,,,,,,,,,,
2026,2,FEB,2026-02-09T00:00:00Z,Switzerland,COUNTRY (FIR),2775,0,0,0,0,0,0,0,0,0,0,0,0,0,0,0,0,0,0,0
2026,2,FEB,2026-02-09T00:00:00Z,Türkiye,COUNTRY (FIR),4223,,,,,,,,,,,,,,,,,,,
2026,2,FEB,2026-02-09T00:00:00Z,UK Continental,COUNTRY (FIR),6142,0,0,0,0,0,0,0,0,0,0,0,0,0,0,0,0,0,0,0
2026,2,FEB,2026-02-09T00:00:00Z,UK Oceanic,COUNTRY (FIR),1330,,,,,,,,,,,,,,,,,,,
2026,2,FEB,2026-02-09T00:00:00Z,UK-Ireland FAB,FAB (FIR),6279,0,0,0,0,0,0,0,0,0,0,0,0,0,0,0,0,0,0,0
2026,2,FEB,2026-02-09T00:00:00Z,United Kingdom,COUNTRY (FIR),6416,0,0,0,0,0,0,0,0,0,0,0,0,0,0,0,0,0,0,0
2026,2,FEB,2026-02-10T00:00:00Z,Albania,COUNTRY (FIR),674,,,,,,,,,,,,,,,,,,,
2026,2,FEB,2026-02-10T00:00:00Z,Armenia,COUNTRY (FIR),337,,,,,,,,,,,,,,,,,,,
2026,2,FEB,2026-02-10T00:00:00Z,Austria,COUNTRY (FIR),3137,,,,,,,,,,,,,,,,,,,
2026,2,FEB,2026-02-10T00:00:00Z,BLUE MED FAB,FAB (FIR),5838,0,0,0,0,0,0,0,0,0,0,0,0,0,0,0,0,0,0,0
2026,2,FEB,2026-02-10T00:00:00Z,Baltic FAB,FAB (FIR),1738,,,,,,,,,,,,,,,,,,,
2026,2,FEB,2026-02-10T00:00:00Z,Belgium,COUNTRY (FIR),2713,0,0,0,0,0,0,0,0,0,0,0,0,0,0,0,0,0,0,0
2026,2,FEB,2026-02-10T00:00:00Z,Bosnia and Herzegovina,COUNTRY (FIR),1097,,,,,,,,,,,,,,,,,,,
2026,2,FEB,2026-02-10T00:00:00Z,Bulgaria,COUNTRY (FIR),2327,,,,,,,,,,,,,,,,,,,
2026,2,FEB,2026-02-10T00:00:00Z,Croatia,COUNTRY (FIR),1644,,,,,,,,,,,,,,,,,,,
2026,2,FEB,2026-02-10T00:00:00Z,Cyprus,COUNTRY (FIR),1088,0,0,0,0,0,0,0,0,0,0,0,0,0,0,0,0,0,0,0
2026,2,FEB,2026-02-10T00:00:00Z,Czech Republic,COUNTRY (FIR),1635,,,,,,,,,,,,,,,,,,,
2026,2,FEB,2026-02-10T00:00:00Z,DANUBE FAB,FAB (FIR),2727,,,,,,,,,,,,,,,,,,,
2026,2,FEB,2026-02-10T00:00:00Z,DK-SE FAB,FAB (FIR),2040,,,,,,,,,,,,,,,,,,,
2026,2,FEB,2026-02-10T00:00:00Z,Denmark,COUNTRY (FIR),1338,,,,,,,,,,,,,,,,,,,
2026,2,FEB,2026-02-10T00:00:00Z,Estonia,COUNTRY (FIR),398,,,,,,,,,,,,,,,,,,,
2026,2,FEB,2026-02-10T00:00:00Z,FAB CE,FAB (FIR),5309,,,,,,,,,,,,,,,,,,,
2026,2,FEB,2026-02-10T00:00:00Z,FAB CE (SES RP1),FAB (FIR),4691,,,,,,,,,,,,,,,,,,,
2026,2,FEB,2026-02-10T00:00:00Z,FAB CE (SES RP2),FAB (FIR),5290,,,,,,,,,,,,,,,,,,,
2026,2,FEB,2026-02-10T00:00:00Z,FABEC,FAB (FIR),12733,330,0,108,0,0,0,0,0,0,0,32,0,147,43,0,0,0,29,7
2026,2,FEB,2026-02-10T00:00:00Z,Finland,COUNTRY (FIR),664,,,,,,,,,,,,,,,,,,,
2026,2,FEB,2026-02-10T00:00:00Z,France,COUNTRY (FIR),7063,307,0,85,0,0,0,0,0,0,0,32,0,147,43,0,0,0,27,6
2026,2,FEB,2026-02-10T00:00:00Z,Georgia,COUNTRY (FIR),807,143,0,143,0,0,0,0,0,0,0,0,0,0,0,0,0,0,25,0
2026,2,FEB,2026-02-10T00:00:00Z,Germany,COUNTRY (FIR),6506,7,0,7,0,0,0,0,0,0,0,0,0,0,0,0,0,0,1,0
2026,2,FEB,2026-02-10T00:00:00Z,Greece,COUNTRY (FIR),2054,0,0,0,0,0,0,0,0,0,0,0,0,0,0,0,0,0,0,0
2026,2,FEB,2026-02-10T00:00:00Z,Hungary,COUNTRY (FIR),2426,,,,,,,,,,,,,,,,,,,
2026,2,FEB,2026-02-10T00:00:00Z,Iceland,COUNTRY (FIR),335,,,,,,,,,,,,,,,,,,,
2026,2,FEB,2026-02-10T00:00:00Z,Ireland,COUNTRY (FIR),1269,0,0,0,0,0,0,0,0,0,0,0,0,0,0,0,0,0,0,0
2026,2,FEB,2026-02-10T00:00:00Z,Italy,COUNTRY (FIR),4067,,,,,,,,,,,,,,,,,,,
2026,2,FEB,2026-02-10T00:00:00Z,Latvia,COUNTRY (FIR),494,,,,,,,,,,,,,,,,,,,
2026,2,FEB,2026-02-10T00:00:00Z,Lithuania,COUNTRY (FIR),459,,,,,,,,,,,,,,,,,,,
2026,2,FEB,2026-02-10T00:00:00Z,Malta,COUNTRY (FIR),385,,,,,,,,,,,,,,,,,,,
2026,2,FEB,2026-02-10T00:00:00Z,Moldova,COUNTRY (FIR),86,,,,,,,,,,,,,,,,,,,
2026,2,FEB,2026-02-10T00:00:00Z,NEFAB,FAB (FIR),2385,0,0,0,0,0,0,0,0,0,0,0,0,0,0,0,0,0,0,0
2026,2,FEB,2026-02-10T00:00:00Z,Netherlands,COUNTRY (FIR),2619,0,0,0,0,0,0,0,0,0,0,0,0,0,0,0,0,0,0,0
2026,2,FEB,2026-02-10T00:00:00Z,North Macedonia,COUNTRY (FIR),520,,,,,,,,,,,,,,,,,,,
2026,2,FEB,2026-02-10T00:00:00Z,Norway,COUNTRY (FIR),1457,0,0,0,0,0,0,0,0,0,0,0,0,0,0,0,0,0,0,0
2026,2,FEB,2026-02-10T00:00:00Z,Poland,COUNTRY (FIR),1613,,,,,,,,,,,,,,,,,,,
2026,2,FEB,2026-02-10T00:00:00Z,Portugal,COUNTRY (FIR),1862,0,0,0,0,0,0,0,0,0,0,0,0,0,0,0,0,0,0,0
2026,2,FEB,2026-02-10T00:00:00Z,Portugal Continental,COUNTRY (FIR),1668,0,0,0,0,0,0,0,0,0,0,0,0,0,0,0,0,0,0,0
2026,2,FEB,2026-02-10T00:00:00Z,Portugal Santa Maria,COUNTRY (FIR),479,,,,,,,,,,,,,,,,,,,
2026,2,FEB,2026-02-10T00:00:00Z,Romania,COUNTRY (FIR),1998,,,,,,,,,,,,,,,,,,,
2026,2,FEB,2026-02-10T00:00:00Z,SES Area (RP2),AREA (FIR),21700,961,0,739,0,0,0,0,0,0,0,32,0,147,43,0,0,0,118,10
2026,2,FEB,2026-02-10T00:00:00Z,SW FAB,FAB (FIR),5099,631,0,631,0,0,0,0,0,0,0,0,0,0,0,0,0,0,89,3
2026,2,FEB,2026-02-10T00:00:00Z,Serbia/Montenegro,COUNTRY (FIR),1809,,,,,,,,,,,,,,,,,,,
2026,2,FEB,2026-02-10T00:00:00Z,Slovakia,COUNTRY (FIR),1168,,,,,,,,,,,,,,,,,,,
2026,2,FEB,2026-02-10T00:00:00Z,Slovenia,COUNTRY (FIR),976,,,,,,,,,,,,,,,,,,,
2026,2,FEB,2026-02-10T00:00:00Z,Spain,COUNTRY (FIR),4918,631,0,631,0,0,0,0,0,0,0,0,0,0,0,0,0,0,89,3
2026,2,FEB,2026-02-10T00:00:00Z,Spain Canaries,COUNTRY (FIR),1117,0,0,0,0,0,0,0,0,0,0,0,0,0,0,0,0,0,0,0
2026,2,FEB,2026-02-10T00:00:00Z,Spain Continental,COUNTRY (FIR),4550,631,0,631,0,0,0,0,0,0,0,0,0,0,0,0,0,0,89,3
2026,2,FEB,2026-02-10T00:00:00Z,Sweden,COUNTRY (FIR),1524,,,,,,,,,,,,,,,,,,,
2026,2,FEB,2026-02-10T00:00:00Z,Switzerland,COUNTRY (FIR),2282,16,0,16,0,0,0,0,0,0,0,0,0,0,0,0,0,0,1,1
2026,2,FEB,2026-02-10T00:00:00Z,Türkiye,COUNTRY (FIR),4092,,,,,,,,,,,,,,,,,,,
2026,2,FEB,2026-02-10T00:00:00Z,UK Continental,COUNTRY (FIR),5083,0,0,0,0,0,0,0,0,0,0,0,0,0,0,0,0,0,0,0
2026,2,FEB,2026-02-10T00:00:00Z,UK Oceanic,COUNTRY (FIR),1219,,,,,,,,,,,,,,,,,,,
2026,2,FEB,2026-02-10T00:00:00Z,UK-Ireland FAB,FAB (FIR),5198,0,0,0,0,0,0,0,0,0,0,0,0,0,0,0,0,0,0,0
2026,2,FEB,2026-02-10T00:00:00Z,United Kingdom,COUNTRY (FIR),5322,0,0,0,0,0,0,0,0,0,0,0,0,0,0,0,0,0,0,0
2026,2,FEB,2026-02-11T00:00:00Z,Albania,COUNTRY (FIR),739,,,,,,,,,,,,,,,,,,,
2026,2,FEB,2026-02-11T00:00:00Z,Armenia,COUNTRY (FIR),368,,,,,,,,,,,,,,,,,,,
2026,2,FEB,2026-02-11T00:00:00Z,Austria,COUNTRY (FIR),3338,,,,,,,,,,,,,,,,,,,
2026,2,FEB,2026-02-11T00:00:00Z,BLUE MED FAB,FAB (FIR),5964,0,0,0,0,0,0,0,0,0,0,0,0,0,0,0,0,0,0,0
2026,2,FEB,2026-02-11T00:00:00Z,Baltic FAB,FAB (FIR),1720,,,,,,,,,,,,,,,,,,,
2026,2,FEB,2026-02-11T00:00:00Z,Belgium,COUNTRY (FIR),2891,,,,,,,,,,,,,,,,,,,
2026,2,FEB,2026-02-11T00:00:00Z,Bosnia and Herzegovina,COUNTRY (FIR),1073,,,,,,,,,,,,,,,,,,,
2026,2,FEB,2026-02-11T00:00:00Z,Bulgaria,COUNTRY (FIR),2311,,,,,,,,,,,,,,,,,,,
2026,2,FEB,2026-02-11T00:00:00Z,Croatia,COUNTRY (FIR),1675,,,,,,,,,,,,,,,,,,,
2026,2,FEB,2026-02-11T00:00:00Z,Cyprus,COUNTRY (FIR),1207,0,0,0,0,0,0,0,0,0,0,0,0,0,0,0,0,0,0,0
2026,2,FEB,2026-02-11T00:00:00Z,Czech Republic,COUNTRY (FIR),1642,,,,,,,,,,,,,,,,,,,
2026,2,FEB,2026-02-11T00:00:00Z,DANUBE FAB,FAB (FIR),2673,,,,,,,,,,,,,,,,,,,
2026,2,FEB,2026-02-11T00:00:00Z,DK-SE FAB,FAB (FIR),2091,,,,,,,,,,,,,,,,,,,
2026,2,FEB,2026-02-11T00:00:00Z,Denmark,COUNTRY (FIR),1355,,,,,,,,,,,,,,,,,,,
2026,2,FEB,2026-02-11T00:00:00Z,Estonia,COUNTRY (FIR),389,,,,,,,,,,,,,,,,,,,
2026,2,FEB,2026-02-11T00:00:00Z,FAB CE,FAB (FIR),5422,,,,,,,,,,,,,,,,,,,
2026,2,FEB,2026-02-11T00:00:00Z,FAB CE (SES RP1),FAB (FIR),4842,,,,,,,,,,,,,,,,,,,
2026,2,FEB,2026-02-11T00:00:00Z,FAB CE (SES RP2),FAB (FIR),5403,,,,,,,,,,,,,,,,,,,
2026,2,FEB,2026-02-11T00:00:00Z,FABEC,FAB (FIR),13202,2040,0,199,0,0,0,0,0,0,0,408,0,363,408,0,662,0,167,44
2026,2,FEB,2026-02-11T00:00:00Z,Finland,COUNTRY (FIR),635,0,0,0,0,0,0,0,0,0,0,0,0,0,0,0,0,0,0,0
2026,2,FEB,2026-02-11T00:00:00Z,France,COUNTRY (FIR),7304,1129,0,28,0,0,0,0,0,0,0,408,0,285,408,0,0,0,75,27
2026,2,FEB,2026-02-11T00:00:00Z,Georgia,COUNTRY (FIR),763,107,0,107,0,0,0,0,0,0,0,0,0,0,0,0,0,0,12,1
2026,2,FEB,2026-02-11T00:00:00Z,Germany,COUNTRY (FIR),6837,220,0,142,0,0,0,0,0,0,0,0,0,78,0,0,0,0,35,0
2026,2,FEB,2026-02-11T00:00:00Z,Greece,COUNTRY (FIR),2074,0,0,0,0,0,0,0,0,0,0,0,0,0,0,0,0,0,0,0
2026,2,FEB,2026-02-11T00:00:00Z,Hungary,COUNTRY (FIR),2349,,,,,,,,,,,,,,,,,,,
2026,2,FEB,2026-02-11T00:00:00Z,Iceland,COUNTRY (FIR),319,,,,,,,,,,,,,,,,,,,
2026,2,FEB,2026-02-11T00:00:00Z,Ireland,COUNTRY (FIR),1356,0,0,0,0,0,0,0,0,0,0,0,0,0,0,0,0,0,0,0
2026,2,FEB,2026-02-11T00:00:00Z,Italy,COUNTRY (FIR),4206,0,0,0,0,0,0,0,0,0,0,0,0,0,0,0,0,0,0,0
2026,2,FEB,2026-02-11T00:00:00Z,Latvia,COUNTRY (FIR),522,,,,,,,,,,,,,,,,,,,
2026,2,FEB,2026-02-11T00:00:00Z,Lithuania,COUNTRY (FIR),444,,,,,,,,,,,,,,,,,,,
2026,2,FEB,2026-02-11T00:00:00Z,Malta,COUNTRY (FIR),389,,,,,,,,,,,,,,,,,,,
2026,2,FEB,2026-02-11T00:00:00Z,Moldova,COUNTRY (FIR),84,,,,,,,,,,,,,,,,,,,
2026,2,FEB,2026-02-11T00:00:00Z,NEFAB,FAB (FIR),2394,0,0,0,0,0,0,0,0,0,0,0,0,0,0,0,0,0,0,0
2026,2,FEB,2026-02-11T00:00:00Z,Netherlands,COUNTRY (FIR),2682,0,0,0,0,0,0,0,0,0,0,0,0,0,0,0,0,0,0,0
2026,2,FEB,2026-02-11T00:00:00Z,North Macedonia,COUNTRY (FIR),581,162,0,0,0,0,0,0,0,0,0,162,0,0,0,0,0,0,11,5
2026,2,FEB,2026-02-11T00:00:00Z,Norway,COUNTRY (FIR),1462,,,,,,,,,,,,,,,,,,,
2026,2,FEB,2026-02-11T00:00:00Z,Poland,COUNTRY (FIR),1601,,,,,,,,,,,,,,,,,,,
2026,2,FEB,2026-02-11T00:00:00Z,Portugal,COUNTRY (FIR),1957,0,0,0,0,0,0,0,0,0,0,0,0,0,0,0,0,0,0,0
2026,2,FEB,2026-02-11T00:00:00Z,Portugal Continental,COUNTRY (FIR),1734,0,0,0,0,0,0,0,0,0,0,0,0,0,0,0,0,0,0,0
2026,2,FEB,2026-02-11T00:00:00Z,Portugal Santa Maria,COUNTRY (FIR),487,,,,,,,,,,,,,,,,,,,
2026,2,FEB,2026-02-11T00:00:00Z,Romania,COUNTRY (FIR),1897,,,,,,,,,,,,,,,,,,,
2026,2,FEB,2026-02-11T00:00:00Z,SES Area (RP2),AREA (FIR),22234,2399,0,469,0,0,0,0,0,0,0,408,0,452,408,0,662,0,195,51
2026,2,FEB,2026-02-11T00:00:00Z,SW FAB,FAB (FIR),5102,359,0,270,0,0,0,0,0,0,0,0,0,89,0,0,0,0,28,7
2026,2,FEB,2026-02-11T00:00:00Z,Serbia/Montenegro,COUNTRY (FIR),1926,,,,,,,,,,,,,,,,,,,
2026,2,FEB,2026-02-11T00:00:00Z,Slovakia,COUNTRY (FIR),1125,,,,,,,,,,,,,,,,,,,
2026,2,FEB,2026-02-11T00:00:00Z,Slovenia,COUNTRY (FIR),1054,,,,,,,,,,,,,,,,,,,
2026,2,FEB,2026-02-11T00:00:00Z,Spain,COUNTRY (FIR),4919,359,0,270,0,0,0,0,0,0,0,0,0,89,0,0,0,0,28,7
2026,2,FEB,2026-02-11T00:00:00Z,Spain Canaries,COUNTRY (FIR),1125,89,0,89,0,0,0,0,0,0,0,0,0,0,0,0,0,0,5,2
2026,2,FEB,2026-02-11T00:00:00Z,Spain Continental,COUNTRY (FIR),4573,270,0,181,0,0,0,0,0,0,0,0,0,89,0,0,0,0,23,5
2026,2,FEB,2026-02-11T00:00:00Z,Sweden,COUNTRY (FIR),1513,,,,,,,,,,,,,,,,,,,
2026,2,FEB,2026-02-11T00:00:00Z,Switzerland,COUNTRY (FIR),2470,691,0,29,0,0,0,0,0,0,0,0,0,0,0,0,662,0,57,17
2026,2,FEB,2026-02-11T00:00:00Z,Türkiye,COUNTRY (FIR),4207,,,,,,,,,,,,,,,,,,,
2026,2,FEB,2026-02-11T00:00:00Z,UK Continental,COUNTRY (FIR),5333,0,0,0,0,0,0,0,0,0,0,0,0,0,0,0,0,0,0,0
2026,2,FEB,2026-02-11T00:00:00Z,UK Oceanic,COUNTRY (FIR),1257,,,,,,,,,,,,,,,,,,,
2026,2,FEB,2026-02-11T00:00:00Z,UK-Ireland FAB,FAB (FIR),5454,0,0,0,0,0,0,0,0,0,0,0,0,0,0,0,0,0,0,0
2026,2,FEB,2026-02-11T00:00:00Z,United Kingdom,COUNTRY (FIR),5551,0,0,0,0,0,0,0,0,0,0,0,0,0,0,0,0,0,0,0
2026,2,FEB,2026-02-12T00:00:00Z,Albania,COUNTRY (FIR),780,,,,,,,,,,,,,,,,,,,
2026,2,FEB,2026-02-12T00:00:00Z,Armenia,COUNTRY (FIR),386,,,,,,,,,,,,,,,,,,,
2026,2,FEB,2026-02-12T00:00:00Z,Austria,COUNTRY (FIR),3478,,,,,,,,,,,,,,,,,,,
2026,2,FEB,2026-02-12T00:00:00Z,BLUE MED FAB,FAB (FIR),6890,0,0,0,0,0,0,0,0,0,0,0,0,0,0,0,0,0,0,0
2026,2,FEB,2026-02-12T00:00:00Z,Baltic FAB,FAB (FIR),1997,0,0,0,0,0,0,0,0,0,0,0,0,0,0,0,0,0,0,0
2026,2,FEB,2026-02-12T00:00:00Z,Belgium,COUNTRY (FIR),3047,,,,,,,,,,,,,,,,,,,
2026,2,FEB,2026-02-12T00:00:00Z,Bosnia and Herzegovina,COUNTRY (FIR),1185,,,,,,,,,,,,,,,,,,,
2026,2,FEB,2026-02-12T00:00:00Z,Bulgaria,COUNTRY (FIR),2386,27,0,0,0,0,0,0,0,0,0,0,0,0,0,0,27,0,3,0
2026,2,FEB,2026-02-12T00:00:00Z,Croatia,COUNTRY (FIR),1859,,,,,,,,,,,,,,,,,,,
2026,2,FEB,2026-02-12T00:00:00Z,Cyprus,COUNTRY (FIR),1258,0,0,0,0,0,0,0,0,0,0,0,0,0,0,0,0,0,0,0
2026,2,FEB,2026-02-12T00:00:00Z,Czech Republic,COUNTRY (FIR),1905,,,,,,,,,,,,,,,,,,,
2026,2,FEB,2026-02-12T00:00:00Z,DANUBE FAB,FAB (FIR),2836,27,0,0,0,0,0,0,0,0,0,0,0,0,0,0,27,0,3,0
2026,2,FEB,2026-02-12T00:00:00Z,DK-SE FAB,FAB (FIR),2318,0,0,0,0,0,0,0,0,0,0,0,0,0,0,0,0,0,0,0
2026,2,FEB,2026-02-12T00:00:00Z,Denmark,COUNTRY (FIR),1478,0,0,0,0,0,0,0,0,0,0,0,0,0,0,0,0,0,0,0
2026,2,FEB,2026-02-12T00:00:00Z,Estonia,COUNTRY (FIR),425,,,,,,,,,,,,,,,,,,,
2026,2,FEB,2026-02-12T00:00:00Z,FAB CE,FAB (FIR),5861,,,,,,,,,,,,,,,,,,,
2026,2,FEB,2026-02-12T00:00:00Z,FAB CE (SES RP1),FAB (FIR),5204,,,,,,,,,,,,,,,,,,,
2026,2,FEB,2026-02-12T00:00:00Z,FAB CE (SES RP2),FAB (FIR),5844,,,,,,,,,,,,,,,,,,,
2026,2,FEB,2026-02-12T00:00:00Z,FABEC,FAB (FIR),13880,2681,0,731,0,0,0,0,0,0,0,98,0,44,1036,0,772,0,195,53
2026,2,FEB,2026-02-12T00:00:00Z,Finland,COUNTRY (FIR),651,,,,,,,,,,,,,,,,,,,
2026,2,FEB,2026-02-12T00:00:00Z,France,COUNTRY (FIR),7939,1825,0,647,0,0,0,0,0,0,0,98,0,44,1036,0,0,0,119,35
2026,2,FEB,2026-02-12T00:00:00Z,Georgia,COUNTRY (FIR),701,0,0,0,0,0,0,0,0,0,0,0,0,0,0,0,0,0,0,0
2026,2,FEB,2026-02-12T00:00:00Z,Germany,COUNTRY (FIR),6723,76,0,76,0,0,0,0,0,0,0,0,0,0,0,0,0,0,10,2
2026,2,FEB,2026-02-12T00:00:00Z,Greece,COUNTRY (FIR),2274,0,0,0,0,0,0,0,0,0,0,0,0,0,0,0,0,0,0,0
2026,2,FEB,2026-02-12T00:00:00Z,Hungary,COUNTRY (FIR),2564,,,,,,,,,,,,,,,,,,,
2026,2,FEB,2026-02-12T00:00:00Z,Iceland,COUNTRY (FIR),353,,,,,,,,,,,,,,,,,,,
2026,2,FEB,2026-02-12T00:00:00Z,Ireland,COUNTRY (FIR),1384,0,0,0,0,0,0,0,0,0,0,0,0,0,0,0,0,0,0,0
2026,2,FEB,2026-02-12T00:00:00Z,Italy,COUNTRY (FIR),4896,0,0,0,0,0,0,0,0,0,0,0,0,0,0,0,0,0,0,0
2026,2,FEB,2026-02-12T00:00:00Z,Latvia,COUNTRY (FIR),571,,,,,,,,,,,,,,,,,,,
2026,2,FEB,2026-02-12T00:00:00Z,Lithuania,COUNTRY (FIR),506,,,,,,,,,,,,,,,,,,,
2026,2,FEB,2026-02-12T00:00:00Z,Malta,COUNTRY (FIR),468,,,,,,,,,,,,,,,,,,,
2026,2,FEB,2026-02-12T00:00:00Z,Moldova,COUNTRY (FIR),85,,,,,,,,,,,,,,,,,,,
2026,2,FEB,2026-02-12T00:00:00Z,NEFAB,FAB (FIR),2529,,,,,,,,,,,,,,,,,,,
2026,2,FEB,2026-02-12T00:00:00Z,Netherlands,COUNTRY (FIR),2916,0,0,0,0,0,0,0,0,0,0,0,0,0,0,0,0,0,0,0
2026,2,FEB,2026-02-12T00:00:00Z,North Macedonia,COUNTRY (FIR),620,,,,,,,,,,,,,,,,,,,
2026,2,FEB,2026-02-12T00:00:00Z,Norway,COUNTRY (FIR),1552,,,,,,,,,,,,,,,,,,,
2026,2,FEB,2026-02-12T00:00:00Z,Poland,COUNTRY (FIR),1844,0,0,0,0,0,0,0,0,0,0,0,0,0,0,0,0,0,0,0
2026,2,FEB,2026-02-12T00:00:00Z,Portugal,COUNTRY (FIR),2167,0,0,0,0,0,0,0,0,0,0,0,0,0,0,0,0,0,0,0
2026,2,FEB,2026-02-12T00:00:00Z,Portugal Continental,COUNTRY (FIR),1935,0,0,0,0,0,0,0,0,0,0,0,0,0,0,0,0,0,0,0
2026,2,FEB,2026-02-12T00:00:00Z,Portugal Santa Maria,COUNTRY (FIR),510,,,,,,,,,,,,,,,,,,,
2026,2,FEB,2026-02-12T00:00:00Z,Romania,COUNTRY (FIR),2015,,,,,,,,,,,,,,,,,,,
2026,2,FEB,2026-02-12T00:00:00Z,SES Area (RP2),AREA (FIR),23939,4593,0,2572,0,0,0,0,0,0,0,98,0,44,1036,0,843,0,371,91
2026,2,FEB,2026-02-12T00:00:00Z,SW FAB,FAB (FIR),5856,1885,0,1841,0,0,0,0,0,0,0,0,0,0,0,0,44,0,173,38
2026,2,FEB,2026-02-12T00:00:00Z,Serbia/Montenegro,COUNTRY (FIR),1973,,,,,,,,,,,,,,,,,,,
2026,2,FEB,2026-02-12T00:00:00Z,Slovakia,COUNTRY (FIR),1311,,,,,,,,,,,,,,,,,,,
2026,2,FEB,2026-02-12T00:00:00Z,Slovenia,COUNTRY (FIR),1087,,,,,,,,,,,,,,,,,,,
2026,2,FEB,2026-02-12T00:00:00Z,Spain,COUNTRY (FIR),5653,1885,0,1841,0,0,0,0,0,0,0,0,0,0,0,0,44,0,173,38
2026,2,FEB,2026-02-12T00:00:00Z,Spain Canaries,COUNTRY (FIR),1246,337,0,337,0,0,0,0,0,0,0,0,0,0,0,0,0,0,38,6
2026,2,FEB,2026-02-12T00:00:00Z,Spain Continental,COUNTRY (FIR),5240,1548,0,1504,0,0,0,0,0,0,0,0,0,0,0,0,44,0,135,32
2026,2,FEB,2026-02-12T00:00:00Z,Sweden,COUNTRY (FIR),1703,,,,,,,,,,,,,,,,,,,
2026,2,FEB,2026-02-12T00:00:00Z,Switzerland,COUNTRY (FIR),2612,780,0,8,0,0,0,0,0,0,0,0,0,0,0,0,772,0,66,16
2026,2,FEB,2026-02-12T00:00:00Z,Türkiye,COUNTRY (FIR),4281,,,,,,,,,,,,,,,,,,,
2026,2,FEB,2026-02-12T00:00:00Z,UK Continental,COUNTRY (FIR),5993,0,0,0,0,0,0,0,0,0,0,0,0,0,0,0,0,0,0,0
2026,2,FEB,2026-02-12T00:00:00Z,UK Oceanic,COUNTRY (FIR),1323,,,,,,,,,,,,,,,,,,,
2026,2,FEB,2026-02-12T00:00:00Z,UK-Ireland FAB,FAB (FIR),6112,0,0,0,0,0,0,0,0,0,0,0,0,0,0,0,0,0,0,0
2026,2,FEB,2026-02-12T00:00:00Z,United Kingdom,COUNTRY (FIR),6230,0,0,0,0,0,0,0,0,0,0,0,0,0,0,0,0,0,0,0
2026,2,FEB,2026-02-13T00:00:00Z,Albania,COUNTRY (FIR),891,,,,,,,,,,,,,,,,,,,
2026,2,FEB,2026-02-13T00:00:00Z,Armenia,COUNTRY (FIR),431,,,,,,,,,,,,,,,,,,,
2026,2,FEB,2026-02-13T00:00:00Z,Austria,COUNTRY (FIR),4118,,,,,,,,,,,,,,,,,,,
2026,2,FEB,2026-02-13T00:00:00Z,BLUE MED FAB,FAB (FIR),7685,0,0,0,0,0,0,0,0,0,0,0,0,0,0,0,0,0,0,0
2026,2,FEB,2026-02-13T00:00:00Z,Baltic FAB,FAB (FIR),2235,,,,,,,,,,,,,,,,,,,
2026,2,FEB,2026-02-13T00:00:00Z,Belgium,COUNTRY (FIR),3395,500,0,500,0,0,0,0,0,0,0,0,0,0,0,0,0,0,62,7
2026,2,FEB,2026-02-13T00:00:00Z,Bosnia and Herzegovina,COUNTRY (FIR),1424,60,0,60,0,0,0,0,0,0,0,0,0,0,0,0,0,0,12,0
2026,2,FEB,2026-02-13T00:00:00Z,Bulgaria,COUNTRY (FIR),2492,0,0,0,0,0,0,0,0,0,0,0,0,0,0,0,0,0,0,0
2026,2,FEB,2026-02-13T00:00:00Z,Croatia,COUNTRY (FIR),2205,,,,,,,,,,,,,,,,,,,
2026,2,FEB,2026-02-13T00:00:00Z,Cyprus,COUNTRY (FIR),1212,,,,,,,,,,,,,,,,,,,
2026,2,FEB,2026-02-13T00:00:00Z,Czech Republic,COUNTRY (FIR),2103,,,,,,,,,,,,,,,,,,,
2026,2,FEB,2026-02-13T00:00:00Z,DANUBE FAB,FAB (FIR),3064,0,0,0,0,0,0,0,0,0,0,0,0,0,0,0,0,0,0,0
2026,2,FEB,2026-02-13T00:00:00Z,DK-SE FAB,FAB (FIR),2517,,,,,,,,,,,,,,,,,,,
2026,2,FEB,2026-02-13T00:00:00Z,Denmark,COUNTRY (FIR),1641,,,,,,,,,,,,,,,,,,,
2026,2,FEB,2026-02-13T00:00:00Z,Estonia,COUNTRY (FIR),449,,,,,,,,,,,,,,,,,,,
2026,2,FEB,2026-02-13T00:00:00Z,FAB CE,FAB (FIR),6778,60,0,60,0,0,0,0,0,0,0,0,0,0,0,0,0,0,12,0
2026,2,FEB,2026-02-13T00:00:00Z,FAB CE (SES RP1),FAB (FIR),6034,,,,,,,,,,,,,,,,,,,
2026,2,FEB,2026-02-13T00:00:00Z,FAB CE (SES RP2),FAB (FIR),6754,,,,,,,,,,,,,,,,,,,
2026,2,FEB,2026-02-13T00:00:00Z,FABEC,FAB (FIR),16366,6480,0,4635,0,0,0,0,0,0,0,243,0,1588,0,14,0,0,521,138
2026,2,FEB,2026-02-13T00:00:00Z,Finland,COUNTRY (FIR),676,,,,,,,,,,,,,,,,,,,
2026,2,FEB,2026-02-13T00:00:00Z,France,COUNTRY (FIR),9469,3586,0,2041,0,0,0,0,0,0,0,243,0,1302,0,0,0,0,277,80
2026,2,FEB,2026-02-13T00:00:00Z,Georgia,COUNTRY (FIR),752,97,0,97,0,0,0,0,0,0,0,0,0,0,0,0,0,0,13,1
2026,2,FEB,2026-02-13T00:00:00Z,Germany,COUNTRY (FIR),8080,849,0,563,0,0,0,0,0,0,0,0,0,286,0,0,0,0,93,17
2026,2,FEB,2026-02-13T00:00:00Z,Greece,COUNTRY (FIR),2367,0,0,0,0,0,0,0,0,0,0,0,0,0,0,0,0,0,0,0
2026,2,FEB,2026-02-13T00:00:00Z,Hungary,COUNTRY (FIR),2778,,,,,,,,,,,,,,,,,,,
2026,2,FEB,2026-02-13T00:00:00Z,Iceland,COUNTRY (FIR),425,,,,,,,,,,,,,,,,,,,
2026,2,FEB,2026-02-13T00:00:00Z,Ireland,COUNTRY (FIR),1495,0,0,0,0,0,0,0,0,0,0,0,0,0,0,0,0,0,0,0
2026,2,FEB,2026-02-13T00:00:00Z,Italy,COUNTRY (FIR),5740,0,0,0,0,0,0,0,0,0,0,0,0,0,0,0,0,0,0,0
2026,2,FEB,2026-02-13T00:00:00Z,Latvia,COUNTRY (FIR),609,0,0,0,0,0,0,0,0,0,0,0,0,0,0,0,0,0,0,0
2026,2,FEB,2026-02-13T00:00:00Z,Lithuania,COUNTRY (FIR),538,,,,,,,,,,,,,,,,,,,
2026,2,FEB,2026-02-13T00:00:00Z,Malta,COUNTRY (FIR),446,,,,,,,,,,,,,,,,,,,
2026,2,FEB,2026-02-13T00:00:00Z,Moldova,COUNTRY (FIR),112,,,,,,,,,,,,,,,,,,,
2026,2,FEB,2026-02-13T00:00:00Z,NEFAB,FAB (FIR),2572,0,0,0,0,0,0,0,0,0,0,0,0,0,0,0,0,0,0,0
2026,2,FEB,2026-02-13T00:00:00Z,Netherlands,COUNTRY (FIR),3189,97,0,97,0,0,0,0,0,0,0,0,0,0,0,0,0,0,9,1
2026,2,FEB,2026-02-13T00:00:00Z,North Macedonia,COUNTRY (FIR),692,529,0,0,0,0,0,0,0,0,0,529,0,0,0,0,0,0,47,12
2026,2,FEB,2026-02-13T00:00:00Z,Norway,COUNTRY (FIR),1543,,,,,,,,,,,,,,,,,,,
2026,2,FEB,2026-02-13T00:00:00Z,Poland,COUNTRY (FIR),2075,,,,,,,,,,,,,,,,,,,
2026,2,FEB,2026-02-13T00:00:00Z,Portugal,COUNTRY (FIR),2353,0,0,0,0,0,0,0,0,0,0,0,0,0,0,0,0,0,0,0
2026,2,FEB,2026-02-13T00:00:00Z,Portugal Continental,COUNTRY (FIR),2092,0,0,0,0,0,0,0,0,0,0,0,0,0,0,0,0,0,0,0
2026,2,FEB,2026-02-13T00:00:00Z,Portugal Santa Maria,COUNTRY (FIR),528,,,,,,,,,,,,,,,,,,,
2026,2,FEB,2026-02-13T00:00:00Z,Romania,COUNTRY (FIR),2152,,,,,,,,,,,,,,,,,,,
2026,2,FEB,2026-02-13T00:00:00Z,SES Area (RP2),AREA (FIR),27073,11755,0,8756,0,0,0,0,0,0,0,243,0,1588,0,14,1154,0,998,250
2026,2,FEB,2026-02-13T00:00:00Z,SW FAB,FAB (FIR),6595,4776,0,3622,0,0,0,0,0,0,0,0,0,0,0,0,1154,0,420,104
2026,2,FEB,2026-02-13T00:00:00Z,Serbia/Montenegro,COUNTRY (FIR),2337,,,,,,,,,,,,,,,,,,,
2026,2,FEB,2026-02-13T00:00:00Z,Slovakia,COUNTRY (FIR),1363,,,,,,,,,,,,,,,,,,,
2026,2,FEB,2026-02-13T00:00:00Z,Slovenia,COUNTRY (FIR),1375,,,,,,,,,,,,,,,,,,,
2026,2,FEB,2026-02-13T00:00:00Z,Spain,COUNTRY (FIR),6391,4776,0,3622,0,0,0,0,0,0,0,0,0,0,0,0,1154,0,420,104
2026,2,FEB,2026-02-13T00:00:00Z,Spain Canaries,COUNTRY (FIR),1344,0,0,0,0,0,0,0,0,0,0,0,0,0,0,0,0,0,0,0
2026,2,FEB,2026-02-13T00:00:00Z,Spain Continental,COUNTRY (FIR),5912,4776,0,3622,0,0,0,0,0,0,0,0,0,0,0,0,1154,0,420,104
2026,2,FEB,2026-02-13T00:00:00Z,Sweden,COUNTRY (FIR),1775,,,,,,,,,,,,,,,,,,,
2026,2,FEB,2026-02-13T00:00:00Z,Switzerland,COUNTRY (FIR),3205,1448,0,1434,0,0,0,0,0,0,0,0,0,0,0,14,0,0,80,33
2026,2,FEB,2026-02-13T00:00:00Z,Türkiye,COUNTRY (FIR),4443,0,0,0,0,0,0,0,0,0,0,0,0,0,0,0,0,0,0,0
2026,2,FEB,2026-02-13T00:00:00Z,UK Continental,COUNTRY (FIR),6810,499,0,499,0,0,0,0,0,0,0,0,0,0,0,0,0,0,57,8
2026,2,FEB,2026-02-13T00:00:00Z,UK Oceanic,COUNTRY (FIR),1315,,,,,,,,,,,,,,,,,,,
2026,2,FEB,2026-02-13T00:00:00Z,UK-Ireland FAB,FAB (FIR),6929,499,0,499,0,0,0,0,0,0,0,0,0,0,0,0,0,0,57,8
2026,2,FEB,2026-02-13T00:00:00Z,United Kingdom,COUNTRY (FIR),7045,499,0,499,0,0,0,0,0,0,0,0,0,0,0,0,0,0,57,8
2026,2,FEB,2026-02-14T00:00:00Z,Albania,COUNTRY (FIR),871,,,,,,,,,,,,,,,,,,,
2026,2,FEB,2026-02-14T00:00:00Z,Armenia,COUNTRY (FIR),338,,,,,,,,,,,,,,,,,,,
2026,2,FEB,2026-02-14T00:00:00Z,Austria,COUNTRY (FIR),4095,0,0,0,0,0,0,0,0,0,0,0,0,0,0,0,0,0,0,0
2026,2,FEB,2026-02-14T00:00:00Z,BLUE MED FAB,FAB (FIR),7324,553,0,138,0,0,0,0,0,0,0,0,0,415,0,0,0,0,66,7
2026,2,FEB,2026-02-14T00:00:00Z,Baltic FAB,FAB (FIR),2036,284,0,0,0,0,0,0,0,0,284,0,0,0,0,0,0,0,33,4
2026,2,FEB,2026-02-14T00:00:00Z,Belgium,COUNTRY (FIR),3252,1425,0,1224,0,0,0,0,0,0,0,0,0,201,0,0,0,0,138,30
2026,2,FEB,2026-02-14T00:00:00Z,Bosnia and Herzegovina,COUNTRY (FIR),1359,,,,,,,,,,,,,,,,,,,
2026,2,FEB,2026-02-14T00:00:00Z,Bulgaria,COUNTRY (FIR),2711,,,,,,,,,,,,,,,,,,,
2026,2,FEB,2026-02-14T00:00:00Z,Croatia,COUNTRY (FIR),2204,,,,,,,,,,,,,,,,,,,
2026,2,FEB,2026-02-14T00:00:00Z,Cyprus,COUNTRY (FIR),1278,138,0,138,0,0,0,0,0,0,0,0,0,0,0,0,0,0,18,2
2026,2,FEB,2026-02-14T00:00:00Z,Czech Republic,COUNTRY (FIR),1946,0,0,0,0,0,0,0,0,0,0,0,0,0,0,0,0,0,0,0
2026,2,FEB,2026-02-14T00:00:00Z,DANUBE FAB,FAB (FIR),3172,,,,,,,,,,,,,,,,,,,
2026,2,FEB,2026-02-14T00:00:00Z,DK-SE FAB,FAB (FIR),2170,,,,,,,,,,,,,,,,,,,
2026,2,FEB,2026-02-14T00:00:00Z,Denmark,COUNTRY (FIR),1535,,,,,,,,,,,,,,,,,,,
2026,2,FEB,2026-02-14T00:00:00Z,Estonia,COUNTRY (FIR),416,,,,,,,,,,,,,,,,,,,
2026,2,FEB,2026-02-14T00:00:00Z,FAB CE,FAB (FIR),6652,0,0,0,0,0,0,0,0,0,0,0,0,0,0,0,0,0,0,0
2026,2,FEB,2026-02-14T00:00:00Z,FAB CE (SES RP1),FAB (FIR),5888,0,0,0,0,0,0,0,0,0,0,0,0,0,0,0,0,0,0,0
2026,2,FEB,2026-02-14T00:00:00Z,FAB CE (SES RP2),FAB (FIR),6630,0,0,0,0,0,0,0,0,0,0,0,0,0,0,0,0,0,0,0
2026,2,FEB,2026-02-14T00:00:00Z,FABEC,FAB (FIR),14932,26126,0,16046,0,0,0,0,0,0,0,858,0,9222,0,0,0,0,1968,600
2026,2,FEB,2026-02-14T00:00:00Z,Finland,COUNTRY (FIR),657,,,,,,,,,,,,,,,,,,,
2026,2,FEB,2026-02-14T00:00:00Z,France,COUNTRY (FIR),9006,20818,0,10939,0,0,0,0,0,0,0,858,0,9021,0,0,0,0,1443,502
2026,2,FEB,2026-02-14T00:00:00Z,Georgia,COUNTRY (FIR),854,114,0,114,0,0,0,0,0,0,0,0,0,0,0,0,0,0,12,2
2026,2,FEB,2026-02-14T00:00:00Z,Germany,COUNTRY (FIR),7322,3194,0,3194,0,0,0,0,0,0,0,0,0,0,0,0,0,0,335,55
2026,2,FEB,2026-02-14T00:00:00Z,Greece,COUNTRY (FIR),2285,415,0,0,0,0,0,0,0,0,0,0,0,415,0,0,0,0,48,5
2026,2,FEB,2026-02-14T00:00:00Z,Hungary,COUNTRY (FIR),2772,,,,,,,,,,,,,,,,,,,
2026,2,FEB,2026-02-14T00:00:00Z,Iceland,COUNTRY (FIR),417,,,,,,,,,,,,,,,,,,,
2026,2,FEB,2026-02-14T00:00:00Z,Ireland,COUNTRY (FIR),1456,,,,,,,,,,,,,,,,,,,
2026,2,FEB,2026-02-14T00:00:00Z,Italy,COUNTRY (FIR),5384,0,0,0,0,0,0,0,0,0,0,0,0,0,0,0,0,0,0,0
2026,2,FEB,2026-02-14T00:00:00Z,Latvia,COUNTRY (FIR),563,,,,,,,,,,,,,,,,,,,
2026,2,FEB,2026-02-14T00:00:00Z,Lithuania,COUNTRY (FIR),520,,,,,,,,,,,,,,,,,,,
2026,2,FEB,2026-02-14T00:00:00Z,Malta,COUNTRY (FIR),440,,,,,,,,,,,,,,,,,,,
2026,2,FEB,2026-02-14T00:00:00Z,Moldova,COUNTRY (FIR),102,,,,,,,,,,,,,,,,,,,
2026,2,FEB,2026-02-14T00:00:00Z,NEFAB,FAB (FIR),1978,,,,,,,,,,,,,,,,,,,
2026,2,FEB,2026-02-14T00:00:00Z,Netherlands,COUNTRY (FIR),3021,0,0,0,0,0,0,0,0,0,0,0,0,0,0,0,0,0,0,0
2026,2,FEB,2026-02-14T00:00:00Z,North Macedonia,COUNTRY (FIR),572,30,0,0,0,0,0,0,0,0,0,30,0,0,0,0,0,0,4,0
2026,2,FEB,2026-02-14T00:00:00Z,Norway,COUNTRY (FIR),1037,,,,,,,,,,,,,,,,,,,
2026,2,FEB,2026-02-14T00:00:00Z,Poland,COUNTRY (FIR),1890,284,0,0,0,0,0,0,0,0,284,0,0,0,0,0,0,0,33,4
2026,2,FEB,2026-02-14T00:00:00Z,Portugal,COUNTRY (FIR),2604,367,0,52,0,0,0,0,0,0,0,315,0,0,0,0,0,0,23,11
2026,2,FEB,2026-02-14T00:00:00Z,Portugal Continental,COUNTRY (FIR),2367,367,0,52,0,0,0,0,0,0,0,315,0,0,0,0,0,0,23,11
2026,2,FEB,2026-02-14T00:00:00Z,Portugal Santa Maria,COUNTRY (FIR),544,,,,,,,,,,,,,,,,,,,
2026,2,FEB,2026-02-14T00:00:00Z,Romania,COUNTRY (FIR),2193,,,,,,,,,,,,,,,,,,,
2026,2,FEB,2026-02-14T00:00:00Z,SES Area (RP2),AREA (FIR),23788,33994,0,22308,0,0,0,0,0,0,284,1173,0,9637,0,0,592,0,2702,759
2026,2,FEB,2026-02-14T00:00:00Z,SW FAB,FAB (FIR),6569,6613,0,5706,0,0,0,0,0,0,0,315,0,0,0,0,592,0,597,138
2026,2,FEB,2026-02-14T00:00:00Z,Serbia/Montenegro,COUNTRY (FIR),2314,,,,,,,,,,,,,,,,,,,
2026,2,FEB,2026-02-14T00:00:00Z,Slovakia,COUNTRY (FIR),1353,,,,,,,,,,,,,,,,,,,
2026,2,FEB,2026-02-14T00:00:00Z,Slovenia,COUNTRY (FIR),1287,,,,,,,,,,,,,,,,,,,
2026,2,FEB,2026-02-14T00:00:00Z,Spain,COUNTRY (FIR),6362,6246,0,5654,0,0,0,0,0,0,0,0,0,0,0,0,592,0,574,127
2026,2,FEB,2026-02-14T00:00:00Z,Spain Canaries,COUNTRY (FIR),1589,1803,0,1803,0,0,0,0,0,0,0,0,0,0,0,0,0,0,147,36
2026,2,FEB,2026-02-14T00:00:00Z,Spain Continental,COUNTRY (FIR),5885,4443,0,3851,0,0,0,0,0,0,0,0,0,0,0,0,592,0,427,91
2026,2,FEB,2026-02-14T00:00:00Z,Sweden,COUNTRY (FIR),1546,,,,,,,,,,,,,,,,,,,
2026,2,FEB,2026-02-14T00:00:00Z,Switzerland,COUNTRY (FIR),3164,689,0,689,0,0,0,0,0,0,0,0,0,0,0,0,0,0,52,13
2026,2,FEB,2026-02-14T00:00:00Z,Türkiye,COUNTRY (FIR),4579,,,,,,,,,,,,,,,,,,,
2026,2,FEB,2026-02-14T00:00:00Z,UK Continental,COUNTRY (FIR),6583,418,0,418,0,0,0,0,0,0,0,0,0,0,0,0,0,0,38,10
2026,2,FEB,2026-02-14T00:00:00Z,UK Oceanic,COUNTRY (FIR),1350,,,,,,,,,,,,,,,,,,,
2026,2,FEB,2026-02-14T00:00:00Z,UK-Ireland FAB,FAB (FIR),6717,418,0,418,0,0,0,0,0,0,0,0,0,0,0,0,0,0,38,10
2026,2,FEB,2026-02-14T00:00:00Z,United Kingdom,COUNTRY (FIR),6848,418,0,418,0,0,0,0,0,0,0,0,0,0,0,0,0,0,38,10
2026,2,FEB,2026-02-15T00:00:00Z,Albania,COUNTRY (FIR),978,,,,,,,,,,,,,,,,,,,
2026,2,FEB,2026-02-15T00:00:00Z,Armenia,COUNTRY (FIR),379,,,,,,,,,,,,,,,,,,,
2026,2,FEB,2026-02-15T00:00:00Z,Austria,COUNTRY (FIR),4054,,,,,,,,,,,,,,,,,,,
2026,2,FEB,2026-02-15T00:00:00Z,BLUE MED FAB,FAB (FIR),7650,3757,0,0,0,0,0,0,0,0,0,0,0,3757,0,0,0,0,311,86
2026,2,FEB,2026-02-15T00:00:00Z,Baltic FAB,FAB (FIR),2182,0,0,0,0,0,0,0,0,0,0,0,0,0,0,0,0,0,0,0
2026,2,FEB,2026-02-15T00:00:00Z,Belgium,COUNTRY (FIR),3088,0,0,0,0,0,0,0,0,0,0,0,0,0,0,0,0,0,0,0
2026,2,FEB,2026-02-15T00:00:00Z,Bosnia and Herzegovina,COUNTRY (FIR),1377,,,,,,,,,,,,,,,,,,,
2026,2,FEB,2026-02-15T00:00:00Z,Bulgaria,COUNTRY (FIR),2696,371,0,0,0,0,0,0,0,0,0,0,0,0,0,0,371,0,52,2
2026,2,FEB,2026-02-15T00:00:00Z,Croatia,COUNTRY (FIR),2308,,,,,,,,,,,,,,,,,,,
2026,2,FEB,2026-02-15T00:00:00Z,Cyprus,COUNTRY (FIR),1358,,,,,,,,,,,,,,,,,,,
2026,2,FEB,2026-02-15T00:00:00Z,Czech Republic,COUNTRY (FIR),2056,,,,,,,,,,,,,,,,,,,
2026,2,FEB,2026-02-15T00:00:00Z,DANUBE FAB,FAB (FIR),3198,371,0,0,0,0,0,0,0,0,0,0,0,0,0,0,371,0,52,2
2026,2,FEB,2026-02-15T00:00:00Z,DK-SE FAB,FAB (FIR),2378,0,0,0,0,0,0,0,0,0,0,0,0,0,0,0,0,0,0,0
2026,2,FEB,2026-02-15T00:00:00Z,Denmark,COUNTRY (FIR),1621,0,0,0,0,0,0,0,0,0,0,0,0,0,0,0,0,0,0,0
2026,2,FEB,2026-02-15T00:00:00Z,Estonia,COUNTRY (FIR),407,,,,,,,,,,,,,,,,,,,
2026,2,FEB,2026-02-15T00:00:00Z,FAB CE,FAB (FIR),6738,58,0,58,0,0,0,0,0,0,0,0,0,0,0,0,0,0,5,1
2026,2,FEB,2026-02-15T00:00:00Z,FAB CE (SES RP1),FAB (FIR),5975,58,0,58,0,0,0,0,0,0,0,0,0,0,0,0,0,0,5,1
2026,2,FEB,2026-02-15T00:00:00Z,FAB CE (SES RP2),FAB (FIR),6726,58,0,58,0,0,0,0,0,0,0,0,0,0,0,0,0,0,5,1
2026,2,FEB,2026-02-15T00:00:00Z,FABEC,FAB (FIR),14935,8919,0,5085,0,0,0,0,0,0,0,473,0,2645,0,0,716,0,831,176
2026,2,FEB,2026-02-15T00:00:00Z,Finland,COUNTRY (FIR),677,,,,,,,,,,,,,,,,,,,
2026,2,FEB,2026-02-15T00:00:00Z,France,COUNTRY (FIR),8844,6053,0,2925,0,0,0,0,0,0,0,473,0,2547,0,0,108,0,565,118
2026,2,FEB,2026-02-15T00:00:00Z,Georgia,COUNTRY (FIR),799,155,0,155,0,0,0,0,0,0,0,0,0,0,0,0,0,0,15,3
2026,2,FEB,2026-02-15T00:00:00Z,Germany,COUNTRY (FIR),7516,2768,0,2062,0,0,0,0,0,0,0,0,0,98,0,0,608,0,261,55
2026,2,FEB,2026-02-15T00:00:00Z,Greece,COUNTRY (FIR),2387,3757,0,0,0,0,0,0,0,0,0,0,0,3757,0,0,0,0,311,86
2026,2,FEB,2026-02-15T00:00:00Z,Hungary,COUNTRY (FIR),2828,58,0,58,0,0,0,0,0,0,0,0,0,0,0,0,0,0,5,1
2026,2,FEB,2026-02-15T00:00:00Z,Iceland,COUNTRY (FIR),440,,,,,,,,,,,,,,,,,,,
2026,2,FEB,2026-02-15T00:00:00Z,Ireland,COUNTRY (FIR),1489,0,0,0,0,0,0,0,0,0,0,0,0,0,0,0,0,0,0,0
2026,2,FEB,2026-02-15T00:00:00Z,Italy,COUNTRY (FIR),5568,0,0,0,0,0,0,0,0,0,0,0,0,0,0,0,0,0,0,0
2026,2,FEB,2026-02-15T00:00:00Z,Latvia,COUNTRY (FIR),588,,,,,,,,,,,,,,,,,,,
2026,2,FEB,2026-02-15T00:00:00Z,Lithuania,COUNTRY (FIR),545,,,,,,,,,,,,,,,,,,,
2026,2,FEB,2026-02-15T00:00:00Z,Malta,COUNTRY (FIR),422,,,,,,,,,,,,,,,,,,,
2026,2,FEB,2026-02-15T00:00:00Z,Moldova,COUNTRY (FIR),120,,,,,,,,,,,,,,,,,,,
2026,2,FEB,2026-02-15T00:00:00Z,NEFAB,FAB (FIR),2339,60,0,0,0,0,0,0,0,0,0,60,0,0,0,0,0,0,12,0
2026,2,FEB,2026-02-15T00:00:00Z,Netherlands,COUNTRY (FIR),2859,0,0,0,0,0,0,0,0,0,0,0,0,0,0,0,0,0,0,0
2026,2,FEB,2026-02-15T00:00:00Z,North Macedonia,COUNTRY (FIR),630,447,0,0,0,0,0,0,0,0,0,447,0,0,0,0,0,0,34,8
2026,2,FEB,2026-02-15T00:00:00Z,Norway,COUNTRY (FIR),1371,60,0,0,0,0,0,0,0,0,0,60,0,0,0,0,0,0,12,0
2026,2,FEB,2026-02-15T00:00:00Z,Poland,COUNTRY (FIR),2019,0,0,0,0,0,0,0,0,0,0,0,0,0,0,0,0,0,0,0
2026,2,FEB,2026-02-15T00:00:00Z,Portugal,COUNTRY (FIR),2304,1062,0,0,0,0,0,0,0,0,0,1062,0,0,0,0,0,0,77,25
2026,2,FEB,2026-02-15T00:00:00Z,Portugal Continental,COUNTRY (FIR),2136,1062,0,0,0,0,0,0,0,0,0,1062,0,0,0,0,0,0,77,25
2026,2,FEB,2026-02-15T00:00:00Z,Portugal Santa Maria,COUNTRY (FIR),484,,,,,,,,,,,,,,,,,,,
2026,2,FEB,2026-02-15T00:00:00Z,Romania,COUNTRY (FIR),2180,,,,,,,,,,,,,,,,,,,
2026,2,FEB,2026-02-15T00:00:00Z,SES Area (RP2),AREA (FIR),24730,25297,0,12198,0,0,0,0,0,0,0,1595,0,7069,0,0,4435,0,2194,539
2026,2,FEB,2026-02-15T00:00:00Z,SW FAB,FAB (FIR),6539,10805,0,6395,0,0,0,0,0,0,0,1062,0,0,0,0,3348,0,851,252
2026,2,FEB,2026-02-15T00:00:00Z,Serbia/Montenegro,COUNTRY (FIR),2450,,,,,,,,,,,,,,,,,,,
2026,2,FEB,2026-02-15T00:00:00Z,Slovakia,COUNTRY (FIR),1412,,,,,,,,,,,,,,,,,,,
2026,2,FEB,2026-02-15T00:00:00Z,Slovenia,COUNTRY (FIR),1366,,,,,,,,,,,,,,,,,,,
2026,2,FEB,2026-02-15T00:00:00Z,Spain,COUNTRY (FIR),6331,9743,0,6395,0,0,0,0,0,0,0,0,0,0,0,0,3348,0,774,227
2026,2,FEB,2026-02-15T00:00:00Z,Spain Canaries,COUNTRY (FIR),1358,8,0,8,0,0,0,0,0,0,0,0,0,0,0,0,0,0,1,0
2026,2,FEB,2026-02-15T00:00:00Z,Spain Continental,COUNTRY (FIR),5938,9735,0,6387,0,0,0,0,0,0,0,0,0,0,0,0,3348,0,773,227
2026,2,FEB,2026-02-15T00:00:00Z,Sweden,COUNTRY (FIR),1778,,,,,,,,,,,,,,,,,,,
2026,2,FEB,2026-02-15T00:00:00Z,Switzerland,COUNTRY (FIR),3112,98,0,98,0,0,0,0,0,0,0,0,0,0,0,0,0,0,5,3
2026,2,FEB,2026-02-15T00:00:00Z,Türkiye,COUNTRY (FIR),4627,,,,,,,,,,,,,,,,,,,
2026,2,FEB,2026-02-15T00:00:00Z,UK Continental,COUNTRY (FIR),6483,1327,0,660,0,0,0,0,0,0,0,0,0,667,0,0,0,0,132,22
2026,2,FEB,2026-02-15T00:00:00Z,UK Oceanic,COUNTRY (FIR),1283,,,,,,,,,,,,,,,,,,,
2026,2,FEB,2026-02-15T00:00:00Z,UK-Ireland FAB,FAB (FIR),6583,1327,0,660,0,0,0,0,0,0,0,0,0,667,0,0,0,0,132,22
2026,2,FEB,2026-02-15T00:00:00Z,United Kingdom,COUNTRY (FIR),6659,1327,0,660,0,0,0,0,0,0,0,0,0,667,0,0,0,0,132,22
2026,2,FEB,2026-02-16T00:00:00Z,Albania,COUNTRY (FIR),757,,,,,,,,,,,,,,,,,,,
2026,2,FEB,2026-02-16T00:00:00Z,Armenia,COUNTRY (FIR),429,,,,,,,,,,,,,,,,,,,
2026,2,FEB,2026-02-16T00:00:00Z,Austria,COUNTRY (FIR),3805,,,,,,,,,,,,,,,,,,,
2026,2,FEB,2026-02-16T00:00:00Z,BLUE MED FAB,FAB (FIR),7354,149,0,149,0,0,0,0,0,0,0,0,0,0,0,0,0,0,15,3
2026,2,FEB,2026-02-16T00:00:00Z,Baltic FAB,FAB (FIR),2221,0,0,0,0,0,0,0,0,0,0,0,0,0,0,0,0,0,0,0
2026,2,FEB,2026-02-16T00:00:00Z,Belgium,COUNTRY (FIR),3296,,,,,,,,,,,,,,,,,,,
2026,2,FEB,2026-02-16T00:00:00Z,Bosnia and Herzegovina,COUNTRY (FIR),1249,,,,,,,,,,,,,,,,,,,
2026,2,FEB,2026-02-16T00:00:00Z,Bulgaria,COUNTRY (FIR),2468,,,,,,,,,,,,,,,,,,,
2026,2,FEB,2026-02-16T00:00:00Z,Croatia,COUNTRY (FIR),1988,,,,,,,,,,,,,,,,,,,
2026,2,FEB,2026-02-16T00:00:00Z,Cyprus,COUNTRY (FIR),1231,149,0,149,0,0,0,0,0,0,0,0,0,0,0,0,0,0,15,3
2026,2,FEB,2026-02-16T00:00:00Z,Czech Republic,COUNTRY (FIR),1922,0,0,0,0,0,0,0,0,0,0,0,0,0,0,0,0,0,0,0
2026,2,FEB,2026-02-16T00:00:00Z,DANUBE FAB,FAB (FIR),3002,,,,,,,,,,,,,,,,,,,
2026,2,FEB,2026-02-16T00:00:00Z,DK-SE FAB,FAB (FIR),2426,0,0,0,0,0,0,0,0,0,0,0,0,0,0,0,0,0,0,0
2026,2,FEB,2026-02-16T00:00:00Z,Denmark,COUNTRY (FIR),1616,0,0,0,0,0,0,0,0,0,0,0,0,0,0,0,0,0,0,0
2026,2,FEB,2026-02-16T00:00:00Z,Estonia,COUNTRY (FIR),406,,,,,,,,,,,,,,,,,,,
2026,2,FEB,2026-02-16T00:00:00Z,FAB CE,FAB (FIR),6257,161,0,0,0,0,0,0,0,0,0,0,0,161,0,0,0,0,14,2
2026,2,FEB,2026-02-16T00:00:00Z,FAB CE (SES RP1),FAB (FIR),5585,161,0,0,0,0,0,0,0,0,0,0,0,161,0,0,0,0,14,2
2026,2,FEB,2026-02-16T00:00:00Z,FAB CE (SES RP2),FAB (FIR),6232,161,0,0,0,0,0,0,0,0,0,0,0,161,0,0,0,0,14,2
2026,2,FEB,2026-02-16T00:00:00Z,FABEC,FAB (FIR),15096,5004,0,2319,0,0,0,0,0,0,0,0,0,1320,163,0,1202,0,455,90
2026,2,FEB,2026-02-16T00:00:00Z,Finland,COUNTRY (FIR),645,,,,,,,,,,,,,,,,,,,
2026,2,FEB,2026-02-16T00:00:00Z,France,COUNTRY (FIR),8675,1549,0,895,0,0,0,0,0,0,0,0,0,491,163,0,0,0,171,24
2026,2,FEB,2026-02-16T00:00:00Z,Georgia,COUNTRY (FIR),644,52,0,52,0,0,0,0,0,0,0,0,0,0,0,0,0,0,11,0
2026,2,FEB,2026-02-16T00:00:00Z,Germany,COUNTRY (FIR),7471,2905,0,1424,0,0,0,0,0,0,0,0,0,829,0,0,652,0,245,53
2026,2,FEB,2026-02-16T00:00:00Z,Greece,COUNTRY (FIR),2306,0,0,0,0,0,0,0,0,0,0,0,0,0,0,0,0,0,0,0
2026,2,FEB,2026-02-16T00:00:00Z,Hungary,COUNTRY (FIR),2721,,,,,,,,,,,,,,,,,,,
2026,2,FEB,2026-02-16T00:00:00Z,Iceland,COUNTRY (FIR),437,,,,,,,,,,,,,,,,,,,
2026,2,FEB,2026-02-16T00:00:00Z,Ireland,COUNTRY (FIR),1516,98,0,0,0,0,0,0,0,0,0,0,0,98,0,0,0,0,11,2
2026,2,FEB,2026-02-16T00:00:00Z,Italy,COUNTRY (FIR),5312,0,0,0,0,0,0,0,0,0,0,0,0,0,0,0,0,0,0,0
2026,2,FEB,2026-02-16T00:00:00Z,Latvia,COUNTRY (FIR),553,,,,,,,,,,,,,,,,,,,
2026,2,FEB,2026-02-16T00:00:00Z,Lithuania,COUNTRY (FIR),512,,,,,,,,,,,,,,,,,,,
2026,2,FEB,2026-02-16T00:00:00Z,Malta,COUNTRY (FIR),488,,,,,,,,,,,,,,,,,,,
2026,2,FEB,2026-02-16T00:00:00Z,Moldova,COUNTRY (FIR),103,,,,,,,,,,,,,,,,,,,
2026,2,FEB,2026-02-16T00:00:00Z,NEFAB,FAB (FIR),2474,,,,,,,,,,,,,,,,,,,
2026,2,FEB,2026-02-16T00:00:00Z,Netherlands,COUNTRY (FIR),3146,0,0,0,0,0,0,0,0,0,0,0,0,0,0,0,0,0,0,0
2026,2,FEB,2026-02-16T00:00:00Z,North Macedonia,COUNTRY (FIR),584,,,,,,,,,,,,,,,,,,,
2026,2,FEB,2026-02-16T00:00:00Z,Norway,COUNTRY (FIR),1508,,,,,,,,,,,,,,,,,,,
2026,2,FEB,2026-02-16T00:00:00Z,Poland,COUNTRY (FIR),2056,0,0,0,0,0,0,0,0,0,0,0,0,0,0,0,0,0,0,0
2026,2,FEB,2026-02-16T00:00:00Z,Portugal,COUNTRY (FIR),2211,943,0,943,0,0,0,0,0,0,0,0,0,0,0,0,0,0,78,20
2026,2,FEB,2026-02-16T00:00:00Z,Portugal Continental,COUNTRY (FIR),1983,943,0,943,0,0,0,0,0,0,0,0,0,0,0,0,0,0,78,20
2026,2,FEB,2026-02-16T00:00:00Z,Portugal Santa Maria,COUNTRY (FIR),512,,,,,,,,,,,,,,,,,,,
2026,2,FEB,2026-02-16T00:00:00Z,Romania,COUNTRY (FIR),2101,,,,,,,,,,,,,,,,,,,
2026,2,FEB,2026-02-16T00:00:00Z,SES Area (RP2),AREA (FIR),25491,12637,0,7908,0,0,0,0,0,0,0,0,0,3328,163,0,1238,0,1212,233
2026,2,FEB,2026-02-16T00:00:00Z,SW FAB,FAB (FIR),6318,4327,0,3617,0,0,0,0,0,0,0,0,0,674,0,0,36,0,414,90
2026,2,FEB,2026-02-16T00:00:00Z,Serbia/Montenegro,COUNTRY (FIR),2170,,,,,,,,,,,,,,,,,,,
2026,2,FEB,2026-02-16T00:00:00Z,Slovakia,COUNTRY (FIR),1292,,,,,,,,,,,,,,,,,,,
2026,2,FEB,2026-02-16T00:00:00Z,Slovenia,COUNTRY (FIR),1214,161,0,0,0,0,0,0,0,0,0,0,0,161,0,0,0,0,14,2
2026,2,FEB,2026-02-16T00:00:00Z,Spain,COUNTRY (FIR),6120,3384,0,2674,0,0,0,0,0,0,0,0,0,674,0,0,36,0,336,70
2026,2,FEB,2026-02-16T00:00:00Z,Spain Canaries,COUNTRY (FIR),1197,,,,,,,,,,,,,,,,,,,
2026,2,FEB,2026-02-16T00:00:00Z,Spain Continental,COUNTRY (FIR),5731,3384,0,2674,0,0,0,0,0,0,0,0,0,674,0,0,36,0,336,70
2026,2,FEB,2026-02-16T00:00:00Z,Sweden,COUNTRY (FIR),1604,,,,,,,,,,,,,,,,,,,
2026,2,FEB,2026-02-16T00:00:00Z,Switzerland,COUNTRY (FIR),2854,550,0,0,0,0,0,0,0,0,0,0,0,0,0,0,550,0,39,13
2026,2,FEB,2026-02-16T00:00:00Z,Türkiye,COUNTRY (FIR),4360,,,,,,,,,,,,,,,,,,,
2026,2,FEB,2026-02-16T00:00:00Z,UK Continental,COUNTRY (FIR),6549,2898,0,1823,0,0,0,0,0,0,0,0,0,1075,0,0,0,0,303,46
2026,2,FEB,2026-02-16T00:00:00Z,UK Oceanic,COUNTRY (FIR),1281,,,,,,,,,,,,,,,,,,,
2026,2,FEB,2026-02-16T00:00:00Z,UK-Ireland FAB,FAB (FIR),6663,2996,0,1823,0,0,0,0,0,0,0,0,0,1173,0,0,0,0,314,48
2026,2,FEB,2026-02-16T00:00:00Z,United Kingdom,COUNTRY (FIR),6754,2898,0,1823,0,0,0,0,0,0,0,0,0,1075,0,0,0,0,303,46
2026,2,FEB,2026-02-17T00:00:00Z,Albania,COUNTRY (FIR),653,,,,,,,,,,,,,,,,,,,
2026,2,FEB,2026-02-17T00:00:00Z,Armenia,COUNTRY (FIR),422,,,,,,,,,,,,,,,,,,,
2026,2,FEB,2026-02-17T00:00:00Z,Austria,COUNTRY (FIR),3195,,,,,,,,,,,,,,,,,,,
2026,2,FEB,2026-02-17T00:00:00Z,BLUE MED FAB,FAB (FIR),6095,0,0,0,0,0,0,0,0,0,0,0,0,0,0,0,0,0,0,0
2026,2,FEB,2026-02-17T00:00:00Z,Baltic FAB,FAB (FIR),1792,0,0,0,0,0,0,0,0,0,0,0,0,0,0,0,0,0,0,0
2026,2,FEB,2026-02-17T00:00:00Z,Belgium,COUNTRY (FIR),2758,,,,,,,,,,,,,,,,,,,
2026,2,FEB,2026-02-17T00:00:00Z,Bosnia and Herzegovina,COUNTRY (FIR),990,,,,,,,,,,,,,,,,,,,
2026,2,FEB,2026-02-17T00:00:00Z,Bulgaria,COUNTRY (FIR),2414,,,,,,,,,,,,,,,,,,,
2026,2,FEB,2026-02-17T00:00:00Z,Croatia,COUNTRY (FIR),1660,,,,,,,,,,,,,,,,,,,
2026,2,FEB,2026-02-17T00:00:00Z,Cyprus,COUNTRY (FIR),1216,,,,,,,,,,,,,,,,,,,
2026,2,FEB,2026-02-17T00:00:00Z,Czech Republic,COUNTRY (FIR),1700,0,0,0,0,0,0,0,0,0,0,0,0,0,0,0,0,0,0,0
2026,2,FEB,2026-02-17T00:00:00Z,DANUBE FAB,FAB (FIR),2799,,,,,,,,,,,,,,,,,,,
2026,2,FEB,2026-02-17T00:00:00Z,DK-SE FAB,FAB (FIR),2189,,,,,,,,,,,,,,,,,,,
2026,2,FEB,2026-02-17T00:00:00Z,Denmark,COUNTRY (FIR),1468,,,,,,,,,,,,,,,,,,,
2026,2,FEB,2026-02-17T00:00:00Z,Estonia,COUNTRY (FIR),386,,,,,,,,,,,,,,,,,,,
2026,2,FEB,2026-02-17T00:00:00Z,FAB CE,FAB (FIR),5422,0,0,0,0,0,0,0,0,0,0,0,0,0,0,0,0,0,0,0
2026,2,FEB,2026-02-17T00:00:00Z,FAB CE (SES RP1),FAB (FIR),4873,0,0,0,0,0,0,0,0,0,0,0,0,0,0,0,0,0,0,0
2026,2,FEB,2026-02-17T00:00:00Z,FAB CE (SES RP2),FAB (FIR),5407,0,0,0,0,0,0,0,0,0,0,0,0,0,0,0,0,0,0,0
2026,2,FEB,2026-02-17T00:00:00Z,FABEC,FAB (FIR),13309,1484,0,0,0,0,0,0,0,0,0,0,0,908,219,0,357,0,125,23
2026,2,FEB,2026-02-17T00:00:00Z,Finland,COUNTRY (FIR),624,,,,,,,,,,,,,,,,,,,
2026,2,FEB,2026-02-17T00:00:00Z,France,COUNTRY (FIR),7603,1127,0,0,0,0,0,0,0,0,0,0,0,908,219,0,0,0,90,16
2026,2,FEB,2026-02-17T00:00:00Z,Georgia,COUNTRY (FIR),651,,,,,,,,,,,,,,,,,,,
2026,2,FEB,2026-02-17T00:00:00Z,Germany,COUNTRY (FIR),6578,0,0,0,0,0,0,0,0,0,0,0,0,0,0,0,0,0,0,0
2026,2,FEB,2026-02-17T00:00:00Z,Greece,COUNTRY (FIR),2091,0,0,0,0,0,0,0,0,0,0,0,0,0,0,0,0,0,0,0
2026,2,FEB,2026-02-17T00:00:00Z,Hungary,COUNTRY (FIR),2488,,,,,,,,,,,,,,,,,,,
2026,2,FEB,2026-02-17T00:00:00Z,Iceland,COUNTRY (FIR),411,,,,,,,,,,,,,,,,,,,
2026,2,FEB,2026-02-17T00:00:00Z,Ireland,COUNTRY (FIR),1272,0,0,0,0,0,0,0,0,0,0,0,0,0,0,0,0,0,0,0
2026,2,FEB,2026-02-17T00:00:00Z,Italy,COUNTRY (FIR),4268,0,0,0,0,0,0,0,0,0,0,0,0,0,0,0,0,0,0,0
2026,2,FEB,2026-02-17T00:00:00Z,Latvia,COUNTRY (FIR),501,,,,,,,,,,,,,,,,,,,
2026,2,FEB,2026-02-17T00:00:00Z,Lithuania,COUNTRY (FIR),462,,,,,,,,,,,,,,,,,,,
2026,2,FEB,2026-02-17T00:00:00Z,Malta,COUNTRY (FIR),414,,,,,,,,,,,,,,,,,,,
2026,2,FEB,2026-02-17T00:00:00Z,Moldova,COUNTRY (FIR),94,,,,,,,,,,,,,,,,,,,
2026,2,FEB,2026-02-17T00:00:00Z,NEFAB,FAB (FIR),2303,,,,,,,,,,,,,,,,,,,
2026,2,FEB,2026-02-17T00:00:00Z,Netherlands,COUNTRY (FIR),2782,0,0,0,0,0,0,0,0,0,0,0,0,0,0,0,0,0,0,0
2026,2,FEB,2026-02-17T00:00:00Z,North Macedonia,COUNTRY (FIR),440,,,,,,,,,,,,,,,,,,,
2026,2,FEB,2026-02-17T00:00:00Z,Norway,COUNTRY (FIR),1408,,,,,,,,,,,,,,,,,,,
2026,2,FEB,2026-02-17T00:00:00Z,Poland,COUNTRY (FIR),1656,0,0,0,0,0,0,0,0,0,0,0,0,0,0,0,0,0,0,0
2026,2,FEB,2026-02-17T00:00:00Z,Portugal,COUNTRY (FIR),1994,,,,,,,,,,,,,,,,,,,
2026,2,FEB,2026-02-17T00:00:00Z,Portugal Continental,COUNTRY (FIR),1754,,,,,,,,,,,,,,,,,,,
2026,2,FEB,2026-02-17T00:00:00Z,Portugal Santa Maria,COUNTRY (FIR),475,,,,,,,,,,,,,,,,,,,
2026,2,FEB,2026-02-17T00:00:00Z,Romania,COUNTRY (FIR),1994,,,,,,,,,,,,,,,,,,,
2026,2,FEB,2026-02-17T00:00:00Z,SES Area (RP2),AREA (FIR),22466,3264,0,1780,0,0,0,0,0,0,0,0,0,908,219,0,357,0,340,45
2026,2,FEB,2026-02-17T00:00:00Z,SW FAB,FAB (FIR),5579,1780,0,1780,0,0,0,0,0,0,0,0,0,0,0,0,0,0,215,22
2026,2,FEB,2026-02-17T00:00:00Z,Serbia/Montenegro,COUNTRY (FIR),1811,,,,,,,,,,,,,,,,,,,
2026,2,FEB,2026-02-17T00:00:00Z,Slovakia,COUNTRY (FIR),1233,,,,,,,,,,,,,,,,,,,
2026,2,FEB,2026-02-17T00:00:00Z,Slovenia,COUNTRY (FIR),1036,,,,,,,,,,,,,,,,,,,
2026,2,FEB,2026-02-17T00:00:00Z,Spain,COUNTRY (FIR),5403,1780,0,1780,0,0,0,0,0,0,0,0,0,0,0,0,0,0,215,22
2026,2,FEB,2026-02-17T00:00:00Z,Spain Canaries,COUNTRY (FIR),1269,53,0,53,0,0,0,0,0,0,0,0,0,0,0,0,0,0,5,1
2026,2,FEB,2026-02-17T00:00:00Z,Spain Continental,COUNTRY (FIR),4930,1727,0,1727,0,0,0,0,0,0,0,0,0,0,0,0,0,0,210,21
2026,2,FEB,2026-02-17T00:00:00Z,Sweden,COUNTRY (FIR),1528,,,,,,,,,,,,,,,,,,,
2026,2,FEB,2026-02-17T00:00:00Z,Switzerland,COUNTRY (FIR),2418,357,0,0,0,0,0,0,0,0,0,0,0,0,0,0,357,0,35,7
2026,2,FEB,2026-02-17T00:00:00Z,Türkiye,COUNTRY (FIR),4199,,,,,,,,,,,,,,,,,,,
2026,2,FEB,2026-02-17T00:00:00Z,UK Continental,COUNTRY (FIR),5463,0,0,0,0,0,0,0,0,0,0,0,0,0,0,0,0,0,0,0
2026,2,FEB,2026-02-17T00:00:00Z,UK Oceanic,COUNTRY (FIR),1263,,,,,,,,,,,,,,,,,,,
2026,2,FEB,2026-02-17T00:00:00Z,UK-Ireland FAB,FAB (FIR),5570,0,0,0,0,0,0,0,0,0,0,0,0,0,0,0,0,0,0,0
2026,2,FEB,2026-02-17T00:00:00Z,United Kingdom,COUNTRY (FIR),5721,0,0,0,0,0,0,0,0,0,0,0,0,0,0,0,0,0,0,0
2026,2,FEB,2026-02-18T00:00:00Z,Albania,COUNTRY (FIR),760,,,,,,,,,,,,,,,,,,,
2026,2,FEB,2026-02-18T00:00:00Z,Armenia,COUNTRY (FIR),406,,,,,,,,,,,,,,,,,,,
2026,2,FEB,2026-02-18T00:00:00Z,Austria,COUNTRY (FIR),3353,,,,,,,,,,,,,,,,,,,
2026,2,FEB,2026-02-18T00:00:00Z,BLUE MED FAB,FAB (FIR),6212,383,0,383,0,0,0,0,0,0,0,0,0,0,0,0,0,0,32,10
2026,2,FEB,2026-02-18T00:00:00Z,Baltic FAB,FAB (FIR),1783,0,0,0,0,0,0,0,0,0,0,0,0,0,0,0,0,0,0,0
2026,2,FEB,2026-02-18T00:00:00Z,Belgium,COUNTRY (FIR),2865,0,0,0,0,0,0,0,0,0,0,0,0,0,0,0,0,0,0,0
2026,2,FEB,2026-02-18T00:00:00Z,Bosnia and Herzegovina,COUNTRY (FIR),1057,,,,,,,,,,,,,,,,,,,
2026,2,FEB,2026-02-18T00:00:00Z,Bulgaria,COUNTRY (FIR),2290,,,,,,,,,,,,,,,,,,,
2026,2,FEB,2026-02-18T00:00:00Z,Croatia,COUNTRY (FIR),1707,,,,,,,,,,,,,,,,,,,
2026,2,FEB,2026-02-18T00:00:00Z,Cyprus,COUNTRY (FIR),1300,383,0,383,0,0,0,0,0,0,0,0,0,0,0,0,0,0,32,10
2026,2,FEB,2026-02-18T00:00:00Z,Czech Republic,COUNTRY (FIR),1710,,,,,,,,,,,,,,,,,,,
2026,2,FEB,2026-02-18T00:00:00Z,DANUBE FAB,FAB (FIR),2551,0,0,0,0,0,0,0,0,0,0,0,0,0,0,0,0,0,0,0
2026,2,FEB,2026-02-18T00:00:00Z,DK-SE FAB,FAB (FIR),2199,,,,,,,,,,,,,,,,,,,
2026,2,FEB,2026-02-18T00:00:00Z,Denmark,COUNTRY (FIR),1418,,,,,,,,,,,,,,,,,,,
2026,2,FEB,2026-02-18T00:00:00Z,Estonia,COUNTRY (FIR),404,,,,,,,,,,,,,,,,,,,
2026,2,FEB,2026-02-18T00:00:00Z,FAB CE,FAB (FIR),5486,,,,,,,,,,,,,,,,,,,
2026,2,FEB,2026-02-18T00:00:00Z,FAB CE (SES RP1),FAB (FIR),4953,,,,,,,,,,,,,,,,,,,
2026,2,FEB,2026-02-18T00:00:00Z,FAB CE (SES RP2),FAB (FIR),5469,,,,,,,,,,,,,,,,,,,
2026,2,FEB,2026-02-18T00:00:00Z,FABEC,FAB (FIR),13650,1346,0,1214,0,0,0,0,0,0,0,0,0,92,40,0,0,0,147,25
2026,2,FEB,2026-02-18T00:00:00Z,Finland,COUNTRY (FIR),658,,,,,,,,,,,,,,,,,,,
2026,2,FEB,2026-02-18T00:00:00Z,France,COUNTRY (FIR),7573,467,0,335,0,0,0,0,0,0,0,0,0,92,40,0,0,0,39,11
2026,2,FEB,2026-02-18T00:00:00Z,Georgia,COUNTRY (FIR),644,,,,,,,,,,,,,,,,,,,
2026,2,FEB,2026-02-18T00:00:00Z,Germany,COUNTRY (FIR),7018,879,0,879,0,0,0,0,0,0,0,0,0,0,0,0,0,0,108,14
2026,2,FEB,2026-02-18T00:00:00Z,Greece,COUNTRY (FIR),2169,0,0,0,0,0,0,0,0,0,0,0,0,0,0,0,0,0,0,0
2026,2,FEB,2026-02-18T00:00:00Z,Hungary,COUNTRY (FIR),2355,,,,,,,,,,,,,,,,,,,
2026,2,FEB,2026-02-18T00:00:00Z,Iceland,COUNTRY (FIR),389,,,,,,,,,,,,,,,,,,,
2026,2,FEB,2026-02-18T00:00:00Z,Ireland,COUNTRY (FIR),1199,,,,,,,,,,,,,,,,,,,
2026,2,FEB,2026-02-18T00:00:00Z,Italy,COUNTRY (FIR),4283,0,0,0,0,0,0,0,0,0,0,0,0,0,0,0,0,0,0,0
2026,2,FEB,2026-02-18T00:00:00Z,Latvia,COUNTRY (FIR),507,,,,,,,,,,,,,,,,,,,
2026,2,FEB,2026-02-18T00:00:00Z,Lithuania,COUNTRY (FIR),439,,,,,,,,,,,,,,,,,,,
2026,2,FEB,2026-02-18T00:00:00Z,Malta,COUNTRY (FIR),397,,,,,,,,,,,,,,,,,,,
2026,2,FEB,2026-02-18T00:00:00Z,Moldova,COUNTRY (FIR),76,,,,,,,,,,,,,,,,,,,
2026,2,FEB,2026-02-18T00:00:00Z,NEFAB,FAB (FIR),2454,,,,,,,,,,,,,,,,,,,
2026,2,FEB,2026-02-18T00:00:00Z,Netherlands,COUNTRY (FIR),2882,0,0,0,0,0,0,0,0,0,0,0,0,0,0,0,0,0,0,0
2026,2,FEB,2026-02-18T00:00:00Z,North Macedonia,COUNTRY (FIR),554,95,0,0,0,0,0,0,0,0,0,95,0,0,0,0,0,0,8,1
2026,2,FEB,2026-02-18T00:00:00Z,Norway,COUNTRY (FIR),1533,,,,,,,,,,,,,,,,,,,
2026,2,FEB,2026-02-18T00:00:00Z,Poland,COUNTRY (FIR),1664,0,0,0,0,0,0,0,0,0,0,0,0,0,0,0,0,0,0,0
2026,2,FEB,2026-02-18T00:00:00Z,Portugal,COUNTRY (FIR),2043,,,,,,,,,,,,,,,,,,,
2026,2,FEB,2026-02-18T00:00:00Z,Portugal Continental,COUNTRY (FIR),1831,,,,,,,,,,,,,,,,,,,
2026,2,FEB,2026-02-18T00:00:00Z,Portugal Santa Maria,COUNTRY (FIR),498,,,,,,,,,,,,,,,,,,,
2026,2,FEB,2026-02-18T00:00:00Z,Romania,COUNTRY (FIR),1767,0,0,0,0,0,0,0,0,0,0,0,0,0,0,0,0,0,0,0
2026,2,FEB,2026-02-18T00:00:00Z,SES Area (RP2),AREA (FIR),22976,1968,0,1836,0,0,0,0,0,0,0,0,0,92,40,0,0,0,206,37
2026,2,FEB,2026-02-18T00:00:00Z,SW FAB,FAB (FIR),5396,239,0,239,0,0,0,0,0,0,0,0,0,0,0,0,0,0,27,2
2026,2,FEB,2026-02-18T00:00:00Z,Serbia/Montenegro,COUNTRY (FIR),1893,,,,,,,,,,,,,,,,,,,
2026,2,FEB,2026-02-18T00:00:00Z,Slovakia,COUNTRY (FIR),1151,,,,,,,,,,,,,,,,,,,
2026,2,FEB,2026-02-18T00:00:00Z,Slovenia,COUNTRY (FIR),1134,,,,,,,,,,,,,,,,,,,
2026,2,FEB,2026-02-18T00:00:00Z,Spain,COUNTRY (FIR),5195,239,0,239,0,0,0,0,0,0,0,0,0,0,0,0,0,0,27,2
2026,2,FEB,2026-02-18T00:00:00Z,Spain Canaries,COUNTRY (FIR),1198,,,,,,,,,,,,,,,,,,,
2026,2,FEB,2026-02-18T00:00:00Z,Spain Continental,COUNTRY (FIR),4800,239,0,239,0,0,0,0,0,0,0,0,0,0,0,0,0,0,27,2
2026,2,FEB,2026-02-18T00:00:00Z,Sweden,COUNTRY (FIR),1633,,,,,,,,,,,,,,,,,,,
2026,2,FEB,2026-02-18T00:00:00Z,Switzerland,COUNTRY (FIR),2561,0,0,0,0,0,0,0,0,0,0,0,0,0,0,0,0,0,0,0
2026,2,FEB,2026-02-18T00:00:00Z,Türkiye,COUNTRY (FIR),4119,,,,,,,,,,,,,,,,,,,
2026,2,FEB,2026-02-18T00:00:00Z,UK Continental,COUNTRY (FIR),5498,0,0,0,0,0,0,0,0,0,0,0,0,0,0,0,0,0,0,0
2026,2,FEB,2026-02-18T00:00:00Z,UK Oceanic,COUNTRY (FIR),1243,,,,,,,,,,,,,,,,,,,
2026,2,FEB,2026-02-18T00:00:00Z,UK-Ireland FAB,FAB (FIR),5600,0,0,0,0,0,0,0,0,0,0,0,0,0,0,0,0,0,0,0
2026,2,FEB,2026-02-18T00:00:00Z,United Kingdom,COUNTRY (FIR),5704,0,0,0,0,0,0,0,0,0,0,0,0,0,0,0,0,0,0,0
2026,2,FEB,2026-02-19T00:00:00Z,Albania,COUNTRY (FIR),815,,,,,,,,,,,,,,,,,,,
2026,2,FEB,2026-02-19T00:00:00Z,Armenia,COUNTRY (FIR),400,,,,,,,,,,,,,,,,,,,
2026,2,FEB,2026-02-19T00:00:00Z,Austria,COUNTRY (FIR),3527,0,0,0,0,0,0,0,0,0,0,0,0,0,0,0,0,0,0,0
2026,2,FEB,2026-02-19T00:00:00Z,BLUE MED FAB,FAB (FIR),7000,0,0,0,0,0,0,0,0,0,0,0,0,0,0,0,0,0,0,0
2026,2,FEB,2026-02-19T00:00:00Z,Baltic FAB,FAB (FIR),2075,0,0,0,0,0,0,0,0,0,0,0,0,0,0,0,0,0,0,0
2026,2,FEB,2026-02-19T00:00:00Z,Belgium,COUNTRY (FIR),3097,393,0,0,0,0,0,0,0,0,0,0,0,0,0,0,393,0,46,6
2026,2,FEB,2026-02-19T00:00:00Z,Bosnia and Herzegovina,COUNTRY (FIR),1220,,,,,,,,,,,,,,,,,,,
2026,2,FEB,2026-02-19T00:00:00Z,Bulgaria,COUNTRY (FIR),2421,,,,,,,,,,,,,,,,,,,
2026,2,FEB,2026-02-19T00:00:00Z,Croatia,COUNTRY (FIR),1964,,,,,,,,,,,,,,,,,,,
2026,2,FEB,2026-02-19T00:00:00Z,Cyprus,COUNTRY (FIR),1258,,,,,,,,,,,,,,,,,,,
2026,2,FEB,2026-02-19T00:00:00Z,Czech Republic,COUNTRY (FIR),1952,,,,,,,,,,,,,,,,,,,
2026,2,FEB,2026-02-19T00:00:00Z,DANUBE FAB,FAB (FIR),2911,,,,,,,,,,,,,,,,,,,
2026,2,FEB,2026-02-19T00:00:00Z,DK-SE FAB,FAB (FIR),2436,0,0,0,0,0,0,0,0,0,0,0,0,0,0,0,0,0,0,0
2026,2,FEB,2026-02-19T00:00:00Z,Denmark,COUNTRY (FIR),1555,0,0,0,0,0,0,0,0,0,0,0,0,0,0,0,0,0,0,0
2026,2,FEB,2026-02-19T00:00:00Z,Estonia,COUNTRY (FIR),420,,,,,,,,,,,,,,,,,,,
2026,2,FEB,2026-02-19T00:00:00Z,FAB CE,FAB (FIR),5995,0,0,0,0,0,0,0,0,0,0,0,0,0,0,0,0,0,0,0
2026,2,FEB,2026-02-19T00:00:00Z,FAB CE (SES RP1),FAB (FIR),5346,0,0,0,0,0,0,0,0,0,0,0,0,0,0,0,0,0,0,0
2026,2,FEB,2026-02-19T00:00:00Z,FAB CE (SES RP2),FAB (FIR),5982,0,0,0,0,0,0,0,0,0,0,0,0,0,0,0,0,0,0,0
2026,2,FEB,2026-02-19T00:00:00Z,FABEC,FAB (FIR),14383,1690,0,526,0,0,0,0,146,0,0,0,0,15,106,0,897,0,167,32
2026,2,FEB,2026-02-19T00:00:00Z,Finland,COUNTRY (FIR),692,,,,,,,,,,,,,,,,,,,
2026,2,FEB,2026-02-19T00:00:00Z,France,COUNTRY (FIR),8253,341,0,220,0,0,0,0,0,0,0,0,0,15,106,0,0,0,45,5
2026,2,FEB,2026-02-19T00:00:00Z,Georgia,COUNTRY (FIR),621,153,0,153,0,0,0,0,0,0,0,0,0,0,0,0,0,0,12,2
2026,2,FEB,2026-02-19T00:00:00Z,Germany,COUNTRY (FIR),7238,956,0,306,0,0,0,0,146,0,0,0,0,0,0,0,504,0,76,21
2026,2,FEB,2026-02-19T00:00:00Z,Greece,COUNTRY (FIR),2338,0,0,0,0,0,0,0,0,0,0,0,0,0,0,0,0,0,0,0
2026,2,FEB,2026-02-19T00:00:00Z,Hungary,COUNTRY (FIR),2599,,,,,,,,,,,,,,,,,,,
2026,2,FEB,2026-02-19T00:00:00Z,Iceland,COUNTRY (FIR),457,,,,,,,,,,,,,,,,,,,
2026,2,FEB,2026-02-19T00:00:00Z,Ireland,COUNTRY (FIR),1297,0,0,0,0,0,0,0,0,0,0,0,0,0,0,0,0,0,0,0
2026,2,FEB,2026-02-19T00:00:00Z,Italy,COUNTRY (FIR),4975,0,0,0,0,0,0,0,0,0,0,0,0,0,0,0,0,0,0,0
2026,2,FEB,2026-02-19T00:00:00Z,Latvia,COUNTRY (FIR),548,,,,,,,,,,,,,,,,,,,
2026,2,FEB,2026-02-19T00:00:00Z,Lithuania,COUNTRY (FIR),494,,,,,,,,,,,,,,,,,,,
2026,2,FEB,2026-02-19T00:00:00Z,Malta,COUNTRY (FIR),463,,,,,,,,,,,,,,,,,,,
2026,2,FEB,2026-02-19T00:00:00Z,Moldova,COUNTRY (FIR),92,,,,,,,,,,,,,,,,,,,
2026,2,FEB,2026-02-19T00:00:00Z,NEFAB,FAB (FIR),2593,,,,,,,,,,,,,,,,,,,
2026,2,FEB,2026-02-19T00:00:00Z,Netherlands,COUNTRY (FIR),2923,0,0,0,0,0,0,0,0,0,0,0,0,0,0,0,0,0,0,0
2026,2,FEB,2026-02-19T00:00:00Z,North Macedonia,COUNTRY (FIR),576,,,,,,,,,,,,,,,,,,,
2026,2,FEB,2026-02-19T00:00:00Z,Norway,COUNTRY (FIR),1615,,,,,,,,,,,,,,,,,,,
2026,2,FEB,2026-02-19T00:00:00Z,Poland,COUNTRY (FIR),1932,0,0,0,0,0,0,0,0,0,0,0,0,0,0,0,0,0,0,0
2026,2,FEB,2026-02-19T00:00:00Z,Portugal,COUNTRY (FIR),2243,0,0,0,0,0,0,0,0,0,0,0,0,0,0,0,0,0,0,0
2026,2,FEB,2026-02-19T00:00:00Z,Portugal Continental,COUNTRY (FIR),2023,0,0,0,0,0,0,0,0,0,0,0,0,0,0,0,0,0,0,0
2026,2,FEB,2026-02-19T00:00:00Z,Portugal Santa Maria,COUNTRY (FIR),526,,,,,,,,,,,,,,,,,,,
2026,2,FEB,2026-02-19T00:00:00Z,Romania,COUNTRY (FIR),2094,,,,,,,,,,,,,,,,,,,
2026,2,FEB,2026-02-19T00:00:00Z,SES Area (RP2),AREA (FIR),24700,5529,0,4073,0,0,0,0,146,0,0,0,0,307,106,0,897,0,566,104
2026,2,FEB,2026-02-19T00:00:00Z,SW FAB,FAB (FIR),6104,2416,0,2416,0,0,0,0,0,0,0,0,0,0,0,0,0,0,263,44
2026,2,FEB,2026-02-19T00:00:00Z,Serbia/Montenegro,COUNTRY (FIR),2060,,,,,,,,,,,,,,,,,,,
2026,2,FEB,2026-02-19T00:00:00Z,Slovakia,COUNTRY (FIR),1332,,,,,,,,,,,,,,,,,,,
2026,2,FEB,2026-02-19T00:00:00Z,Slovenia,COUNTRY (FIR),1169,,,,,,,,,,,,,,,,,,,
2026,2,FEB,2026-02-19T00:00:00Z,Spain,COUNTRY (FIR),5909,2416,0,2416,0,0,0,0,0,0,0,0,0,0,0,0,0,0,263,44
2026,2,FEB,2026-02-19T00:00:00Z,Spain Canaries,COUNTRY (FIR),1250,59,0,59,0,0,0,0,0,0,0,0,0,0,0,0,0,0,1,1
2026,2,FEB,2026-02-19T00:00:00Z,Spain Continental,COUNTRY (FIR),5525,2357,0,2357,0,0,0,0,0,0,0,0,0,0,0,0,0,0,262,43
2026,2,FEB,2026-02-19T00:00:00Z,Sweden,COUNTRY (FIR),1768,,,,,,,,,,,,,,,,,,,
2026,2,FEB,2026-02-19T00:00:00Z,Switzerland,COUNTRY (FIR),2656,,,,,,,,,,,,,,,,,,,
2026,2,FEB,2026-02-19T00:00:00Z,Türkiye,COUNTRY (FIR),4166,,,,,,,,,,,,,,,,,,,
2026,2,FEB,2026-02-19T00:00:00Z,UK Continental,COUNTRY (FIR),6055,1423,0,1131,0,0,0,0,0,0,0,0,0,292,0,0,0,0,136,28
2026,2,FEB,2026-02-19T00:00:00Z,UK Oceanic,COUNTRY (FIR),1329,,,,,,,,,,,,,,,,,,,
2026,2,FEB,2026-02-19T00:00:00Z,UK-Ireland FAB,FAB (FIR),6183,1423,0,1131,0,0,0,0,0,0,0,0,0,292,0,0,0,0,136,28
2026,2,FEB,2026-02-19T00:00:00Z,United Kingdom,COUNTRY (FIR),6316,1423,0,1131,0,0,0,0,0,0,0,0,0,292,0,0,0,0,136,28
2026,2,FEB,2026-02-20T00:00:00Z,Albania,COUNTRY (FIR),839,,,,,,,,,,,,,,,,,,,
2026,2,FEB,2026-02-20T00:00:00Z,Armenia,COUNTRY (FIR),443,,,,,,,,,,,,,,,,,,,
2026,2,FEB,2026-02-20T00:00:00Z,Austria,COUNTRY (FIR),3645,0,0,0,0,0,0,0,0,0,0,0,0,0,0,0,0,0,0,0
2026,2,FEB,2026-02-20T00:00:00Z,BLUE MED FAB,FAB (FIR),7442,0,0,0,0,0,0,0,0,0,0,0,0,0,0,0,0,0,0,0
2026,2,FEB,2026-02-20T00:00:00Z,Baltic FAB,FAB (FIR),2242,0,0,0,0,0,0,0,0,0,0,0,0,0,0,0,0,0,0,0
2026,2,FEB,2026-02-20T00:00:00Z,Belgium,COUNTRY (FIR),3293,0,0,0,0,0,0,0,0,0,0,0,0,0,0,0,0,0,0,0
2026,2,FEB,2026-02-20T00:00:00Z,Bosnia and Herzegovina,COUNTRY (FIR),1276,,,,,,,,,,,,,,,,,,,
2026,2,FEB,2026-02-20T00:00:00Z,Bulgaria,COUNTRY (FIR),2525,,,,,,,,,,,,,,,,,,,
2026,2,FEB,2026-02-20T00:00:00Z,Croatia,COUNTRY (FIR),2108,,,,,,,,,,,,,,,,,,,
2026,2,FEB,2026-02-20T00:00:00Z,Cyprus,COUNTRY (FIR),1138,,,,,,,,,,,,,,,,,,,
2026,2,FEB,2026-02-20T00:00:00Z,Czech Republic,COUNTRY (FIR),2050,,,,,,,,,,,,,,,,,,,
2026,2,FEB,2026-02-20T00:00:00Z,DANUBE FAB,FAB (FIR),3079,,,,,,,,,,,,,,,,,,,
2026,2,FEB,2026-02-20T00:00:00Z,DK-SE FAB,FAB (FIR),2481,,,,,,,,,,,,,,,,,,,
2026,2,FEB,2026-02-20T00:00:00Z,Denmark,COUNTRY (FIR),1615,,,,,,,,,,,,,,,,,,,
2026,2,FEB,2026-02-20T00:00:00Z,Estonia,COUNTRY (FIR),422,,,,,,,,,,,,,,,,,,,
2026,2,FEB,2026-02-20T00:00:00Z,FAB CE,FAB (FIR),6346,0,0,0,0,0,0,0,0,0,0,0,0,0,0,0,0,0,0,0
2026,2,FEB,2026-02-20T00:00:00Z,FAB CE (SES RP1),FAB (FIR),5616,0,0,0,0,0,0,0,0,0,0,0,0,0,0,0,0,0,0,0
2026,2,FEB,2026-02-20T00:00:00Z,FAB CE (SES RP2),FAB (FIR),6321,0,0,0,0,0,0,0,0,0,0,0,0,0,0,0,0,0,0,0
2026,2,FEB,2026-02-20T00:00:00Z,FABEC,FAB (FIR),15961,7230,0,3940,0,0,0,0,0,0,0,0,0,2413,151,0,726,0,716,129
2026,2,FEB,2026-02-20T00:00:00Z,Finland,COUNTRY (FIR),659,,,,,,,,,,,,,,,,,,,
2026,2,FEB,2026-02-20T00:00:00Z,France,COUNTRY (FIR),9254,4187,0,1952,0,0,0,0,0,0,0,0,0,2084,151,0,0,0,439,68
2026,2,FEB,2026-02-20T00:00:00Z,Georgia,COUNTRY (FIR),667,118,0,118,0,0,0,0,0,0,0,0,0,0,0,0,0,0,15,0
2026,2,FEB,2026-02-20T00:00:00Z,Germany,COUNTRY (FIR),7897,1864,0,1864,0,0,0,0,0,0,0,0,0,0,0,0,0,0,186,33
2026,2,FEB,2026-02-20T00:00:00Z,Greece,COUNTRY (FIR),2256,0,0,0,0,0,0,0,0,0,0,0,0,0,0,0,0,0,0,0
2026,2,FEB,2026-02-20T00:00:00Z,Hungary,COUNTRY (FIR),2714,,,,,,,,,,,,,,,,,,,
2026,2,FEB,2026-02-20T00:00:00Z,Iceland,COUNTRY (FIR),458,,,,,,,,,,,,,,,,,,,
2026,2,FEB,2026-02-20T00:00:00Z,Ireland,COUNTRY (FIR),1456,0,0,0,0,0,0,0,0,0,0,0,0,0,0,0,0,0,0,0
2026,2,FEB,2026-02-20T00:00:00Z,Italy,COUNTRY (FIR),5533,0,0,0,0,0,0,0,0,0,0,0,0,0,0,0,0,0,0,0
2026,2,FEB,2026-02-20T00:00:00Z,Latvia,COUNTRY (FIR),593,0,0,0,0,0,0,0,0,0,0,0,0,0,0,0,0,0,0,0
2026,2,FEB,2026-02-20T00:00:00Z,Lithuania,COUNTRY (FIR),538,,,,,,,,,,,,,,,,,,,
2026,2,FEB,2026-02-20T00:00:00Z,Malta,COUNTRY (FIR),447,,,,,,,,,,,,,,,,,,,
2026,2,FEB,2026-02-20T00:00:00Z,Moldova,COUNTRY (FIR),112,,,,,,,,,,,,,,,,,,,
2026,2,FEB,2026-02-20T00:00:00Z,NEFAB,FAB (FIR),2524,41,0,0,0,0,0,0,0,0,0,41,0,0,0,0,0,0,5,0
2026,2,FEB,2026-02-20T00:00:00Z,Netherlands,COUNTRY (FIR),3283,33,0,33,0,0,0,0,0,0,0,0,0,0,0,0,0,0,5,0
2026,2,FEB,2026-02-20T00:00:00Z,North Macedonia,COUNTRY (FIR),573,,,,,,,,,,,,,,,,,,,
2026,2,FEB,2026-02-20T00:00:00Z,Norway,COUNTRY (FIR),1540,41,0,0,0,0,0,0,0,0,0,41,0,0,0,0,0,0,5,0
2026,2,FEB,2026-02-20T00:00:00Z,Poland,COUNTRY (FIR),2071,0,0,0,0,0,0,0,0,0,0,0,0,0,0,0,0,0,0,0
2026,2,FEB,2026-02-20T00:00:00Z,Portugal,COUNTRY (FIR),2273,0,0,0,0,0,0,0,0,0,0,0,0,0,0,0,0,0,0,0
2026,2,FEB,2026-02-20T00:00:00Z,Portugal Continental,COUNTRY (FIR),2028,0,0,0,0,0,0,0,0,0,0,0,0,0,0,0,0,0,0,0
2026,2,FEB,2026-02-20T00:00:00Z,Portugal Santa Maria,COUNTRY (FIR),558,,,,,,,,,,,,,,,,,,,
2026,2,FEB,2026-02-20T00:00:00Z,Romania,COUNTRY (FIR),2154,,,,,,,,,,,,,,,,,,,
2026,2,FEB,2026-02-20T00:00:00Z,SES Area (RP2),AREA (FIR),26581,11322,0,7837,0,0,0,0,0,0,0,195,0,2413,151,0,726,0,1120,195
2026,2,FEB,2026-02-20T00:00:00Z,SW FAB,FAB (FIR),6665,3897,0,3897,0,0,0,0,0,0,0,0,0,0,0,0,0,0,375,65
2026,2,FEB,2026-02-20T00:00:00Z,Serbia/Montenegro,COUNTRY (FIR),2216,,,,,,,,,,,,,,,,,,,
2026,2,FEB,2026-02-20T00:00:00Z,Slovakia,COUNTRY (FIR),1398,,,,,,,,,,,,,,,,,,,
2026,2,FEB,2026-02-20T00:00:00Z,Slovenia,COUNTRY (FIR),1253,,,,,,,,,,,,,,,,,,,
2026,2,FEB,2026-02-20T00:00:00Z,Spain,COUNTRY (FIR),6454,3897,0,3897,0,0,0,0,0,0,0,0,0,0,0,0,0,0,375,65
2026,2,FEB,2026-02-20T00:00:00Z,Spain Canaries,COUNTRY (FIR),1295,63,0,63,0,0,0,0,0,0,0,0,0,0,0,0,0,0,11,0
2026,2,FEB,2026-02-20T00:00:00Z,Spain Continental,COUNTRY (FIR),6006,3834,0,3834,0,0,0,0,0,0,0,0,0,0,0,0,0,0,364,65
2026,2,FEB,2026-02-20T00:00:00Z,Sweden,COUNTRY (FIR),1850,,,,,,,,,,,,,,,,,,,
2026,2,FEB,2026-02-20T00:00:00Z,Switzerland,COUNTRY (FIR),3028,1146,0,91,0,0,0,0,0,0,0,0,0,329,0,0,726,0,86,28
2026,2,FEB,2026-02-20T00:00:00Z,Türkiye,COUNTRY (FIR),4200,,,,,,,,,,,,,,,,,,,
2026,2,FEB,2026-02-20T00:00:00Z,UK Continental,COUNTRY (FIR),6681,154,0,0,0,0,0,0,0,0,0,154,0,0,0,0,0,0,24,1
2026,2,FEB,2026-02-20T00:00:00Z,UK Oceanic,COUNTRY (FIR),1307,,,,,,,,,,,,,,,,,,,
2026,2,FEB,2026-02-20T00:00:00Z,UK-Ireland FAB,FAB (FIR),6799,154,0,0,0,0,0,0,0,0,0,154,0,0,0,0,0,0,24,1
2026,2,FEB,2026-02-20T00:00:00Z,United Kingdom,COUNTRY (FIR),6932,154,0,0,0,0,0,0,0,0,0,154,0,0,0,0,0,0,24,1
2026,2,FEB,2026-02-21T00:00:00Z,Albania,COUNTRY (FIR),874,,,,,,,,,,,,,,,,,,,
2026,2,FEB,2026-02-21T00:00:00Z,Armenia,COUNTRY (FIR),410,,,,,,,,,,,,,,,,,,,
2026,2,FEB,2026-02-21T00:00:00Z,Austria,COUNTRY (FIR),3995,0,0,0,0,0,0,0,0,0,0,0,0,0,0,0,0,0,0,0
2026,2,FEB,2026-02-21T00:00:00Z,BLUE MED FAB,FAB (FIR),7177,1798,0,0,0,0,0,0,0,0,0,0,0,1798,0,0,0,0,168,32
2026,2,FEB,2026-02-21T00:00:00Z,Baltic FAB,FAB (FIR),2067,0,0,0,0,0,0,0,0,0,0,0,0,0,0,0,0,0,0,0
2026,2,FEB,2026-02-21T00:00:00Z,Belgium,COUNTRY (FIR),3257,46,0,46,0,0,0,0,0,0,0,0,0,0,0,0,0,0,10,0
2026,2,FEB,2026-02-21T00:00:00Z,Bosnia and Herzegovina,COUNTRY (FIR),1346,,,,,,,,,,,,,,,,,,,
2026,2,FEB,2026-02-21T00:00:00Z,Bulgaria,COUNTRY (FIR),2654,,,,,,,,,,,,,,,,,,,
2026,2,FEB,2026-02-21T00:00:00Z,Croatia,COUNTRY (FIR),2168,,,,,,,,,,,,,,,,,,,
2026,2,FEB,2026-02-21T00:00:00Z,Cyprus,COUNTRY (FIR),1139,,,,,,,,,,,,,,,,,,,
2026,2,FEB,2026-02-21T00:00:00Z,Czech Republic,COUNTRY (FIR),1960,,,,,,,,,,,,,,,,,,,
2026,2,FEB,2026-02-21T00:00:00Z,DANUBE FAB,FAB (FIR),3098,,,,,,,,,,,,,,,,,,,
2026,2,FEB,2026-02-21T00:00:00Z,DK-SE FAB,FAB (FIR),2175,,,,,,,,,,,,,,,,,,,
2026,2,FEB,2026-02-21T00:00:00Z,Denmark,COUNTRY (FIR),1510,,,,,,,,,,,,,,,,,,,
2026,2,FEB,2026-02-21T00:00:00Z,Estonia,COUNTRY (FIR),434,,,,,,,,,,,,,,,,,,,
2026,2,FEB,2026-02-21T00:00:00Z,FAB CE,FAB (FIR),6539,0,0,0,0,0,0,0,0,0,0,0,0,0,0,0,0,0,0,0
2026,2,FEB,2026-02-21T00:00:00Z,FAB CE (SES RP1),FAB (FIR),5796,0,0,0,0,0,0,0,0,0,0,0,0,0,0,0,0,0,0,0
2026,2,FEB,2026-02-21T00:00:00Z,FAB CE (SES RP2),FAB (FIR),6524,0,0,0,0,0,0,0,0,0,0,0,0,0,0,0,0,0,0,0
2026,2,FEB,2026-02-21T00:00:00Z,FABEC,FAB (FIR),14899,19764,0,12111,0,0,0,0,0,0,0,348,0,5884,0,0,1421,0,1483,423
2026,2,FEB,2026-02-21T00:00:00Z,Finland,COUNTRY (FIR),663,,,,,,,,,,,,,,,,,,,
2026,2,FEB,2026-02-21T00:00:00Z,France,COUNTRY (FIR),8976,12177,0,5945,0,0,0,0,0,0,0,348,0,5884,0,0,0,0,929,254
2026,2,FEB,2026-02-21T00:00:00Z,Georgia,COUNTRY (FIR),704,99,0,99,0,0,0,0,0,0,0,0,0,0,0,0,0,0,15,1
2026,2,FEB,2026-02-21T00:00:00Z,Germany,COUNTRY (FIR),7344,3656,0,3323,0,0,0,0,0,0,0,0,0,0,0,0,333,0,318,73
2026,2,FEB,2026-02-21T00:00:00Z,Greece,COUNTRY (FIR),2255,1798,0,0,0,0,0,0,0,0,0,0,0,1798,0,0,0,0,168,32
2026,2,FEB,2026-02-21T00:00:00Z,Hungary,COUNTRY (FIR),2694,,,,,,,,,,,,,,,,,,,
2026,2,FEB,2026-02-21T00:00:00Z,Iceland,COUNTRY (FIR),372,,,,,,,,,,,,,,,,,,,
2026,2,FEB,2026-02-21T00:00:00Z,Ireland,COUNTRY (FIR),1487,,,,,,,,,,,,,,,,,,,
2026,2,FEB,2026-02-21T00:00:00Z,Italy,COUNTRY (FIR),5298,,,,,,,,,,,,,,,,,,,
2026,2,FEB,2026-02-21T00:00:00Z,Latvia,COUNTRY (FIR),593,,,,,,,,,,,,,,,,,,,
2026,2,FEB,2026-02-21T00:00:00Z,Lithuania,COUNTRY (FIR),516,,,,,,,,,,,,,,,,,,,
2026,2,FEB,2026-02-21T00:00:00Z,Malta,COUNTRY (FIR),450,,,,,,,,,,,,,,,,,,,
2026,2,FEB,2026-02-21T00:00:00Z,Moldova,COUNTRY (FIR),109,,,,,,,,,,,,,,,,,,,
2026,2,FEB,2026-02-21T00:00:00Z,NEFAB,FAB (FIR),1991,,,,,,,,,,,,,,,,,,,
2026,2,FEB,2026-02-21T00:00:00Z,Netherlands,COUNTRY (FIR),3116,0,0,0,0,0,0,0,0,0,0,0,0,0,0,0,0,0,0,0
2026,2,FEB,2026-02-21T00:00:00Z,North Macedonia,COUNTRY (FIR),562,,,,,,,,,,,,,,,,,,,
2026,2,FEB,2026-02-21T00:00:00Z,Norway,COUNTRY (FIR),1032,,,,,,,,,,,,,,,,,,,
2026,2,FEB,2026-02-21T00:00:00Z,Poland,COUNTRY (FIR),1921,0,0,0,0,0,0,0,0,0,0,0,0,0,0,0,0,0,0,0
2026,2,FEB,2026-02-21T00:00:00Z,Portugal,COUNTRY (FIR),2496,625,0,26,0,0,0,0,0,0,379,220,0,0,0,0,0,0,79,12
2026,2,FEB,2026-02-21T00:00:00Z,Portugal Continental,COUNTRY (FIR),2232,625,0,26,0,0,0,0,0,0,379,220,0,0,0,0,0,0,79,12
2026,2,FEB,2026-02-21T00:00:00Z,Portugal Santa Maria,COUNTRY (FIR),549,,,,,,,,,,,,,,,,,,,
2026,2,FEB,2026-02-21T00:00:00Z,Romania,COUNTRY (FIR),2110,,,,,,,,,,,,,,,,,,,
2026,2,FEB,2026-02-21T00:00:00Z,SES Area (RP2),AREA (FIR),23576,27538,0,17379,0,0,0,0,0,0,379,568,0,7791,0,0,1421,0,2269,564
2026,2,FEB,2026-02-21T00:00:00Z,SW FAB,FAB (FIR),6497,5330,0,4731,0,0,0,0,0,0,379,220,0,0,0,0,0,0,550,97
2026,2,FEB,2026-02-21T00:00:00Z,Serbia/Montenegro,COUNTRY (FIR),2316,,,,,,,,,,,,,,,,,,,
2026,2,FEB,2026-02-21T00:00:00Z,Slovakia,COUNTRY (FIR),1384,,,,,,,,,,,,,,,,,,,
2026,2,FEB,2026-02-21T00:00:00Z,Slovenia,COUNTRY (FIR),1278,,,,,,,,,,,,,,,,,,,
2026,2,FEB,2026-02-21T00:00:00Z,Spain,COUNTRY (FIR),6293,4705,0,4705,0,0,0,0,0,0,0,0,0,0,0,0,0,0,471,85
2026,2,FEB,2026-02-21T00:00:00Z,Spain Canaries,COUNTRY (FIR),1520,0,0,0,0,0,0,0,0,0,0,0,0,0,0,0,0,0,0,0
2026,2,FEB,2026-02-21T00:00:00Z,Spain Continental,COUNTRY (FIR),5893,4705,0,4705,0,0,0,0,0,0,0,0,0,0,0,0,0,0,471,85
2026,2,FEB,2026-02-21T00:00:00Z,Sweden,COUNTRY (FIR),1647,,,,,,,,,,,,,,,,,,,
2026,2,FEB,2026-02-21T00:00:00Z,Switzerland,COUNTRY (FIR),3075,3885,0,2797,0,0,0,0,0,0,0,0,0,0,0,0,1088,0,226,96
2026,2,FEB,2026-02-21T00:00:00Z,Türkiye,COUNTRY (FIR),4230,,,,,,,,,,,,,,,,,,,
2026,2,FEB,2026-02-21T00:00:00Z,UK Continental,COUNTRY (FIR),6470,646,0,537,0,0,0,0,0,0,0,0,0,109,0,0,0,0,68,12
2026,2,FEB,2026-02-21T00:00:00Z,UK Oceanic,COUNTRY (FIR),1435,,,,,,,,,,,,,,,,,,,
2026,2,FEB,2026-02-21T00:00:00Z,UK-Ireland FAB,FAB (FIR),6594,646,0,537,0,0,0,0,0,0,0,0,0,109,0,0,0,0,68,12
2026,2,FEB,2026-02-21T00:00:00Z,United Kingdom,COUNTRY (FIR),6759,646,0,537,0,0,0,0,0,0,0,0,0,109,0,0,0,0,68,12
2026,2,FEB,2026-02-22T00:00:00Z,Albania,COUNTRY (FIR),957,,,,,,,,,,,,,,,,,,,
2026,2,FEB,2026-02-22T00:00:00Z,Armenia,COUNTRY (FIR),454,,,,,,,,,,,,,,,,,,,
2026,2,FEB,2026-02-22T00:00:00Z,Austria,COUNTRY (FIR),4003,0,0,0,0,0,0,0,0,0,0,0,0,0,0,0,0,0,0,0
2026,2,FEB,2026-02-22T00:00:00Z,BLUE MED FAB,FAB (FIR),7754,427,0,0,0,0,0,0,0,0,0,0,0,427,0,0,0,0,63,5
2026,2,FEB,2026-02-22T00:00:00Z,Baltic FAB,FAB (FIR),2178,0,0,0,0,0,0,0,0,0,0,0,0,0,0,0,0,0,0,0
2026,2,FEB,2026-02-22T00:00:00Z,Belgium,COUNTRY (FIR),3371,,,,,,,,,,,,,,,,,,,
2026,2,FEB,2026-02-22T00:00:00Z,Bosnia and Herzegovina,COUNTRY (FIR),1452,,,,,,,,,,,,,,,,,,,
2026,2,FEB,2026-02-22T00:00:00Z,Bulgaria,COUNTRY (FIR),2646,,,,,,,,,,,,,,,,,,,
2026,2,FEB,2026-02-22T00:00:00Z,Croatia,COUNTRY (FIR),2320,,,,,,,,,,,,,,,,,,,
2026,2,FEB,2026-02-22T00:00:00Z,Cyprus,COUNTRY (FIR),1251,,,,,,,,,,,,,,,,,,,
2026,2,FEB,2026-02-22T00:00:00Z,Czech Republic,COUNTRY (FIR),2124,,,,,,,,,,,,,,,,,,,
2026,2,FEB,2026-02-22T00:00:00Z,DANUBE FAB,FAB (FIR),3177,,,,,,,,,,,,,,,,,,,
2026,2,FEB,2026-02-22T00:00:00Z,DK-SE FAB,FAB (FIR),2409,,,,,,,,,,,,,,,,,,,
2026,2,FEB,2026-02-22T00:00:00Z,Denmark,COUNTRY (FIR),1626,,,,,,,,,,,,,,,,,,,
2026,2,FEB,2026-02-22T00:00:00Z,Estonia,COUNTRY (FIR),407,,,,,,,,,,,,,,,,,,,
2026,2,FEB,2026-02-22T00:00:00Z,FAB CE,FAB (FIR),6770,0,0,0,0,0,0,0,0,0,0,0,0,0,0,0,0,0,0,0
2026,2,FEB,2026-02-22T00:00:00Z,FAB CE (SES RP1),FAB (FIR),5980,0,0,0,0,0,0,0,0,0,0,0,0,0,0,0,0,0,0,0
2026,2,FEB,2026-02-22T00:00:00Z,FAB CE (SES RP2),FAB (FIR),6759,0,0,0,0,0,0,0,0,0,0,0,0,0,0,0,0,0,0,0
2026,2,FEB,2026-02-22T00:00:00Z,FABEC,FAB (FIR),15778,14224,0,7110,0,0,0,0,69,0,318,406,0,6321,0,0,0,0,1170,285
2026,2,FEB,2026-02-22T00:00:00Z,Finland,COUNTRY (FIR),668,0,0,0,0,0,0,0,0,0,0,0,0,0,0,0,0,0,0,0
2026,2,FEB,2026-02-22T00:00:00Z,France,COUNTRY (FIR),9366,11432,0,4384,0,0,0,0,69,0,318,406,0,6255,0,0,0,0,934,231
2026,2,FEB,2026-02-22T00:00:00Z,Georgia,COUNTRY (FIR),644,,,,,,,,,,,,,,,,,,,
2026,2,FEB,2026-02-22T00:00:00Z,Germany,COUNTRY (FIR),7703,1479,0,1479,0,0,0,0,0,0,0,0,0,0,0,0,0,0,181,21
2026,2,FEB,2026-02-22T00:00:00Z,Greece,COUNTRY (FIR),2369,427,0,0,0,0,0,0,0,0,0,0,0,427,0,0,0,0,63,5
2026,2,FEB,2026-02-22T00:00:00Z,Hungary,COUNTRY (FIR),2762,,,,,,,,,,,,,,,,,,,
2026,2,FEB,2026-02-22T00:00:00Z,Iceland,COUNTRY (FIR),428,,,,,,,,,,,,,,,,,,,
2026,2,FEB,2026-02-22T00:00:00Z,Ireland,COUNTRY (FIR),1407,,,,,,,,,,,,,,,,,,,
2026,2,FEB,2026-02-22T00:00:00Z,Italy,COUNTRY (FIR),5788,,,,,,,,,,,,,,,,,,,
2026,2,FEB,2026-02-22T00:00:00Z,Latvia,COUNTRY (FIR),592,,,,,,,,,,,,,,,,,,,
2026,2,FEB,2026-02-22T00:00:00Z,Lithuania,COUNTRY (FIR),533,,,,,,,,,,,,,,,,,,,
2026,2,FEB,2026-02-22T00:00:00Z,Malta,COUNTRY (FIR),427,,,,,,,,,,,,,,,,,,,
2026,2,FEB,2026-02-22T00:00:00Z,Moldova,COUNTRY (FIR),112,,,,,,,,,,,,,,,,,,,
2026,2,FEB,2026-02-22T00:00:00Z,NEFAB,FAB (FIR),2355,71,0,71,0,0,0,0,0,0,0,0,0,0,0,0,0,0,13,1
2026,2,FEB,2026-02-22T00:00:00Z,Netherlands,COUNTRY (FIR),3253,0,0,0,0,0,0,0,0,0,0,0,0,0,0,0,0,0,0,0
2026,2,FEB,2026-02-22T00:00:00Z,North Macedonia,COUNTRY (FIR),663,303,0,0,0,0,0,0,0,0,0,303,0,0,0,0,0,0,33,3
2026,2,FEB,2026-02-22T00:00:00Z,Norway,COUNTRY (FIR),1397,71,0,71,0,0,0,0,0,0,0,0,0,0,0,0,0,0,13,1
2026,2,FEB,2026-02-22T00:00:00Z,Poland,COUNTRY (FIR),2024,0,0,0,0,0,0,0,0,0,0,0,0,0,0,0,0,0,0,0
2026,2,FEB,2026-02-22T00:00:00Z,Portugal,COUNTRY (FIR),2382,,,,,,,,,,,,,,,,,,,
2026,2,FEB,2026-02-22T00:00:00Z,Portugal Continental,COUNTRY (FIR),2121,,,,,,,,,,,,,,,,,,,
2026,2,FEB,2026-02-22T00:00:00Z,Portugal Santa Maria,COUNTRY (FIR),550,,,,,,,,,,,,,,,,,,,
2026,2,FEB,2026-02-22T00:00:00Z,Romania,COUNTRY (FIR),2215,,,,,,,,,,,,,,,,,,,
2026,2,FEB,2026-02-22T00:00:00Z,SES Area (RP2),AREA (FIR),25562,19989,0,12448,0,0,0,0,69,0,318,406,0,6748,0,0,0,0,1775,400
2026,2,FEB,2026-02-22T00:00:00Z,SW FAB,FAB (FIR),6755,5017,0,5017,0,0,0,0,0,0,0,0,0,0,0,0,0,0,508,104
2026,2,FEB,2026-02-22T00:00:00Z,Serbia/Montenegro,COUNTRY (FIR),2422,,,,,,,,,,,,,,,,,,,
2026,2,FEB,2026-02-22T00:00:00Z,Slovakia,COUNTRY (FIR),1455,,,,,,,,,,,,,,,,,,,
2026,2,FEB,2026-02-22T00:00:00Z,Slovenia,COUNTRY (FIR),1365,,,,,,,,,,,,,,,,,,,
2026,2,FEB,2026-02-22T00:00:00Z,Spain,COUNTRY (FIR),6556,5017,0,5017,0,0,0,0,0,0,0,0,0,0,0,0,0,0,508,104
2026,2,FEB,2026-02-22T00:00:00Z,Spain Canaries,COUNTRY (FIR),1368,38,0,38,0,0,0,0,0,0,0,0,0,0,0,0,0,0,3,1
2026,2,FEB,2026-02-22T00:00:00Z,Spain Continental,COUNTRY (FIR),6143,4979,0,4979,0,0,0,0,0,0,0,0,0,0,0,0,0,0,505,103
2026,2,FEB,2026-02-22T00:00:00Z,Sweden,COUNTRY (FIR),1766,,,,,,,,,,,,,,,,,,,
2026,2,FEB,2026-02-22T00:00:00Z,Switzerland,COUNTRY (FIR),3327,1313,0,1247,0,0,0,0,0,0,0,0,0,66,0,0,0,0,55,33
2026,2,FEB,2026-02-22T00:00:00Z,Türkiye,COUNTRY (FIR),4376,,,,,,,,,,,,,,,,,,,
2026,2,FEB,2026-02-22T00:00:00Z,UK Continental,COUNTRY (FIR),6750,250,0,250,0,0,0,0,0,0,0,0,0,0,0,0,0,0,21,5
2026,2,FEB,2026-02-22T00:00:00Z,UK Oceanic,COUNTRY (FIR),1385,,,,,,,,,,,,,,,,,,,
2026,2,FEB,2026-02-22T00:00:00Z,UK-Ireland FAB,FAB (FIR),6873,250,0,250,0,0,0,0,0,0,0,0,0,0,0,0,0,0,21,5
2026,2,FEB,2026-02-22T00:00:00Z,United Kingdom,COUNTRY (FIR),7043,250,0,250,0,0,0,0,0,0,0,0,0,0,0,0,0,0,21,5
2026,2,FEB,2026-02-23T00:00:00Z,Albania,COUNTRY (FIR),898,,,,,,,,,,,,,,,,,,,
2026,2,FEB,2026-02-23T00:00:00Z,Armenia,COUNTRY (FIR),401,,,,,,,,,,,,,,,,,,,
2026,2,FEB,2026-02-23T00:00:00Z,Austria,COUNTRY (FIR),3710,,,,,,,,,,,,,,,,,,,
2026,2,FEB,2026-02-23T00:00:00Z,BLUE MED FAB,FAB (FIR),7286,218,0,218,0,0,0,0,0,0,0,0,0,0,0,0,0,0,18,7
2026,2,FEB,2026-02-23T00:00:00Z,Baltic FAB,FAB (FIR),2226,0,0,0,0,0,0,0,0,0,0,0,0,0,0,0,0,0,0,0
2026,2,FEB,2026-02-23T00:00:00Z,Belgium,COUNTRY (FIR),3227,350,0,111,0,0,0,0,0,0,0,0,0,239,0,0,0,0,40,8
2026,2,FEB,2026-02-23T00:00:00Z,Bosnia and Herzegovina,COUNTRY (FIR),1278,,,,,,,,,,,,,,,,,,,
2026,2,FEB,2026-02-23T00:00:00Z,Bulgaria,COUNTRY (FIR),2322,,,,,,,,,,,,,,,,,,,
2026,2,FEB,2026-02-23T00:00:00Z,Croatia,COUNTRY (FIR),2037,,,,,,,,,,,,,,,,,,,
2026,2,FEB,2026-02-23T00:00:00Z,Cyprus,COUNTRY (FIR),1147,218,0,218,0,0,0,0,0,0,0,0,0,0,0,0,0,0,18,7
2026,2,FEB,2026-02-23T00:00:00Z,Czech Republic,COUNTRY (FIR),2040,,,,,,,,,,,,,,,,,,,
2026,2,FEB,2026-02-23T00:00:00Z,DANUBE FAB,FAB (FIR),2847,,,,,,,,,,,,,,,,,,,
2026,2,FEB,2026-02-23T00:00:00Z,DK-SE FAB,FAB (FIR),2427,0,0,0,0,0,0,0,0,0,0,0,0,0,0,0,0,0,0,0
2026,2,FEB,2026-02-23T00:00:00Z,Denmark,COUNTRY (FIR),1623,0,0,0,0,0,0,0,0,0,0,0,0,0,0,0,0,0,0,0
2026,2,FEB,2026-02-23T00:00:00Z,Estonia,COUNTRY (FIR),424,,,,,,,,,,,,,,,,,,,
2026,2,FEB,2026-02-23T00:00:00Z,FAB CE,FAB (FIR),6285,,,,,,,,,,,,,,,,,,,
2026,2,FEB,2026-02-23T00:00:00Z,FAB CE (SES RP1),FAB (FIR),5579,,,,,,,,,,,,,,,,,,,
2026,2,FEB,2026-02-23T00:00:00Z,FAB CE (SES RP2),FAB (FIR),6265,,,,,,,,,,,,,,,,,,,
2026,2,FEB,2026-02-23T00:00:00Z,FABEC,FAB (FIR),15576,6687,0,2673,0,0,124,0,986,0,0,815,0,1317,210,0,562,0,661,120
2026,2,FEB,2026-02-23T00:00:00Z,Finland,COUNTRY (FIR),633,0,0,0,0,0,0,0,0,0,0,0,0,0,0,0,0,0,0,0
2026,2,FEB,2026-02-23T00:00:00Z,France,COUNTRY (FIR),8784,4441,0,1482,0,0,124,0,838,0,0,815,0,972,210,0,0,0,391,89
2026,2,FEB,2026-02-23T00:00:00Z,Georgia,COUNTRY (FIR),642,,,,,,,,,,,,,,,,,,,
2026,2,FEB,2026-02-23T00:00:00Z,Germany,COUNTRY (FIR),7776,1298,0,974,0,0,0,0,148,0,0,0,0,0,0,0,176,0,175,14
2026,2,FEB,2026-02-23T00:00:00Z,Greece,COUNTRY (FIR),2182,0,0,0,0,0,0,0,0,0,0,0,0,0,0,0,0,0,0,0
2026,2,FEB,2026-02-23T00:00:00Z,Hungary,COUNTRY (FIR),2607,,,,,,,,,,,,,,,,,,,
2026,2,FEB,2026-02-23T00:00:00Z,Iceland,COUNTRY (FIR),318,,,,,,,,,,,,,,,,,,,
2026,2,FEB,2026-02-23T00:00:00Z,Ireland,COUNTRY (FIR),1451,0,0,0,0,0,0,0,0,0,0,0,0,0,0,0,0,0,0,0
2026,2,FEB,2026-02-23T00:00:00Z,Italy,COUNTRY (FIR),5477,0,0,0,0,0,0,0,0,0,0,0,0,0,0,0,0,0,0,0
2026,2,FEB,2026-02-23T00:00:00Z,Latvia,COUNTRY (FIR),594,,,,,,,,,,,,,,,,,,,
2026,2,FEB,2026-02-23T00:00:00Z,Lithuania,COUNTRY (FIR),533,,,,,,,,,,,,,,,,,,,
2026,2,FEB,2026-02-23T00:00:00Z,Malta,COUNTRY (FIR),420,,,,,,,,,,,,,,,,,,,
2026,2,FEB,2026-02-23T00:00:00Z,Moldova,COUNTRY (FIR),98,,,,,,,,,,,,,,,,,,,
2026,2,FEB,2026-02-23T00:00:00Z,NEFAB,FAB (FIR),2507,0,0,0,0,0,0,0,0,0,0,0,0,0,0,0,0,0,0,0
2026,2,FEB,2026-02-23T00:00:00Z,Netherlands,COUNTRY (FIR),3300,0,0,0,0,0,0,0,0,0,0,0,0,0,0,0,0,0,0,0
2026,2,FEB,2026-02-23T00:00:00Z,North Macedonia,COUNTRY (FIR),630,,,,,,,,,,,,,,,,,,,
2026,2,FEB,2026-02-23T00:00:00Z,Norway,COUNTRY (FIR),1517,,,,,,,,,,,,,,,,,,,
2026,2,FEB,2026-02-23T00:00:00Z,Poland,COUNTRY (FIR),2064,0,0,0,0,0,0,0,0,0,0,0,0,0,0,0,0,0,0,0
2026,2,FEB,2026-02-23T00:00:00Z,Portugal,COUNTRY (FIR),2198,0,0,0,0,0,0,0,0,0,0,0,0,0,0,0,0,0,0,0
2026,2,FEB,2026-02-23T00:00:00Z,Portugal Continental,COUNTRY (FIR),2000,0,0,0,0,0,0,0,0,0,0,0,0,0,0,0,0,0,0,0
2026,2,FEB,2026-02-23T00:00:00Z,Portugal Santa Maria,COUNTRY (FIR),452,,,,,,,,,,,,,,,,,,,
2026,2,FEB,2026-02-23T00:00:00Z,Romania,COUNTRY (FIR),2017,,,,,,,,,,,,,,,,,,,
2026,2,FEB,2026-02-23T00:00:00Z,SES Area (RP2),AREA (FIR),25949,12613,0,6447,0,0,124,0,986,0,1193,815,0,2276,210,0,562,0,1324,216
2026,2,FEB,2026-02-23T00:00:00Z,SW FAB,FAB (FIR),6370,4399,0,3556,0,0,0,0,0,0,843,0,0,0,0,0,0,0,486,68
2026,2,FEB,2026-02-23T00:00:00Z,Serbia/Montenegro,COUNTRY (FIR),2148,,,,,,,,,,,,,,,,,,,
2026,2,FEB,2026-02-23T00:00:00Z,Slovakia,COUNTRY (FIR),1322,,,,,,,,,,,,,,,,,,,
2026,2,FEB,2026-02-23T00:00:00Z,Slovenia,COUNTRY (FIR),1259,,,,,,,,,,,,,,,,,,,
2026,2,FEB,2026-02-23T00:00:00Z,Spain,COUNTRY (FIR),6183,4399,0,3556,0,0,0,0,0,0,843,0,0,0,0,0,0,0,486,68
2026,2,FEB,2026-02-23T00:00:00Z,Spain Canaries,COUNTRY (FIR),1203,0,0,0,0,0,0,0,0,0,0,0,0,0,0,0,0,0,0,0
2026,2,FEB,2026-02-23T00:00:00Z,Spain Continental,COUNTRY (FIR),5813,4399,0,3556,0,0,0,0,0,0,843,0,0,0,0,0,0,0,486,68
2026,2,FEB,2026-02-23T00:00:00Z,Sweden,COUNTRY (FIR),1824,,,,,,,,,,,,,,,,,,,
2026,2,FEB,2026-02-23T00:00:00Z,Switzerland,COUNTRY (FIR),3008,598,0,106,0,0,0,0,0,0,0,0,0,106,0,0,386,0,55,9
2026,2,FEB,2026-02-23T00:00:00Z,Türkiye,COUNTRY (FIR),4005,,,,,,,,,,,,,,,,,,,
2026,2,FEB,2026-02-23T00:00:00Z,UK Continental,COUNTRY (FIR),6457,1309,0,0,0,0,0,0,0,0,350,0,0,959,0,0,0,0,159,21
2026,2,FEB,2026-02-23T00:00:00Z,UK Oceanic,COUNTRY (FIR),1168,,,,,,,,,,,,,,,,,,,
2026,2,FEB,2026-02-23T00:00:00Z,UK-Ireland FAB,FAB (FIR),6592,1309,0,0,0,0,0,0,0,0,350,0,0,959,0,0,0,0,159,21
2026,2,FEB,2026-02-23T00:00:00Z,United Kingdom,COUNTRY (FIR),6675,1309,0,0,0,0,0,0,0,0,350,0,0,959,0,0,0,0,159,21
2026,2,FEB,2026-02-24T00:00:00Z,Albania,COUNTRY (FIR),693,,,,,,,,,,,,,,,,,,,
2026,2,FEB,2026-02-24T00:00:00Z,Armenia,COUNTRY (FIR),377,,,,,,,,,,,,,,,,,,,
2026,2,FEB,2026-02-24T00:00:00Z,Austria,COUNTRY (FIR),3095,,,,,,,,,,,,,,,,,,,
2026,2,FEB,2026-02-24T00:00:00Z,BLUE MED FAB,FAB (FIR),6109,0,0,0,0,0,0,0,0,0,0,0,0,0,0,0,0,0,0,0
2026,2,FEB,2026-02-24T00:00:00Z,Baltic FAB,FAB (FIR),1819,0,0,0,0,0,0,0,0,0,0,0,0,0,0,0,0,0,0,0
2026,2,FEB,2026-02-24T00:00:00Z,Belgium,COUNTRY (FIR),2805,,,,,,,,,,,,,,,,,,,
2026,2,FEB,2026-02-24T00:00:00Z,Bosnia and Herzegovina,COUNTRY (FIR),1058,,,,,,,,,,,,,,,,,,,
2026,2,FEB,2026-02-24T00:00:00Z,Bulgaria,COUNTRY (FIR),2218,,,,,,,,,,,,,,,,,,,
2026,2,FEB,2026-02-24T00:00:00Z,Croatia,COUNTRY (FIR),1753,,,,,,,,,,,,,,,,,,,
2026,2,FEB,2026-02-24T00:00:00Z,Cyprus,COUNTRY (FIR),1078,,,,,,,,,,,,,,,,,,,
2026,2,FEB,2026-02-24T00:00:00Z,Czech Republic,COUNTRY (FIR),1669,,,,,,,,,,,,,,,,,,,
2026,2,FEB,2026-02-24T00:00:00Z,DANUBE FAB,FAB (FIR),2652,,,,,,,,,,,,,,,,,,,
2026,2,FEB,2026-02-24T00:00:00Z,DK-SE FAB,FAB (FIR),2090,,,,,,,,,,,,,,,,,,,
2026,2,FEB,2026-02-24T00:00:00Z,Denmark,COUNTRY (FIR),1378,,,,,,,,,,,,,,,,,,,
2026,2,FEB,2026-02-24T00:00:00Z,Estonia,COUNTRY (FIR),382,,,,,,,,,,,,,,,,,,,
2026,2,FEB,2026-02-24T00:00:00Z,FAB CE,FAB (FIR),5355,,,,,,,,,,,,,,,,,,,
2026,2,FEB,2026-02-24T00:00:00Z,FAB CE (SES RP1),FAB (FIR),4766,,,,,,,,,,,,,,,,,,,
2026,2,FEB,2026-02-24T00:00:00Z,FAB CE (SES RP2),FAB (FIR),5345,,,,,,,,,,,,,,,,,,,
2026,2,FEB,2026-02-24T00:00:00Z,FABEC,FAB (FIR),13577,1880,0,164,0,0,0,0,0,0,0,0,0,681,1035,0,0,0,151,36
2026,2,FEB,2026-02-24T00:00:00Z,Finland,COUNTRY (FIR),642,,,,,,,,,,,,,,,,,,,
2026,2,FEB,2026-02-24T00:00:00Z,France,COUNTRY (FIR),7748,1870,0,154,0,0,0,0,0,0,0,0,0,681,1035,0,0,0,149,36
2026,2,FEB,2026-02-24T00:00:00Z,Georgia,COUNTRY (FIR),690,,,,,,,,,,,,,,,,,,,
2026,2,FEB,2026-02-24T00:00:00Z,Germany,COUNTRY (FIR),6759,,,,,,,,,,,,,,,,,,,
2026,2,FEB,2026-02-24T00:00:00Z,Greece,COUNTRY (FIR),2065,0,0,0,0,0,0,0,0,0,0,0,0,0,0,0,0,0,0,0
2026,2,FEB,2026-02-24T00:00:00Z,Hungary,COUNTRY (FIR),2275,,,,,,,,,,,,,,,,,,,
2026,2,FEB,2026-02-24T00:00:00Z,Iceland,COUNTRY (FIR),347,,,,,,,,,,,,,,,,,,,
2026,2,FEB,2026-02-24T00:00:00Z,Ireland,COUNTRY (FIR),1250,,,,,,,,,,,,,,,,,,,
2026,2,FEB,2026-02-24T00:00:00Z,Italy,COUNTRY (FIR),4411,,,,,,,,,,,,,,,,,,,
2026,2,FEB,2026-02-24T00:00:00Z,Latvia,COUNTRY (FIR),494,,,,,,,,,,,,,,,,,,,
2026,2,FEB,2026-02-24T00:00:00Z,Lithuania,COUNTRY (FIR),478,,,,,,,,,,,,,,,,,,,
2026,2,FEB,2026-02-24T00:00:00Z,Malta,COUNTRY (FIR),350,,,,,,,,,,,,,,,,,,,
2026,2,FEB,2026-02-24T00:00:00Z,Moldova,COUNTRY (FIR),90,,,,,,,,,,,,,,,,,,,
2026,2,FEB,2026-02-24T00:00:00Z,NEFAB,FAB (FIR),2389,,,,,,,,,,,,,,,,,,,
2026,2,FEB,2026-02-24T00:00:00Z,Netherlands,COUNTRY (FIR),2829,0,0,0,0,0,0,0,0,0,0,0,0,0,0,0,0,0,0,0
2026,2,FEB,2026-02-24T00:00:00Z,North Macedonia,COUNTRY (FIR),502,,,,,,,,,,,,,,,,,,,
2026,2,FEB,2026-02-24T00:00:00Z,Norway,COUNTRY (FIR),1489,,,,,,,,,,,,,,,,,,,
2026,2,FEB,2026-02-24T00:00:00Z,Poland,COUNTRY (FIR),1681,0,0,0,0,0,0,0,0,0,0,0,0,0,0,0,0,0,0,0
2026,2,FEB,2026-02-24T00:00:00Z,Portugal,COUNTRY (FIR),2007,,,,,,,,,,,,,,,,,,,
2026,2,FEB,2026-02-24T00:00:00Z,Portugal Continental,COUNTRY (FIR),1802,,,,,,,,,,,,,,,,,,,
2026,2,FEB,2026-02-24T00:00:00Z,Portugal Santa Maria,COUNTRY (FIR),435,,,,,,,,,,,,,,,,,,,
2026,2,FEB,2026-02-24T00:00:00Z,Romania,COUNTRY (FIR),1910,,,,,,,,,,,,,,,,,,,
2026,2,FEB,2026-02-24T00:00:00Z,SES Area (RP2),AREA (FIR),22694,2352,0,636,0,0,0,0,0,0,0,0,0,681,1035,0,0,0,225,42
2026,2,FEB,2026-02-24T00:00:00Z,SW FAB,FAB (FIR),5442,472,0,472,0,0,0,0,0,0,0,0,0,0,0,0,0,0,74,6
2026,2,FEB,2026-02-24T00:00:00Z,Serbia/Montenegro,COUNTRY (FIR),1815,,,,,,,,,,,,,,,,,,,
2026,2,FEB,2026-02-24T00:00:00Z,Slovakia,COUNTRY (FIR),1219,,,,,,,,,,,,,,,,,,,
2026,2,FEB,2026-02-24T00:00:00Z,Slovenia,COUNTRY (FIR),1067,,,,,,,,,,,,,,,,,,,
2026,2,FEB,2026-02-24T00:00:00Z,Spain,COUNTRY (FIR),5274,472,0,472,0,0,0,0,0,0,0,0,0,0,0,0,0,0,74,6
2026,2,FEB,2026-02-24T00:00:00Z,Spain Canaries,COUNTRY (FIR),1177,0,0,0,0,0,0,0,0,0,0,0,0,0,0,0,0,0,0,0
2026,2,FEB,2026-02-24T00:00:00Z,Spain Continental,COUNTRY (FIR),4917,472,0,472,0,0,0,0,0,0,0,0,0,0,0,0,0,0,74,6
2026,2,FEB,2026-02-24T00:00:00Z,Sweden,COUNTRY (FIR),1507,,,,,,,,,,,,,,,,,,,
2026,2,FEB,2026-02-24T00:00:00Z,Switzerland,COUNTRY (FIR),2626,10,0,10,0,0,0,0,0,0,0,0,0,0,0,0,0,0,2,0
2026,2,FEB,2026-02-24T00:00:00Z,Türkiye,COUNTRY (FIR),3816,,,,,,,,,,,,,,,,,,,
2026,2,FEB,2026-02-24T00:00:00Z,UK Continental,COUNTRY (FIR),5394,,,,,,,,,,,,,,,,,,,
2026,2,FEB,2026-02-24T00:00:00Z,UK Oceanic,COUNTRY (FIR),1141,,,,,,,,,,,,,,,,,,,
2026,2,FEB,2026-02-24T00:00:00Z,UK-Ireland FAB,FAB (FIR),5519,,,,,,,,,,,,,,,,,,,
2026,2,FEB,2026-02-24T00:00:00Z,United Kingdom,COUNTRY (FIR),5628,,,,,,,,,,,,,,,,,,,
2026,2,FEB,2026-02-25T00:00:00Z,Albania,COUNTRY (FIR),766,,,,,,,,,,,,,,,,,,,
2026,2,FEB,2026-02-25T00:00:00Z,Armenia,COUNTRY (FIR),391,,,,,,,,,,,,,,,,,,,
2026,2,FEB,2026-02-25T00:00:00Z,Austria,COUNTRY (FIR),3364,,,,,,,,,,,,,,,,,,,
2026,2,FEB,2026-02-25T00:00:00Z,BLUE MED FAB,FAB (FIR),6136,0,0,0,0,0,0,0,0,0,0,0,0,0,0,0,0,0,0,0
2026,2,FEB,2026-02-25T00:00:00Z,Baltic FAB,FAB (FIR),1782,,,,,,,,,,,,,,,,,,,
2026,2,FEB,2026-02-25T00:00:00Z,Belgium,COUNTRY (FIR),2932,0,0,0,0,0,0,0,0,0,0,0,0,0,0,0,0,0,0,0
2026,2,FEB,2026-02-25T00:00:00Z,Bosnia and Herzegovina,COUNTRY (FIR),1086,,,,,,,,,,,,,,,,,,,
2026,2,FEB,2026-02-25T00:00:00Z,Bulgaria,COUNTRY (FIR),2180,,,,,,,,,,,,,,,,,,,
2026,2,FEB,2026-02-25T00:00:00Z,Croatia,COUNTRY (FIR),1781,,,,,,,,,,,,,,,,,,,
2026,2,FEB,2026-02-25T00:00:00Z,Cyprus,COUNTRY (FIR),1171,0,0,0,0,0,0,0,0,0,0,0,0,0,0,0,0,0,0,0
2026,2,FEB,2026-02-25T00:00:00Z,Czech Republic,COUNTRY (FIR),1750,,,,,,,,,,,,,,,,,,,
2026,2,FEB,2026-02-25T00:00:00Z,DANUBE FAB,FAB (FIR),2543,,,,,,,,,,,,,,,,,,,
2026,2,FEB,2026-02-25T00:00:00Z,DK-SE FAB,FAB (FIR),2136,0,0,0,0,0,0,0,0,0,0,0,0,0,0,0,0,0,0,0
2026,2,FEB,2026-02-25T00:00:00Z,Denmark,COUNTRY (FIR),1410,0,0,0,0,0,0,0,0,0,0,0,0,0,0,0,0,0,0,0
2026,2,FEB,2026-02-25T00:00:00Z,Estonia,COUNTRY (FIR),424,,,,,,,,,,,,,,,,,,,
2026,2,FEB,2026-02-25T00:00:00Z,FAB CE,FAB (FIR),5563,,,,,,,,,,,,,,,,,,,
2026,2,FEB,2026-02-25T00:00:00Z,FAB CE (SES RP1),FAB (FIR),4976,,,,,,,,,,,,,,,,,,,
2026,2,FEB,2026-02-25T00:00:00Z,FAB CE (SES RP2),FAB (FIR),5545,,,,,,,,,,,,,,,,,,,
2026,2,FEB,2026-02-25T00:00:00Z,FABEC,FAB (FIR),14206,1590,0,381,0,0,0,0,0,0,0,0,0,1052,157,0,0,0,107,36
2026,2,FEB,2026-02-25T00:00:00Z,Finland,COUNTRY (FIR),613,,,,,,,,,,,,,,,,,,,
2026,2,FEB,2026-02-25T00:00:00Z,France,COUNTRY (FIR),7770,1279,0,353,0,0,0,0,0,0,0,0,0,769,157,0,0,0,75,31
2026,2,FEB,2026-02-25T00:00:00Z,Georgia,COUNTRY (FIR),640,75,0,75,0,0,0,0,0,0,0,0,0,0,0,0,0,0,13,1
2026,2,FEB,2026-02-25T00:00:00Z,Germany,COUNTRY (FIR),7275,283,0,0,0,0,0,0,0,0,0,0,0,283,0,0,0,0,27,5
2026,2,FEB,2026-02-25T00:00:00Z,Greece,COUNTRY (FIR),2099,0,0,0,0,0,0,0,0,0,0,0,0,0,0,0,0,0,0,0
2026,2,FEB,2026-02-25T00:00:00Z,Hungary,COUNTRY (FIR),2247,,,,,,,,,,,,,,,,,,,
2026,2,FEB,2026-02-25T00:00:00Z,Iceland,COUNTRY (FIR),317,,,,,,,,,,,,,,,,,,,
2026,2,FEB,2026-02-25T00:00:00Z,Ireland,COUNTRY (FIR),1416,0,0,0,0,0,0,0,0,0,0,0,0,0,0,0,0,0,0,0
2026,2,FEB,2026-02-25T00:00:00Z,Italy,COUNTRY (FIR),4409,,,,,,,,,,,,,,,,,,,
2026,2,FEB,2026-02-25T00:00:00Z,Latvia,COUNTRY (FIR),548,,,,,,,,,,,,,,,,,,,
2026,2,FEB,2026-02-25T00:00:00Z,Lithuania,COUNTRY (FIR),467,,,,,,,,,,,,,,,,,,,
2026,2,FEB,2026-02-25T00:00:00Z,Malta,COUNTRY (FIR),347,,,,,,,,,,,,,,,,,,,
2026,2,FEB,2026-02-25T00:00:00Z,Moldova,COUNTRY (FIR),81,,,,,,,,,,,,,,,,,,,
2026,2,FEB,2026-02-25T00:00:00Z,NEFAB,FAB (FIR),2341,,,,,,,,,,,,,,,,,,,
2026,2,FEB,2026-02-25T00:00:00Z,Netherlands,COUNTRY (FIR),3014,28,0,28,0,0,0,0,0,0,0,0,0,0,0,0,0,0,5,0
2026,2,FEB,2026-02-25T00:00:00Z,North Macedonia,COUNTRY (FIR),571,186,0,0,0,0,0,0,0,0,0,186,0,0,0,0,0,0,24,2
2026,2,FEB,2026-02-25T00:00:00Z,Norway,COUNTRY (FIR),1409,,,,,,,,,,,,,,,,,,,
2026,2,FEB,2026-02-25T00:00:00Z,Poland,COUNTRY (FIR),1641,,,,,,,,,,,,,,,,,,,
2026,2,FEB,2026-02-25T00:00:00Z,Portugal,COUNTRY (FIR),1956,0,0,0,0,0,0,0,0,0,0,0,0,0,0,0,0,0,0,0
2026,2,FEB,2026-02-25T00:00:00Z,Portugal Continental,COUNTRY (FIR),1767,0,0,0,0,0,0,0,0,0,0,0,0,0,0,0,0,0,0,0
2026,2,FEB,2026-02-25T00:00:00Z,Portugal Santa Maria,COUNTRY (FIR),449,,,,,,,,,,,,,,,,,,,
2026,2,FEB,2026-02-25T00:00:00Z,Romania,COUNTRY (FIR),1797,,,,,,,,,,,,,,,,,,,
2026,2,FEB,2026-02-25T00:00:00Z,SES Area (RP2),AREA (FIR),23291,4922,0,2130,0,0,0,0,18,0,1565,0,0,1052,157,0,0,0,406,112
2026,2,FEB,2026-02-25T00:00:00Z,SW FAB,FAB (FIR),5416,3224,0,1749,0,0,0,0,18,0,1457,0,0,0,0,0,0,0,291,73
2026,2,FEB,2026-02-25T00:00:00Z,Serbia/Montenegro,COUNTRY (FIR),1921,,,,,,,,,,,,,,,,,,,
2026,2,FEB,2026-02-25T00:00:00Z,Slovakia,COUNTRY (FIR),1157,,,,,,,,,,,,,,,,,,,
2026,2,FEB,2026-02-25T00:00:00Z,Slovenia,COUNTRY (FIR),1119,,,,,,,,,,,,,,,,,,,
2026,2,FEB,2026-02-25T00:00:00Z,Spain,COUNTRY (FIR),5228,3224,0,1749,0,0,0,0,18,0,1457,0,0,0,0,0,0,0,291,73
2026,2,FEB,2026-02-25T00:00:00Z,Spain Canaries,COUNTRY (FIR),1153,,,,,,,,,,,,,,,,,,,
2026,2,FEB,2026-02-25T00:00:00Z,Spain Continental,COUNTRY (FIR),4880,3224,0,1749,0,0,0,0,18,0,1457,0,0,0,0,0,0,0,291,73
2026,2,FEB,2026-02-25T00:00:00Z,Sweden,COUNTRY (FIR),1611,,,,,,,,,,,,,,,,,,,
2026,2,FEB,2026-02-25T00:00:00Z,Switzerland,COUNTRY (FIR),2783,0,0,0,0,0,0,0,0,0,0,0,0,0,0,0,0,0,0,0
2026,2,FEB,2026-02-25T00:00:00Z,Türkiye,COUNTRY (FIR),3858,,,,,,,,,,,,,,,,,,,
2026,2,FEB,2026-02-25T00:00:00Z,UK Continental,COUNTRY (FIR),5610,108,0,0,0,0,0,0,0,0,108,0,0,0,0,0,0,0,8,3
2026,2,FEB,2026-02-25T00:00:00Z,UK Oceanic,COUNTRY (FIR),1326,,,,,,,,,,,,,,,,,,,
2026,2,FEB,2026-02-25T00:00:00Z,UK-Ireland FAB,FAB (FIR),5743,108,0,0,0,0,0,0,0,0,108,0,0,0,0,0,0,0,8,3
2026,2,FEB,2026-02-25T00:00:00Z,United Kingdom,COUNTRY (FIR),5812,108,0,0,0,0,0,0,0,0,108,0,0,0,0,0,0,0,8,3
2026,2,FEB,2026-02-26T00:00:00Z,Albania,COUNTRY (FIR),811,,,,,,,,,,,,,,,,,,,
2026,2,FEB,2026-02-26T00:00:00Z,Armenia,COUNTRY (FIR),403,,,,,,,,,,,,,,,,,,,
2026,2,FEB,2026-02-26T00:00:00Z,Austria,COUNTRY (FIR),3551,0,0,0,0,0,0,0,0,0,0,0,0,0,0,0,0,0,0,0
2026,2,FEB,2026-02-26T00:00:00Z,BLUE MED FAB,FAB (FIR),6796,0,0,0,0,0,0,0,0,0,0,0,0,0,0,0,0,0,0,0
2026,2,FEB,2026-02-26T00:00:00Z,Baltic FAB,FAB (FIR),2131,81,0,81,0,0,0,0,0,0,0,0,0,0,0,0,0,0,11,0
2026,2,FEB,2026-02-26T00:00:00Z,Belgium,COUNTRY (FIR),3196,0,0,0,0,0,0,0,0,0,0,0,0,0,0,0,0,0,0,0
2026,2,FEB,2026-02-26T00:00:00Z,Bosnia and Herzegovina,COUNTRY (FIR),1269,,,,,,,,,,,,,,,,,,,
2026,2,FEB,2026-02-26T00:00:00Z,Bulgaria,COUNTRY (FIR),2294,,,,,,,,,,,,,,,,,,,
2026,2,FEB,2026-02-26T00:00:00Z,Croatia,COUNTRY (FIR),2032,,,,,,,,,,,,,,,,,,,
2026,2,FEB,2026-02-26T00:00:00Z,Cyprus,COUNTRY (FIR),1332,,,,,,,,,,,,,,,,,,,
2026,2,FEB,2026-02-26T00:00:00Z,Czech Republic,COUNTRY (FIR),1932,,,,,,,,,,,,,,,,,,,
2026,2,FEB,2026-02-26T00:00:00Z,DANUBE FAB,FAB (FIR),2768,,,,,,,,,,,,,,,,,,,
2026,2,FEB,2026-02-26T00:00:00Z,DK-SE FAB,FAB (FIR),2463,0,0,0,0,0,0,0,0,0,0,0,0,0,0,0,0,0,0,0
2026,2,FEB,2026-02-26T00:00:00Z,Denmark,COUNTRY (FIR),1644,0,0,0,0,0,0,0,0,0,0,0,0,0,0,0,0,0,0,0
2026,2,FEB,2026-02-26T00:00:00Z,Estonia,COUNTRY (FIR),438,,,,,,,,,,,,,,,,,,,
2026,2,FEB,2026-02-26T00:00:00Z,FAB CE,FAB (FIR),6078,0,0,0,0,0,0,0,0,0,0,0,0,0,0,0,0,0,0,0
2026,2,FEB,2026-02-26T00:00:00Z,FAB CE (SES RP1),FAB (FIR),5427,0,0,0,0,0,0,0,0,0,0,0,0,0,0,0,0,0,0,0
2026,2,FEB,2026-02-26T00:00:00Z,FAB CE (SES RP2),FAB (FIR),6069,0,0,0,0,0,0,0,0,0,0,0,0,0,0,0,0,0,0,0
2026,2,FEB,2026-02-26T00:00:00Z,FABEC,FAB (FIR),15298,3452,0,1062,0,0,0,0,126,0,0,380,0,1623,261,0,0,0,296,70
2026,2,FEB,2026-02-26T00:00:00Z,Finland,COUNTRY (FIR),650,,,,,,,,,,,,,,,,,,,
2026,2,FEB,2026-02-26T00:00:00Z,France,COUNTRY (FIR),8443,2139,0,227,0,0,0,0,126,0,0,380,0,1145,261,0,0,0,180,47
2026,2,FEB,2026-02-26T00:00:00Z,Georgia,COUNTRY (FIR),658,97,0,97,0,0,0,0,0,0,0,0,0,0,0,0,0,0,13,2
2026,2,FEB,2026-02-26T00:00:00Z,Germany,COUNTRY (FIR),7794,1069,0,591,0,0,0,0,0,0,0,0,0,478,0,0,0,0,106,18
2026,2,FEB,2026-02-26T00:00:00Z,Greece,COUNTRY (FIR),2297,0,0,0,0,0,0,0,0,0,0,0,0,0,0,0,0,0,0,0
2026,2,FEB,2026-02-26T00:00:00Z,Hungary,COUNTRY (FIR),2510,,,,,,,,,,,,,,,,,,,
2026,2,FEB,2026-02-26T00:00:00Z,Iceland,COUNTRY (FIR),411,,,,,,,,,,,,,,,,,,,
2026,2,FEB,2026-02-26T00:00:00Z,Ireland,COUNTRY (FIR),1369,0,0,0,0,0,0,0,0,0,0,0,0,0,0,0,0,0,0,0
2026,2,FEB,2026-02-26T00:00:00Z,Italy,COUNTRY (FIR),4784,0,0,0,0,0,0,0,0,0,0,0,0,0,0,0,0,0,0,0
2026,2,FEB,2026-02-26T00:00:00Z,Latvia,COUNTRY (FIR),591,,,,,,,,,,,,,,,,,,,
2026,2,FEB,2026-02-26T00:00:00Z,Lithuania,COUNTRY (FIR),517,,,,,,,,,,,,,,,,,,,
2026,2,FEB,2026-02-26T00:00:00Z,Malta,COUNTRY (FIR),402,,,,,,,,,,,,,,,,,,,
2026,2,FEB,2026-02-26T00:00:00Z,Moldova,COUNTRY (FIR),92,,,,,,,,,,,,,,,,,,,
2026,2,FEB,2026-02-26T00:00:00Z,NEFAB,FAB (FIR),2500,54,0,54,0,0,0,0,0,0,0,0,0,0,0,0,0,0,8,0
2026,2,FEB,2026-02-26T00:00:00Z,Netherlands,COUNTRY (FIR),3217,0,0,0,0,0,0,0,0,0,0,0,0,0,0,0,0,0,0,0
2026,2,FEB,2026-02-26T00:00:00Z,North Macedonia,COUNTRY (FIR),617,930,0,0,0,0,0,0,0,0,0,930,0,0,0,0,0,0,78,20
2026,2,FEB,2026-02-26T00:00:00Z,Norway,COUNTRY (FIR),1533,54,0,54,0,0,0,0,0,0,0,0,0,0,0,0,0,0,8,0
2026,2,FEB,2026-02-26T00:00:00Z,Poland,COUNTRY (FIR),1980,81,0,81,0,0,0,0,0,0,0,0,0,0,0,0,0,0,11,0
2026,2,FEB,2026-02-26T00:00:00Z,Portugal,COUNTRY (FIR),2231,0,0,0,0,0,0,0,0,0,0,0,0,0,0,0,0,0,0,0
2026,2,FEB,2026-02-26T00:00:00Z,Portugal Continental,COUNTRY (FIR),1981,0,0,0,0,0,0,0,0,0,0,0,0,0,0,0,0,0,0,0
2026,2,FEB,2026-02-26T00:00:00Z,Portugal Santa Maria,COUNTRY (FIR),553,,,,,,,,,,,,,,,,,,,
2026,2,FEB,2026-02-26T00:00:00Z,Romania,COUNTRY (FIR),1958,,,,,,,,,,,,,,,,,,,
2026,2,FEB,2026-02-26T00:00:00Z,SES Area (RP2),AREA (FIR),25439,7523,0,3145,0,0,0,0,190,0,1924,380,0,1623,261,0,0,0,706,147
2026,2,FEB,2026-02-26T00:00:00Z,SW FAB,FAB (FIR),6170,3936,0,1948,0,0,0,0,64,0,1924,0,0,0,0,0,0,0,391,77
2026,2,FEB,2026-02-26T00:00:00Z,Serbia/Montenegro,COUNTRY (FIR),2100,,,,,,,,,,,,,,,,,,,
2026,2,FEB,2026-02-26T00:00:00Z,Slovakia,COUNTRY (FIR),1364,,,,,,,,,,,,,,,,,,,
2026,2,FEB,2026-02-26T00:00:00Z,Slovenia,COUNTRY (FIR),1224,,,,,,,,,,,,,,,,,,,
2026,2,FEB,2026-02-26T00:00:00Z,Spain,COUNTRY (FIR),5977,3936,0,1948,0,0,0,0,64,0,1924,0,0,0,0,0,0,0,391,77
2026,2,FEB,2026-02-26T00:00:00Z,Spain Canaries,COUNTRY (FIR),1241,64,0,0,0,0,0,0,64,0,0,0,0,0,0,0,0,0,5,1
2026,2,FEB,2026-02-26T00:00:00Z,Spain Continental,COUNTRY (FIR),5593,3872,0,1948,0,0,0,0,0,0,1924,0,0,0,0,0,0,0,386,76
2026,2,FEB,2026-02-26T00:00:00Z,Sweden,COUNTRY (FIR),1815,,,,,,,,,,,,,,,,,,,
2026,2,FEB,2026-02-26T00:00:00Z,Switzerland,COUNTRY (FIR),2813,244,0,244,0,0,0,0,0,0,0,0,0,0,0,0,0,0,10,5
2026,2,FEB,2026-02-26T00:00:00Z,Türkiye,COUNTRY (FIR),4079,,,,,,,,,,,,,,,,,,,
2026,2,FEB,2026-02-26T00:00:00Z,UK Continental,COUNTRY (FIR),6259,0,0,0,0,0,0,0,0,0,0,0,0,0,0,0,0,0,0,0
2026,2,FEB,2026-02-26T00:00:00Z,UK Oceanic,COUNTRY (FIR),1424,,,,,,,,,,,,,,,,,,,
2026,2,FEB,2026-02-26T00:00:00Z,UK-Ireland FAB,FAB (FIR),6383,0,0,0,0,0,0,0,0,0,0,0,0,0,0,0,0,0,0,0
2026,2,FEB,2026-02-26T00:00:00Z,United Kingdom,COUNTRY (FIR),6534,0,0,0,0,0,0,0,0,0,0,0,0,0,0,0,0,0,0,0
2026,2,FEB,2026-02-27T00:00:00Z,Albania,COUNTRY (FIR),980,,,,,,,,,,,,,,,,,,,
2026,2,FEB,2026-02-27T00:00:00Z,Armenia,COUNTRY (FIR),449,,,,,,,,,,,,,,,,,,,
2026,2,FEB,2026-02-27T00:00:00Z,Austria,COUNTRY (FIR),4070,,,,,,,,,,,,,,,,,,,
2026,2,FEB,2026-02-27T00:00:00Z,BLUE MED FAB,FAB (FIR),7671,380,0,364,0,0,0,0,0,0,0,0,0,16,0,0,0,0,40,7
2026,2,FEB,2026-02-27T00:00:00Z,Baltic FAB,FAB (FIR),2272,0,0,0,0,0,0,0,0,0,0,0,0,0,0,0,0,0,0,0
2026,2,FEB,2026-02-27T00:00:00Z,Belgium,COUNTRY (FIR),3383,,,,,,,,,,,,,,,,,,,
2026,2,FEB,2026-02-27T00:00:00Z,Bosnia and Herzegovina,COUNTRY (FIR),1404,,,,,,,,,,,,,,,,,,,
2026,2,FEB,2026-02-27T00:00:00Z,Bulgaria,COUNTRY (FIR),2433,,,,,,,,,,,,,,,,,,,
2026,2,FEB,2026-02-27T00:00:00Z,Croatia,COUNTRY (FIR),2284,,,,,,,,,,,,,,,,,,,
2026,2,FEB,2026-02-27T00:00:00Z,Cyprus,COUNTRY (FIR),1230,364,0,364,0,0,0,0,0,0,0,0,0,0,0,0,0,0,36,7
2026,2,FEB,2026-02-27T00:00:00Z,Czech Republic,COUNTRY (FIR),2134,0,0,0,0,0,0,0,0,0,0,0,0,0,0,0,0,0,0,0
2026,2,FEB,2026-02-27T00:00:00Z,DANUBE FAB,FAB (FIR),3001,,,,,,,,,,,,,,,,,,,
2026,2,FEB,2026-02-27T00:00:00Z,DK-SE FAB,FAB (FIR),2470,160,0,0,0,0,0,0,0,0,0,0,0,160,0,0,0,0,24,0
2026,2,FEB,2026-02-27T00:00:00Z,Denmark,COUNTRY (FIR),1627,160,0,0,0,0,0,0,0,0,0,0,0,160,0,0,0,0,24,0
2026,2,FEB,2026-02-27T00:00:00Z,Estonia,COUNTRY (FIR),446,,,,,,,,,,,,,,,,,,,
2026,2,FEB,2026-02-27T00:00:00Z,FAB CE,FAB (FIR),6816,0,0,0,0,0,0,0,0,0,0,0,0,0,0,0,0,0,0,0
2026,2,FEB,2026-02-27T00:00:00Z,FAB CE (SES RP1),FAB (FIR),6044,0,0,0,0,0,0,0,0,0,0,0,0,0,0,0,0,0,0,0
2026,2,FEB,2026-02-27T00:00:00Z,FAB CE (SES RP2),FAB (FIR),6796,0,0,0,0,0,0,0,0,0,0,0,0,0,0,0,0,0,0,0
2026,2,FEB,2026-02-27T00:00:00Z,FABEC,FAB (FIR),16525,6432,0,3404,0,0,79,0,384,0,0,0,0,2457,4,0,104,0,553,109
2026,2,FEB,2026-02-27T00:00:00Z,Finland,COUNTRY (FIR),677,0,0,0,0,0,0,0,0,0,0,0,0,0,0,0,0,0,0,0
2026,2,FEB,2026-02-27T00:00:00Z,France,COUNTRY (FIR),9322,3993,0,1670,0,0,0,0,384,0,0,0,0,1912,4,0,23,0,316,65
2026,2,FEB,2026-02-27T00:00:00Z,Georgia,COUNTRY (FIR),711,5,0,5,0,0,0,0,0,0,0,0,0,0,0,0,0,0,1,0
2026,2,FEB,2026-02-27T00:00:00Z,Germany,COUNTRY (FIR),8402,2060,0,1434,0,0,0,0,0,0,0,0,0,545,0,0,81,0,216,35
2026,2,FEB,2026-02-27T00:00:00Z,Greece,COUNTRY (FIR),2373,16,0,0,0,0,0,0,0,0,0,0,0,16,0,0,0,0,4,0
2026,2,FEB,2026-02-27T00:00:00Z,Hungary,COUNTRY (FIR),2717,,,,,,,,,,,,,,,,,,,
2026,2,FEB,2026-02-27T00:00:00Z,Iceland,COUNTRY (FIR),368,,,,,,,,,,,,,,,,,,,
2026,2,FEB,2026-02-27T00:00:00Z,Ireland,COUNTRY (FIR),1629,0,0,0,0,0,0,0,0,0,0,0,0,0,0,0,0,0,0,0
2026,2,FEB,2026-02-27T00:00:00Z,Italy,COUNTRY (FIR),5726,0,0,0,0,0,0,0,0,0,0,0,0,0,0,0,0,0,0,0
2026,2,FEB,2026-02-27T00:00:00Z,Latvia,COUNTRY (FIR),627,,,,,,,,,,,,,,,,,,,
2026,2,FEB,2026-02-27T00:00:00Z,Lithuania,COUNTRY (FIR),545,,,,,,,,,,,,,,,,,,,
2026,2,FEB,2026-02-27T00:00:00Z,Malta,COUNTRY (FIR),389,,,,,,,,,,,,,,,,,,,
2026,2,FEB,2026-02-27T00:00:00Z,Moldova,COUNTRY (FIR),113,,,,,,,,,,,,,,,,,,,
2026,2,FEB,2026-02-27T00:00:00Z,NEFAB,FAB (FIR),2553,0,0,0,0,0,0,0,0,0,0,0,0,0,0,0,0,0,0,0
2026,2,FEB,2026-02-27T00:00:00Z,Netherlands,COUNTRY (FIR),3332,95,0,16,0,0,79,0,0,0,0,0,0,0,0,0,0,0,10,2
2026,2,FEB,2026-02-27T00:00:00Z,North Macedonia,COUNTRY (FIR),683,256,0,256,0,0,0,0,0,0,0,0,0,0,0,0,0,0,33,3
2026,2,FEB,2026-02-27T00:00:00Z,Norway,COUNTRY (FIR),1547,0,0,0,0,0,0,0,0,0,0,0,0,0,0,0,0,0,0,0
2026,2,FEB,2026-02-27T00:00:00Z,Poland,COUNTRY (FIR),2103,0,0,0,0,0,0,0,0,0,0,0,0,0,0,0,0,0,0,0
2026,2,FEB,2026-02-27T00:00:00Z,Portugal,COUNTRY (FIR),2236,0,0,0,0,0,0,0,0,0,0,0,0,0,0,0,0,0,0,0
2026,2,FEB,2026-02-27T00:00:00Z,Portugal Continental,COUNTRY (FIR),1976,0,0,0,0,0,0,0,0,0,0,0,0,0,0,0,0,0,0,0
2026,2,FEB,2026-02-27T00:00:00Z,Portugal Santa Maria,COUNTRY (FIR),550,,,,,,,,,,,,,,,,,,,
2026,2,FEB,2026-02-27T00:00:00Z,Romania,COUNTRY (FIR),2104,,,,,,,,,,,,,,,,,,,
2026,2,FEB,2026-02-27T00:00:00Z,SES Area (RP2),AREA (FIR),27342,10872,0,6478,0,0,79,0,384,0,0,0,0,3823,4,0,104,0,1016,180
2026,2,FEB,2026-02-27T00:00:00Z,SW FAB,FAB (FIR),6603,2640,0,2640,0,0,0,0,0,0,0,0,0,0,0,0,0,0,280,40
2026,2,FEB,2026-02-27T00:00:00Z,Serbia/Montenegro,COUNTRY (FIR),2378,,,,,,,,,,,,,,,,,,,
2026,2,FEB,2026-02-27T00:00:00Z,Slovakia,COUNTRY (FIR),1377,,,,,,,,,,,,,,,,,,,
2026,2,FEB,2026-02-27T00:00:00Z,Slovenia,COUNTRY (FIR),1405,,,,,,,,,,,,,,,,,,,
2026,2,FEB,2026-02-27T00:00:00Z,Spain,COUNTRY (FIR),6402,2640,0,2640,0,0,0,0,0,0,0,0,0,0,0,0,0,0,280,40
2026,2,FEB,2026-02-27T00:00:00Z,Spain Canaries,COUNTRY (FIR),1274,,,,,,,,,,,,,,,,,,,
2026,2,FEB,2026-02-27T00:00:00Z,Spain Continental,COUNTRY (FIR),5980,2640,0,2640,0,0,0,0,0,0,0,0,0,0,0,0,0,0,280,40
2026,2,FEB,2026-02-27T00:00:00Z,Sweden,COUNTRY (FIR),1845,,,,,,,,,,,,,,,,,,,
2026,2,FEB,2026-02-27T00:00:00Z,Switzerland,COUNTRY (FIR),3120,284,0,284,0,0,0,0,0,0,0,0,0,0,0,0,0,0,11,7
2026,2,FEB,2026-02-27T00:00:00Z,Türkiye,COUNTRY (FIR),4227,,,,,,,,,,,,,,,,,,,
2026,2,FEB,2026-02-27T00:00:00Z,UK Continental,COUNTRY (FIR),6744,1260,0,70,0,0,0,0,0,0,0,0,0,1190,0,0,0,0,119,24
2026,2,FEB,2026-02-27T00:00:00Z,UK Oceanic,COUNTRY (FIR),1401,,,,,,,,,,,,,,,,,,,
2026,2,FEB,2026-02-27T00:00:00Z,UK-Ireland FAB,FAB (FIR),6880,1260,0,70,0,0,0,0,0,0,0,0,0,1190,0,0,0,0,119,24
2026,2,FEB,2026-02-27T00:00:00Z,United Kingdom,COUNTRY (FIR),7033,1260,0,70,0,0,0,0,0,0,0,0,0,1190,0,0,0,0,119,24
2026,2,FEB,2026-02-28T00:00:00Z,Albania,COUNTRY (FIR),889,,,,,,,,,,,,,,,,,,,
2026,2,FEB,2026-02-28T00:00:00Z,Armenia,COUNTRY (FIR),397,,,,,,,,,,,,,,,,,,,
2026,2,FEB,2026-02-28T00:00:00Z,Austria,COUNTRY (FIR),3758,0,0,0,0,0,0,0,0,0,0,0,0,0,0,0,0,0,0,0
2026,2,FEB,2026-02-28T00:00:00Z,BLUE MED FAB,FAB (FIR),6847,8,0,0,0,0,0,0,0,0,8,0,0,0,0,0,0,0,3,0
2026,2,FEB,2026-02-28T00:00:00Z,Baltic FAB,FAB (FIR),2042,,,,,,,,,,,,,,,,,,,
2026,2,FEB,2026-02-28T00:00:00Z,Belgium,COUNTRY (FIR),3157,148,0,148,0,0,0,0,0,0,0,0,0,0,0,0,0,0,16,3
2026,2,FEB,2026-02-28T00:00:00Z,Bosnia and Herzegovina,COUNTRY (FIR),1291,,,,,,,,,,,,,,,,,,,
2026,2,FEB,2026-02-28T00:00:00Z,Bulgaria,COUNTRY (FIR),2220,,,,,,,,,,,,,,,,,,,
2026,2,FEB,2026-02-28T00:00:00Z,Croatia,COUNTRY (FIR),2033,,,,,,,,,,,,,,,,,,,
2026,2,FEB,2026-02-28T00:00:00Z,Cyprus,COUNTRY (FIR),906,8,0,0,0,0,0,0,0,0,8,0,0,0,0,0,0,0,3,0
2026,2,FEB,2026-02-28T00:00:00Z,Czech Republic,COUNTRY (FIR),1893,0,0,0,0,0,0,0,0,0,0,0,0,0,0,0,0,0,0,0
2026,2,FEB,2026-02-28T00:00:00Z,DANUBE FAB,FAB (FIR),2674,,,,,,,,,,,,,,,,,,,
2026,2,FEB,2026-02-28T00:00:00Z,DK-SE FAB,FAB (FIR),2138,,,,,,,,,,,,,,,,,,,
2026,2,FEB,2026-02-28T00:00:00Z,Denmark,COUNTRY (FIR),1467,,,,,,,,,,,,,,,,,,,
2026,2,FEB,2026-02-28T00:00:00Z,Estonia,COUNTRY (FIR),436,,,,,,,,,,,,,,,,,,,
2026,2,FEB,2026-02-28T00:00:00Z,FAB CE,FAB (FIR),6152,0,0,0,0,0,0,0,0,0,0,0,0,0,0,0,0,0,0,0
2026,2,FEB,2026-02-28T00:00:00Z,FAB CE (SES RP1),FAB (FIR),5481,0,0,0,0,0,0,0,0,0,0,0,0,0,0,0,0,0,0,0
2026,2,FEB,2026-02-28T00:00:00Z,FAB CE (SES RP2),FAB (FIR),6134,0,0,0,0,0,0,0,0,0,0,0,0,0,0,0,0,0,0,0
2026,2,FEB,2026-02-28T00:00:00Z,FABEC,FAB (FIR),14474,7851,0,5424,0,0,0,0,0,0,0,1632,0,795,0,0,0,0,746,145
2026,2,FEB,2026-02-28T00:00:00Z,Finland,COUNTRY (FIR),632,,,,,,,,,,,,,,,,,,,
2026,2,FEB,2026-02-28T00:00:00Z,France,COUNTRY (FIR),8651,3832,0,3280,0,0,0,0,0,0,0,0,0,552,0,0,0,0,427,61
2026,2,FEB,2026-02-28T00:00:00Z,Georgia,COUNTRY (FIR),743,253,0,0,0,0,0,0,0,0,253,0,0,0,0,0,0,0,24,4
2026,2,FEB,2026-02-28T00:00:00Z,Germany,COUNTRY (FIR),7198,3033,0,1158,0,0,0,0,0,0,0,1632,0,243,0,0,0,0,231,64
2026,2,FEB,2026-02-28T00:00:00Z,Greece,COUNTRY (FIR),2138,0,0,0,0,0,0,0,0,0,0,0,0,0,0,0,0,0,0,0
2026,2,FEB,2026-02-28T00:00:00Z,Hungary,COUNTRY (FIR),2438,,,,,,,,,,,,,,,,,,,
2026,2,FEB,2026-02-28T00:00:00Z,Iceland,COUNTRY (FIR),398,147,0,0,0,0,0,0,0,0,0,0,0,147,0,0,0,0,16,3
2026,2,FEB,2026-02-28T00:00:00Z,Ireland,COUNTRY (FIR),1450,,,,,,,,,,,,,,,,,,,
2026,2,FEB,2026-02-28T00:00:00Z,Italy,COUNTRY (FIR),5084,0,0,0,0,0,0,0,0,0,0,0,0,0,0,0,0,0,0,0
2026,2,FEB,2026-02-28T00:00:00Z,Latvia,COUNTRY (FIR),599,,,,,,,,,,,,,,,,,,,
2026,2,FEB,2026-02-28T00:00:00Z,Lithuania,COUNTRY (FIR),515,,,,,,,,,,,,,,,,,,,
2026,2,FEB,2026-02-28T00:00:00Z,Malta,COUNTRY (FIR),395,,,,,,,,,,,,,,,,,,,
2026,2,FEB,2026-02-28T00:00:00Z,Moldova,COUNTRY (FIR),99,,,,,,,,,,,,,,,,,,,
2026,2,FEB,2026-02-28T00:00:00Z,NEFAB,FAB (FIR),1907,,,,,,,,,,,,,,,,,,,
2026,2,FEB,2026-02-28T00:00:00Z,Netherlands,COUNTRY (FIR),3056,0,0,0,0,0,0,0,0,0,0,0,0,0,0,0,0,0,0,0
2026,2,FEB,2026-02-28T00:00:00Z,North Macedonia,COUNTRY (FIR),556,,,,,,,,,,,,,,,,,,,
2026,2,FEB,2026-02-28T00:00:00Z,Norway,COUNTRY (FIR),969,,,,,,,,,,,,,,,,,,,
2026,2,FEB,2026-02-28T00:00:00Z,Poland,COUNTRY (FIR),1896,,,,,,,,,,,,,,,,,,,
2026,2,FEB,2026-02-28T00:00:00Z,Portugal,COUNTRY (FIR),2626,74,0,0,0,0,0,0,0,0,0,74,0,0,0,0,0,0,10,2
2026,2,FEB,2026-02-28T00:00:00Z,Portugal Continental,COUNTRY (FIR),2371,74,0,0,0,0,0,0,0,0,0,74,0,0,0,0,0,0,10,2
2026,2,FEB,2026-02-28T00:00:00Z,Portugal Santa Maria,COUNTRY (FIR),591,,,,,,,,,,,,,,,,,,,
2026,2,FEB,2026-02-28T00:00:00Z,Romania,COUNTRY (FIR),1835,,,,,,,,,,,,,,,,,,,
2026,2,FEB,2026-02-28T00:00:00Z,SES Area (RP2),AREA (FIR),22923,12475,0,8279,0,0,0,0,0,0,139,1706,0,2351,0,0,0,0,1282,213
2026,2,FEB,2026-02-28T00:00:00Z,SW FAB,FAB (FIR),6507,2744,0,2539,0,0,0,0,0,0,131,74,0,0,0,0,0,0,335,33
2026,2,FEB,2026-02-28T00:00:00Z,Serbia/Montenegro,COUNTRY (FIR),2129,,,,,,,,,,,,,,,,,,,
2026,2,FEB,2026-02-28T00:00:00Z,Slovakia,COUNTRY (FIR),1315,,,,,,,,,,,,,,,,,,,
2026,2,FEB,2026-02-28T00:00:00Z,Slovenia,COUNTRY (FIR),1248,,,,,,,,,,,,,,,,,,,
2026,2,FEB,2026-02-28T00:00:00Z,Spain,COUNTRY (FIR),6290,2670,0,2539,0,0,0,0,0,0,131,0,0,0,0,0,0,0,325,31
2026,2,FEB,2026-02-28T00:00:00Z,Spain Canaries,COUNTRY (FIR),1534,152,0,152,0,0,0,0,0,0,0,0,0,0,0,0,0,0,18,0
2026,2,FEB,2026-02-28T00:00:00Z,Spain Continental,COUNTRY (FIR),5880,2518,0,2387,0,0,0,0,0,0,131,0,0,0,0,0,0,0,307,31
2026,2,FEB,2026-02-28T00:00:00Z,Sweden,COUNTRY (FIR),1586,,,,,,,,,,,,,,,,,,,
2026,2,FEB,2026-02-28T00:00:00Z,Switzerland,COUNTRY (FIR),2940,838,0,838,0,0,0,0,0,0,0,0,0,0,0,0,0,0,72,17
2026,2,FEB,2026-02-28T00:00:00Z,Türkiye,COUNTRY (FIR),3735,0,0,0,0,0,0,0,0,0,0,0,0,0,0,0,0,0,0,0
2026,2,FEB,2026-02-28T00:00:00Z,UK Continental,COUNTRY (FIR),6081,1872,0,316,0,0,0,0,0,0,0,0,0,1556,0,0,0,0,198,35
2026,2,FEB,2026-02-28T00:00:00Z,UK Oceanic,COUNTRY (FIR),1477,,,,,,,,,,,,,,,,,,,
2026,2,FEB,2026-02-28T00:00:00Z,UK-Ireland FAB,FAB (FIR),6218,1872,0,316,0,0,0,0,0,0,0,0,0,1556,0,0,0,0,198,35
2026,2,FEB,2026-02-28T00:00:00Z,United Kingdom,COUNTRY (FIR),6394,1872,0,316,0,0,0,0,0,0,0,0,0,1556,0,0,0,0,198,35
2026,3,MAR,2026-03-01T00:00:00Z,Albania,COUNTRY (FIR),879,,,,,,,,,,,,,,,,,,,
2026,3,MAR,2026-03-01T00:00:00Z,Armenia,COUNTRY (FIR),468,,,,,,,,,,,,,,,,,,,
2026,3,MAR,2026-03-01T00:00:00Z,Austria,COUNTRY (FIR),3652,,,,,,,,,,,,,,,,,,,
2026,3,MAR,2026-03-01T00:00:00Z,BLUE MED FAB,FAB (FIR),7017,0,0,0,0,0,0,0,0,0,0,0,0,0,0,0,0,0,0,0
2026,3,MAR,2026-03-01T00:00:00Z,Baltic FAB,FAB (FIR),2100,,,,,,,,,,,,,,,,,,,
2026,3,MAR,2026-03-01T00:00:00Z,Belgium,COUNTRY (FIR),3184,,,,,,,,,,,,,,,,,,,
2026,3,MAR,2026-03-01T00:00:00Z,Bosnia and Herzegovina,COUNTRY (FIR),1217,,,,,,,,,,,,,,,,,,,
2026,3,MAR,2026-03-01T00:00:00Z,Bulgaria,COUNTRY (FIR),1996,,,,,,,,,,,,,,,,,,,
2026,3,MAR,2026-03-01T00:00:00Z,Croatia,COUNTRY (FIR),2006,,,,,,,,,,,,,,,,,,,
2026,3,MAR,2026-03-01T00:00:00Z,Cyprus,COUNTRY (FIR),698,,,,,,,,,,,,,,,,,,,
2026,3,MAR,2026-03-01T00:00:00Z,Czech Republic,COUNTRY (FIR),1924,0,0,0,0,0,0,0,0,0,0,0,0,0,0,0,0,0,0,0
2026,3,MAR,2026-03-01T00:00:00Z,DANUBE FAB,FAB (FIR),2502,,,,,,,,,,,,,,,,,,,
2026,3,MAR,2026-03-01T00:00:00Z,DK-SE FAB,FAB (FIR),2334,,,,,,,,,,,,,,,,,,,
2026,3,MAR,2026-03-01T00:00:00Z,Denmark,COUNTRY (FIR),1577,,,,,,,,,,,,,,,,,,,
2026,3,MAR,2026-03-01T00:00:00Z,Estonia,COUNTRY (FIR),430,,,,,,,,,,,,,,,,,,,
2026,3,MAR,2026-03-01T00:00:00Z,FAB CE,FAB (FIR),6016,0,0,0,0,0,0,0,0,0,0,0,0,0,0,0,0,0,0,0
2026,3,MAR,2026-03-01T00:00:00Z,FAB CE (SES RP1),FAB (FIR),5372,0,0,0,0,0,0,0,0,0,0,0,0,0,0,0,0,0,0,0
2026,3,MAR,2026-03-01T00:00:00Z,FAB CE (SES RP2),FAB (FIR),6002,0,0,0,0,0,0,0,0,0,0,0,0,0,0,0,0,0,0,0
2026,3,MAR,2026-03-01T00:00:00Z,FABEC,FAB (FIR),15072,4375,0,2790,0,0,0,0,238,0,0,0,0,1347,0,0,0,0,388,81
2026,3,MAR,2026-03-01T00:00:00Z,Finland,COUNTRY (FIR),631,0,0,0,0,0,0,0,0,0,0,0,0,0,0,0,0,0,0,0
2026,3,MAR,2026-03-01T00:00:00Z,France,COUNTRY (FIR),9058,3194,0,1849,0,0,0,0,238,0,0,0,0,1107,0,0,0,0,319,52
2026,3,MAR,2026-03-01T00:00:00Z,Georgia,COUNTRY (FIR),721,76,0,0,0,0,0,0,0,0,76,0,0,0,0,0,0,0,12,1
2026,3,MAR,2026-03-01T00:00:00Z,Germany,COUNTRY (FIR),7321,84,0,84,0,0,0,0,0,0,0,0,0,0,0,0,0,0,11,2
2026,3,MAR,2026-03-01T00:00:00Z,Greece,COUNTRY (FIR),2004,0,0,0,0,0,0,0,0,0,0,0,0,0,0,0,0,0,0,0
2026,3,MAR,2026-03-01T00:00:00Z,Hungary,COUNTRY (FIR),2331,,,,,,,,,,,,,,,,,,,
2026,3,MAR,2026-03-01T00:00:00Z,Iceland,COUNTRY (FIR),407,,,,,,,,,,,,,,,,,,,
2026,3,MAR,2026-03-01T00:00:00Z,Ireland,COUNTRY (FIR),1548,,,,,,,,,,,,,,,,,,,
2026,3,MAR,2026-03-01T00:00:00Z,Italy,COUNTRY (FIR),5426,0,0,0,0,0,0,0,0,0,0,0,0,0,0,0,0,0,0,0
2026,3,MAR,2026-03-01T00:00:00Z,Latvia,COUNTRY (FIR),605,0,0,0,0,0,0,0,0,0,0,0,0,0,0,0,0,0,0,0
2026,3,MAR,2026-03-01T00:00:00Z,Lithuania,COUNTRY (FIR),558,,,,,,,,,,,,,,,,,,,
2026,3,MAR,2026-03-01T00:00:00Z,Malta,COUNTRY (FIR),363,,,,,,,,,,,,,,,,,,,
2026,3,MAR,2026-03-01T00:00:00Z,Moldova,COUNTRY (FIR),110,,,,,,,,,,,,,,,,,,,
2026,3,MAR,2026-03-01T00:00:00Z,NEFAB,FAB (FIR),2336,0,0,0,0,0,0,0,0,0,0,0,0,0,0,0,0,0,0,0
2026,3,MAR,2026-03-01T00:00:00Z,Netherlands,COUNTRY (FIR),3091,0,0,0,0,0,0,0,0,0,0,0,0,0,0,0,0,0,0,0
2026,3,MAR,2026-03-01T00:00:00Z,North Macedonia,COUNTRY (FIR),512,,,,,,,,,,,,,,,,,,,
2026,3,MAR,2026-03-01T00:00:00Z,Norway,COUNTRY (FIR),1383,0,0,0,0,0,0,0,0,0,0,0,0,0,0,0,0,0,0,0
2026,3,MAR,2026-03-01T00:00:00Z,Poland,COUNTRY (FIR),1946,,,,,,,,,,,,,,,,,,,
2026,3,MAR,2026-03-01T00:00:00Z,Portugal,COUNTRY (FIR),2379,231,0,231,0,0,0,0,0,0,0,0,0,0,0,0,0,0,20,4
2026,3,MAR,2026-03-01T00:00:00Z,Portugal Continental,COUNTRY (FIR),2125,231,0,231,0,0,0,0,0,0,0,0,0,0,0,0,0,0,20,4
2026,3,MAR,2026-03-01T00:00:00Z,Portugal Santa Maria,COUNTRY (FIR),560,,,,,,,,,,,,,,,,,,,
2026,3,MAR,2026-03-01T00:00:00Z,Romania,COUNTRY (FIR),1722,,,,,,,,,,,,,,,,,,,
2026,3,MAR,2026-03-01T00:00:00Z,SES Area (RP2),AREA (FIR),24438,7544,0,5959,0,0,0,0,238,0,0,0,0,1347,0,0,0,0,751,135
2026,3,MAR,2026-03-01T00:00:00Z,SW FAB,FAB (FIR),6712,3169,0,3169,0,0,0,0,0,0,0,0,0,0,0,0,0,0,363,54
2026,3,MAR,2026-03-01T00:00:00Z,Serbia/Montenegro,COUNTRY (FIR),2036,,,,,,,,,,,,,,,,,,,
2026,3,MAR,2026-03-01T00:00:00Z,Slovakia,COUNTRY (FIR),1233,,,,,,,,,,,,,,,,,,,
2026,3,MAR,2026-03-01T00:00:00Z,Slovenia,COUNTRY (FIR),1225,,,,,,,,,,,,,,,,,,,
2026,3,MAR,2026-03-01T00:00:00Z,Spain,COUNTRY (FIR),6515,2938,0,2938,0,0,0,0,0,0,0,0,0,0,0,0,0,0,343,50
2026,3,MAR,2026-03-01T00:00:00Z,Spain Canaries,COUNTRY (FIR),1385,18,0,18,0,0,0,0,0,0,0,0,0,0,0,0,0,0,1,1
2026,3,MAR,2026-03-01T00:00:00Z,Spain Continental,COUNTRY (FIR),6087,2920,0,2920,0,0,0,0,0,0,0,0,0,0,0,0,0,0,342,49
2026,3,MAR,2026-03-01T00:00:00Z,Sweden,COUNTRY (FIR),1734,,,,,,,,,,,,,,,,,,,
2026,3,MAR,2026-03-01T00:00:00Z,Switzerland,COUNTRY (FIR),3040,1097,0,857,0,0,0,0,0,0,0,0,0,240,0,0,0,0,58,27
2026,3,MAR,2026-03-01T00:00:00Z,Türkiye,COUNTRY (FIR),3384,,,,,,,,,,,,,,,,,,,
2026,3,MAR,2026-03-01T00:00:00Z,UK Continental,COUNTRY (FIR),6273,0,0,0,0,0,0,0,0,0,0,0,0,0,0,0,0,0,0,0
2026,3,MAR,2026-03-01T00:00:00Z,UK Oceanic,COUNTRY (FIR),1357,,,,,,,,,,,,,,,,,,,
2026,3,MAR,2026-03-01T00:00:00Z,UK-Ireland FAB,FAB (FIR),6388,0,0,0,0,0,0,0,0,0,0,0,0,0,0,0,0,0,0,0
2026,3,MAR,2026-03-01T00:00:00Z,United Kingdom,COUNTRY (FIR),6496,0,0,0,0,0,0,0,0,0,0,0,0,0,0,0,0,0,0,0
2026,3,MAR,2026-03-02T00:00:00Z,Albania,COUNTRY (FIR),775,,,,,,,,,,,,,,,,,,,
2026,3,MAR,2026-03-02T00:00:00Z,Armenia,COUNTRY (FIR),424,,,,,,,,,,,,,,,,,,,
2026,3,MAR,2026-03-02T00:00:00Z,Austria,COUNTRY (FIR),3424,,,,,,,,,,,,,,,,,,,
2026,3,MAR,2026-03-02T00:00:00Z,BLUE MED FAB,FAB (FIR),6710,0,0,0,0,0,0,0,0,0,0,0,0,0,0,0,0,0,0,0
2026,3,MAR,2026-03-02T00:00:00Z,Baltic FAB,FAB (FIR),2133,0,0,0,0,0,0,0,0,0,0,0,0,0,0,0,0,0,0,0
2026,3,MAR,2026-03-02T00:00:00Z,Belgium,COUNTRY (FIR),3124,71,0,0,0,0,0,0,0,0,0,0,0,71,0,0,0,0,14,1
2026,3,MAR,2026-03-02T00:00:00Z,Bosnia and Herzegovina,COUNTRY (FIR),1059,,,,,,,,,,,,,,,,,,,
2026,3,MAR,2026-03-02T00:00:00Z,Bulgaria,COUNTRY (FIR),1817,,,,,,,,,,,,,,,,,,,
2026,3,MAR,2026-03-02T00:00:00Z,Croatia,COUNTRY (FIR),1785,,,,,,,,,,,,,,,,,,,
2026,3,MAR,2026-03-02T00:00:00Z,Cyprus,COUNTRY (FIR),590,0,0,0,0,0,0,0,0,0,0,0,0,0,0,0,0,0,0,0
2026,3,MAR,2026-03-02T00:00:00Z,Czech Republic,COUNTRY (FIR),1941,,,,,,,,,,,,,,,,,,,
2026,3,MAR,2026-03-02T00:00:00Z,DANUBE FAB,FAB (FIR),2337,,,,,,,,,,,,,,,,,,,
2026,3,MAR,2026-03-02T00:00:00Z,DK-SE FAB,FAB (FIR),2427,,,,,,,,,,,,,,,,,,,
2026,3,MAR,2026-03-02T00:00:00Z,Denmark,COUNTRY (FIR),1592,,,,,,,,,,,,,,,,,,,
2026,3,MAR,2026-03-02T00:00:00Z,Estonia,COUNTRY (FIR),410,,,,,,,,,,,,,,,,,,,
2026,3,MAR,2026-03-02T00:00:00Z,FAB CE,FAB (FIR),5707,,,,,,,,,,,,,,,,,,,
2026,3,MAR,2026-03-02T00:00:00Z,FAB CE (SES RP1),FAB (FIR),5115,,,,,,,,,,,,,,,,,,,
2026,3,MAR,2026-03-02T00:00:00Z,FAB CE (SES RP2),FAB (FIR),5688,,,,,,,,,,,,,,,,,,,
2026,3,MAR,2026-03-02T00:00:00Z,FABEC,FAB (FIR),15317,3893,0,1339,0,0,0,0,70,0,0,0,0,1627,857,0,0,0,376,67
2026,3,MAR,2026-03-02T00:00:00Z,Finland,COUNTRY (FIR),631,,,,,,,,,,,,,,,,,,,
2026,3,MAR,2026-03-02T00:00:00Z,France,COUNTRY (FIR),8874,2643,0,489,0,0,0,0,70,0,0,0,0,1227,857,0,0,0,227,51
2026,3,MAR,2026-03-02T00:00:00Z,Georgia,COUNTRY (FIR),689,128,0,0,0,0,0,0,0,0,128,0,0,0,0,0,0,0,12,4
2026,3,MAR,2026-03-02T00:00:00Z,Germany,COUNTRY (FIR),7557,590,0,261,0,0,0,0,0,0,0,0,0,329,0,0,0,0,86,7
2026,3,MAR,2026-03-02T00:00:00Z,Greece,COUNTRY (FIR),1858,0,0,0,0,0,0,0,0,0,0,0,0,0,0,0,0,0,0,0
2026,3,MAR,2026-03-02T00:00:00Z,Hungary,COUNTRY (FIR),2243,,,,,,,,,,,,,,,,,,,
2026,3,MAR,2026-03-02T00:00:00Z,Iceland,COUNTRY (FIR),363,,,,,,,,,,,,,,,,,,,
2026,3,MAR,2026-03-02T00:00:00Z,Ireland,COUNTRY (FIR),1561,0,0,0,0,0,0,0,0,0,0,0,0,0,0,0,0,0,0,0
2026,3,MAR,2026-03-02T00:00:00Z,Italy,COUNTRY (FIR),5203,0,0,0,0,0,0,0,0,0,0,0,0,0,0,0,0,0,0,0
2026,3,MAR,2026-03-02T00:00:00Z,Latvia,COUNTRY (FIR),583,,,,,,,,,,,,,,,,,,,
2026,3,MAR,2026-03-02T00:00:00Z,Lithuania,COUNTRY (FIR),528,,,,,,,,,,,,,,,,,,,
2026,3,MAR,2026-03-02T00:00:00Z,Malta,COUNTRY (FIR),355,,,,,,,,,,,,,,,,,,,
2026,3,MAR,2026-03-02T00:00:00Z,Moldova,COUNTRY (FIR),91,,,,,,,,,,,,,,,,,,,
2026,3,MAR,2026-03-02T00:00:00Z,NEFAB,FAB (FIR),2553,0,0,0,0,0,0,0,0,0,0,0,0,0,0,0,0,0,0,0
2026,3,MAR,2026-03-02T00:00:00Z,Netherlands,COUNTRY (FIR),3151,145,0,145,0,0,0,0,0,0,0,0,0,0,0,0,0,0,22,1
2026,3,MAR,2026-03-02T00:00:00Z,North Macedonia,COUNTRY (FIR),437,,,,,,,,,,,,,,,,,,,
2026,3,MAR,2026-03-02T00:00:00Z,Norway,COUNTRY (FIR),1574,0,0,0,0,0,0,0,0,0,0,0,0,0,0,0,0,0,0,0
2026,3,MAR,2026-03-02T00:00:00Z,Poland,COUNTRY (FIR),1959,0,0,0,0,0,0,0,0,0,0,0,0,0,0,0,0,0,0,0
2026,3,MAR,2026-03-02T00:00:00Z,Portugal,COUNTRY (FIR),2109,302,0,302,0,0,0,0,0,0,0,0,0,0,0,0,0,0,23,5
2026,3,MAR,2026-03-02T00:00:00Z,Portugal Continental,COUNTRY (FIR),1886,302,0,302,0,0,0,0,0,0,0,0,0,0,0,0,0,0,23,5
2026,3,MAR,2026-03-02T00:00:00Z,Portugal Santa Maria,COUNTRY (FIR),472,,,,,,,,,,,,,,,,,,,
2026,3,MAR,2026-03-02T00:00:00Z,Romania,COUNTRY (FIR),1648,,,,,,,,,,,,,,,,,,,
2026,3,MAR,2026-03-02T00:00:00Z,SES Area (RP2),AREA (FIR),25415,6723,0,4169,0,0,0,0,70,0,0,0,0,1627,857,0,0,0,705,108
2026,3,MAR,2026-03-02T00:00:00Z,SW FAB,FAB (FIR),6311,2714,0,2714,0,0,0,0,0,0,0,0,0,0,0,0,0,0,309,41
2026,3,MAR,2026-03-02T00:00:00Z,Serbia/Montenegro,COUNTRY (FIR),1817,,,,,,,,,,,,,,,,,,,
2026,3,MAR,2026-03-02T00:00:00Z,Slovakia,COUNTRY (FIR),1184,,,,,,,,,,,,,,,,,,,
2026,3,MAR,2026-03-02T00:00:00Z,Slovenia,COUNTRY (FIR),1069,,,,,,,,,,,,,,,,,,,
2026,3,MAR,2026-03-02T00:00:00Z,Spain,COUNTRY (FIR),6147,2412,0,2412,0,0,0,0,0,0,0,0,0,0,0,0,0,0,286,36
2026,3,MAR,2026-03-02T00:00:00Z,Spain Canaries,COUNTRY (FIR),1230,0,0,0,0,0,0,0,0,0,0,0,0,0,0,0,0,0,0,0
2026,3,MAR,2026-03-02T00:00:00Z,Spain Continental,COUNTRY (FIR),5752,2412,0,2412,0,0,0,0,0,0,0,0,0,0,0,0,0,0,286,36
2026,3,MAR,2026-03-02T00:00:00Z,Sweden,COUNTRY (FIR),1832,,,,,,,,,,,,,,,,,,,
2026,3,MAR,2026-03-02T00:00:00Z,Switzerland,COUNTRY (FIR),2842,444,0,444,0,0,0,0,0,0,0,0,0,0,0,0,0,0,27,7
2026,3,MAR,2026-03-02T00:00:00Z,Türkiye,COUNTRY (FIR),3149,,,,,,,,,,,,,,,,,,,
2026,3,MAR,2026-03-02T00:00:00Z,UK Continental,COUNTRY (FIR),6321,116,0,116,0,0,0,0,0,0,0,0,0,0,0,0,0,0,20,0
2026,3,MAR,2026-03-02T00:00:00Z,UK Oceanic,COUNTRY (FIR),1290,,,,,,,,,,,,,,,,,,,
2026,3,MAR,2026-03-02T00:00:00Z,UK-Ireland FAB,FAB (FIR),6453,116,0,116,0,0,0,0,0,0,0,0,0,0,0,0,0,0,20,0
2026,3,MAR,2026-03-02T00:00:00Z,United Kingdom,COUNTRY (FIR),6585,116,0,116,0,0,0,0,0,0,0,0,0,0,0,0,0,0,20,0
2026,3,MAR,2026-03-03T00:00:00Z,Albania,COUNTRY (FIR),673,,,,,,,,,,,,,,,,,,,
2026,3,MAR,2026-03-03T00:00:00Z,Armenia,COUNTRY (FIR),442,,,,,,,,,,,,,,,,,,,
2026,3,MAR,2026-03-03T00:00:00Z,Austria,COUNTRY (FIR),3008,,,,,,,,,,,,,,,,,,,
2026,3,MAR,2026-03-03T00:00:00Z,BLUE MED FAB,FAB (FIR),5926,0,0,0,0,0,0,0,0,0,0,0,0,0,0,0,0,0,0,0
2026,3,MAR,2026-03-03T00:00:00Z,Baltic FAB,FAB (FIR),1718,84,0,84,0,0,0,0,0,0,0,0,0,0,0,0,0,0,9,2
2026,3,MAR,2026-03-03T00:00:00Z,Belgium,COUNTRY (FIR),2738,,,,,,,,,,,,,,,,,,,
2026,3,MAR,2026-03-03T00:00:00Z,Bosnia and Herzegovina,COUNTRY (FIR),934,,,,,,,,,,,,,,,,,,,
2026,3,MAR,2026-03-03T00:00:00Z,Bulgaria,COUNTRY (FIR),1871,,,,,,,,,,,,,,,,,,,
2026,3,MAR,2026-03-03T00:00:00Z,Croatia,COUNTRY (FIR),1583,,,,,,,,,,,,,,,,,,,
2026,3,MAR,2026-03-03T00:00:00Z,Cyprus,COUNTRY (FIR),696,,,,,,,,,,,,,,,,,,,
2026,3,MAR,2026-03-03T00:00:00Z,Czech Republic,COUNTRY (FIR),1689,,,,,,,,,,,,,,,,,,,
2026,3,MAR,2026-03-03T00:00:00Z,DANUBE FAB,FAB (FIR),2298,,,,,,,,,,,,,,,,,,,
2026,3,MAR,2026-03-03T00:00:00Z,DK-SE FAB,FAB (FIR),2150,,,,,,,,,,,,,,,,,,,
2026,3,MAR,2026-03-03T00:00:00Z,Denmark,COUNTRY (FIR),1408,,,,,,,,,,,,,,,,,,,
2026,3,MAR,2026-03-03T00:00:00Z,Estonia,COUNTRY (FIR),420,,,,,,,,,,,,,,,,,,,
2026,3,MAR,2026-03-03T00:00:00Z,FAB CE,FAB (FIR),5092,,,,,,,,,,,,,,,,,,,
2026,3,MAR,2026-03-03T00:00:00Z,FAB CE (SES RP1),FAB (FIR),4549,,,,,,,,,,,,,,,,,,,
2026,3,MAR,2026-03-03T00:00:00Z,FAB CE (SES RP2),FAB (FIR),5080,,,,,,,,,,,,,,,,,,,
2026,3,MAR,2026-03-03T00:00:00Z,FABEC,FAB (FIR),13557,1605,0,411,0,0,13,0,710,0,286,97,0,88,0,0,0,0,101,38
2026,3,MAR,2026-03-03T00:00:00Z,Finland,COUNTRY (FIR),605,,,,,,,,,,,,,,,,,,,
2026,3,MAR,2026-03-03T00:00:00Z,France,COUNTRY (FIR),7730,1560,0,366,0,0,13,0,710,0,286,97,0,88,0,0,0,0,98,37
2026,3,MAR,2026-03-03T00:00:00Z,Georgia,COUNTRY (FIR),704,95,0,77,0,0,0,0,0,0,18,0,0,0,0,0,0,0,18,0
2026,3,MAR,2026-03-03T00:00:00Z,Germany,COUNTRY (FIR),6678,0,0,0,0,0,0,0,0,0,0,0,0,0,0,0,0,0,0,0
2026,3,MAR,2026-03-03T00:00:00Z,Greece,COUNTRY (FIR),1883,0,0,0,0,0,0,0,0,0,0,0,0,0,0,0,0,0,0,0
2026,3,MAR,2026-03-03T00:00:00Z,Hungary,COUNTRY (FIR),2060,,,,,,,,,,,,,,,,,,,
2026,3,MAR,2026-03-03T00:00:00Z,Iceland,COUNTRY (FIR),309,,,,,,,,,,,,,,,,,,,
2026,3,MAR,2026-03-03T00:00:00Z,Ireland,COUNTRY (FIR),1429,,,,,,,,,,,,,,,,,,,
2026,3,MAR,2026-03-03T00:00:00Z,Italy,COUNTRY (FIR),4276,0,0,0,0,0,0,0,0,0,0,0,0,0,0,0,0,0,0,0
2026,3,MAR,2026-03-03T00:00:00Z,Latvia,COUNTRY (FIR),540,,,,,,,,,,,,,,,,,,,
2026,3,MAR,2026-03-03T00:00:00Z,Lithuania,COUNTRY (FIR),474,,,,,,,,,,,,,,,,,,,
2026,3,MAR,2026-03-03T00:00:00Z,Malta,COUNTRY (FIR),327,,,,,,,,,,,,,,,,,,,
2026,3,MAR,2026-03-03T00:00:00Z,Moldova,COUNTRY (FIR),86,,,,,,,,,,,,,,,,,,,
2026,3,MAR,2026-03-03T00:00:00Z,NEFAB,FAB (FIR),2369,,,,,,,,,,,,,,,,,,,
2026,3,MAR,2026-03-03T00:00:00Z,Netherlands,COUNTRY (FIR),2771,0,0,0,0,0,0,0,0,0,0,0,0,0,0,0,0,0,0,0
2026,3,MAR,2026-03-03T00:00:00Z,North Macedonia,COUNTRY (FIR),370,,,,,,,,,,,,,,,,,,,
2026,3,MAR,2026-03-03T00:00:00Z,Norway,COUNTRY (FIR),1462,,,,,,,,,,,,,,,,,,,
2026,3,MAR,2026-03-03T00:00:00Z,Poland,COUNTRY (FIR),1570,84,0,84,0,0,0,0,0,0,0,0,0,0,0,0,0,0,9,2
2026,3,MAR,2026-03-03T00:00:00Z,Portugal,COUNTRY (FIR),1979,,,,,,,,,,,,,,,,,,,
2026,3,MAR,2026-03-03T00:00:00Z,Portugal Continental,COUNTRY (FIR),1758,,,,,,,,,,,,,,,,,,,
2026,3,MAR,2026-03-03T00:00:00Z,Portugal Santa Maria,COUNTRY (FIR),475,,,,,,,,,,,,,,,,,,,
2026,3,MAR,2026-03-03T00:00:00Z,Romania,COUNTRY (FIR),1612,,,,,,,,,,,,,,,,,,,
2026,3,MAR,2026-03-03T00:00:00Z,SES Area (RP2),AREA (FIR),22772,2828,0,1634,0,0,13,0,710,0,286,97,0,88,0,0,0,0,228,60
2026,3,MAR,2026-03-03T00:00:00Z,SW FAB,FAB (FIR),5569,1139,0,1139,0,0,0,0,0,0,0,0,0,0,0,0,0,0,118,20
2026,3,MAR,2026-03-03T00:00:00Z,Serbia/Montenegro,COUNTRY (FIR),1656,,,,,,,,,,,,,,,,,,,
2026,3,MAR,2026-03-03T00:00:00Z,Slovakia,COUNTRY (FIR),1088,,,,,,,,,,,,,,,,,,,
2026,3,MAR,2026-03-03T00:00:00Z,Slovenia,COUNTRY (FIR),950,,,,,,,,,,,,,,,,,,,
2026,3,MAR,2026-03-03T00:00:00Z,Spain,COUNTRY (FIR),5411,1139,0,1139,0,0,0,0,0,0,0,0,0,0,0,0,0,0,118,20
2026,3,MAR,2026-03-03T00:00:00Z,Spain Canaries,COUNTRY (FIR),1209,,,,,,,,,,,,,,,,,,,
2026,3,MAR,2026-03-03T00:00:00Z,Spain Continental,COUNTRY (FIR),5018,1139,0,1139,0,0,0,0,0,0,0,0,0,0,0,0,0,0,118,20
2026,3,MAR,2026-03-03T00:00:00Z,Sweden,COUNTRY (FIR),1578,,,,,,,,,,,,,,,,,,,
2026,3,MAR,2026-03-03T00:00:00Z,Switzerland,COUNTRY (FIR),2527,45,0,45,0,0,0,0,0,0,0,0,0,0,0,0,0,0,3,1
2026,3,MAR,2026-03-03T00:00:00Z,Türkiye,COUNTRY (FIR),3134,,,,,,,,,,,,,,,,,,,
2026,3,MAR,2026-03-03T00:00:00Z,UK Continental,COUNTRY (FIR),5450,0,0,0,0,0,0,0,0,0,0,0,0,0,0,0,0,0,0,0
2026,3,MAR,2026-03-03T00:00:00Z,UK Oceanic,COUNTRY (FIR),1340,,,,,,,,,,,,,,,,,,,
2026,3,MAR,2026-03-03T00:00:00Z,UK-Ireland FAB,FAB (FIR),5616,0,0,0,0,0,0,0,0,0,0,0,0,0,0,0,0,0,0,0
2026,3,MAR,2026-03-03T00:00:00Z,United Kingdom,COUNTRY (FIR),5725,0,0,0,0,0,0,0,0,0,0,0,0,0,0,0,0,0,0,0
2026,3,MAR,2026-03-04T00:00:00Z,Albania,COUNTRY (FIR),732,,,,,,,,,,,,,,,,,,,
2026,3,MAR,2026-03-04T00:00:00Z,Armenia,COUNTRY (FIR),429,,,,,,,,,,,,,,,,,,,
2026,3,MAR,2026-03-04T00:00:00Z,Austria,COUNTRY (FIR),3142,,,,,,,,,,,,,,,,,,,
2026,3,MAR,2026-03-04T00:00:00Z,BLUE MED FAB,FAB (FIR),6070,0,0,0,0,0,0,0,0,0,0,0,0,0,0,0,0,0,0,0
2026,3,MAR,2026-03-04T00:00:00Z,Baltic FAB,FAB (FIR),1746,,,,,,,,,,,,,,,,,,,
2026,3,MAR,2026-03-04T00:00:00Z,Belgium,COUNTRY (FIR),2858,0,0,0,0,0,0,0,0,0,0,0,0,0,0,0,0,0,0,0
2026,3,MAR,2026-03-04T00:00:00Z,Bosnia and Herzegovina,COUNTRY (FIR),894,,,,,,,,,,,,,,,,,,,
2026,3,MAR,2026-03-04T00:00:00Z,Bulgaria,COUNTRY (FIR),1880,,,,,,,,,,,,,,,,,,,
2026,3,MAR,2026-03-04T00:00:00Z,Croatia,COUNTRY (FIR),1580,,,,,,,,,,,,,,,,,,,
2026,3,MAR,2026-03-04T00:00:00Z,Cyprus,COUNTRY (FIR),734,,,,,,,,,,,,,,,,,,,
2026,3,MAR,2026-03-04T00:00:00Z,Czech Republic,COUNTRY (FIR),1717,,,,,,,,,,,,,,,,,,,
2026,3,MAR,2026-03-04T00:00:00Z,DANUBE FAB,FAB (FIR),2269,,,,,,,,,,,,,,,,,,,
2026,3,MAR,2026-03-04T00:00:00Z,DK-SE FAB,FAB (FIR),2229,0,0,0,0,0,0,0,0,0,0,0,0,0,0,0,0,0,0,0
2026,3,MAR,2026-03-04T00:00:00Z,Denmark,COUNTRY (FIR),1476,0,0,0,0,0,0,0,0,0,0,0,0,0,0,0,0,0,0,0
2026,3,MAR,2026-03-04T00:00:00Z,Estonia,COUNTRY (FIR),425,,,,,,,,,,,,,,,,,,,
2026,3,MAR,2026-03-04T00:00:00Z,FAB CE,FAB (FIR),5186,,,,,,,,,,,,,,,,,,,
2026,3,MAR,2026-03-04T00:00:00Z,FAB CE (SES RP1),FAB (FIR),4665,,,,,,,,,,,,,,,,,,,
2026,3,MAR,2026-03-04T00:00:00Z,FAB CE (SES RP2),FAB (FIR),5171,,,,,,,,,,,,,,,,,,,
2026,3,MAR,2026-03-04T00:00:00Z,FABEC,FAB (FIR),14119,1857,0,339,0,0,23,0,10,0,457,0,0,540,488,0,0,0,126,46
2026,3,MAR,2026-03-04T00:00:00Z,Finland,COUNTRY (FIR),593,,,,,,,,,,,,,,,,,,,
2026,3,MAR,2026-03-04T00:00:00Z,France,COUNTRY (FIR),7926,1209,0,61,0,0,0,0,10,0,457,0,0,193,488,0,0,0,66,30
2026,3,MAR,2026-03-04T00:00:00Z,Georgia,COUNTRY (FIR),739,4,0,4,0,0,0,0,0,0,0,0,0,0,0,0,0,0,1,0
2026,3,MAR,2026-03-04T00:00:00Z,Germany,COUNTRY (FIR),7112,347,0,0,0,0,0,0,0,0,0,0,0,347,0,0,0,0,45,7
2026,3,MAR,2026-03-04T00:00:00Z,Greece,COUNTRY (FIR),1970,0,0,0,0,0,0,0,0,0,0,0,0,0,0,0,0,0,0,0
2026,3,MAR,2026-03-04T00:00:00Z,Hungary,COUNTRY (FIR),2060,,,,,,,,,,,,,,,,,,,
2026,3,MAR,2026-03-04T00:00:00Z,Iceland,COUNTRY (FIR),400,,,,,,,,,,,,,,,,,,,
2026,3,MAR,2026-03-04T00:00:00Z,Ireland,COUNTRY (FIR),1430,,,,,,,,,,,,,,,,,,,
2026,3,MAR,2026-03-04T00:00:00Z,Italy,COUNTRY (FIR),4391,0,0,0,0,0,0,0,0,0,0,0,0,0,0,0,0,0,0,0
2026,3,MAR,2026-03-04T00:00:00Z,Latvia,COUNTRY (FIR),540,,,,,,,,,,,,,,,,,,,
2026,3,MAR,2026-03-04T00:00:00Z,Lithuania,COUNTRY (FIR),466,,,,,,,,,,,,,,,,,,,
2026,3,MAR,2026-03-04T00:00:00Z,Malta,COUNTRY (FIR),323,,,,,,,,,,,,,,,,,,,
2026,3,MAR,2026-03-04T00:00:00Z,Moldova,COUNTRY (FIR),86,,,,,,,,,,,,,,,,,,,
2026,3,MAR,2026-03-04T00:00:00Z,NEFAB,FAB (FIR),2451,,,,,,,,,,,,,,,,,,,
2026,3,MAR,2026-03-04T00:00:00Z,Netherlands,COUNTRY (FIR),2882,23,0,0,0,0,23,0,0,0,0,0,0,0,0,0,0,0,5,0
2026,3,MAR,2026-03-04T00:00:00Z,North Macedonia,COUNTRY (FIR),427,,,,,,,,,,,,,,,,,,,
2026,3,MAR,2026-03-04T00:00:00Z,Norway,COUNTRY (FIR),1533,,,,,,,,,,,,,,,,,,,
2026,3,MAR,2026-03-04T00:00:00Z,Poland,COUNTRY (FIR),1608,,,,,,,,,,,,,,,,,,,
2026,3,MAR,2026-03-04T00:00:00Z,Portugal,COUNTRY (FIR),2143,0,0,0,0,0,0,0,0,0,0,0,0,0,0,0,0,0,0,0
2026,3,MAR,2026-03-04T00:00:00Z,Portugal Continental,COUNTRY (FIR),1935,0,0,0,0,0,0,0,0,0,0,0,0,0,0,0,0,0,0,0
2026,3,MAR,2026-03-04T00:00:00Z,Portugal Santa Maria,COUNTRY (FIR),472,,,,,,,,,,,,,,,,,,,
2026,3,MAR,2026-03-04T00:00:00Z,Romania,COUNTRY (FIR),1573,,,,,,,,,,,,,,,,,,,
2026,3,MAR,2026-03-04T00:00:00Z,SES Area (RP2),AREA (FIR),23566,3203,0,1601,0,0,23,0,10,0,457,0,0,624,488,0,0,0,282,68
2026,3,MAR,2026-03-04T00:00:00Z,SW FAB,FAB (FIR),5650,1262,0,1262,0,0,0,0,0,0,0,0,0,0,0,0,0,0,144,20
2026,3,MAR,2026-03-04T00:00:00Z,Serbia/Montenegro,COUNTRY (FIR),1689,,,,,,,,,,,,,,,,,,,
2026,3,MAR,2026-03-04T00:00:00Z,Slovakia,COUNTRY (FIR),1088,,,,,,,,,,,,,,,,,,,
2026,3,MAR,2026-03-04T00:00:00Z,Slovenia,COUNTRY (FIR),997,,,,,,,,,,,,,,,,,,,
2026,3,MAR,2026-03-04T00:00:00Z,Spain,COUNTRY (FIR),5440,1262,0,1262,0,0,0,0,0,0,0,0,0,0,0,0,0,0,144,20
2026,3,MAR,2026-03-04T00:00:00Z,Spain Canaries,COUNTRY (FIR),1177,85,0,85,0,0,0,0,0,0,0,0,0,0,0,0,0,0,6,1
2026,3,MAR,2026-03-04T00:00:00Z,Spain Continental,COUNTRY (FIR),5069,1177,0,1177,0,0,0,0,0,0,0,0,0,0,0,0,0,0,138,19
2026,3,MAR,2026-03-04T00:00:00Z,Sweden,COUNTRY (FIR),1610,,,,,,,,,,,,,,,,,,,
2026,3,MAR,2026-03-04T00:00:00Z,Switzerland,COUNTRY (FIR),2682,278,0,278,0,0,0,0,0,0,0,0,0,0,0,0,0,0,10,9
2026,3,MAR,2026-03-04T00:00:00Z,Türkiye,COUNTRY (FIR),3212,0,0,0,0,0,0,0,0,0,0,0,0,0,0,0,0,0,0,0
2026,3,MAR,2026-03-04T00:00:00Z,UK Continental,COUNTRY (FIR),5635,84,0,0,0,0,0,0,0,0,0,0,0,84,0,0,0,0,12,2
2026,3,MAR,2026-03-04T00:00:00Z,UK Oceanic,COUNTRY (FIR),1311,,,,,,,,,,,,,,,,,,,
2026,3,MAR,2026-03-04T00:00:00Z,UK-Ireland FAB,FAB (FIR),5770,84,0,0,0,0,0,0,0,0,0,0,0,84,0,0,0,0,12,2
2026,3,MAR,2026-03-04T00:00:00Z,United Kingdom,COUNTRY (FIR),5890,84,0,0,0,0,0,0,0,0,0,0,0,84,0,0,0,0,12,2
2026,3,MAR,2026-03-05T00:00:00Z,Albania,COUNTRY (FIR),791,,,,,,,,,,,,,,,,,,,
2026,3,MAR,2026-03-05T00:00:00Z,Armenia,COUNTRY (FIR),349,,,,,,,,,,,,,,,,,,,
2026,3,MAR,2026-03-05T00:00:00Z,Austria,COUNTRY (FIR),3423,,,,,,,,,,,,,,,,,,,
2026,3,MAR,2026-03-05T00:00:00Z,BLUE MED FAB,FAB (FIR),7078,0,0,0,0,0,0,0,0,0,0,0,0,0,0,0,0,0,0,0
2026,3,MAR,2026-03-05T00:00:00Z,Baltic FAB,FAB (FIR),2042,158,0,158,0,0,0,0,0,0,0,0,0,0,0,0,0,0,18,2
2026,3,MAR,2026-03-05T00:00:00Z,Belgium,COUNTRY (FIR),3147,40,0,40,0,0,0,0,0,0,0,0,0,0,0,0,0,0,10,0
2026,3,MAR,2026-03-05T00:00:00Z,Bosnia and Herzegovina,COUNTRY (FIR),1099,,,,,,,,,,,,,,,,,,,
2026,3,MAR,2026-03-05T00:00:00Z,Bulgaria,COUNTRY (FIR),1999,,,,,,,,,,,,,,,,,,,
2026,3,MAR,2026-03-05T00:00:00Z,Croatia,COUNTRY (FIR),1833,,,,,,,,,,,,,,,,,,,
2026,3,MAR,2026-03-05T00:00:00Z,Cyprus,COUNTRY (FIR),936,,,,,,,,,,,,,,,,,,,
2026,3,MAR,2026-03-05T00:00:00Z,Czech Republic,COUNTRY (FIR),1897,,,,,,,,,,,,,,,,,,,
2026,3,MAR,2026-03-05T00:00:00Z,DANUBE FAB,FAB (FIR),2482,,,,,,,,,,,,,,,,,,,
2026,3,MAR,2026-03-05T00:00:00Z,DK-SE FAB,FAB (FIR),2452,0,0,0,0,0,0,0,0,0,0,0,0,0,0,0,0,0,0,0
2026,3,MAR,2026-03-05T00:00:00Z,Denmark,COUNTRY (FIR),1601,0,0,0,0,0,0,0,0,0,0,0,0,0,0,0,0,0,0,0
2026,3,MAR,2026-03-05T00:00:00Z,Estonia,COUNTRY (FIR),448,,,,,,,,,,,,,,,,,,,
2026,3,MAR,2026-03-05T00:00:00Z,FAB CE,FAB (FIR),5761,,,,,,,,,,,,,,,,,,,
2026,3,MAR,2026-03-05T00:00:00Z,FAB CE (SES RP1),FAB (FIR),5172,,,,,,,,,,,,,,,,,,,
2026,3,MAR,2026-03-05T00:00:00Z,FAB CE (SES RP2),FAB (FIR),5748,,,,,,,,,,,,,,,,,,,
2026,3,MAR,2026-03-05T00:00:00Z,FABEC,FAB (FIR),15252,2883,0,1238,0,0,10,0,458,0,0,0,0,981,196,0,0,0,303,37
2026,3,MAR,2026-03-05T00:00:00Z,Finland,COUNTRY (FIR),654,,,,,,,,,,,,,,,,,,,
2026,3,MAR,2026-03-05T00:00:00Z,France,COUNTRY (FIR),8751,1798,0,891,0,0,10,0,458,0,0,0,0,243,196,0,0,0,183,24
2026,3,MAR,2026-03-05T00:00:00Z,Georgia,COUNTRY (FIR),868,199,0,0,0,0,0,0,0,0,199,0,0,0,0,0,0,0,22,3
2026,3,MAR,2026-03-05T00:00:00Z,Germany,COUNTRY (FIR),7529,978,0,240,0,0,0,0,0,0,0,0,0,738,0,0,0,0,106,11
2026,3,MAR,2026-03-05T00:00:00Z,Greece,COUNTRY (FIR),2241,0,0,0,0,0,0,0,0,0,0,0,0,0,0,0,0,0,0,0
2026,3,MAR,2026-03-05T00:00:00Z,Hungary,COUNTRY (FIR),2297,,,,,,,,,,,,,,,,,,,
2026,3,MAR,2026-03-05T00:00:00Z,Iceland,COUNTRY (FIR),447,,,,,,,,,,,,,,,,,,,
2026,3,MAR,2026-03-05T00:00:00Z,Ireland,COUNTRY (FIR),1485,0,0,0,0,0,0,0,0,0,0,0,0,0,0,0,0,0,0,0
2026,3,MAR,2026-03-05T00:00:00Z,Italy,COUNTRY (FIR),4996,0,0,0,0,0,0,0,0,0,0,0,0,0,0,0,0,0,0,0
2026,3,MAR,2026-03-05T00:00:00Z,Latvia,COUNTRY (FIR),602,,,,,,,,,,,,,,,,,,,
2026,3,MAR,2026-03-05T00:00:00Z,Lithuania,COUNTRY (FIR),508,,,,,,,,,,,,,,,,,,,
2026,3,MAR,2026-03-05T00:00:00Z,Malta,COUNTRY (FIR),392,,,,,,,,,,,,,,,,,,,
2026,3,MAR,2026-03-05T00:00:00Z,Moldova,COUNTRY (FIR),90,,,,,,,,,,,,,,,,,,,
2026,3,MAR,2026-03-05T00:00:00Z,NEFAB,FAB (FIR),2656,0,0,0,0,0,0,0,0,0,0,0,0,0,0,0,0,0,0,0
2026,3,MAR,2026-03-05T00:00:00Z,Netherlands,COUNTRY (FIR),3059,0,0,0,0,0,0,0,0,0,0,0,0,0,0,0,0,0,0,0
2026,3,MAR,2026-03-05T00:00:00Z,North Macedonia,COUNTRY (FIR),510,,,,,,,,,,,,,,,,,,,
2026,3,MAR,2026-03-05T00:00:00Z,Norway,COUNTRY (FIR),1661,0,0,0,0,0,0,0,0,0,0,0,0,0,0,0,0,0,0,0
2026,3,MAR,2026-03-05T00:00:00Z,Poland,COUNTRY (FIR),1877,158,0,158,0,0,0,0,0,0,0,0,0,0,0,0,0,0,18,2
2026,3,MAR,2026-03-05T00:00:00Z,Portugal,COUNTRY (FIR),2278,0,0,0,0,0,0,0,0,0,0,0,0,0,0,0,0,0,0,0
2026,3,MAR,2026-03-05T00:00:00Z,Portugal Continental,COUNTRY (FIR),2039,0,0,0,0,0,0,0,0,0,0,0,0,0,0,0,0,0,0,0
2026,3,MAR,2026-03-05T00:00:00Z,Portugal Santa Maria,COUNTRY (FIR),498,,,,,,,,,,,,,,,,,,,
2026,3,MAR,2026-03-05T00:00:00Z,Romania,COUNTRY (FIR),1706,,,,,,,,,,,,,,,,,,,
2026,3,MAR,2026-03-05T00:00:00Z,SES Area (RP2),AREA (FIR),25777,6217,0,2213,0,0,10,0,458,0,0,0,0,981,196,0,2359,0,620,102
2026,3,MAR,2026-03-05T00:00:00Z,SW FAB,FAB (FIR),6156,3176,0,817,0,0,0,0,0,0,0,0,0,0,0,0,2359,0,299,63
2026,3,MAR,2026-03-05T00:00:00Z,Serbia/Montenegro,COUNTRY (FIR),1891,,,,,,,,,,,,,,,,,,,
2026,3,MAR,2026-03-05T00:00:00Z,Slovakia,COUNTRY (FIR),1225,,,,,,,,,,,,,,,,,,,
2026,3,MAR,2026-03-05T00:00:00Z,Slovenia,COUNTRY (FIR),1097,,,,,,,,,,,,,,,,,,,
2026,3,MAR,2026-03-05T00:00:00Z,Spain,COUNTRY (FIR),5945,3176,0,817,0,0,0,0,0,0,0,0,0,0,0,0,2359,0,299,63
2026,3,MAR,2026-03-05T00:00:00Z,Spain Canaries,COUNTRY (FIR),1274,9,0,9,0,0,0,0,0,0,0,0,0,0,0,0,0,0,1,0
2026,3,MAR,2026-03-05T00:00:00Z,Spain Continental,COUNTRY (FIR),5537,3167,0,808,0,0,0,0,0,0,0,0,0,0,0,0,2359,0,298,63
2026,3,MAR,2026-03-05T00:00:00Z,Sweden,COUNTRY (FIR),1812,,,,,,,,,,,,,,,,,,,
2026,3,MAR,2026-03-05T00:00:00Z,Switzerland,COUNTRY (FIR),2827,67,0,67,0,0,0,0,0,0,0,0,0,0,0,0,0,0,4,2
2026,3,MAR,2026-03-05T00:00:00Z,Türkiye,COUNTRY (FIR),3462,,,,,,,,,,,,,,,,,,,
2026,3,MAR,2026-03-05T00:00:00Z,UK Continental,COUNTRY (FIR),6221,0,0,0,0,0,0,0,0,0,0,0,0,0,0,0,0,0,0,0
2026,3,MAR,2026-03-05T00:00:00Z,UK Oceanic,COUNTRY (FIR),1356,,,,,,,,,,,,,,,,,,,
2026,3,MAR,2026-03-05T00:00:00Z,UK-Ireland FAB,FAB (FIR),6370,0,0,0,0,0,0,0,0,0,0,0,0,0,0,0,0,0,0,0
2026,3,MAR,2026-03-05T00:00:00Z,United Kingdom,COUNTRY (FIR),6475,0,0,0,0,0,0,0,0,0,0,0,0,0,0,0,0,0,0,0
2026,3,MAR,2026-03-06T00:00:00Z,Albania,COUNTRY (FIR),957,,,,,,,,,,,,,,,,,,,
2026,3,MAR,2026-03-06T00:00:00Z,Armenia,COUNTRY (FIR),427,,,,,,,,,,,,,,,,,,,
2026,3,MAR,2026-03-06T00:00:00Z,Austria,COUNTRY (FIR),3862,,,,,,,,,,,,,,,,,,,
2026,3,MAR,2026-03-06T00:00:00Z,BLUE MED FAB,FAB (FIR),7680,0,0,0,0,0,0,0,0,0,0,0,0,0,0,0,0,0,0,0
2026,3,MAR,2026-03-06T00:00:00Z,Baltic FAB,FAB (FIR),2232,0,0,0,0,0,0,0,0,0,0,0,0,0,0,0,0,0,0,0
2026,3,MAR,2026-03-06T00:00:00Z,Belgium,COUNTRY (FIR),3325,,,,,,,,,,,,,,,,,,,
2026,3,MAR,2026-03-06T00:00:00Z,Bosnia and Herzegovina,COUNTRY (FIR),1323,,,,,,,,,,,,,,,,,,,
2026,3,MAR,2026-03-06T00:00:00Z,Bulgaria,COUNTRY (FIR),2071,,,,,,,,,,,,,,,,,,,
2026,3,MAR,2026-03-06T00:00:00Z,Croatia,COUNTRY (FIR),2122,,,,,,,,,,,,,,,,,,,
2026,3,MAR,2026-03-06T00:00:00Z,Cyprus,COUNTRY (FIR),937,,,,,,,,,,,,,,,,,,,
2026,3,MAR,2026-03-06T00:00:00Z,Czech Republic,COUNTRY (FIR),2115,0,0,0,0,0,0,0,0,0,0,0,0,0,0,0,0,0,0,0
2026,3,MAR,2026-03-06T00:00:00Z,DANUBE FAB,FAB (FIR),2650,,,,,,,,,,,,,,,,,,,
2026,3,MAR,2026-03-06T00:00:00Z,DK-SE FAB,FAB (FIR),2523,,,,,,,,,,,,,,,,,,,
2026,3,MAR,2026-03-06T00:00:00Z,Denmark,COUNTRY (FIR),1646,,,,,,,,,,,,,,,,,,,
2026,3,MAR,2026-03-06T00:00:00Z,Estonia,COUNTRY (FIR),469,,,,,,,,,,,,,,,,,,,
2026,3,MAR,2026-03-06T00:00:00Z,FAB CE,FAB (FIR),6452,0,0,0,0,0,0,0,0,0,0,0,0,0,0,0,0,0,0,0
2026,3,MAR,2026-03-06T00:00:00Z,FAB CE (SES RP1),FAB (FIR),5756,0,0,0,0,0,0,0,0,0,0,0,0,0,0,0,0,0,0,0
2026,3,MAR,2026-03-06T00:00:00Z,FAB CE (SES RP2),FAB (FIR),6427,0,0,0,0,0,0,0,0,0,0,0,0,0,0,0,0,0,0,0
2026,3,MAR,2026-03-06T00:00:00Z,FABEC,FAB (FIR),16358,4164,0,3427,0,0,0,0,88,0,0,73,0,322,254,0,0,0,394,73
2026,3,MAR,2026-03-06T00:00:00Z,Finland,COUNTRY (FIR),671,,,,,,,,,,,,,,,,,,,
2026,3,MAR,2026-03-06T00:00:00Z,France,COUNTRY (FIR),9442,2917,0,2324,0,0,0,0,88,0,0,73,0,178,254,0,0,0,274,51
2026,3,MAR,2026-03-06T00:00:00Z,Georgia,COUNTRY (FIR),828,156,0,156,0,0,0,0,0,0,0,0,0,0,0,0,0,0,19,3
2026,3,MAR,2026-03-06T00:00:00Z,Germany,COUNTRY (FIR),8150,726,0,582,0,0,0,0,0,0,0,0,0,144,0,0,0,0,95,4
2026,3,MAR,2026-03-06T00:00:00Z,Greece,COUNTRY (FIR),2342,0,0,0,0,0,0,0,0,0,0,0,0,0,0,0,0,0,0,0
2026,3,MAR,2026-03-06T00:00:00Z,Hungary,COUNTRY (FIR),2476,,,,,,,,,,,,,,,,,,,
2026,3,MAR,2026-03-06T00:00:00Z,Iceland,COUNTRY (FIR),400,,,,,,,,,,,,,,,,,,,
2026,3,MAR,2026-03-06T00:00:00Z,Ireland,COUNTRY (FIR),1613,,,,,,,,,,,,,,,,,,,
2026,3,MAR,2026-03-06T00:00:00Z,Italy,COUNTRY (FIR),5673,0,0,0,0,0,0,0,0,0,0,0,0,0,0,0,0,0,0,0
2026,3,MAR,2026-03-06T00:00:00Z,Latvia,COUNTRY (FIR),652,76,0,76,0,0,0,0,0,0,0,0,0,0,0,0,0,0,12,0
2026,3,MAR,2026-03-06T00:00:00Z,Lithuania,COUNTRY (FIR),549,,,,,,,,,,,,,,,,,,,
2026,3,MAR,2026-03-06T00:00:00Z,Malta,COUNTRY (FIR),352,,,,,,,,,,,,,,,,,,,
2026,3,MAR,2026-03-06T00:00:00Z,Moldova,COUNTRY (FIR),112,,,,,,,,,,,,,,,,,,,
2026,3,MAR,2026-03-06T00:00:00Z,NEFAB,FAB (FIR),2573,402,0,190,0,0,0,0,0,0,0,0,0,212,0,0,0,0,46,5
2026,3,MAR,2026-03-06T00:00:00Z,Netherlands,COUNTRY (FIR),3278,154,0,154,0,0,0,0,0,0,0,0,0,0,0,0,0,0,9,7
2026,3,MAR,2026-03-06T00:00:00Z,North Macedonia,COUNTRY (FIR),575,,,,,,,,,,,,,,,,,,,
2026,3,MAR,2026-03-06T00:00:00Z,Norway,COUNTRY (FIR),1526,326,0,114,0,0,0,0,0,0,0,0,0,212,0,0,0,0,34,5
2026,3,MAR,2026-03-06T00:00:00Z,Poland,COUNTRY (FIR),2053,0,0,0,0,0,0,0,0,0,0,0,0,0,0,0,0,0,0,0
2026,3,MAR,2026-03-06T00:00:00Z,Portugal,COUNTRY (FIR),2343,0,0,0,0,0,0,0,0,0,0,0,0,0,0,0,0,0,0,0
2026,3,MAR,2026-03-06T00:00:00Z,Portugal Continental,COUNTRY (FIR),2082,0,0,0,0,0,0,0,0,0,0,0,0,0,0,0,0,0,0,0
2026,3,MAR,2026-03-06T00:00:00Z,Portugal Santa Maria,COUNTRY (FIR),552,,,,,,,,,,,,,,,,,,,
2026,3,MAR,2026-03-06T00:00:00Z,Romania,COUNTRY (FIR),1885,,,,,,,,,,,,,,,,,,,
2026,3,MAR,2026-03-06T00:00:00Z,SES Area (RP2),AREA (FIR),27256,7926,0,5861,0,0,0,0,88,0,0,73,0,534,254,0,1116,0,750,138
2026,3,MAR,2026-03-06T00:00:00Z,SW FAB,FAB (FIR),6628,2748,0,1632,0,0,0,0,0,0,0,0,0,0,0,0,1116,0,247,52
2026,3,MAR,2026-03-06T00:00:00Z,Serbia/Montenegro,COUNTRY (FIR),2168,,,,,,,,,,,,,,,,,,,
2026,3,MAR,2026-03-06T00:00:00Z,Slovakia,COUNTRY (FIR),1313,,,,,,,,,,,,,,,,,,,
2026,3,MAR,2026-03-06T00:00:00Z,Slovenia,COUNTRY (FIR),1321,,,,,,,,,,,,,,,,,,,
2026,3,MAR,2026-03-06T00:00:00Z,Spain,COUNTRY (FIR),6412,2748,0,1632,0,0,0,0,0,0,0,0,0,0,0,0,1116,0,247,52
2026,3,MAR,2026-03-06T00:00:00Z,Spain Canaries,COUNTRY (FIR),1291,173,0,173,0,0,0,0,0,0,0,0,0,0,0,0,0,0,21,3
2026,3,MAR,2026-03-06T00:00:00Z,Spain Continental,COUNTRY (FIR),5949,2575,0,1459,0,0,0,0,0,0,0,0,0,0,0,0,1116,0,226,49
2026,3,MAR,2026-03-06T00:00:00Z,Sweden,COUNTRY (FIR),1882,,,,,,,,,,,,,,,,,,,
2026,3,MAR,2026-03-06T00:00:00Z,Switzerland,COUNTRY (FIR),3084,367,0,367,0,0,0,0,0,0,0,0,0,0,0,0,0,0,16,11
2026,3,MAR,2026-03-06T00:00:00Z,Türkiye,COUNTRY (FIR),3593,,,,,,,,,,,,,,,,,,,
2026,3,MAR,2026-03-06T00:00:00Z,UK Continental,COUNTRY (FIR),6780,612,0,612,0,0,0,0,0,0,0,0,0,0,0,0,0,0,63,8
2026,3,MAR,2026-03-06T00:00:00Z,UK Oceanic,COUNTRY (FIR),1428,,,,,,,,,,,,,,,,,,,
2026,3,MAR,2026-03-06T00:00:00Z,UK-Ireland FAB,FAB (FIR),6923,612,0,612,0,0,0,0,0,0,0,0,0,0,0,0,0,0,63,8
2026,3,MAR,2026-03-06T00:00:00Z,United Kingdom,COUNTRY (FIR),7085,612,0,612,0,0,0,0,0,0,0,0,0,0,0,0,0,0,63,8
2026,3,MAR,2026-03-07T00:00:00Z,Albania,COUNTRY (FIR),965,,,,,,,,,,,,,,,,,,,
2026,3,MAR,2026-03-07T00:00:00Z,Armenia,COUNTRY (FIR),308,,,,,,,,,,,,,,,,,,,
2026,3,MAR,2026-03-07T00:00:00Z,Austria,COUNTRY (FIR),3759,,,,,,,,,,,,,,,,,,,
2026,3,MAR,2026-03-07T00:00:00Z,BLUE MED FAB,FAB (FIR),7279,0,0,0,0,0,0,0,0,0,0,0,0,0,0,0,0,0,0,0
2026,3,MAR,2026-03-07T00:00:00Z,Baltic FAB,FAB (FIR),2032,,,,,,,,,,,,,,,,,,,
2026,3,MAR,2026-03-07T00:00:00Z,Belgium,COUNTRY (FIR),3099,147,0,147,0,0,0,0,0,0,0,0,0,0,0,0,0,0,19,1
2026,3,MAR,2026-03-07T00:00:00Z,Bosnia and Herzegovina,COUNTRY (FIR),1309,,,,,,,,,,,,,,,,,,,
2026,3,MAR,2026-03-07T00:00:00Z,Bulgaria,COUNTRY (FIR),2198,,,,,,,,,,,,,,,,,,,
2026,3,MAR,2026-03-07T00:00:00Z,Croatia,COUNTRY (FIR),2100,,,,,,,,,,,,,,,,,,,
2026,3,MAR,2026-03-07T00:00:00Z,Cyprus,COUNTRY (FIR),946,,,,,,,,,,,,,,,,,,,
2026,3,MAR,2026-03-07T00:00:00Z,Czech Republic,COUNTRY (FIR),1900,,,,,,,,,,,,,,,,,,,
2026,3,MAR,2026-03-07T00:00:00Z,DANUBE FAB,FAB (FIR),2657,,,,,,,,,,,,,,,,,,,
2026,3,MAR,2026-03-07T00:00:00Z,DK-SE FAB,FAB (FIR),2042,,,,,,,,,,,,,,,,,,,
2026,3,MAR,2026-03-07T00:00:00Z,Denmark,COUNTRY (FIR),1418,,,,,,,,,,,,,,,,,,,
2026,3,MAR,2026-03-07T00:00:00Z,Estonia,COUNTRY (FIR),422,,,,,,,,,,,,,,,,,,,
2026,3,MAR,2026-03-07T00:00:00Z,FAB CE,FAB (FIR),6198,,,,,,,,,,,,,,,,,,,
2026,3,MAR,2026-03-07T00:00:00Z,FAB CE (SES RP1),FAB (FIR),5521,,,,,,,,,,,,,,,,,,,
2026,3,MAR,2026-03-07T00:00:00Z,FAB CE (SES RP2),FAB (FIR),6183,,,,,,,,,,,,,,,,,,,
2026,3,MAR,2026-03-07T00:00:00Z,FABEC,FAB (FIR),14318,4234,0,3990,0,0,22,0,51,0,0,0,0,171,0,0,0,0,438,82
2026,3,MAR,2026-03-07T00:00:00Z,Finland,COUNTRY (FIR),622,,,,,,,,,,,,,,,,,,,
2026,3,MAR,2026-03-07T00:00:00Z,France,COUNTRY (FIR),8608,3475,0,3231,0,0,22,0,51,0,0,0,0,171,0,0,0,0,337,71
2026,3,MAR,2026-03-07T00:00:00Z,Georgia,COUNTRY (FIR),942,323,0,133,0,0,0,0,0,0,190,0,0,0,0,0,0,0,45,3
2026,3,MAR,2026-03-07T00:00:00Z,Germany,COUNTRY (FIR),7061,499,0,499,0,0,0,0,0,0,0,0,0,0,0,0,0,0,76,7
2026,3,MAR,2026-03-07T00:00:00Z,Greece,COUNTRY (FIR),2363,0,0,0,0,0,0,0,0,0,0,0,0,0,0,0,0,0,0,0
2026,3,MAR,2026-03-07T00:00:00Z,Hungary,COUNTRY (FIR),2452,,,,,,,,,,,,,,,,,,,
2026,3,MAR,2026-03-07T00:00:00Z,Iceland,COUNTRY (FIR),323,,,,,,,,,,,,,,,,,,,
2026,3,MAR,2026-03-07T00:00:00Z,Ireland,COUNTRY (FIR),1578,,,,,,,,,,,,,,,,,,,
2026,3,MAR,2026-03-07T00:00:00Z,Italy,COUNTRY (FIR),5290,0,0,0,0,0,0,0,0,0,0,0,0,0,0,0,0,0,0,0
2026,3,MAR,2026-03-07T00:00:00Z,Latvia,COUNTRY (FIR),600,,,,,,,,,,,,,,,,,,,
2026,3,MAR,2026-03-07T00:00:00Z,Lithuania,COUNTRY (FIR),542,,,,,,,,,,,,,,,,,,,
2026,3,MAR,2026-03-07T00:00:00Z,Malta,COUNTRY (FIR),404,,,,,,,,,,,,,,,,,,,
2026,3,MAR,2026-03-07T00:00:00Z,Moldova,COUNTRY (FIR),106,,,,,,,,,,,,,,,,,,,
2026,3,MAR,2026-03-07T00:00:00Z,NEFAB,FAB (FIR),1840,,,,,,,,,,,,,,,,,,,
2026,3,MAR,2026-03-07T00:00:00Z,Netherlands,COUNTRY (FIR),2933,0,0,0,0,0,0,0,0,0,0,0,0,0,0,0,0,0,0,0
2026,3,MAR,2026-03-07T00:00:00Z,North Macedonia,COUNTRY (FIR),552,,,,,,,,,,,,,,,,,,,
2026,3,MAR,2026-03-07T00:00:00Z,Norway,COUNTRY (FIR),907,,,,,,,,,,,,,,,,,,,
2026,3,MAR,2026-03-07T00:00:00Z,Poland,COUNTRY (FIR),1880,,,,,,,,,,,,,,,,,,,
2026,3,MAR,2026-03-07T00:00:00Z,Portugal,COUNTRY (FIR),2594,1095,0,1095,0,0,0,0,0,0,0,0,0,0,0,0,0,0,126,21
2026,3,MAR,2026-03-07T00:00:00Z,Portugal Continental,COUNTRY (FIR),2368,1095,0,1095,0,0,0,0,0,0,0,0,0,0,0,0,0,0,126,21
2026,3,MAR,2026-03-07T00:00:00Z,Portugal Santa Maria,COUNTRY (FIR),528,,,,,,,,,,,,,,,,,,,
2026,3,MAR,2026-03-07T00:00:00Z,Romania,COUNTRY (FIR),1808,,,,,,,,,,,,,,,,,,,
2026,3,MAR,2026-03-07T00:00:00Z,SES Area (RP2),AREA (FIR),23077,8577,0,8163,0,0,22,0,51,0,0,0,0,235,0,0,106,0,933,144
2026,3,MAR,2026-03-07T00:00:00Z,SW FAB,FAB (FIR),6482,4204,0,4098,0,0,0,0,0,0,0,0,0,0,0,0,106,0,475,62
2026,3,MAR,2026-03-07T00:00:00Z,Serbia/Montenegro,COUNTRY (FIR),2172,,,,,,,,,,,,,,,,,,,
2026,3,MAR,2026-03-07T00:00:00Z,Slovakia,COUNTRY (FIR),1288,,,,,,,,,,,,,,,,,,,
2026,3,MAR,2026-03-07T00:00:00Z,Slovenia,COUNTRY (FIR),1273,,,,,,,,,,,,,,,,,,,
2026,3,MAR,2026-03-07T00:00:00Z,Spain,COUNTRY (FIR),6270,3109,0,3003,0,0,0,0,0,0,0,0,0,0,0,0,106,0,349,41
2026,3,MAR,2026-03-07T00:00:00Z,Spain Canaries,COUNTRY (FIR),1524,509,0,509,0,0,0,0,0,0,0,0,0,0,0,0,0,0,53,7
2026,3,MAR,2026-03-07T00:00:00Z,Spain Continental,COUNTRY (FIR),5864,2600,0,2494,0,0,0,0,0,0,0,0,0,0,0,0,106,0,296,34
2026,3,MAR,2026-03-07T00:00:00Z,Sweden,COUNTRY (FIR),1507,,,,,,,,,,,,,,,,,,,
2026,3,MAR,2026-03-07T00:00:00Z,Switzerland,COUNTRY (FIR),2878,113,0,113,0,0,0,0,0,0,0,0,0,0,0,0,0,0,6,3
2026,3,MAR,2026-03-07T00:00:00Z,Türkiye,COUNTRY (FIR),3689,,,,,,,,,,,,,,,,,,,
2026,3,MAR,2026-03-07T00:00:00Z,UK Continental,COUNTRY (FIR),6073,139,0,75,0,0,0,0,0,0,0,0,0,64,0,0,0,0,20,0
2026,3,MAR,2026-03-07T00:00:00Z,UK Oceanic,COUNTRY (FIR),1478,,,,,,,,,,,,,,,,,,,
2026,3,MAR,2026-03-07T00:00:00Z,UK-Ireland FAB,FAB (FIR),6232,139,0,75,0,0,0,0,0,0,0,0,0,64,0,0,0,0,20,0
2026,3,MAR,2026-03-07T00:00:00Z,United Kingdom,COUNTRY (FIR),6386,139,0,75,0,0,0,0,0,0,0,0,0,64,0,0,0,0,20,0
2026,3,MAR,2026-03-08T00:00:00Z,Albania,COUNTRY (FIR),970,,,,,,,,,,,,,,,,,,,
2026,3,MAR,2026-03-08T00:00:00Z,Armenia,COUNTRY (FIR),321,,,,,,,,,,,,,,,,,,,
2026,3,MAR,2026-03-08T00:00:00Z,Austria,COUNTRY (FIR),3875,,,,,,,,,,,,,,,,,,,
2026,3,MAR,2026-03-08T00:00:00Z,BLUE MED FAB,FAB (FIR),7647,0,0,0,0,0,0,0,0,0,0,0,0,0,0,0,0,0,0,0
2026,3,MAR,2026-03-08T00:00:00Z,Baltic FAB,FAB (FIR),2122,62,0,62,0,0,0,0,0,0,0,0,0,0,0,0,0,0,9,0
2026,3,MAR,2026-03-08T00:00:00Z,Belgium,COUNTRY (FIR),3293,51,0,51,0,0,0,0,0,0,0,0,0,0,0,0,0,0,9,0
2026,3,MAR,2026-03-08T00:00:00Z,Bosnia and Herzegovina,COUNTRY (FIR),1384,,,,,,,,,,,,,,,,,,,
2026,3,MAR,2026-03-08T00:00:00Z,Bulgaria,COUNTRY (FIR),2210,,,,,,,,,,,,,,,,,,,
2026,3,MAR,2026-03-08T00:00:00Z,Croatia,COUNTRY (FIR),2248,,,,,,,,,,,,,,,,,,,
2026,3,MAR,2026-03-08T00:00:00Z,Cyprus,COUNTRY (FIR),946,,,,,,,,,,,,,,,,,,,
2026,3,MAR,2026-03-08T00:00:00Z,Czech Republic,COUNTRY (FIR),2035,0,0,0,0,0,0,0,0,0,0,0,0,0,0,0,0,0,0,0
2026,3,MAR,2026-03-08T00:00:00Z,DANUBE FAB,FAB (FIR),2707,,,,,,,,,,,,,,,,,,,
2026,3,MAR,2026-03-08T00:00:00Z,DK-SE FAB,FAB (FIR),2415,,,,,,,,,,,,,,,,,,,
2026,3,MAR,2026-03-08T00:00:00Z,Denmark,COUNTRY (FIR),1585,,,,,,,,,,,,,,,,,,,
2026,3,MAR,2026-03-08T00:00:00Z,Estonia,COUNTRY (FIR),460,,,,,,,,,,,,,,,,,,,
2026,3,MAR,2026-03-08T00:00:00Z,FAB CE,FAB (FIR),6425,0,0,0,0,0,0,0,0,0,0,0,0,0,0,0,0,0,0,0
2026,3,MAR,2026-03-08T00:00:00Z,FAB CE (SES RP1),FAB (FIR),5717,0,0,0,0,0,0,0,0,0,0,0,0,0,0,0,0,0,0,0
2026,3,MAR,2026-03-08T00:00:00Z,FAB CE (SES RP2),FAB (FIR),6410,0,0,0,0,0,0,0,0,0,0,0,0,0,0,0,0,0,0,0
2026,3,MAR,2026-03-08T00:00:00Z,FABEC,FAB (FIR),15359,7682,0,7061,0,0,0,0,18,0,0,0,0,603,0,0,0,0,507,152
2026,3,MAR,2026-03-08T00:00:00Z,Finland,COUNTRY (FIR),658,,,,,,,,,,,,,,,,,,,
2026,3,MAR,2026-03-08T00:00:00Z,France,COUNTRY (FIR),9186,6270,0,5649,0,0,0,0,18,0,0,0,0,603,0,0,0,0,409,122
2026,3,MAR,2026-03-08T00:00:00Z,Georgia,COUNTRY (FIR),948,302,0,0,0,0,0,0,0,0,302,0,0,0,0,0,0,0,28,8
2026,3,MAR,2026-03-08T00:00:00Z,Germany,COUNTRY (FIR),7565,395,0,395,0,0,0,0,0,0,0,0,0,0,0,0,0,0,59,6
2026,3,MAR,2026-03-08T00:00:00Z,Greece,COUNTRY (FIR),2452,0,0,0,0,0,0,0,0,0,0,0,0,0,0,0,0,0,0,0
2026,3,MAR,2026-03-08T00:00:00Z,Hungary,COUNTRY (FIR),2473,,,,,,,,,,,,,,,,,,,
2026,3,MAR,2026-03-08T00:00:00Z,Iceland,COUNTRY (FIR),426,,,,,,,,,,,,,,,,,,,
2026,3,MAR,2026-03-08T00:00:00Z,Ireland,COUNTRY (FIR),1517,,,,,,,,,,,,,,,,,,,
2026,3,MAR,2026-03-08T00:00:00Z,Italy,COUNTRY (FIR),5626,0,0,0,0,0,0,0,0,0,0,0,0,0,0,0,0,0,0,0
2026,3,MAR,2026-03-08T00:00:00Z,Latvia,COUNTRY (FIR),651,,,,,,,,,,,,,,,,,,,
2026,3,MAR,2026-03-08T00:00:00Z,Lithuania,COUNTRY (FIR),572,,,,,,,,,,,,,,,,,,,
2026,3,MAR,2026-03-08T00:00:00Z,Malta,COUNTRY (FIR),372,,,,,,,,,,,,,,,,,,,
2026,3,MAR,2026-03-08T00:00:00Z,Moldova,COUNTRY (FIR),109,,,,,,,,,,,,,,,,,,,
2026,3,MAR,2026-03-08T00:00:00Z,NEFAB,FAB (FIR),2387,52,0,52,0,0,0,0,0,0,0,0,0,0,0,0,0,0,8,0
2026,3,MAR,2026-03-08T00:00:00Z,Netherlands,COUNTRY (FIR),3107,0,0,0,0,0,0,0,0,0,0,0,0,0,0,0,0,0,0,0
2026,3,MAR,2026-03-08T00:00:00Z,North Macedonia,COUNTRY (FIR),625,,,,,,,,,,,,,,,,,,,
2026,3,MAR,2026-03-08T00:00:00Z,Norway,COUNTRY (FIR),1374,52,0,52,0,0,0,0,0,0,0,0,0,0,0,0,0,0,8,0
2026,3,MAR,2026-03-08T00:00:00Z,Poland,COUNTRY (FIR),1959,62,0,62,0,0,0,0,0,0,0,0,0,0,0,0,0,0,9,0
2026,3,MAR,2026-03-08T00:00:00Z,Portugal,COUNTRY (FIR),2528,586,0,157,0,0,0,0,0,0,0,0,0,429,0,0,0,0,45,12
2026,3,MAR,2026-03-08T00:00:00Z,Portugal Continental,COUNTRY (FIR),2180,586,0,157,0,0,0,0,0,0,0,0,0,429,0,0,0,0,45,12
2026,3,MAR,2026-03-08T00:00:00Z,Portugal Santa Maria,COUNTRY (FIR),637,,,,,,,,,,,,,,,,,,,
2026,3,MAR,2026-03-08T00:00:00Z,Romania,COUNTRY (FIR),1828,,,,,,,,,,,,,,,,,,,
2026,3,MAR,2026-03-08T00:00:00Z,SES Area (RP2),AREA (FIR),25239,15382,0,10359,0,0,0,0,18,0,0,0,0,5005,0,0,0,0,1120,306
2026,3,MAR,2026-03-08T00:00:00Z,SW FAB,FAB (FIR),6609,3510,0,3081,0,0,0,0,0,0,0,0,0,429,0,0,0,0,312,60
2026,3,MAR,2026-03-08T00:00:00Z,Serbia/Montenegro,COUNTRY (FIR),2299,,,,,,,,,,,,,,,,,,,
2026,3,MAR,2026-03-08T00:00:00Z,Slovakia,COUNTRY (FIR),1301,,,,,,,,,,,,,,,,,,,
2026,3,MAR,2026-03-08T00:00:00Z,Slovenia,COUNTRY (FIR),1390,,,,,,,,,,,,,,,,,,,
2026,3,MAR,2026-03-08T00:00:00Z,Spain,COUNTRY (FIR),6403,2924,0,2924,0,0,0,0,0,0,0,0,0,0,0,0,0,0,267,48
2026,3,MAR,2026-03-08T00:00:00Z,Spain Canaries,COUNTRY (FIR),1375,0,0,0,0,0,0,0,0,0,0,0,0,0,0,0,0,0,0,0
2026,3,MAR,2026-03-08T00:00:00Z,Spain Continental,COUNTRY (FIR),5983,2924,0,2924,0,0,0,0,0,0,0,0,0,0,0,0,0,0,267,48
2026,3,MAR,2026-03-08T00:00:00Z,Sweden,COUNTRY (FIR),1828,,,,,,,,,,,,,,,,,,,
2026,3,MAR,2026-03-08T00:00:00Z,Switzerland,COUNTRY (FIR),3086,966,0,966,0,0,0,0,0,0,0,0,0,0,0,0,0,0,30,24
2026,3,MAR,2026-03-08T00:00:00Z,Türkiye,COUNTRY (FIR),3699,,,,,,,,,,,,,,,,,,,
2026,3,MAR,2026-03-08T00:00:00Z,UK Continental,COUNTRY (FIR),6496,4076,0,103,0,0,0,0,0,0,0,0,0,3973,0,0,0,0,284,94
2026,3,MAR,2026-03-08T00:00:00Z,UK Oceanic,COUNTRY (FIR),1403,2231,0,0,0,0,0,0,0,0,0,0,0,2231,0,0,0,0,157,39
2026,3,MAR,2026-03-08T00:00:00Z,UK-Ireland FAB,FAB (FIR),6637,4076,0,103,0,0,0,0,0,0,0,0,0,3973,0,0,0,0,284,94
2026,3,MAR,2026-03-08T00:00:00Z,United Kingdom,COUNTRY (FIR),6792,6307,0,103,0,0,0,0,0,0,0,0,0,6204,0,0,0,0,441,133
2026,3,MAR,2026-03-09T00:00:00Z,Albania,COUNTRY (FIR),845,,,,,,,,,,,,,,,,,,,
2026,3,MAR,2026-03-09T00:00:00Z,Armenia,COUNTRY (FIR),375,,,,,,,,,,,,,,,,,,,
2026,3,MAR,2026-03-09T00:00:00Z,Austria,COUNTRY (FIR),3734,,,,,,,,,,,,,,,,,,,
2026,3,MAR,2026-03-09T00:00:00Z,BLUE MED FAB,FAB (FIR),7434,0,0,0,0,0,0,0,0,0,0,0,0,0,0,0,0,0,0,0
2026,3,MAR,2026-03-09T00:00:00Z,Baltic FAB,FAB (FIR),2248,0,0,0,0,0,0,0,0,0,0,0,0,0,0,0,0,0,0,0
2026,3,MAR,2026-03-09T00:00:00Z,Belgium,COUNTRY (FIR),3275,,,,,,,,,,,,,,,,,,,
2026,3,MAR,2026-03-09T00:00:00Z,Bosnia and Herzegovina,COUNTRY (FIR),1246,,,,,,,,,,,,,,,,,,,
2026,3,MAR,2026-03-09T00:00:00Z,Bulgaria,COUNTRY (FIR),1979,,,,,,,,,,,,,,,,,,,
2026,3,MAR,2026-03-09T00:00:00Z,Croatia,COUNTRY (FIR),2005,,,,,,,,,,,,,,,,,,,
2026,3,MAR,2026-03-09T00:00:00Z,Cyprus,COUNTRY (FIR),839,,,,,,,,,,,,,,,,,,,
2026,3,MAR,2026-03-09T00:00:00Z,Czech Republic,COUNTRY (FIR),2006,,,,,,,,,,,,,,,,,,,
2026,3,MAR,2026-03-09T00:00:00Z,DANUBE FAB,FAB (FIR),2505,,,,,,,,,,,,,,,,,,,
2026,3,MAR,2026-03-09T00:00:00Z,DK-SE FAB,FAB (FIR),2445,0,0,0,0,0,0,0,0,0,0,0,0,0,0,0,0,0,0,0
2026,3,MAR,2026-03-09T00:00:00Z,Denmark,COUNTRY (FIR),1607,0,0,0,0,0,0,0,0,0,0,0,0,0,0,0,0,0,0,0
2026,3,MAR,2026-03-09T00:00:00Z,Estonia,COUNTRY (FIR),442,,,,,,,,,,,,,,,,,,,
2026,3,MAR,2026-03-09T00:00:00Z,FAB CE,FAB (FIR),6123,,,,,,,,,,,,,,,,,,,
2026,3,MAR,2026-03-09T00:00:00Z,FAB CE (SES RP1),FAB (FIR),5493,,,,,,,,,,,,,,,,,,,
2026,3,MAR,2026-03-09T00:00:00Z,FAB CE (SES RP2),FAB (FIR),6099,,,,,,,,,,,,,,,,,,,
2026,3,MAR,2026-03-09T00:00:00Z,FABEC,FAB (FIR),15747,1987,0,1393,0,0,0,0,294,0,0,0,0,300,0,0,0,0,221,35
2026,3,MAR,2026-03-09T00:00:00Z,Finland,COUNTRY (FIR),675,0,0,0,0,0,0,0,0,0,0,0,0,0,0,0,0,0,0,0
2026,3,MAR,2026-03-09T00:00:00Z,France,COUNTRY (FIR),9138,1525,0,1235,0,0,0,0,159,0,0,0,0,131,0,0,0,0,168,28
2026,3,MAR,2026-03-09T00:00:00Z,Georgia,COUNTRY (FIR),831,87,0,46,0,0,0,0,0,0,41,0,0,0,0,0,0,0,10,2
2026,3,MAR,2026-03-09T00:00:00Z,Germany,COUNTRY (FIR),7820,442,0,138,0,0,0,0,135,0,0,0,0,169,0,0,0,0,51,7
2026,3,MAR,2026-03-09T00:00:00Z,Greece,COUNTRY (FIR),2260,0,0,0,0,0,0,0,0,0,0,0,0,0,0,0,0,0,0,0
2026,3,MAR,2026-03-09T00:00:00Z,Hungary,COUNTRY (FIR),2379,,,,,,,,,,,,,,,,,,,
2026,3,MAR,2026-03-09T00:00:00Z,Iceland,COUNTRY (FIR),425,,,,,,,,,,,,,,,,,,,
2026,3,MAR,2026-03-09T00:00:00Z,Ireland,COUNTRY (FIR),1426,0,0,0,0,0,0,0,0,0,0,0,0,0,0,0,0,0,0,0
2026,3,MAR,2026-03-09T00:00:00Z,Italy,COUNTRY (FIR),5525,0,0,0,0,0,0,0,0,0,0,0,0,0,0,0,0,0,0,0
2026,3,MAR,2026-03-09T00:00:00Z,Latvia,COUNTRY (FIR),629,,,,,,,,,,,,,,,,,,,
2026,3,MAR,2026-03-09T00:00:00Z,Lithuania,COUNTRY (FIR),594,,,,,,,,,,,,,,,,,,,
2026,3,MAR,2026-03-09T00:00:00Z,Malta,COUNTRY (FIR),405,,,,,,,,,,,,,,,,,,,
2026,3,MAR,2026-03-09T00:00:00Z,Moldova,COUNTRY (FIR),97,,,,,,,,,,,,,,,,,,,
2026,3,MAR,2026-03-09T00:00:00Z,NEFAB,FAB (FIR),2558,116,0,0,0,0,0,0,0,0,0,0,0,116,0,0,0,0,18,1
2026,3,MAR,2026-03-09T00:00:00Z,Netherlands,COUNTRY (FIR),3210,0,0,0,0,0,0,0,0,0,0,0,0,0,0,0,0,0,0,0
2026,3,MAR,2026-03-09T00:00:00Z,North Macedonia,COUNTRY (FIR),564,,,,,,,,,,,,,,,,,,,
2026,3,MAR,2026-03-09T00:00:00Z,Norway,COUNTRY (FIR),1508,116,0,0,0,0,0,0,0,0,0,0,0,116,0,0,0,0,18,1
2026,3,MAR,2026-03-09T00:00:00Z,Poland,COUNTRY (FIR),2054,0,0,0,0,0,0,0,0,0,0,0,0,0,0,0,0,0,0,0
2026,3,MAR,2026-03-09T00:00:00Z,Portugal,COUNTRY (FIR),2353,0,0,0,0,0,0,0,0,0,0,0,0,0,0,0,0,0,0,0
2026,3,MAR,2026-03-09T00:00:00Z,Portugal Continental,COUNTRY (FIR),2071,0,0,0,0,0,0,0,0,0,0,0,0,0,0,0,0,0,0,0
2026,3,MAR,2026-03-09T00:00:00Z,Portugal Santa Maria,COUNTRY (FIR),587,,,,,,,,,,,,,,,,,,,
2026,3,MAR,2026-03-09T00:00:00Z,Romania,COUNTRY (FIR),1786,,,,,,,,,,,,,,,,,,,
2026,3,MAR,2026-03-09T00:00:00Z,SES Area (RP2),AREA (FIR),26338,4116,0,3406,0,0,0,0,294,0,0,0,0,416,0,0,0,0,460,70
2026,3,MAR,2026-03-09T00:00:00Z,SW FAB,FAB (FIR),6441,2008,0,2008,0,0,0,0,0,0,0,0,0,0,0,0,0,0,220,34
2026,3,MAR,2026-03-09T00:00:00Z,Serbia/Montenegro,COUNTRY (FIR),1993,,,,,,,,,,,,,,,,,,,
2026,3,MAR,2026-03-09T00:00:00Z,Slovakia,COUNTRY (FIR),1230,,,,,,,,,,,,,,,,,,,
2026,3,MAR,2026-03-09T00:00:00Z,Slovenia,COUNTRY (FIR),1271,,,,,,,,,,,,,,,,,,,
2026,3,MAR,2026-03-09T00:00:00Z,Spain,COUNTRY (FIR),6233,2008,0,2008,0,0,0,0,0,0,0,0,0,0,0,0,0,0,220,34
2026,3,MAR,2026-03-09T00:00:00Z,Spain Canaries,COUNTRY (FIR),1220,12,0,12,0,0,0,0,0,0,0,0,0,0,0,0,0,0,1,0
2026,3,MAR,2026-03-09T00:00:00Z,Spain Continental,COUNTRY (FIR),5841,1996,0,1996,0,0,0,0,0,0,0,0,0,0,0,0,0,0,219,34
2026,3,MAR,2026-03-09T00:00:00Z,Sweden,COUNTRY (FIR),1832,,,,,,,,,,,,,,,,,,,
2026,3,MAR,2026-03-09T00:00:00Z,Switzerland,COUNTRY (FIR),2932,20,0,20,0,0,0,0,0,0,0,0,0,0,0,0,0,0,2,0
2026,3,MAR,2026-03-09T00:00:00Z,Türkiye,COUNTRY (FIR),3421,,,,,,,,,,,,,,,,,,,
2026,3,MAR,2026-03-09T00:00:00Z,UK Continental,COUNTRY (FIR),6516,5,0,5,0,0,0,0,0,0,0,0,0,0,0,0,0,0,1,0
2026,3,MAR,2026-03-09T00:00:00Z,UK Oceanic,COUNTRY (FIR),1391,2246,0,0,0,0,0,0,0,0,0,0,0,2246,0,0,0,0,212,32
2026,3,MAR,2026-03-09T00:00:00Z,UK-Ireland FAB,FAB (FIR),6628,5,0,5,0,0,0,0,0,0,0,0,0,0,0,0,0,0,1,0
2026,3,MAR,2026-03-09T00:00:00Z,United Kingdom,COUNTRY (FIR),6817,2251,0,5,0,0,0,0,0,0,0,0,0,2246,0,0,0,0,213,32
2026,3,MAR,2026-03-10T00:00:00Z,Albania,COUNTRY (FIR),723,,,,,,,,,,,,,,,,,,,
2026,3,MAR,2026-03-10T00:00:00Z,Armenia,COUNTRY (FIR),360,,,,,,,,,,,,,,,,,,,
2026,3,MAR,2026-03-10T00:00:00Z,Austria,COUNTRY (FIR),3270,,,,,,,,,,,,,,,,,,,
2026,3,MAR,2026-03-10T00:00:00Z,BLUE MED FAB,FAB (FIR),6279,0,0,0,0,0,0,0,0,0,0,0,0,0,0,0,0,0,0,0
2026,3,MAR,2026-03-10T00:00:00Z,Baltic FAB,FAB (FIR),1797,,,,,,,,,,,,,,,,,,,
2026,3,MAR,2026-03-10T00:00:00Z,Belgium,COUNTRY (FIR),2887,,,,,,,,,,,,,,,,,,,
2026,3,MAR,2026-03-10T00:00:00Z,Bosnia and Herzegovina,COUNTRY (FIR),1096,,,,,,,,,,,,,,,,,,,
2026,3,MAR,2026-03-10T00:00:00Z,Bulgaria,COUNTRY (FIR),1965,,,,,,,,,,,,,,,,,,,
2026,3,MAR,2026-03-10T00:00:00Z,Croatia,COUNTRY (FIR),1766,,,,,,,,,,,,,,,,,,,
2026,3,MAR,2026-03-10T00:00:00Z,Cyprus,COUNTRY (FIR),843,,,,,,,,,,,,,,,,,,,
2026,3,MAR,2026-03-10T00:00:00Z,Czech Republic,COUNTRY (FIR),1670,,,,,,,,,,,,,,,,,,,
2026,3,MAR,2026-03-10T00:00:00Z,DANUBE FAB,FAB (FIR),2379,,,,,,,,,,,,,,,,,,,
2026,3,MAR,2026-03-10T00:00:00Z,DK-SE FAB,FAB (FIR),2164,0,0,0,0,0,0,0,0,0,0,0,0,0,0,0,0,0,0,0
2026,3,MAR,2026-03-10T00:00:00Z,Denmark,COUNTRY (FIR),1420,0,0,0,0,0,0,0,0,0,0,0,0,0,0,0,0,0,0,0
2026,3,MAR,2026-03-10T00:00:00Z,Estonia,COUNTRY (FIR),419,,,,,,,,,,,,,,,,,,,
2026,3,MAR,2026-03-10T00:00:00Z,FAB CE,FAB (FIR),5369,,,,,,,,,,,,,,,,,,,
2026,3,MAR,2026-03-10T00:00:00Z,FAB CE (SES RP1),FAB (FIR),4818,,,,,,,,,,,,,,,,,,,
2026,3,MAR,2026-03-10T00:00:00Z,FAB CE (SES RP2),FAB (FIR),5357,,,,,,,,,,,,,,,,,,,
2026,3,MAR,2026-03-10T00:00:00Z,FABEC,FAB (FIR),13940,2044,0,1391,0,0,0,0,324,0,0,0,0,112,100,0,117,0,134,39
2026,3,MAR,2026-03-10T00:00:00Z,Finland,COUNTRY (FIR),606,,,,,,,,,,,,,,,,,,,
2026,3,MAR,2026-03-10T00:00:00Z,France,COUNTRY (FIR),8009,1430,0,894,0,0,0,0,324,0,0,0,0,112,100,0,0,0,95,26
2026,3,MAR,2026-03-10T00:00:00Z,Georgia,COUNTRY (FIR),864,91,0,91,0,0,0,0,0,0,0,0,0,0,0,0,0,0,20,0
2026,3,MAR,2026-03-10T00:00:00Z,Germany,COUNTRY (FIR),7013,130,0,130,0,0,0,0,0,0,0,0,0,0,0,0,0,0,17,1
2026,3,MAR,2026-03-10T00:00:00Z,Greece,COUNTRY (FIR),2018,0,0,0,0,0,0,0,0,0,0,0,0,0,0,0,0,0,0,0
2026,3,MAR,2026-03-10T00:00:00Z,Hungary,COUNTRY (FIR),2157,,,,,,,,,,,,,,,,,,,
2026,3,MAR,2026-03-10T00:00:00Z,Iceland,COUNTRY (FIR),396,,,,,,,,,,,,,,,,,,,
2026,3,MAR,2026-03-10T00:00:00Z,Ireland,COUNTRY (FIR),1325,0,0,0,0,0,0,0,0,0,0,0,0,0,0,0,0,0,0,0
2026,3,MAR,2026-03-10T00:00:00Z,Italy,COUNTRY (FIR),4528,0,0,0,0,0,0,0,0,0,0,0,0,0,0,0,0,0,0,0
2026,3,MAR,2026-03-10T00:00:00Z,Latvia,COUNTRY (FIR),553,,,,,,,,,,,,,,,,,,,
2026,3,MAR,2026-03-10T00:00:00Z,Lithuania,COUNTRY (FIR),500,,,,,,,,,,,,,,,,,,,
2026,3,MAR,2026-03-10T00:00:00Z,Malta,COUNTRY (FIR),331,,,,,,,,,,,,,,,,,,,
2026,3,MAR,2026-03-10T00:00:00Z,Moldova,COUNTRY (FIR),95,,,,,,,,,,,,,,,,,,,
2026,3,MAR,2026-03-10T00:00:00Z,NEFAB,FAB (FIR),2416,0,0,0,0,0,0,0,0,0,0,0,0,0,0,0,0,0,0,0
2026,3,MAR,2026-03-10T00:00:00Z,Netherlands,COUNTRY (FIR),2794,117,0,0,0,0,0,0,0,0,0,0,0,0,0,0,117,0,8,2
2026,3,MAR,2026-03-10T00:00:00Z,North Macedonia,COUNTRY (FIR),468,,,,,,,,,,,,,,,,,,,
2026,3,MAR,2026-03-10T00:00:00Z,Norway,COUNTRY (FIR),1485,0,0,0,0,0,0,0,0,0,0,0,0,0,0,0,0,0,0,0
2026,3,MAR,2026-03-10T00:00:00Z,Poland,COUNTRY (FIR),1642,,,,,,,,,,,,,,,,,,,
2026,3,MAR,2026-03-10T00:00:00Z,Portugal,COUNTRY (FIR),2203,0,0,0,0,0,0,0,0,0,0,0,0,0,0,0,0,0,0,0
2026,3,MAR,2026-03-10T00:00:00Z,Portugal Continental,COUNTRY (FIR),1935,0,0,0,0,0,0,0,0,0,0,0,0,0,0,0,0,0,0,0
2026,3,MAR,2026-03-10T00:00:00Z,Portugal Santa Maria,COUNTRY (FIR),578,,,,,,,,,,,,,,,,,,,
2026,3,MAR,2026-03-10T00:00:00Z,Romania,COUNTRY (FIR),1685,,,,,,,,,,,,,,,,,,,
2026,3,MAR,2026-03-10T00:00:00Z,SES Area (RP2),AREA (FIR),23328,2453,0,1465,0,0,0,0,324,0,0,0,0,447,100,0,117,0,194,42
2026,3,MAR,2026-03-10T00:00:00Z,SW FAB,FAB (FIR),5679,74,0,74,0,0,0,0,0,0,0,0,0,0,0,0,0,0,10,1
2026,3,MAR,2026-03-10T00:00:00Z,Serbia/Montenegro,COUNTRY (FIR),1778,,,,,,,,,,,,,,,,,,,
2026,3,MAR,2026-03-10T00:00:00Z,Slovakia,COUNTRY (FIR),1115,,,,,,,,,,,,,,,,,,,
2026,3,MAR,2026-03-10T00:00:00Z,Slovenia,COUNTRY (FIR),1109,,,,,,,,,,,,,,,,,,,
2026,3,MAR,2026-03-10T00:00:00Z,Spain,COUNTRY (FIR),5476,74,0,74,0,0,0,0,0,0,0,0,0,0,0,0,0,0,10,1
2026,3,MAR,2026-03-10T00:00:00Z,Spain Canaries,COUNTRY (FIR),1189,,,,,,,,,,,,,,,,,,,
2026,3,MAR,2026-03-10T00:00:00Z,Spain Continental,COUNTRY (FIR),5084,74,0,74,0,0,0,0,0,0,0,0,0,0,0,0,0,0,10,1
2026,3,MAR,2026-03-10T00:00:00Z,Sweden,COUNTRY (FIR),1606,,,,,,,,,,,,,,,,,,,
2026,3,MAR,2026-03-10T00:00:00Z,Switzerland,COUNTRY (FIR),2601,367,0,367,0,0,0,0,0,0,0,0,0,0,0,0,0,0,14,10
2026,3,MAR,2026-03-10T00:00:00Z,Türkiye,COUNTRY (FIR),3335,,,,,,,,,,,,,,,,,,,
2026,3,MAR,2026-03-10T00:00:00Z,UK Continental,COUNTRY (FIR),5532,335,0,0,0,0,0,0,0,0,0,0,0,335,0,0,0,0,50,2
2026,3,MAR,2026-03-10T00:00:00Z,UK Oceanic,COUNTRY (FIR),1362,,,,,,,,,,,,,,,,,,,
2026,3,MAR,2026-03-10T00:00:00Z,UK-Ireland FAB,FAB (FIR),5683,335,0,0,0,0,0,0,0,0,0,0,0,335,0,0,0,0,50,2
2026,3,MAR,2026-03-10T00:00:00Z,United Kingdom,COUNTRY (FIR),5844,335,0,0,0,0,0,0,0,0,0,0,0,335,0,0,0,0,50,2
2026,3,MAR,2026-03-11T00:00:00Z,Albania,COUNTRY (FIR),779,,,,,,,,,,,,,,,,,,,
2026,3,MAR,2026-03-11T00:00:00Z,Armenia,COUNTRY (FIR),319,,,,,,,,,,,,,,,,,,,
2026,3,MAR,2026-03-11T00:00:00Z,Austria,COUNTRY (FIR),3340,,,,,,,,,,,,,,,,,,,
2026,3,MAR,2026-03-11T00:00:00Z,BLUE MED FAB,FAB (FIR),6198,0,0,0,0,0,0,0,0,0,0,0,0,0,0,0,0,0,0,0
2026,3,MAR,2026-03-11T00:00:00Z,Baltic FAB,FAB (FIR),1773,,,,,,,,,,,,,,,,,,,
2026,3,MAR,2026-03-11T00:00:00Z,Belgium,COUNTRY (FIR),3045,,,,,,,,,,,,,,,,,,,
2026,3,MAR,2026-03-11T00:00:00Z,Bosnia and Herzegovina,COUNTRY (FIR),1049,,,,,,,,,,,,,,,,,,,
2026,3,MAR,2026-03-11T00:00:00Z,Bulgaria,COUNTRY (FIR),1914,,,,,,,,,,,,,,,,,,,
2026,3,MAR,2026-03-11T00:00:00Z,Croatia,COUNTRY (FIR),1710,,,,,,,,,,,,,,,,,,,
2026,3,MAR,2026-03-11T00:00:00Z,Cyprus,COUNTRY (FIR),884,,,,,,,,,,,,,,,,,,,
2026,3,MAR,2026-03-11T00:00:00Z,Czech Republic,COUNTRY (FIR),1741,,,,,,,,,,,,,,,,,,,
2026,3,MAR,2026-03-11T00:00:00Z,DANUBE FAB,FAB (FIR),2307,,,,,,,,,,,,,,,,,,,
2026,3,MAR,2026-03-11T00:00:00Z,DK-SE FAB,FAB (FIR),2347,,,,,,,,,,,,,,,,,,,
2026,3,MAR,2026-03-11T00:00:00Z,Denmark,COUNTRY (FIR),1542,,,,,,,,,,,,,,,,,,,
2026,3,MAR,2026-03-11T00:00:00Z,Estonia,COUNTRY (FIR),420,,,,,,,,,,,,,,,,,,,
2026,3,MAR,2026-03-11T00:00:00Z,FAB CE,FAB (FIR),5398,0,0,0,0,0,0,0,0,0,0,0,0,0,0,0,0,0,0,0
2026,3,MAR,2026-03-11T00:00:00Z,FAB CE (SES RP1),FAB (FIR),4876,0,0,0,0,0,0,0,0,0,0,0,0,0,0,0,0,0,0,0
2026,3,MAR,2026-03-11T00:00:00Z,FAB CE (SES RP2),FAB (FIR),5385,0,0,0,0,0,0,0,0,0,0,0,0,0,0,0,0,0,0,0
2026,3,MAR,2026-03-11T00:00:00Z,FABEC,FAB (FIR),14271,2057,0,700,0,0,0,0,0,0,715,0,0,16,53,0,573,0,167,34
2026,3,MAR,2026-03-11T00:00:00Z,Finland,COUNTRY (FIR),623,0,0,0,0,0,0,0,0,0,0,0,0,0,0,0,0,0,0,0
2026,3,MAR,2026-03-11T00:00:00Z,France,COUNTRY (FIR),7995,1113,0,329,0,0,0,0,0,0,715,0,0,16,53,0,0,0,66,16
2026,3,MAR,2026-03-11T00:00:00Z,Georgia,COUNTRY (FIR),909,64,0,3,0,0,0,0,0,0,61,0,0,0,0,0,0,0,12,1
2026,3,MAR,2026-03-11T00:00:00Z,Germany,COUNTRY (FIR),7290,408,0,281,0,0,0,0,0,0,0,0,0,0,0,0,127,0,59,4
2026,3,MAR,2026-03-11T00:00:00Z,Greece,COUNTRY (FIR),2081,0,0,0,0,0,0,0,0,0,0,0,0,0,0,0,0,0,0,0
2026,3,MAR,2026-03-11T00:00:00Z,Hungary,COUNTRY (FIR),2130,,,,,,,,,,,,,,,,,,,
2026,3,MAR,2026-03-11T00:00:00Z,Iceland,COUNTRY (FIR),480,,,,,,,,,,,,,,,,,,,
2026,3,MAR,2026-03-11T00:00:00Z,Ireland,COUNTRY (FIR),1280,0,0,0,0,0,0,0,0,0,0,0,0,0,0,0,0,0,0,0
2026,3,MAR,2026-03-11T00:00:00Z,Italy,COUNTRY (FIR),4436,0,0,0,0,0,0,0,0,0,0,0,0,0,0,0,0,0,0,0
2026,3,MAR,2026-03-11T00:00:00Z,Latvia,COUNTRY (FIR),557,,,,,,,,,,,,,,,,,,,
2026,3,MAR,2026-03-11T00:00:00Z,Lithuania,COUNTRY (FIR),463,,,,,,,,,,,,,,,,,,,
2026,3,MAR,2026-03-11T00:00:00Z,Malta,COUNTRY (FIR),303,,,,,,,,,,,,,,,,,,,
2026,3,MAR,2026-03-11T00:00:00Z,Moldova,COUNTRY (FIR),83,,,,,,,,,,,,,,,,,,,
2026,3,MAR,2026-03-11T00:00:00Z,NEFAB,FAB (FIR),2567,0,0,0,0,0,0,0,0,0,0,0,0,0,0,0,0,0,0,0
2026,3,MAR,2026-03-11T00:00:00Z,Netherlands,COUNTRY (FIR),3036,44,0,44,0,0,0,0,0,0,0,0,0,0,0,0,0,0,7,0
2026,3,MAR,2026-03-11T00:00:00Z,North Macedonia,COUNTRY (FIR),516,,,,,,,,,,,,,,,,,,,
2026,3,MAR,2026-03-11T00:00:00Z,Norway,COUNTRY (FIR),1617,0,0,0,0,0,0,0,0,0,0,0,0,0,0,0,0,0,0,0
2026,3,MAR,2026-03-11T00:00:00Z,Poland,COUNTRY (FIR),1627,,,,,,,,,,,,,,,,,,,
2026,3,MAR,2026-03-11T00:00:00Z,Portugal,COUNTRY (FIR),2138,,,,,,,,,,,,,,,,,,,
2026,3,MAR,2026-03-11T00:00:00Z,Portugal Continental,COUNTRY (FIR),1861,,,,,,,,,,,,,,,,,,,
2026,3,MAR,2026-03-11T00:00:00Z,Portugal Santa Maria,COUNTRY (FIR),570,,,,,,,,,,,,,,,,,,,
2026,3,MAR,2026-03-11T00:00:00Z,Romania,COUNTRY (FIR),1577,,,,,,,,,,,,,,,,,,,
2026,3,MAR,2026-03-11T00:00:00Z,SES Area (RP2),AREA (FIR),23820,2883,0,1526,0,0,0,0,0,0,715,0,0,16,53,0,573,0,256,48
2026,3,MAR,2026-03-11T00:00:00Z,SW FAB,FAB (FIR),5630,826,0,826,0,0,0,0,0,0,0,0,0,0,0,0,0,0,89,14
2026,3,MAR,2026-03-11T00:00:00Z,Serbia/Montenegro,COUNTRY (FIR),1838,,,,,,,,,,,,,,,,,,,
2026,3,MAR,2026-03-11T00:00:00Z,Slovakia,COUNTRY (FIR),1113,,,,,,,,,,,,,,,,,,,
2026,3,MAR,2026-03-11T00:00:00Z,Slovenia,COUNTRY (FIR),1115,0,0,0,0,0,0,0,0,0,0,0,0,0,0,0,0,0,0,0
2026,3,MAR,2026-03-11T00:00:00Z,Spain,COUNTRY (FIR),5422,826,0,826,0,0,0,0,0,0,0,0,0,0,0,0,0,0,89,14
2026,3,MAR,2026-03-11T00:00:00Z,Spain Canaries,COUNTRY (FIR),1149,0,0,0,0,0,0,0,0,0,0,0,0,0,0,0,0,0,0,0
2026,3,MAR,2026-03-11T00:00:00Z,Spain Continental,COUNTRY (FIR),5054,826,0,826,0,0,0,0,0,0,0,0,0,0,0,0,0,0,89,14
2026,3,MAR,2026-03-11T00:00:00Z,Sweden,COUNTRY (FIR),1713,,,,,,,,,,,,,,,,,,,
2026,3,MAR,2026-03-11T00:00:00Z,Switzerland,COUNTRY (FIR),2709,492,0,46,0,0,0,0,0,0,0,0,0,0,0,0,446,0,35,14
2026,3,MAR,2026-03-11T00:00:00Z,Türkiye,COUNTRY (FIR),3351,,,,,,,,,,,,,,,,,,,
2026,3,MAR,2026-03-11T00:00:00Z,UK Continental,COUNTRY (FIR),5698,0,0,0,0,0,0,0,0,0,0,0,0,0,0,0,0,0,0,0
2026,3,MAR,2026-03-11T00:00:00Z,UK Oceanic,COUNTRY (FIR),1271,,,,,,,,,,,,,,,,,,,
2026,3,MAR,2026-03-11T00:00:00Z,UK-Ireland FAB,FAB (FIR),5817,0,0,0,0,0,0,0,0,0,0,0,0,0,0,0,0,0,0,0
2026,3,MAR,2026-03-11T00:00:00Z,United Kingdom,COUNTRY (FIR),5980,0,0,0,0,0,0,0,0,0,0,0,0,0,0,0,0,0,0,0
2026,3,MAR,2026-03-12T00:00:00Z,Albania,COUNTRY (FIR),771,,,,,,,,,,,,,,,,,,,
2026,3,MAR,2026-03-12T00:00:00Z,Armenia,COUNTRY (FIR),306,,,,,,,,,,,,,,,,,,,
2026,3,MAR,2026-03-12T00:00:00Z,Austria,COUNTRY (FIR),3325,,,,,,,,,,,,,,,,,,,
2026,3,MAR,2026-03-12T00:00:00Z,BLUE MED FAB,FAB (FIR),6861,0,0,0,0,0,0,0,0,0,0,0,0,0,0,0,0,0,0,0
2026,3,MAR,2026-03-12T00:00:00Z,Baltic FAB,FAB (FIR),2000,161,0,161,0,0,0,0,0,0,0,0,0,0,0,0,0,0,15,2
2026,3,MAR,2026-03-12T00:00:00Z,Belgium,COUNTRY (FIR),2858,339,0,0,0,0,0,0,0,0,0,0,0,339,0,0,0,0,36,6
2026,3,MAR,2026-03-12T00:00:00Z,Bosnia and Herzegovina,COUNTRY (FIR),1147,,,,,,,,,,,,,,,,,,,
2026,3,MAR,2026-03-12T00:00:00Z,Bulgaria,COUNTRY (FIR),1965,,,,,,,,,,,,,,,,,,,
2026,3,MAR,2026-03-12T00:00:00Z,Croatia,COUNTRY (FIR),1819,,,,,,,,,,,,,,,,,,,
2026,3,MAR,2026-03-12T00:00:00Z,Cyprus,COUNTRY (FIR),912,,,,,,,,,,,,,,,,,,,
2026,3,MAR,2026-03-12T00:00:00Z,Czech Republic,COUNTRY (FIR),1848,,,,,,,,,,,,,,,,,,,
2026,3,MAR,2026-03-12T00:00:00Z,DANUBE FAB,FAB (FIR),2399,,,,,,,,,,,,,,,,,,,
2026,3,MAR,2026-03-12T00:00:00Z,DK-SE FAB,FAB (FIR),2428,,,,,,,,,,,,,,,,,,,
2026,3,MAR,2026-03-12T00:00:00Z,Denmark,COUNTRY (FIR),1595,,,,,,,,,,,,,,,,,,,
2026,3,MAR,2026-03-12T00:00:00Z,Estonia,COUNTRY (FIR),434,,,,,,,,,,,,,,,,,,,
2026,3,MAR,2026-03-12T00:00:00Z,FAB CE,FAB (FIR),5603,,,,,,,,,,,,,,,,,,,
2026,3,MAR,2026-03-12T00:00:00Z,FAB CE (SES RP1),FAB (FIR),4997,,,,,,,,,,,,,,,,,,,
2026,3,MAR,2026-03-12T00:00:00Z,FAB CE (SES RP2),FAB (FIR),5587,,,,,,,,,,,,,,,,,,,
2026,3,MAR,2026-03-12T00:00:00Z,FABEC,FAB (FIR),14621,4381,0,561,0,0,0,0,0,0,653,2336,0,768,63,0,0,0,413,69
2026,3,MAR,2026-03-12T00:00:00Z,Finland,COUNTRY (FIR),660,0,0,0,0,0,0,0,0,0,0,0,0,0,0,0,0,0,0,0
2026,3,MAR,2026-03-12T00:00:00Z,France,COUNTRY (FIR),8682,3312,0,30,0,0,0,0,0,0,653,2336,0,230,63,0,0,0,333,51
2026,3,MAR,2026-03-12T00:00:00Z,Georgia,COUNTRY (FIR),891,146,0,143,0,0,0,0,0,0,3,0,0,0,0,0,0,0,22,1
2026,3,MAR,2026-03-12T00:00:00Z,Germany,COUNTRY (FIR),7060,260,0,61,0,0,0,0,0,0,0,0,0,199,0,0,0,0,30,2
2026,3,MAR,2026-03-12T00:00:00Z,Greece,COUNTRY (FIR),2150,0,0,0,0,0,0,0,0,0,0,0,0,0,0,0,0,0,0,0
2026,3,MAR,2026-03-12T00:00:00Z,Hungary,COUNTRY (FIR),2228,,,,,,,,,,,,,,,,,,,
2026,3,MAR,2026-03-12T00:00:00Z,Iceland,COUNTRY (FIR),462,,,,,,,,,,,,,,,,,,,
2026,3,MAR,2026-03-12T00:00:00Z,Ireland,COUNTRY (FIR),1301,0,0,0,0,0,0,0,0,0,0,0,0,0,0,0,0,0,0,0
2026,3,MAR,2026-03-12T00:00:00Z,Italy,COUNTRY (FIR),4975,0,0,0,0,0,0,0,0,0,0,0,0,0,0,0,0,0,0,0
2026,3,MAR,2026-03-12T00:00:00Z,Latvia,COUNTRY (FIR),592,,,,,,,,,,,,,,,,,,,
2026,3,MAR,2026-03-12T00:00:00Z,Lithuania,COUNTRY (FIR),529,,,,,,,,,,,,,,,,,,,
2026,3,MAR,2026-03-12T00:00:00Z,Malta,COUNTRY (FIR),373,,,,,,,,,,,,,,,,,,,
2026,3,MAR,2026-03-12T00:00:00Z,Moldova,COUNTRY (FIR),88,,,,,,,,,,,,,,,,,,,
2026,3,MAR,2026-03-12T00:00:00Z,NEFAB,FAB (FIR),2538,0,0,0,0,0,0,0,0,0,0,0,0,0,0,0,0,0,0,0
2026,3,MAR,2026-03-12T00:00:00Z,Netherlands,COUNTRY (FIR),3123,0,0,0,0,0,0,0,0,0,0,0,0,0,0,0,0,0,0,0
2026,3,MAR,2026-03-12T00:00:00Z,North Macedonia,COUNTRY (FIR),526,,,,,,,,,,,,,,,,,,,
2026,3,MAR,2026-03-12T00:00:00Z,Norway,COUNTRY (FIR),1536,0,0,0,0,0,0,0,0,0,0,0,0,0,0,0,0,0,0,0
2026,3,MAR,2026-03-12T00:00:00Z,Poland,COUNTRY (FIR),1825,161,0,161,0,0,0,0,0,0,0,0,0,0,0,0,0,0,15,2
2026,3,MAR,2026-03-12T00:00:00Z,Portugal,COUNTRY (FIR),2371,63,0,63,0,0,0,0,0,0,0,0,0,0,0,0,0,0,5,0
2026,3,MAR,2026-03-12T00:00:00Z,Portugal Continental,COUNTRY (FIR),1971,63,0,63,0,0,0,0,0,0,0,0,0,0,0,0,0,0,5,0
2026,3,MAR,2026-03-12T00:00:00Z,Portugal Santa Maria,COUNTRY (FIR),710,,,,,,,,,,,,,,,,,,,
2026,3,MAR,2026-03-12T00:00:00Z,Romania,COUNTRY (FIR),1679,,,,,,,,,,,,,,,,,,,
2026,3,MAR,2026-03-12T00:00:00Z,SES Area (RP2),AREA (FIR),24839,6424,0,2604,0,0,0,0,0,0,653,2336,0,768,63,0,0,0,605,101
2026,3,MAR,2026-03-12T00:00:00Z,SW FAB,FAB (FIR),6056,1882,0,1882,0,0,0,0,0,0,0,0,0,0,0,0,0,0,177,30
2026,3,MAR,2026-03-12T00:00:00Z,Serbia/Montenegro,COUNTRY (FIR),1897,,,,,,,,,,,,,,,,,,,
2026,3,MAR,2026-03-12T00:00:00Z,Slovakia,COUNTRY (FIR),1189,,,,,,,,,,,,,,,,,,,
2026,3,MAR,2026-03-12T00:00:00Z,Slovenia,COUNTRY (FIR),1122,,,,,,,,,,,,,,,,,,,
2026,3,MAR,2026-03-12T00:00:00Z,Spain,COUNTRY (FIR),5840,1819,0,1819,0,0,0,0,0,0,0,0,0,0,0,0,0,0,172,30
2026,3,MAR,2026-03-12T00:00:00Z,Spain Canaries,COUNTRY (FIR),1235,0,0,0,0,0,0,0,0,0,0,0,0,0,0,0,0,0,0,0
2026,3,MAR,2026-03-12T00:00:00Z,Spain Continental,COUNTRY (FIR),5446,1819,0,1819,0,0,0,0,0,0,0,0,0,0,0,0,0,0,172,30
2026,3,MAR,2026-03-12T00:00:00Z,Sweden,COUNTRY (FIR),1831,,,,,,,,,,,,,,,,,,,
2026,3,MAR,2026-03-12T00:00:00Z,Switzerland,COUNTRY (FIR),2764,470,0,470,0,0,0,0,0,0,0,0,0,0,0,0,0,0,14,10
2026,3,MAR,2026-03-12T00:00:00Z,Türkiye,COUNTRY (FIR),3490,0,0,0,0,0,0,0,0,0,0,0,0,0,0,0,0,0,0,0
2026,3,MAR,2026-03-12T00:00:00Z,UK Continental,COUNTRY (FIR),5952,0,0,0,0,0,0,0,0,0,0,0,0,0,0,0,0,0,0,0
2026,3,MAR,2026-03-12T00:00:00Z,UK Oceanic,COUNTRY (FIR),1317,,,,,,,,,,,,,,,,,,,
2026,3,MAR,2026-03-12T00:00:00Z,UK-Ireland FAB,FAB (FIR),6087,0,0,0,0,0,0,0,0,0,0,0,0,0,0,0,0,0,0,0
2026,3,MAR,2026-03-12T00:00:00Z,United Kingdom,COUNTRY (FIR),6305,0,0,0,0,0,0,0,0,0,0,0,0,0,0,0,0,0,0,0
2026,3,MAR,2026-03-13T00:00:00Z,Albania,COUNTRY (FIR),909,,,,,,,,,,,,,,,,,,,
2026,3,MAR,2026-03-13T00:00:00Z,Armenia,COUNTRY (FIR),334,,,,,,,,,,,,,,,,,,,
2026,3,MAR,2026-03-13T00:00:00Z,Austria,COUNTRY (FIR),3876,,,,,,,,,,,,,,,,,,,
2026,3,MAR,2026-03-13T00:00:00Z,BLUE MED FAB,FAB (FIR),7458,0,0,0,0,0,0,0,0,0,0,0,0,0,0,0,0,0,0,0
2026,3,MAR,2026-03-13T00:00:00Z,Baltic FAB,FAB (FIR),2217,139,0,80,0,0,0,0,0,0,59,0,0,0,0,0,0,0,23,1
2026,3,MAR,2026-03-13T00:00:00Z,Belgium,COUNTRY (FIR),3286,2272,0,0,0,0,0,0,0,0,0,0,0,2272,0,0,0,0,138,67
2026,3,MAR,2026-03-13T00:00:00Z,Bosnia and Herzegovina,COUNTRY (FIR),1302,,,,,,,,,,,,,,,,,,,
2026,3,MAR,2026-03-13T00:00:00Z,Bulgaria,COUNTRY (FIR),2054,,,,,,,,,,,,,,,,,,,
2026,3,MAR,2026-03-13T00:00:00Z,Croatia,COUNTRY (FIR),2120,,,,,,,,,,,,,,,,,,,
2026,3,MAR,2026-03-13T00:00:00Z,Cyprus,COUNTRY (FIR),764,,,,,,,,,,,,,,,,,,,
2026,3,MAR,2026-03-13T00:00:00Z,Czech Republic,COUNTRY (FIR),2123,,,,,,,,,,,,,,,,,,,
2026,3,MAR,2026-03-13T00:00:00Z,DANUBE FAB,FAB (FIR),2626,,,,,,,,,,,,,,,,,,,
2026,3,MAR,2026-03-13T00:00:00Z,DK-SE FAB,FAB (FIR),2460,0,0,0,0,0,0,0,0,0,0,0,0,0,0,0,0,0,0,0
2026,3,MAR,2026-03-13T00:00:00Z,Denmark,COUNTRY (FIR),1617,0,0,0,0,0,0,0,0,0,0,0,0,0,0,0,0,0,0,0
2026,3,MAR,2026-03-13T00:00:00Z,Estonia,COUNTRY (FIR),436,,,,,,,,,,,,,,,,,,,
2026,3,MAR,2026-03-13T00:00:00Z,FAB CE,FAB (FIR),6351,,,,,,,,,,,,,,,,,,,
2026,3,MAR,2026-03-13T00:00:00Z,FAB CE (SES RP1),FAB (FIR),5665,,,,,,,,,,,,,,,,,,,
2026,3,MAR,2026-03-13T00:00:00Z,FAB CE (SES RP2),FAB (FIR),6332,,,,,,,,,,,,,,,,,,,
2026,3,MAR,2026-03-13T00:00:00Z,FABEC,FAB (FIR),15843,5672,0,1911,0,0,0,0,115,0,492,0,0,2954,0,0,200,0,514,124
2026,3,MAR,2026-03-13T00:00:00Z,Finland,COUNTRY (FIR),673,,,,,,,,,,,,,,,,,,,
2026,3,MAR,2026-03-13T00:00:00Z,France,COUNTRY (FIR),9338,2453,0,1119,0,0,0,0,82,0,492,0,0,682,0,0,78,0,284,39
2026,3,MAR,2026-03-13T00:00:00Z,Georgia,COUNTRY (FIR),919,561,0,0,0,0,0,0,0,0,561,0,0,0,0,0,0,0,35,14
2026,3,MAR,2026-03-13T00:00:00Z,Germany,COUNTRY (FIR),7634,477,0,322,0,0,0,0,33,0,0,0,0,0,0,0,122,0,70,4
2026,3,MAR,2026-03-13T00:00:00Z,Greece,COUNTRY (FIR),2189,0,0,0,0,0,0,0,0,0,0,0,0,0,0,0,0,0,0,0
2026,3,MAR,2026-03-13T00:00:00Z,Hungary,COUNTRY (FIR),2401,,,,,,,,,,,,,,,,,,,
2026,3,MAR,2026-03-13T00:00:00Z,Iceland,COUNTRY (FIR),492,,,,,,,,,,,,,,,,,,,
2026,3,MAR,2026-03-13T00:00:00Z,Ireland,COUNTRY (FIR),1463,0,0,0,0,0,0,0,0,0,0,0,0,0,0,0,0,0,0,0
2026,3,MAR,2026-03-13T00:00:00Z,Italy,COUNTRY (FIR),5660,0,0,0,0,0,0,0,0,0,0,0,0,0,0,0,0,0,0,0
2026,3,MAR,2026-03-13T00:00:00Z,Latvia,COUNTRY (FIR),618,,,,,,,,,,,,,,,,,,,
2026,3,MAR,2026-03-13T00:00:00Z,Lithuania,COUNTRY (FIR),572,,,,,,,,,,,,,,,,,,,
2026,3,MAR,2026-03-13T00:00:00Z,Malta,COUNTRY (FIR),365,,,,,,,,,,,,,,,,,,,
2026,3,MAR,2026-03-13T00:00:00Z,Moldova,COUNTRY (FIR),113,,,,,,,,,,,,,,,,,,,
2026,3,MAR,2026-03-13T00:00:00Z,NEFAB,FAB (FIR),2615,,,,,,,,,,,,,,,,,,,
2026,3,MAR,2026-03-13T00:00:00Z,Netherlands,COUNTRY (FIR),3228,0,0,0,0,0,0,0,0,0,0,0,0,0,0,0,0,0,0,0
2026,3,MAR,2026-03-13T00:00:00Z,North Macedonia,COUNTRY (FIR),575,,,,,,,,,,,,,,,,,,,
2026,3,MAR,2026-03-13T00:00:00Z,Norway,COUNTRY (FIR),1601,,,,,,,,,,,,,,,,,,,
2026,3,MAR,2026-03-13T00:00:00Z,Poland,COUNTRY (FIR),2044,139,0,80,0,0,0,0,0,0,59,0,0,0,0,0,0,0,23,1
2026,3,MAR,2026-03-13T00:00:00Z,Portugal,COUNTRY (FIR),2357,0,0,0,0,0,0,0,0,0,0,0,0,0,0,0,0,0,0,0
2026,3,MAR,2026-03-13T00:00:00Z,Portugal Continental,COUNTRY (FIR),2064,0,0,0,0,0,0,0,0,0,0,0,0,0,0,0,0,0,0,0
2026,3,MAR,2026-03-13T00:00:00Z,Portugal Santa Maria,COUNTRY (FIR),625,,,,,,,,,,,,,,,,,,,
2026,3,MAR,2026-03-13T00:00:00Z,Romania,COUNTRY (FIR),1827,,,,,,,,,,,,,,,,,,,
2026,3,MAR,2026-03-13T00:00:00Z,SES Area (RP2),AREA (FIR),26686,11068,0,6435,0,0,0,0,115,0,551,0,0,3618,0,0,349,0,1057,231
2026,3,MAR,2026-03-13T00:00:00Z,SW FAB,FAB (FIR),6688,5108,0,4444,0,0,0,0,0,0,0,0,0,664,0,0,0,0,508,102
2026,3,MAR,2026-03-13T00:00:00Z,Serbia/Montenegro,COUNTRY (FIR),2141,,,,,,,,,,,,,,,,,,,
2026,3,MAR,2026-03-13T00:00:00Z,Slovakia,COUNTRY (FIR),1255,,,,,,,,,,,,,,,,,,,
2026,3,MAR,2026-03-13T00:00:00Z,Slovenia,COUNTRY (FIR),1321,,,,,,,,,,,,,,,,,,,
2026,3,MAR,2026-03-13T00:00:00Z,Spain,COUNTRY (FIR),6467,5108,0,4444,0,0,0,0,0,0,0,0,0,664,0,0,0,0,508,102
2026,3,MAR,2026-03-13T00:00:00Z,Spain Canaries,COUNTRY (FIR),1284,,,,,,,,,,,,,,,,,,,
2026,3,MAR,2026-03-13T00:00:00Z,Spain Continental,COUNTRY (FIR),6020,5108,0,4444,0,0,0,0,0,0,0,0,0,664,0,0,0,0,508,102
2026,3,MAR,2026-03-13T00:00:00Z,Sweden,COUNTRY (FIR),1833,,,,,,,,,,,,,,,,,,,
2026,3,MAR,2026-03-13T00:00:00Z,Switzerland,COUNTRY (FIR),3023,470,0,470,0,0,0,0,0,0,0,0,0,0,0,0,0,0,22,14
2026,3,MAR,2026-03-13T00:00:00Z,Türkiye,COUNTRY (FIR),3579,,,,,,,,,,,,,,,,,,,
2026,3,MAR,2026-03-13T00:00:00Z,UK Continental,COUNTRY (FIR),6710,149,0,0,0,0,0,0,0,0,0,0,0,0,0,0,149,0,12,4
2026,3,MAR,2026-03-13T00:00:00Z,UK Oceanic,COUNTRY (FIR),1254,,,,,,,,,,,,,,,,,,,
2026,3,MAR,2026-03-13T00:00:00Z,UK-Ireland FAB,FAB (FIR),6846,149,0,0,0,0,0,0,0,0,0,0,0,0,0,0,149,0,12,4
2026,3,MAR,2026-03-13T00:00:00Z,United Kingdom,COUNTRY (FIR),7003,149,0,0,0,0,0,0,0,0,0,0,0,0,0,0,149,0,12,4
2026,3,MAR,2026-03-14T00:00:00Z,Albania,COUNTRY (FIR),906,,,,,,,,,,,,,,,,,,,
2026,3,MAR,2026-03-14T00:00:00Z,Armenia,COUNTRY (FIR),301,,,,,,,,,,,,,,,,,,,
2026,3,MAR,2026-03-14T00:00:00Z,Austria,COUNTRY (FIR),3711,0,0,0,0,0,0,0,0,0,0,0,0,0,0,0,0,0,0,0
2026,3,MAR,2026-03-14T00:00:00Z,BLUE MED FAB,FAB (FIR),6981,0,0,0,0,0,0,0,0,0,0,0,0,0,0,0,0,0,0,0
2026,3,MAR,2026-03-14T00:00:00Z,Baltic FAB,FAB (FIR),2049,,,,,,,,,,,,,,,,,,,
2026,3,MAR,2026-03-14T00:00:00Z,Belgium,COUNTRY (FIR),3110,,,,,,,,,,,,,,,,,,,
2026,3,MAR,2026-03-14T00:00:00Z,Bosnia and Herzegovina,COUNTRY (FIR),1314,,,,,,,,,,,,,,,,,,,
2026,3,MAR,2026-03-14T00:00:00Z,Bulgaria,COUNTRY (FIR),2201,,,,,,,,,,,,,,,,,,,
2026,3,MAR,2026-03-14T00:00:00Z,Croatia,COUNTRY (FIR),2070,,,,,,,,,,,,,,,,,,,
2026,3,MAR,2026-03-14T00:00:00Z,Cyprus,COUNTRY (FIR),874,,,,,,,,,,,,,,,,,,,
2026,3,MAR,2026-03-14T00:00:00Z,Czech Republic,COUNTRY (FIR),1872,,,,,,,,,,,,,,,,,,,
2026,3,MAR,2026-03-14T00:00:00Z,DANUBE FAB,FAB (FIR),2671,,,,,,,,,,,,,,,,,,,
2026,3,MAR,2026-03-14T00:00:00Z,DK-SE FAB,FAB (FIR),2089,,,,,,,,,,,,,,,,,,,
2026,3,MAR,2026-03-14T00:00:00Z,Denmark,COUNTRY (FIR),1466,,,,,,,,,,,,,,,,,,,
2026,3,MAR,2026-03-14T00:00:00Z,Estonia,COUNTRY (FIR),418,,,,,,,,,,,,,,,,,,,
2026,3,MAR,2026-03-14T00:00:00Z,FAB CE,FAB (FIR),6038,0,0,0,0,0,0,0,0,0,0,0,0,0,0,0,0,0,0,0
2026,3,MAR,2026-03-14T00:00:00Z,FAB CE (SES RP1),FAB (FIR),5410,0,0,0,0,0,0,0,0,0,0,0,0,0,0,0,0,0,0,0
2026,3,MAR,2026-03-14T00:00:00Z,FAB CE (SES RP2),FAB (FIR),6019,0,0,0,0,0,0,0,0,0,0,0,0,0,0,0,0,0,0,0
2026,3,MAR,2026-03-14T00:00:00Z,FABEC,FAB (FIR),14131,6736,0,3930,0,0,125,0,142,0,0,0,0,2118,0,0,421,0,670,122
2026,3,MAR,2026-03-14T00:00:00Z,Finland,COUNTRY (FIR),605,,,,,,,,,,,,,,,,,,,
2026,3,MAR,2026-03-14T00:00:00Z,France,COUNTRY (FIR),8550,5726,0,3339,0,0,125,0,142,0,0,0,0,2118,0,0,2,0,556,106
2026,3,MAR,2026-03-14T00:00:00Z,Georgia,COUNTRY (FIR),986,281,0,101,0,0,0,0,0,0,180,0,0,0,0,0,0,0,22,6
2026,3,MAR,2026-03-14T00:00:00Z,Germany,COUNTRY (FIR),6984,440,0,440,0,0,0,0,0,0,0,0,0,0,0,0,0,0,57,7
2026,3,MAR,2026-03-14T00:00:00Z,Greece,COUNTRY (FIR),2238,0,0,0,0,0,0,0,0,0,0,0,0,0,0,0,0,0,0,0
2026,3,MAR,2026-03-14T00:00:00Z,Hungary,COUNTRY (FIR),2428,,,,,,,,,,,,,,,,,,,
2026,3,MAR,2026-03-14T00:00:00Z,Iceland,COUNTRY (FIR),390,,,,,,,,,,,,,,,,,,,
2026,3,MAR,2026-03-14T00:00:00Z,Ireland,COUNTRY (FIR),1601,,,,,,,,,,,,,,,,,,,
2026,3,MAR,2026-03-14T00:00:00Z,Italy,COUNTRY (FIR),5122,,,,,,,,,,,,,,,,,,,
2026,3,MAR,2026-03-14T00:00:00Z,Latvia,COUNTRY (FIR),582,,,,,,,,,,,,,,,,,,,
2026,3,MAR,2026-03-14T00:00:00Z,Lithuania,COUNTRY (FIR),526,,,,,,,,,,,,,,,,,,,
2026,3,MAR,2026-03-14T00:00:00Z,Malta,COUNTRY (FIR),379,,,,,,,,,,,,,,,,,,,
2026,3,MAR,2026-03-14T00:00:00Z,Moldova,COUNTRY (FIR),107,,,,,,,,,,,,,,,,,,,
2026,3,MAR,2026-03-14T00:00:00Z,NEFAB,FAB (FIR),1922,,,,,,,,,,,,,,,,,,,
2026,3,MAR,2026-03-14T00:00:00Z,Netherlands,COUNTRY (FIR),2957,311,0,151,0,0,0,0,0,0,0,0,0,0,0,0,160,0,36,4
2026,3,MAR,2026-03-14T00:00:00Z,North Macedonia,COUNTRY (FIR),545,,,,,,,,,,,,,,,,,,,
2026,3,MAR,2026-03-14T00:00:00Z,Norway,COUNTRY (FIR),1009,,,,,,,,,,,,,,,,,,,
2026,3,MAR,2026-03-14T00:00:00Z,Poland,COUNTRY (FIR),1891,,,,,,,,,,,,,,,,,,,
2026,3,MAR,2026-03-14T00:00:00Z,Portugal,COUNTRY (FIR),2491,10,0,10,0,0,0,0,0,0,0,0,0,0,0,0,0,0,2,0
2026,3,MAR,2026-03-14T00:00:00Z,Portugal Continental,COUNTRY (FIR),2280,10,0,10,0,0,0,0,0,0,0,0,0,0,0,0,0,0,2,0
2026,3,MAR,2026-03-14T00:00:00Z,Portugal Santa Maria,COUNTRY (FIR),540,,,,,,,,,,,,,,,,,,,
2026,3,MAR,2026-03-14T00:00:00Z,Romania,COUNTRY (FIR),1817,,,,,,,,,,,,,,,,,,,
2026,3,MAR,2026-03-14T00:00:00Z,SES Area (RP2),AREA (FIR),22776,14731,0,10004,0,0,125,0,142,0,0,0,0,2259,0,0,2201,0,1404,267
2026,3,MAR,2026-03-14T00:00:00Z,SW FAB,FAB (FIR),6544,7376,0,5455,0,0,0,0,0,0,0,0,0,141,0,0,1780,0,647,137
2026,3,MAR,2026-03-14T00:00:00Z,Serbia/Montenegro,COUNTRY (FIR),2154,,,,,,,,,,,,,,,,,,,
2026,3,MAR,2026-03-14T00:00:00Z,Slovakia,COUNTRY (FIR),1275,,,,,,,,,,,,,,,,,,,
2026,3,MAR,2026-03-14T00:00:00Z,Slovenia,COUNTRY (FIR),1279,,,,,,,,,,,,,,,,,,,
2026,3,MAR,2026-03-14T00:00:00Z,Spain,COUNTRY (FIR),6336,7366,0,5445,0,0,0,0,0,0,0,0,0,141,0,0,1780,0,645,137
2026,3,MAR,2026-03-14T00:00:00Z,Spain Canaries,COUNTRY (FIR),1486,867,0,867,0,0,0,0,0,0,0,0,0,0,0,0,0,0,80,13
2026,3,MAR,2026-03-14T00:00:00Z,Spain Continental,COUNTRY (FIR),5950,6499,0,4578,0,0,0,0,0,0,0,0,0,141,0,0,1780,0,565,124
2026,3,MAR,2026-03-14T00:00:00Z,Sweden,COUNTRY (FIR),1478,,,,,,,,,,,,,,,,,,,
2026,3,MAR,2026-03-14T00:00:00Z,Switzerland,COUNTRY (FIR),2748,259,0,0,0,0,0,0,0,0,0,0,0,0,0,0,259,0,21,5
2026,3,MAR,2026-03-14T00:00:00Z,Türkiye,COUNTRY (FIR),3774,,,,,,,,,,,,,,,,,,,
2026,3,MAR,2026-03-14T00:00:00Z,UK Continental,COUNTRY (FIR),6229,619,0,619,0,0,0,0,0,0,0,0,0,0,0,0,0,0,87,8
2026,3,MAR,2026-03-14T00:00:00Z,UK Oceanic,COUNTRY (FIR),1390,,,,,,,,,,,,,,,,,,,
2026,3,MAR,2026-03-14T00:00:00Z,UK-Ireland FAB,FAB (FIR),6383,619,0,619,0,0,0,0,0,0,0,0,0,0,0,0,0,0,87,8
2026,3,MAR,2026-03-14T00:00:00Z,United Kingdom,COUNTRY (FIR),6541,619,0,619,0,0,0,0,0,0,0,0,0,0,0,0,0,0,87,8
2026,3,MAR,2026-03-15T00:00:00Z,Albania,COUNTRY (FIR),1004,,,,,,,,,,,,,,,,,,,
2026,3,MAR,2026-03-15T00:00:00Z,Armenia,COUNTRY (FIR),328,,,,,,,,,,,,,,,,,,,
2026,3,MAR,2026-03-15T00:00:00Z,Austria,COUNTRY (FIR),3874,,,,,,,,,,,,,,,,,,,
2026,3,MAR,2026-03-15T00:00:00Z,BLUE MED FAB,FAB (FIR),7409,0,0,0,0,0,0,0,0,0,0,0,0,0,0,0,0,0,0,0
2026,3,MAR,2026-03-15T00:00:00Z,Baltic FAB,FAB (FIR),2107,,,,,,,,,,,,,,,,,,,
2026,3,MAR,2026-03-15T00:00:00Z,Belgium,COUNTRY (FIR),3256,,,,,,,,,,,,,,,,,,,
2026,3,MAR,2026-03-15T00:00:00Z,Bosnia and Herzegovina,COUNTRY (FIR),1388,,,,,,,,,,,,,,,,,,,
2026,3,MAR,2026-03-15T00:00:00Z,Bulgaria,COUNTRY (FIR),2197,,,,,,,,,,,,,,,,,,,
2026,3,MAR,2026-03-15T00:00:00Z,Croatia,COUNTRY (FIR),2185,,,,,,,,,,,,,,,,,,,
2026,3,MAR,2026-03-15T00:00:00Z,Cyprus,COUNTRY (FIR),869,,,,,,,,,,,,,,,,,,,
2026,3,MAR,2026-03-15T00:00:00Z,Czech Republic,COUNTRY (FIR),1993,,,,,,,,,,,,,,,,,,,
2026,3,MAR,2026-03-15T00:00:00Z,DANUBE FAB,FAB (FIR),2713,,,,,,,,,,,,,,,,,,,
2026,3,MAR,2026-03-15T00:00:00Z,DK-SE FAB,FAB (FIR),2347,,,,,,,,,,,,,,,,,,,
2026,3,MAR,2026-03-15T00:00:00Z,Denmark,COUNTRY (FIR),1613,,,,,,,,,,,,,,,,,,,
2026,3,MAR,2026-03-15T00:00:00Z,Estonia,COUNTRY (FIR),417,,,,,,,,,,,,,,,,,,,
2026,3,MAR,2026-03-15T00:00:00Z,FAB CE,FAB (FIR),6326,,,,,,,,,,,,,,,,,,,
2026,3,MAR,2026-03-15T00:00:00Z,FAB CE (SES RP1),FAB (FIR),5640,,,,,,,,,,,,,,,,,,,
2026,3,MAR,2026-03-15T00:00:00Z,FAB CE (SES RP2),FAB (FIR),6312,,,,,,,,,,,,,,,,,,,
2026,3,MAR,2026-03-15T00:00:00Z,FABEC,FAB (FIR),15234,3913,0,2818,0,0,0,0,0,0,108,47,0,940,0,0,0,0,425,60
2026,3,MAR,2026-03-15T00:00:00Z,Finland,COUNTRY (FIR),636,,,,,,,,,,,,,,,,,,,
2026,3,MAR,2026-03-15T00:00:00Z,France,COUNTRY (FIR),9055,2818,0,1723,0,0,0,0,0,0,108,47,0,940,0,0,0,0,308,41
2026,3,MAR,2026-03-15T00:00:00Z,Georgia,COUNTRY (FIR),957,224,0,0,0,0,0,0,0,0,224,0,0,0,0,0,0,0,24,4
2026,3,MAR,2026-03-15T00:00:00Z,Germany,COUNTRY (FIR),7565,511,0,511,0,0,0,0,0,0,0,0,0,0,0,0,0,0,83,3
2026,3,MAR,2026-03-15T00:00:00Z,Greece,COUNTRY (FIR),2278,0,0,0,0,0,0,0,0,0,0,0,0,0,0,0,0,0,0,0
2026,3,MAR,2026-03-15T00:00:00Z,Hungary,COUNTRY (FIR),2526,,,,,,,,,,,,,,,,,,,
2026,3,MAR,2026-03-15T00:00:00Z,Iceland,COUNTRY (FIR),501,,,,,,,,,,,,,,,,,,,
2026,3,MAR,2026-03-15T00:00:00Z,Ireland,COUNTRY (FIR),1412,,,,,,,,,,,,,,,,,,,
2026,3,MAR,2026-03-15T00:00:00Z,Italy,COUNTRY (FIR),5539,,,,,,,,,,,,,,,,,,,
2026,3,MAR,2026-03-15T00:00:00Z,Latvia,COUNTRY (FIR),601,,,,,,,,,,,,,,,,,,,
2026,3,MAR,2026-03-15T00:00:00Z,Lithuania,COUNTRY (FIR),563,,,,,,,,,,,,,,,,,,,
2026,3,MAR,2026-03-15T00:00:00Z,Malta,COUNTRY (FIR),349,,,,,,,,,,,,,,,,,,,
2026,3,MAR,2026-03-15T00:00:00Z,Moldova,COUNTRY (FIR),103,,,,,,,,,,,,,,,,,,,
2026,3,MAR,2026-03-15T00:00:00Z,NEFAB,FAB (FIR),2339,9,0,9,0,0,0,0,0,0,0,0,0,0,0,0,0,0,2,0
2026,3,MAR,2026-03-15T00:00:00Z,Netherlands,COUNTRY (FIR),3185,217,0,217,0,0,0,0,0,0,0,0,0,0,0,0,0,0,19,4
2026,3,MAR,2026-03-15T00:00:00Z,North Macedonia,COUNTRY (FIR),588,0,0,0,0,0,0,0,0,0,0,0,0,0,0,0,0,0,0,0
2026,3,MAR,2026-03-15T00:00:00Z,Norway,COUNTRY (FIR),1379,9,0,9,0,0,0,0,0,0,0,0,0,0,0,0,0,0,2,0
2026,3,MAR,2026-03-15T00:00:00Z,Poland,COUNTRY (FIR),1939,,,,,,,,,,,,,,,,,,,
2026,3,MAR,2026-03-15T00:00:00Z,Portugal,COUNTRY (FIR),2381,104,0,104,0,0,0,0,0,0,0,0,0,0,0,0,0,0,16,1
2026,3,MAR,2026-03-15T00:00:00Z,Portugal Continental,COUNTRY (FIR),2157,104,0,104,0,0,0,0,0,0,0,0,0,0,0,0,0,0,16,1
2026,3,MAR,2026-03-15T00:00:00Z,Portugal Santa Maria,COUNTRY (FIR),541,,,,,,,,,,,,,,,,,,,
2026,3,MAR,2026-03-15T00:00:00Z,Romania,COUNTRY (FIR),1842,,,,,,,,,,,,,,,,,,,
2026,3,MAR,2026-03-15T00:00:00Z,SES Area (RP2),AREA (FIR),24851,7290,0,5370,0,0,0,0,0,0,108,47,0,1491,0,0,274,0,824,105
2026,3,MAR,2026-03-15T00:00:00Z,SW FAB,FAB (FIR),6656,3330,0,2543,0,0,0,0,0,0,0,0,0,513,0,0,274,0,391,45
2026,3,MAR,2026-03-15T00:00:00Z,Serbia/Montenegro,COUNTRY (FIR),2275,,,,,,,,,,,,,,,,,,,
2026,3,MAR,2026-03-15T00:00:00Z,Slovakia,COUNTRY (FIR),1287,,,,,,,,,,,,,,,,,,,
2026,3,MAR,2026-03-15T00:00:00Z,Slovenia,COUNTRY (FIR),1349,,,,,,,,,,,,,,,,,,,
2026,3,MAR,2026-03-15T00:00:00Z,Spain,COUNTRY (FIR),6446,3226,0,2439,0,0,0,0,0,0,0,0,0,513,0,0,274,0,375,44
2026,3,MAR,2026-03-15T00:00:00Z,Spain Canaries,COUNTRY (FIR),1361,0,0,0,0,0,0,0,0,0,0,0,0,0,0,0,0,0,0,0
2026,3,MAR,2026-03-15T00:00:00Z,Spain Continental,COUNTRY (FIR),6029,3226,0,2439,0,0,0,0,0,0,0,0,0,513,0,0,274,0,375,44
2026,3,MAR,2026-03-15T00:00:00Z,Sweden,COUNTRY (FIR),1724,,,,,,,,,,,,,,,,,,,
2026,3,MAR,2026-03-15T00:00:00Z,Switzerland,COUNTRY (FIR),3008,367,0,367,0,0,0,0,0,0,0,0,0,0,0,0,0,0,15,12
2026,3,MAR,2026-03-15T00:00:00Z,Türkiye,COUNTRY (FIR),3731,,,,,,,,,,,,,,,,,,,
2026,3,MAR,2026-03-15T00:00:00Z,UK Continental,COUNTRY (FIR),6544,38,0,0,0,0,0,0,0,0,0,0,0,38,0,0,0,0,6,0
2026,3,MAR,2026-03-15T00:00:00Z,UK Oceanic,COUNTRY (FIR),1340,,,,,,,,,,,,,,,,,,,
2026,3,MAR,2026-03-15T00:00:00Z,UK-Ireland FAB,FAB (FIR),6661,38,0,0,0,0,0,0,0,0,0,0,0,38,0,0,0,0,6,0
2026,3,MAR,2026-03-15T00:00:00Z,United Kingdom,COUNTRY (FIR),6753,38,0,0,0,0,0,0,0,0,0,0,0,38,0,0,0,0,6,0
2026,3,MAR,2026-03-16T00:00:00Z,Albania,COUNTRY (FIR),859,,,,,,,,,,,,,,,,,,,
2026,3,MAR,2026-03-16T00:00:00Z,Armenia,COUNTRY (FIR),313,,,,,,,,,,,,,,,,,,,
2026,3,MAR,2026-03-16T00:00:00Z,Austria,COUNTRY (FIR),3641,,,,,,,,,,,,,,,,,,,
2026,3,MAR,2026-03-16T00:00:00Z,BLUE MED FAB,FAB (FIR),7188,0,0,0,0,0,0,0,0,0,0,0,0,0,0,0,0,0,0,0
2026,3,MAR,2026-03-16T00:00:00Z,Baltic FAB,FAB (FIR),2190,,,,,,,,,,,,,,,,,,,
2026,3,MAR,2026-03-16T00:00:00Z,Belgium,COUNTRY (FIR),3282,28,0,0,0,0,0,0,0,0,0,0,0,0,28,0,0,0,4,0
2026,3,MAR,2026-03-16T00:00:00Z,Bosnia and Herzegovina,COUNTRY (FIR),1200,,,,,,,,,,,,,,,,,,,
2026,3,MAR,2026-03-16T00:00:00Z,Bulgaria,COUNTRY (FIR),1949,,,,,,,,,,,,,,,,,,,
2026,3,MAR,2026-03-16T00:00:00Z,Croatia,COUNTRY (FIR),1998,,,,,,,,,,,,,,,,,,,
2026,3,MAR,2026-03-16T00:00:00Z,Cyprus,COUNTRY (FIR),811,,,,,,,,,,,,,,,,,,,
2026,3,MAR,2026-03-16T00:00:00Z,Czech Republic,COUNTRY (FIR),2043,,,,,,,,,,,,,,,,,,,
2026,3,MAR,2026-03-16T00:00:00Z,DANUBE FAB,FAB (FIR),2481,,,,,,,,,,,,,,,,,,,
2026,3,MAR,2026-03-16T00:00:00Z,DK-SE FAB,FAB (FIR),2551,,,,,,,,,,,,,,,,,,,
2026,3,MAR,2026-03-16T00:00:00Z,Denmark,COUNTRY (FIR),1666,,,,,,,,,,,,,,,,,,,
2026,3,MAR,2026-03-16T00:00:00Z,Estonia,COUNTRY (FIR),434,,,,,,,,,,,,,,,,,,,
2026,3,MAR,2026-03-16T00:00:00Z,FAB CE,FAB (FIR),6018,,,,,,,,,,,,,,,,,,,
2026,3,MAR,2026-03-16T00:00:00Z,FAB CE (SES RP1),FAB (FIR),5397,,,,,,,,,,,,,,,,,,,
2026,3,MAR,2026-03-16T00:00:00Z,FAB CE (SES RP2),FAB (FIR),6000,,,,,,,,,,,,,,,,,,,
2026,3,MAR,2026-03-16T00:00:00Z,FABEC,FAB (FIR),15829,7208,0,3610,0,0,0,0,0,0,269,0,0,55,794,0,2480,0,583,149
2026,3,MAR,2026-03-16T00:00:00Z,Finland,COUNTRY (FIR),681,,,,,,,,,,,,,,,,,,,
2026,3,MAR,2026-03-16T00:00:00Z,France,COUNTRY (FIR),9054,3025,0,1935,0,0,0,0,0,0,269,0,0,55,766,0,0,0,263,64
2026,3,MAR,2026-03-16T00:00:00Z,Georgia,COUNTRY (FIR),910,380,0,0,0,0,0,0,0,0,380,0,0,0,0,0,0,0,24,6
2026,3,MAR,2026-03-16T00:00:00Z,Germany,COUNTRY (FIR),7800,3530,0,1536,0,0,0,0,0,0,0,0,0,0,0,0,1994,0,271,70
2026,3,MAR,2026-03-16T00:00:00Z,Greece,COUNTRY (FIR),2070,0,0,0,0,0,0,0,0,0,0,0,0,0,0,0,0,0,0,0
2026,3,MAR,2026-03-16T00:00:00Z,Hungary,COUNTRY (FIR),2353,,,,,,,,,,,,,,,,,,,
2026,3,MAR,2026-03-16T00:00:00Z,Iceland,COUNTRY (FIR),446,,,,,,,,,,,,,,,,,,,
2026,3,MAR,2026-03-16T00:00:00Z,Ireland,COUNTRY (FIR),1524,,,,,,,,,,,,,,,,,,,
2026,3,MAR,2026-03-16T00:00:00Z,Italy,COUNTRY (FIR),5486,0,0,0,0,0,0,0,0,0,0,0,0,0,0,0,0,0,0,0
2026,3,MAR,2026-03-16T00:00:00Z,Latvia,COUNTRY (FIR),596,,,,,,,,,,,,,,,,,,,
2026,3,MAR,2026-03-16T00:00:00Z,Lithuania,COUNTRY (FIR),543,,,,,,,,,,,,,,,,,,,
2026,3,MAR,2026-03-16T00:00:00Z,Malta,COUNTRY (FIR),370,,,,,,,,,,,,,,,,,,,
2026,3,MAR,2026-03-16T00:00:00Z,Moldova,COUNTRY (FIR),102,,,,,,,,,,,,,,,,,,,
2026,3,MAR,2026-03-16T00:00:00Z,NEFAB,FAB (FIR),2685,,,,,,,,,,,,,,,,,,,
2026,3,MAR,2026-03-16T00:00:00Z,Netherlands,COUNTRY (FIR),3249,0,0,0,0,0,0,0,0,0,0,0,0,0,0,0,0,0,0,0
2026,3,MAR,2026-03-16T00:00:00Z,North Macedonia,COUNTRY (FIR),513,,,,,,,,,,,,,,,,,,,
2026,3,MAR,2026-03-16T00:00:00Z,Norway,COUNTRY (FIR),1648,,,,,,,,,,,,,,,,,,,
2026,3,MAR,2026-03-16T00:00:00Z,Poland,COUNTRY (FIR),2017,,,,,,,,,,,,,,,,,,,
2026,3,MAR,2026-03-16T00:00:00Z,Portugal,COUNTRY (FIR),2260,0,0,0,0,0,0,0,0,0,0,0,0,0,0,0,0,0,0,0
2026,3,MAR,2026-03-16T00:00:00Z,Portugal Continental,COUNTRY (FIR),2024,0,0,0,0,0,0,0,0,0,0,0,0,0,0,0,0,0,0,0
2026,3,MAR,2026-03-16T00:00:00Z,Portugal Santa Maria,COUNTRY (FIR),551,,,,,,,,,,,,,,,,,,,
2026,3,MAR,2026-03-16T00:00:00Z,Romania,COUNTRY (FIR),1747,,,,,,,,,,,,,,,,,,,
2026,3,MAR,2026-03-16T00:00:00Z,SES Area (RP2),AREA (FIR),26317,8645,0,4765,0,0,0,0,282,0,269,0,0,55,794,0,2480,0,732,169
2026,3,MAR,2026-03-16T00:00:00Z,SW FAB,FAB (FIR),6504,1155,0,1155,0,0,0,0,0,0,0,0,0,0,0,0,0,0,115,18
2026,3,MAR,2026-03-16T00:00:00Z,Serbia/Montenegro,COUNTRY (FIR),2001,,,,,,,,,,,,,,,,,,,
2026,3,MAR,2026-03-16T00:00:00Z,Slovakia,COUNTRY (FIR),1242,,,,,,,,,,,,,,,,,,,
2026,3,MAR,2026-03-16T00:00:00Z,Slovenia,COUNTRY (FIR),1227,,,,,,,,,,,,,,,,,,,
2026,3,MAR,2026-03-16T00:00:00Z,Spain,COUNTRY (FIR),6283,1155,0,1155,0,0,0,0,0,0,0,0,0,0,0,0,0,0,115,18
2026,3,MAR,2026-03-16T00:00:00Z,Spain Canaries,COUNTRY (FIR),1226,,,,,,,,,,,,,,,,,,,
2026,3,MAR,2026-03-16T00:00:00Z,Spain Continental,COUNTRY (FIR),5877,1155,0,1155,0,0,0,0,0,0,0,0,0,0,0,0,0,0,115,18
2026,3,MAR,2026-03-16T00:00:00Z,Sweden,COUNTRY (FIR),1887,,,,,,,,,,,,,,,,,,,
2026,3,MAR,2026-03-16T00:00:00Z,Switzerland,COUNTRY (FIR),2937,625,0,139,0,0,0,0,0,0,0,0,0,0,0,0,486,0,45,15
2026,3,MAR,2026-03-16T00:00:00Z,Türkiye,COUNTRY (FIR),3463,,,,,,,,,,,,,,,,,,,
2026,3,MAR,2026-03-16T00:00:00Z,UK Continental,COUNTRY (FIR),6512,282,0,0,0,0,0,0,282,0,0,0,0,0,0,0,0,0,34,2
2026,3,MAR,2026-03-16T00:00:00Z,UK Oceanic,COUNTRY (FIR),1322,,,,,,,,,,,,,,,,,,,
2026,3,MAR,2026-03-16T00:00:00Z,UK-Ireland FAB,FAB (FIR),6667,282,0,0,0,0,0,0,282,0,0,0,0,0,0,0,0,0,34,2
2026,3,MAR,2026-03-16T00:00:00Z,United Kingdom,COUNTRY (FIR),6803,282,0,0,0,0,0,0,282,0,0,0,0,0,0,0,0,0,34,2
2026,3,MAR,2026-03-17T00:00:00Z,Albania,COUNTRY (FIR),739,,,,,,,,,,,,,,,,,,,
2026,3,MAR,2026-03-17T00:00:00Z,Armenia,COUNTRY (FIR),305,,,,,,,,,,,,,,,,,,,
2026,3,MAR,2026-03-17T00:00:00Z,Austria,COUNTRY (FIR),3159,,,,,,,,,,,,,,,,,,,
2026,3,MAR,2026-03-17T00:00:00Z,BLUE MED FAB,FAB (FIR),6217,102,0,0,0,0,0,0,0,0,0,0,0,0,102,0,0,0,13,1
2026,3,MAR,2026-03-17T00:00:00Z,Baltic FAB,FAB (FIR),1772,,,,,,,,,,,,,,,,,,,
2026,3,MAR,2026-03-17T00:00:00Z,Belgium,COUNTRY (FIR),2932,6,0,0,0,0,6,0,0,0,0,0,0,0,0,0,0,0,1,0
2026,3,MAR,2026-03-17T00:00:00Z,Bosnia and Herzegovina,COUNTRY (FIR),1039,,,,,,,,,,,,,,,,,,,
2026,3,MAR,2026-03-17T00:00:00Z,Bulgaria,COUNTRY (FIR),1906,1053,0,0,0,0,0,0,0,0,0,1053,0,0,0,0,0,0,196,9
2026,3,MAR,2026-03-17T00:00:00Z,Croatia,COUNTRY (FIR),1766,,,,,,,,,,,,,,,,,,,
2026,3,MAR,2026-03-17T00:00:00Z,Cyprus,COUNTRY (FIR),819,,,,,,,,,,,,,,,,,,,
2026,3,MAR,2026-03-17T00:00:00Z,Czech Republic,COUNTRY (FIR),1732,,,,,,,,,,,,,,,,,,,
2026,3,MAR,2026-03-17T00:00:00Z,DANUBE FAB,FAB (FIR),2348,1053,0,0,0,0,0,0,0,0,0,1053,0,0,0,0,0,0,196,9
2026,3,MAR,2026-03-17T00:00:00Z,DK-SE FAB,FAB (FIR),2232,0,0,0,0,0,0,0,0,0,0,0,0,0,0,0,0,0,0,0
2026,3,MAR,2026-03-17T00:00:00Z,Denmark,COUNTRY (FIR),1469,0,0,0,0,0,0,0,0,0,0,0,0,0,0,0,0,0,0,0
2026,3,MAR,2026-03-17T00:00:00Z,Estonia,COUNTRY (FIR),418,,,,,,,,,,,,,,,,,,,
2026,3,MAR,2026-03-17T00:00:00Z,FAB CE,FAB (FIR),5288,,,,,,,,,,,,,,,,,,,
2026,3,MAR,2026-03-17T00:00:00Z,FAB CE (SES RP1),FAB (FIR),4723,,,,,,,,,,,,,,,,,,,
2026,3,MAR,2026-03-17T00:00:00Z,FAB CE (SES RP2),FAB (FIR),5270,,,,,,,,,,,,,,,,,,,
2026,3,MAR,2026-03-17T00:00:00Z,FABEC,FAB (FIR),14250,1001,0,527,0,0,6,0,336,0,0,0,0,36,96,0,0,0,88,20
2026,3,MAR,2026-03-17T00:00:00Z,Finland,COUNTRY (FIR),651,,,,,,,,,,,,,,,,,,,
2026,3,MAR,2026-03-17T00:00:00Z,France,COUNTRY (FIR),8197,641,0,173,0,0,0,0,336,0,0,0,0,36,96,0,0,0,51,13
2026,3,MAR,2026-03-17T00:00:00Z,Georgia,COUNTRY (FIR),910,137,0,137,0,0,0,0,0,0,0,0,0,0,0,0,0,0,8,2
2026,3,MAR,2026-03-17T00:00:00Z,Germany,COUNTRY (FIR),7066,113,0,113,0,0,0,0,0,0,0,0,0,0,0,0,0,0,12,4
2026,3,MAR,2026-03-17T00:00:00Z,Greece,COUNTRY (FIR),1990,,,,,,,,,,,,,,,,,,,
2026,3,MAR,2026-03-17T00:00:00Z,Hungary,COUNTRY (FIR),2123,,,,,,,,,,,,,,,,,,,
2026,3,MAR,2026-03-17T00:00:00Z,Iceland,COUNTRY (FIR),381,,,,,,,,,,,,,,,,,,,
2026,3,MAR,2026-03-17T00:00:00Z,Ireland,COUNTRY (FIR),1332,,,,,,,,,,,,,,,,,,,
2026,3,MAR,2026-03-17T00:00:00Z,Italy,COUNTRY (FIR),4541,102,0,0,0,0,0,0,0,0,0,0,0,0,102,0,0,0,13,1
2026,3,MAR,2026-03-17T00:00:00Z,Latvia,COUNTRY (FIR),533,,,,,,,,,,,,,,,,,,,
2026,3,MAR,2026-03-17T00:00:00Z,Lithuania,COUNTRY (FIR),483,,,,,,,,,,,,,,,,,,,
2026,3,MAR,2026-03-17T00:00:00Z,Malta,COUNTRY (FIR),342,,,,,,,,,,,,,,,,,,,
2026,3,MAR,2026-03-17T00:00:00Z,Moldova,COUNTRY (FIR),86,,,,,,,,,,,,,,,,,,,
2026,3,MAR,2026-03-17T00:00:00Z,NEFAB,FAB (FIR),2416,,,,,,,,,,,,,,,,,,,
2026,3,MAR,2026-03-17T00:00:00Z,Netherlands,COUNTRY (FIR),2898,0,0,0,0,0,0,0,0,0,0,0,0,0,0,0,0,0,0,0
2026,3,MAR,2026-03-17T00:00:00Z,North Macedonia,COUNTRY (FIR),491,,,,,,,,,,,,,,,,,,,
2026,3,MAR,2026-03-17T00:00:00Z,Norway,COUNTRY (FIR),1479,,,,,,,,,,,,,,,,,,,
2026,3,MAR,2026-03-17T00:00:00Z,Poland,COUNTRY (FIR),1623,,,,,,,,,,,,,,,,,,,
2026,3,MAR,2026-03-17T00:00:00Z,Portugal,COUNTRY (FIR),2182,0,0,0,0,0,0,0,0,0,0,0,0,0,0,0,0,0,0,0
2026,3,MAR,2026-03-17T00:00:00Z,Portugal Continental,COUNTRY (FIR),1910,0,0,0,0,0,0,0,0,0,0,0,0,0,0,0,0,0,0,0
2026,3,MAR,2026-03-17T00:00:00Z,Portugal Santa Maria,COUNTRY (FIR),565,,,,,,,,,,,,,,,,,,,
2026,3,MAR,2026-03-17T00:00:00Z,Romania,COUNTRY (FIR),1653,,,,,,,,,,,,,,,,,,,
2026,3,MAR,2026-03-17T00:00:00Z,SES Area (RP2),AREA (FIR),23690,3739,0,2110,0,0,6,0,336,0,0,1053,0,36,198,0,0,0,496,48
2026,3,MAR,2026-03-17T00:00:00Z,SW FAB,FAB (FIR),5872,1583,0,1583,0,0,0,0,0,0,0,0,0,0,0,0,0,0,199,18
2026,3,MAR,2026-03-17T00:00:00Z,Serbia/Montenegro,COUNTRY (FIR),1777,,,,,,,,,,,,,,,,,,,
2026,3,MAR,2026-03-17T00:00:00Z,Slovakia,COUNTRY (FIR),1088,,,,,,,,,,,,,,,,,,,
2026,3,MAR,2026-03-17T00:00:00Z,Slovenia,COUNTRY (FIR),1097,,,,,,,,,,,,,,,,,,,
2026,3,MAR,2026-03-17T00:00:00Z,Spain,COUNTRY (FIR),5685,1583,0,1583,0,0,0,0,0,0,0,0,0,0,0,0,0,0,199,18
2026,3,MAR,2026-03-17T00:00:00Z,Spain Canaries,COUNTRY (FIR),1217,334,0,334,0,0,0,0,0,0,0,0,0,0,0,0,0,0,34,6
2026,3,MAR,2026-03-17T00:00:00Z,Spain Continental,COUNTRY (FIR),5294,1249,0,1249,0,0,0,0,0,0,0,0,0,0,0,0,0,0,165,12
2026,3,MAR,2026-03-17T00:00:00Z,Sweden,COUNTRY (FIR),1662,,,,,,,,,,,,,,,,,,,
2026,3,MAR,2026-03-17T00:00:00Z,Switzerland,COUNTRY (FIR),2696,241,0,241,0,0,0,0,0,0,0,0,0,0,0,0,0,0,24,3
2026,3,MAR,2026-03-17T00:00:00Z,Türkiye,COUNTRY (FIR),3477,,,,,,,,,,,,,,,,,,,
2026,3,MAR,2026-03-17T00:00:00Z,UK Continental,COUNTRY (FIR),5730,,,,,,,,,,,,,,,,,,,
2026,3,MAR,2026-03-17T00:00:00Z,UK Oceanic,COUNTRY (FIR),1347,,,,,,,,,,,,,,,,,,,
2026,3,MAR,2026-03-17T00:00:00Z,UK-Ireland FAB,FAB (FIR),5884,,,,,,,,,,,,,,,,,,,
2026,3,MAR,2026-03-17T00:00:00Z,United Kingdom,COUNTRY (FIR),6057,,,,,,,,,,,,,,,,,,,
2026,3,MAR,2026-03-18T00:00:00Z,Albania,COUNTRY (FIR),814,,,,,,,,,,,,,,,,,,,
2026,3,MAR,2026-03-18T00:00:00Z,Armenia,COUNTRY (FIR),325,,,,,,,,,,,,,,,,,,,
2026,3,MAR,2026-03-18T00:00:00Z,Austria,COUNTRY (FIR),3362,,,,,,,,,,,,,,,,,,,
2026,3,MAR,2026-03-18T00:00:00Z,BLUE MED FAB,FAB (FIR),6346,0,0,0,0,0,0,0,0,0,0,0,0,0,0,0,0,0,0,0
2026,3,MAR,2026-03-18T00:00:00Z,Baltic FAB,FAB (FIR),1789,,,,,,,,,,,,,,,,,,,
2026,3,MAR,2026-03-18T00:00:00Z,Belgium,COUNTRY (FIR),3027,36,0,0,0,0,0,0,0,0,0,0,0,0,36,0,0,0,5,0
2026,3,MAR,2026-03-18T00:00:00Z,Bosnia and Herzegovina,COUNTRY (FIR),1081,,,,,,,,,,,,,,,,,,,
2026,3,MAR,2026-03-18T00:00:00Z,Bulgaria,COUNTRY (FIR),1933,844,0,0,0,0,0,0,0,0,0,844,0,0,0,0,0,0,146,7
2026,3,MAR,2026-03-18T00:00:00Z,Croatia,COUNTRY (FIR),1810,,,,,,,,,,,,,,,,,,,
2026,3,MAR,2026-03-18T00:00:00Z,Cyprus,COUNTRY (FIR),892,,,,,,,,,,,,,,,,,,,
2026,3,MAR,2026-03-18T00:00:00Z,Czech Republic,COUNTRY (FIR),1676,,,,,,,,,,,,,,,,,,,
2026,3,MAR,2026-03-18T00:00:00Z,DANUBE FAB,FAB (FIR),2390,844,0,0,0,0,0,0,0,0,0,844,0,0,0,0,0,0,146,7
2026,3,MAR,2026-03-18T00:00:00Z,DK-SE FAB,FAB (FIR),2349,0,0,0,0,0,0,0,0,0,0,0,0,0,0,0,0,0,0,0
2026,3,MAR,2026-03-18T00:00:00Z,Denmark,COUNTRY (FIR),1550,0,0,0,0,0,0,0,0,0,0,0,0,0,0,0,0,0,0,0
2026,3,MAR,2026-03-18T00:00:00Z,Estonia,COUNTRY (FIR),411,,,,,,,,,,,,,,,,,,,
2026,3,MAR,2026-03-18T00:00:00Z,FAB CE,FAB (FIR),5483,35,0,0,0,0,0,0,0,0,0,0,0,35,0,0,0,0,8,0
2026,3,MAR,2026-03-18T00:00:00Z,FAB CE (SES RP1),FAB (FIR),4943,35,0,0,0,0,0,0,0,0,0,0,0,35,0,0,0,0,8,0
2026,3,MAR,2026-03-18T00:00:00Z,FAB CE (SES RP2),FAB (FIR),5466,35,0,0,0,0,0,0,0,0,0,0,0,35,0,0,0,0,8,0
2026,3,MAR,2026-03-18T00:00:00Z,FABEC,FAB (FIR),14444,2034,0,818,0,0,0,0,201,0,302,0,0,50,663,0,0,0,156,46
2026,3,MAR,2026-03-18T00:00:00Z,Finland,COUNTRY (FIR),650,,,,,,,,,,,,,,,,,,,
2026,3,MAR,2026-03-18T00:00:00Z,France,COUNTRY (FIR),8195,1436,0,256,0,0,0,0,201,0,302,0,0,50,627,0,0,0,99,36
2026,3,MAR,2026-03-18T00:00:00Z,Georgia,COUNTRY (FIR),913,179,0,179,0,0,0,0,0,0,0,0,0,0,0,0,0,0,24,3
2026,3,MAR,2026-03-18T00:00:00Z,Germany,COUNTRY (FIR),7174,238,0,238,0,0,0,0,0,0,0,0,0,0,0,0,0,0,36,1
2026,3,MAR,2026-03-18T00:00:00Z,Greece,COUNTRY (FIR),2155,0,0,0,0,0,0,0,0,0,0,0,0,0,0,0,0,0,0,0
2026,3,MAR,2026-03-18T00:00:00Z,Hungary,COUNTRY (FIR),2191,,,,,,,,,,,,,,,,,,,
2026,3,MAR,2026-03-18T00:00:00Z,Iceland,COUNTRY (FIR),348,,,,,,,,,,,,,,,,,,,
2026,3,MAR,2026-03-18T00:00:00Z,Ireland,COUNTRY (FIR),1442,0,0,0,0,0,0,0,0,0,0,0,0,0,0,0,0,0,0,0
2026,3,MAR,2026-03-18T00:00:00Z,Italy,COUNTRY (FIR),4562,,,,,,,,,,,,,,,,,,,
2026,3,MAR,2026-03-18T00:00:00Z,Latvia,COUNTRY (FIR),529,,,,,,,,,,,,,,,,,,,
2026,3,MAR,2026-03-18T00:00:00Z,Lithuania,COUNTRY (FIR),464,,,,,,,,,,,,,,,,,,,
2026,3,MAR,2026-03-18T00:00:00Z,Malta,COUNTRY (FIR),378,,,,,,,,,,,,,,,,,,,
2026,3,MAR,2026-03-18T00:00:00Z,Moldova,COUNTRY (FIR),84,,,,,,,,,,,,,,,,,,,
2026,3,MAR,2026-03-18T00:00:00Z,NEFAB,FAB (FIR),2553,17,0,17,0,0,0,0,0,0,0,0,0,0,0,0,0,0,4,0
2026,3,MAR,2026-03-18T00:00:00Z,Netherlands,COUNTRY (FIR),2998,17,0,17,0,0,0,0,0,0,0,0,0,0,0,0,0,0,3,0
2026,3,MAR,2026-03-18T00:00:00Z,North Macedonia,COUNTRY (FIR),566,,,,,,,,,,,,,,,,,,,
2026,3,MAR,2026-03-18T00:00:00Z,Norway,COUNTRY (FIR),1623,17,0,17,0,0,0,0,0,0,0,0,0,0,0,0,0,0,4,0
2026,3,MAR,2026-03-18T00:00:00Z,Poland,COUNTRY (FIR),1641,,,,,,,,,,,,,,,,,,,
2026,3,MAR,2026-03-18T00:00:00Z,Portugal,COUNTRY (FIR),2069,0,0,0,0,0,0,0,0,0,0,0,0,0,0,0,0,0,0,0
2026,3,MAR,2026-03-18T00:00:00Z,Portugal Continental,COUNTRY (FIR),1822,0,0,0,0,0,0,0,0,0,0,0,0,0,0,0,0,0,0,0
2026,3,MAR,2026-03-18T00:00:00Z,Portugal Santa Maria,COUNTRY (FIR),508,,,,,,,,,,,,,,,,,,,
2026,3,MAR,2026-03-18T00:00:00Z,Romania,COUNTRY (FIR),1682,,,,,,,,,,,,,,,,,,,
2026,3,MAR,2026-03-18T00:00:00Z,SES Area (RP2),AREA (FIR),24117,4075,0,1980,0,0,0,0,201,0,302,844,0,85,663,0,0,0,451,76
2026,3,MAR,2026-03-18T00:00:00Z,SW FAB,FAB (FIR),5685,1145,0,1145,0,0,0,0,0,0,0,0,0,0,0,0,0,0,137,23
2026,3,MAR,2026-03-18T00:00:00Z,Serbia/Montenegro,COUNTRY (FIR),1906,,,,,,,,,,,,,,,,,,,
2026,3,MAR,2026-03-18T00:00:00Z,Slovakia,COUNTRY (FIR),1113,,,,,,,,,,,,,,,,,,,
2026,3,MAR,2026-03-18T00:00:00Z,Slovenia,COUNTRY (FIR),1171,35,0,0,0,0,0,0,0,0,0,0,0,35,0,0,0,0,8,0
2026,3,MAR,2026-03-18T00:00:00Z,Spain,COUNTRY (FIR),5485,1145,0,1145,0,0,0,0,0,0,0,0,0,0,0,0,0,0,137,23
2026,3,MAR,2026-03-18T00:00:00Z,Spain Canaries,COUNTRY (FIR),1118,0,0,0,0,0,0,0,0,0,0,0,0,0,0,0,0,0,0,0
2026,3,MAR,2026-03-18T00:00:00Z,Spain Continental,COUNTRY (FIR),5167,1145,0,1145,0,0,0,0,0,0,0,0,0,0,0,0,0,0,137,23
2026,3,MAR,2026-03-18T00:00:00Z,Sweden,COUNTRY (FIR),1743,,,,,,,,,,,,,,,,,,,
2026,3,MAR,2026-03-18T00:00:00Z,Switzerland,COUNTRY (FIR),2701,307,0,307,0,0,0,0,0,0,0,0,0,0,0,0,0,0,13,9
2026,3,MAR,2026-03-18T00:00:00Z,Türkiye,COUNTRY (FIR),3659,,,,,,,,,,,,,,,,,,,
2026,3,MAR,2026-03-18T00:00:00Z,UK Continental,COUNTRY (FIR),5826,0,0,0,0,0,0,0,0,0,0,0,0,0,0,0,0,0,0,0
2026,3,MAR,2026-03-18T00:00:00Z,UK Oceanic,COUNTRY (FIR),1285,,,,,,,,,,,,,,,,,,,
2026,3,MAR,2026-03-18T00:00:00Z,UK-Ireland FAB,FAB (FIR),5967,0,0,0,0,0,0,0,0,0,0,0,0,0,0,0,0,0,0,0
2026,3,MAR,2026-03-18T00:00:00Z,United Kingdom,COUNTRY (FIR),6118,0,0,0,0,0,0,0,0,0,0,0,0,0,0,0,0,0,0,0
2026,3,MAR,2026-03-19T00:00:00Z,Albania,COUNTRY (FIR),758,,,,,,,,,,,,,,,,,,,
2026,3,MAR,2026-03-19T00:00:00Z,Armenia,COUNTRY (FIR),321,,,,,,,,,,,,,,,,,,,
2026,3,MAR,2026-03-19T00:00:00Z,Austria,COUNTRY (FIR),3541,,,,,,,,,,,,,,,,,,,
2026,3,MAR,2026-03-19T00:00:00Z,BLUE MED FAB,FAB (FIR),7159,0,0,0,0,0,0,0,0,0,0,0,0,0,0,0,0,0,0,0
2026,3,MAR,2026-03-19T00:00:00Z,Baltic FAB,FAB (FIR),2117,0,0,0,0,0,0,0,0,0,0,0,0,0,0,0,0,0,0,0
2026,3,MAR,2026-03-19T00:00:00Z,Belgium,COUNTRY (FIR),3273,19,0,0,0,0,0,0,0,0,0,0,0,0,19,0,0,0,5,0
2026,3,MAR,2026-03-19T00:00:00Z,Bosnia and Herzegovina,COUNTRY (FIR),1168,,,,,,,,,,,,,,,,,,,
2026,3,MAR,2026-03-19T00:00:00Z,Bulgaria,COUNTRY (FIR),2104,,,,,,,,,,,,,,,,,,,
2026,3,MAR,2026-03-19T00:00:00Z,Croatia,COUNTRY (FIR),1966,,,,,,,,,,,,,,,,,,,
2026,3,MAR,2026-03-19T00:00:00Z,Cyprus,COUNTRY (FIR),940,,,,,,,,,,,,,,,,,,,
2026,3,MAR,2026-03-19T00:00:00Z,Czech Republic,COUNTRY (FIR),2008,,,,,,,,,,,,,,,,,,,
2026,3,MAR,2026-03-19T00:00:00Z,DANUBE FAB,FAB (FIR),2607,,,,,,,,,,,,,,,,,,,
2026,3,MAR,2026-03-19T00:00:00Z,DK-SE FAB,FAB (FIR),2500,17,0,17,0,0,0,0,0,0,0,0,0,0,0,0,0,0,4,0
2026,3,MAR,2026-03-19T00:00:00Z,Denmark,COUNTRY (FIR),1620,0,0,0,0,0,0,0,0,0,0,0,0,0,0,0,0,0,0,0
2026,3,MAR,2026-03-19T00:00:00Z,Estonia,COUNTRY (FIR),447,,,,,,,,,,,,,,,,,,,
2026,3,MAR,2026-03-19T00:00:00Z,FAB CE,FAB (FIR),5968,,,,,,,,,,,,,,,,,,,
2026,3,MAR,2026-03-19T00:00:00Z,FAB CE (SES RP1),FAB (FIR),5345,,,,,,,,,,,,,,,,,,,
2026,3,MAR,2026-03-19T00:00:00Z,FAB CE (SES RP2),FAB (FIR),5952,,,,,,,,,,,,,,,,,,,
2026,3,MAR,2026-03-19T00:00:00Z,FABEC,FAB (FIR),16055,4778,0,1978,0,0,0,0,673,0,798,0,0,683,583,63,0,0,354,97
2026,3,MAR,2026-03-19T00:00:00Z,Finland,COUNTRY (FIR),698,,,,,,,,,,,,,,,,,,,
2026,3,MAR,2026-03-19T00:00:00Z,France,COUNTRY (FIR),9152,3043,0,325,0,0,0,0,673,0,798,0,0,683,564,0,0,0,156,70
2026,3,MAR,2026-03-19T00:00:00Z,Georgia,COUNTRY (FIR),893,29,0,29,0,0,0,0,0,0,0,0,0,0,0,0,0,0,7,0
2026,3,MAR,2026-03-19T00:00:00Z,Germany,COUNTRY (FIR),7992,1546,0,1546,0,0,0,0,0,0,0,0,0,0,0,0,0,0,180,24
2026,3,MAR,2026-03-19T00:00:00Z,Greece,COUNTRY (FIR),2226,0,0,0,0,0,0,0,0,0,0,0,0,0,0,0,0,0,0,0
2026,3,MAR,2026-03-19T00:00:00Z,Hungary,COUNTRY (FIR),2413,,,,,,,,,,,,,,,,,,,
2026,3,MAR,2026-03-19T00:00:00Z,Iceland,COUNTRY (FIR),331,,,,,,,,,,,,,,,,,,,
2026,3,MAR,2026-03-19T00:00:00Z,Ireland,COUNTRY (FIR),1594,,,,,,,,,,,,,,,,,,,
2026,3,MAR,2026-03-19T00:00:00Z,Italy,COUNTRY (FIR),5201,,,,,,,,,,,,,,,,,,,
2026,3,MAR,2026-03-19T00:00:00Z,Latvia,COUNTRY (FIR),607,,,,,,,,,,,,,,,,,,,
2026,3,MAR,2026-03-19T00:00:00Z,Lithuania,COUNTRY (FIR),564,,,,,,,,,,,,,,,,,,,
2026,3,MAR,2026-03-19T00:00:00Z,Malta,COUNTRY (FIR),421,,,,,,,,,,,,,,,,,,,
2026,3,MAR,2026-03-19T00:00:00Z,Moldova,COUNTRY (FIR),90,,,,,,,,,,,,,,,,,,,
2026,3,MAR,2026-03-19T00:00:00Z,NEFAB,FAB (FIR),2671,0,0,0,0,0,0,0,0,0,0,0,0,0,0,0,0,0,0,0
2026,3,MAR,2026-03-19T00:00:00Z,Netherlands,COUNTRY (FIR),3195,0,0,0,0,0,0,0,0,0,0,0,0,0,0,0,0,0,0,0
2026,3,MAR,2026-03-19T00:00:00Z,North Macedonia,COUNTRY (FIR),539,,,,,,,,,,,,,,,,,,,
2026,3,MAR,2026-03-19T00:00:00Z,Norway,COUNTRY (FIR),1619,0,0,0,0,0,0,0,0,0,0,0,0,0,0,0,0,0,0,0
2026,3,MAR,2026-03-19T00:00:00Z,Poland,COUNTRY (FIR),1937,0,0,0,0,0,0,0,0,0,0,0,0,0,0,0,0,0,0,0
2026,3,MAR,2026-03-19T00:00:00Z,Portugal,COUNTRY (FIR),2305,797,0,0,0,0,0,0,0,0,0,797,0,0,0,0,0,0,35,22
2026,3,MAR,2026-03-19T00:00:00Z,Portugal Continental,COUNTRY (FIR),2025,797,0,0,0,0,0,0,0,0,0,797,0,0,0,0,0,0,35,22
2026,3,MAR,2026-03-19T00:00:00Z,Portugal Santa Maria,COUNTRY (FIR),528,,,,,,,,,,,,,,,,,,,
2026,3,MAR,2026-03-19T00:00:00Z,Romania,COUNTRY (FIR),1831,,,,,,,,,,,,,,,,,,,
2026,3,MAR,2026-03-19T00:00:00Z,SES Area (RP2),AREA (FIR),26444,12025,0,5005,0,0,0,0,673,0,798,1963,0,894,583,63,2046,0,994,264
2026,3,MAR,2026-03-19T00:00:00Z,SW FAB,FAB (FIR),6234,6056,0,3002,0,0,0,0,0,0,0,797,0,211,0,0,2046,0,447,158
2026,3,MAR,2026-03-19T00:00:00Z,Serbia/Montenegro,COUNTRY (FIR),1977,,,,,,,,,,,,,,,,,,,
2026,3,MAR,2026-03-19T00:00:00Z,Slovakia,COUNTRY (FIR),1247,,,,,,,,,,,,,,,,,,,
2026,3,MAR,2026-03-19T00:00:00Z,Slovenia,COUNTRY (FIR),1181,,,,,,,,,,,,,,,,,,,
2026,3,MAR,2026-03-19T00:00:00Z,Spain,COUNTRY (FIR),6068,5259,0,3002,0,0,0,0,0,0,0,0,0,211,0,0,2046,0,412,136
2026,3,MAR,2026-03-19T00:00:00Z,Spain Canaries,COUNTRY (FIR),1229,2046,0,0,0,0,0,0,0,0,0,0,0,0,0,0,2046,0,114,66
2026,3,MAR,2026-03-19T00:00:00Z,Spain Continental,COUNTRY (FIR),5723,3213,0,3002,0,0,0,0,0,0,0,0,0,211,0,0,0,0,298,70
2026,3,MAR,2026-03-19T00:00:00Z,Sweden,COUNTRY (FIR),1858,17,0,17,0,0,0,0,0,0,0,0,0,0,0,0,0,0,4,0
2026,3,MAR,2026-03-19T00:00:00Z,Switzerland,COUNTRY (FIR),2931,170,0,107,0,0,0,0,0,0,0,0,0,0,0,63,0,0,13,3
2026,3,MAR,2026-03-19T00:00:00Z,Türkiye,COUNTRY (FIR),3862,0,0,0,0,0,0,0,0,0,0,0,0,0,0,0,0,0,0,0
2026,3,MAR,2026-03-19T00:00:00Z,UK Continental,COUNTRY (FIR),6433,1174,0,8,0,0,0,0,0,0,0,1166,0,0,0,0,0,0,189,9
2026,3,MAR,2026-03-19T00:00:00Z,UK Oceanic,COUNTRY (FIR),1476,,,,,,,,,,,,,,,,,,,
2026,3,MAR,2026-03-19T00:00:00Z,UK-Ireland FAB,FAB (FIR),6568,1174,0,8,0,0,0,0,0,0,0,1166,0,0,0,0,0,0,189,9
2026,3,MAR,2026-03-19T00:00:00Z,United Kingdom,COUNTRY (FIR),6755,1174,0,8,0,0,0,0,0,0,0,1166,0,0,0,0,0,0,189,9
2026,3,MAR,2026-03-20T00:00:00Z,Albania,COUNTRY (FIR),832,,,,,,,,,,,,,,,,,,,
2026,3,MAR,2026-03-20T00:00:00Z,Armenia,COUNTRY (FIR),359,,,,,,,,,,,,,,,,,,,
2026,3,MAR,2026-03-20T00:00:00Z,Austria,COUNTRY (FIR),3905,,,,,,,,,,,,,,,,,,,
2026,3,MAR,2026-03-20T00:00:00Z,BLUE MED FAB,FAB (FIR),7723,0,0,0,0,0,0,0,0,0,0,0,0,0,0,0,0,0,0,0
2026,3,MAR,2026-03-20T00:00:00Z,Baltic FAB,FAB (FIR),2230,,,,,,,,,,,,,,,,,,,
2026,3,MAR,2026-03-20T00:00:00Z,Belgium,COUNTRY (FIR),3363,122,0,0,0,0,0,0,122,0,0,0,0,0,0,0,0,0,15,1
2026,3,MAR,2026-03-20T00:00:00Z,Bosnia and Herzegovina,COUNTRY (FIR),1316,,,,,,,,,,,,,,,,,,,
2026,3,MAR,2026-03-20T00:00:00Z,Bulgaria,COUNTRY (FIR),2171,,,,,,,,,,,,,,,,,,,
2026,3,MAR,2026-03-20T00:00:00Z,Croatia,COUNTRY (FIR),2133,,,,,,,,,,,,,,,,,,,
2026,3,MAR,2026-03-20T00:00:00Z,Cyprus,COUNTRY (FIR),935,,,,,,,,,,,,,,,,,,,
2026,3,MAR,2026-03-20T00:00:00Z,Czech Republic,COUNTRY (FIR),2179,,,,,,,,,,,,,,,,,,,
2026,3,MAR,2026-03-20T00:00:00Z,DANUBE FAB,FAB (FIR),2747,,,,,,,,,,,,,,,,,,,
2026,3,MAR,2026-03-20T00:00:00Z,DK-SE FAB,FAB (FIR),2506,0,0,0,0,0,0,0,0,0,0,0,0,0,0,0,0,0,0,0
2026,3,MAR,2026-03-20T00:00:00Z,Denmark,COUNTRY (FIR),1640,0,0,0,0,0,0,0,0,0,0,0,0,0,0,0,0,0,0,0
2026,3,MAR,2026-03-20T00:00:00Z,Estonia,COUNTRY (FIR),457,,,,,,,,,,,,,,,,,,,
2026,3,MAR,2026-03-20T00:00:00Z,FAB CE,FAB (FIR),6537,,,,,,,,,,,,,,,,,,,
2026,3,MAR,2026-03-20T00:00:00Z,FAB CE (SES RP1),FAB (FIR),5808,,,,,,,,,,,,,,,,,,,
2026,3,MAR,2026-03-20T00:00:00Z,FAB CE (SES RP2),FAB (FIR),6512,,,,,,,,,,,,,,,,,,,
2026,3,MAR,2026-03-20T00:00:00Z,FABEC,FAB (FIR),16873,5270,0,2525,0,0,0,0,820,0,351,0,0,1127,447,0,0,0,432,109
2026,3,MAR,2026-03-20T00:00:00Z,Finland,COUNTRY (FIR),671,,,,,,,,,,,,,,,,,,,
2026,3,MAR,2026-03-20T00:00:00Z,France,COUNTRY (FIR),9662,3179,0,1655,0,0,0,0,296,0,351,0,0,488,389,0,0,0,255,70
2026,3,MAR,2026-03-20T00:00:00Z,Georgia,COUNTRY (FIR),934,125,0,0,0,0,0,0,0,0,125,0,0,0,0,0,0,0,17,3
2026,3,MAR,2026-03-20T00:00:00Z,Germany,COUNTRY (FIR),8398,1238,0,414,0,0,0,0,402,0,0,0,0,422,0,0,0,0,119,20
2026,3,MAR,2026-03-20T00:00:00Z,Greece,COUNTRY (FIR),2281,0,0,0,0,0,0,0,0,0,0,0,0,0,0,0,0,0,0,0
2026,3,MAR,2026-03-20T00:00:00Z,Hungary,COUNTRY (FIR),2601,,,,,,,,,,,,,,,,,,,
2026,3,MAR,2026-03-20T00:00:00Z,Iceland,COUNTRY (FIR),209,,,,,,,,,,,,,,,,,,,
2026,3,MAR,2026-03-20T00:00:00Z,Ireland,COUNTRY (FIR),1526,0,0,0,0,0,0,0,0,0,0,0,0,0,0,0,0,0,0,0
2026,3,MAR,2026-03-20T00:00:00Z,Italy,COUNTRY (FIR),5821,0,0,0,0,0,0,0,0,0,0,0,0,0,0,0,0,0,0,0
2026,3,MAR,2026-03-20T00:00:00Z,Latvia,COUNTRY (FIR),642,,,,,,,,,,,,,,,,,,,
2026,3,MAR,2026-03-20T00:00:00Z,Lithuania,COUNTRY (FIR),583,,,,,,,,,,,,,,,,,,,
2026,3,MAR,2026-03-20T00:00:00Z,Malta,COUNTRY (FIR),411,,,,,,,,,,,,,,,,,,,
2026,3,MAR,2026-03-20T00:00:00Z,Moldova,COUNTRY (FIR),110,,,,,,,,,,,,,,,,,,,
2026,3,MAR,2026-03-20T00:00:00Z,NEFAB,FAB (FIR),2574,,,,,,,,,,,,,,,,,,,
2026,3,MAR,2026-03-20T00:00:00Z,Netherlands,COUNTRY (FIR),3461,0,0,0,0,0,0,0,0,0,0,0,0,0,0,0,0,0,0,0
2026,3,MAR,2026-03-20T00:00:00Z,North Macedonia,COUNTRY (FIR),591,,,,,,,,,,,,,,,,,,,
2026,3,MAR,2026-03-20T00:00:00Z,Norway,COUNTRY (FIR),1531,,,,,,,,,,,,,,,,,,,
2026,3,MAR,2026-03-20T00:00:00Z,Poland,COUNTRY (FIR),2040,,,,,,,,,,,,,,,,,,,
2026,3,MAR,2026-03-20T00:00:00Z,Portugal,COUNTRY (FIR),2348,0,0,0,0,0,0,0,0,0,0,0,0,0,0,0,0,0,0,0
2026,3,MAR,2026-03-20T00:00:00Z,Portugal Continental,COUNTRY (FIR),2029,0,0,0,0,0,0,0,0,0,0,0,0,0,0,0,0,0,0,0
2026,3,MAR,2026-03-20T00:00:00Z,Portugal Santa Maria,COUNTRY (FIR),577,,,,,,,,,,,,,,,,,,,
2026,3,MAR,2026-03-20T00:00:00Z,Romania,COUNTRY (FIR),1897,,,,,,,,,,,,,,,,,,,
2026,3,MAR,2026-03-20T00:00:00Z,SES Area (RP2),AREA (FIR),27657,13490,0,7659,0,0,0,0,820,0,351,3086,0,1127,447,0,0,0,1347,249
2026,3,MAR,2026-03-20T00:00:00Z,SW FAB,FAB (FIR),6680,5054,0,5054,0,0,0,0,0,0,0,0,0,0,0,0,0,0,510,97
2026,3,MAR,2026-03-20T00:00:00Z,Serbia/Montenegro,COUNTRY (FIR),2191,,,,,,,,,,,,,,,,,,,
2026,3,MAR,2026-03-20T00:00:00Z,Slovakia,COUNTRY (FIR),1310,,,,,,,,,,,,,,,,,,,
2026,3,MAR,2026-03-20T00:00:00Z,Slovenia,COUNTRY (FIR),1271,,,,,,,,,,,,,,,,,,,
2026,3,MAR,2026-03-20T00:00:00Z,Spain,COUNTRY (FIR),6462,5054,0,5054,0,0,0,0,0,0,0,0,0,0,0,0,0,0,510,97
2026,3,MAR,2026-03-20T00:00:00Z,Spain Canaries,COUNTRY (FIR),1193,0,0,0,0,0,0,0,0,0,0,0,0,0,0,0,0,0,0,0
2026,3,MAR,2026-03-20T00:00:00Z,Spain Continental,COUNTRY (FIR),6107,5054,0,5054,0,0,0,0,0,0,0,0,0,0,0,0,0,0,510,97
2026,3,MAR,2026-03-20T00:00:00Z,Sweden,COUNTRY (FIR),1853,,,,,,,,,,,,,,,,,,,
2026,3,MAR,2026-03-20T00:00:00Z,Switzerland,COUNTRY (FIR),3179,731,0,456,0,0,0,0,0,0,0,0,0,217,58,0,0,0,43,18
2026,3,MAR,2026-03-20T00:00:00Z,Türkiye,COUNTRY (FIR),3850,,,,,,,,,,,,,,,,,,,
2026,3,MAR,2026-03-20T00:00:00Z,UK Continental,COUNTRY (FIR),6796,3166,0,80,0,0,0,0,0,0,0,3086,0,0,0,0,0,0,405,43
2026,3,MAR,2026-03-20T00:00:00Z,UK Oceanic,COUNTRY (FIR),1439,,,,,,,,,,,,,,,,,,,
2026,3,MAR,2026-03-20T00:00:00Z,UK-Ireland FAB,FAB (FIR),6921,3166,0,80,0,0,0,0,0,0,0,3086,0,0,0,0,0,0,405,43
2026,3,MAR,2026-03-20T00:00:00Z,United Kingdom,COUNTRY (FIR),7112,3166,0,80,0,0,0,0,0,0,0,3086,0,0,0,0,0,0,405,43
2026,3,MAR,2026-03-21T00:00:00Z,Albania,COUNTRY (FIR),859,,,,,,,,,,,,,,,,,,,
2026,3,MAR,2026-03-21T00:00:00Z,Armenia,COUNTRY (FIR),346,,,,,,,,,,,,,,,,,,,
2026,3,MAR,2026-03-21T00:00:00Z,Austria,COUNTRY (FIR),3667,,,,,,,,,,,,,,,,,,,
2026,3,MAR,2026-03-21T00:00:00Z,BLUE MED FAB,FAB (FIR),7300,0,0,0,0,0,0,0,0,0,0,0,0,0,0,0,0,0,0,0
2026,3,MAR,2026-03-21T00:00:00Z,Baltic FAB,FAB (FIR),2022,,,,,,,,,,,,,,,,,,,
2026,3,MAR,2026-03-21T00:00:00Z,Belgium,COUNTRY (FIR),3110,0,0,0,0,0,0,0,0,0,0,0,0,0,0,0,0,0,0,0
2026,3,MAR,2026-03-21T00:00:00Z,Bosnia and Herzegovina,COUNTRY (FIR),1258,,,,,,,,,,,,,,,,,,,
2026,3,MAR,2026-03-21T00:00:00Z,Bulgaria,COUNTRY (FIR),2284,,,,,,,,,,,,,,,,,,,
2026,3,MAR,2026-03-21T00:00:00Z,Croatia,COUNTRY (FIR),2098,,,,,,,,,,,,,,,,,,,
2026,3,MAR,2026-03-21T00:00:00Z,Cyprus,COUNTRY (FIR),1114,,,,,,,,,,,,,,,,,,,
2026,3,MAR,2026-03-21T00:00:00Z,Czech Republic,COUNTRY (FIR),1923,,,,,,,,,,,,,,,,,,,
2026,3,MAR,2026-03-21T00:00:00Z,DANUBE FAB,FAB (FIR),2754,,,,,,,,,,,,,,,,,,,
2026,3,MAR,2026-03-21T00:00:00Z,DK-SE FAB,FAB (FIR),2049,0,0,0,0,0,0,0,0,0,0,0,0,0,0,0,0,0,0,0
2026,3,MAR,2026-03-21T00:00:00Z,Denmark,COUNTRY (FIR),1436,0,0,0,0,0,0,0,0,0,0,0,0,0,0,0,0,0,0,0
2026,3,MAR,2026-03-21T00:00:00Z,Estonia,COUNTRY (FIR),442,,,,,,,,,,,,,,,,,,,
2026,3,MAR,2026-03-21T00:00:00Z,FAB CE,FAB (FIR),6076,,,,,,,,,,,,,,,,,,,
2026,3,MAR,2026-03-21T00:00:00Z,FAB CE (SES RP1),FAB (FIR),5401,,,,,,,,,,,,,,,,,,,
2026,3,MAR,2026-03-21T00:00:00Z,FAB CE (SES RP2),FAB (FIR),6054,,,,,,,,,,,,,,,,,,,
2026,3,MAR,2026-03-21T00:00:00Z,FABEC,FAB (FIR),14591,3727,0,2173,0,0,0,0,145,0,0,0,0,1409,0,0,0,0,420,50
2026,3,MAR,2026-03-21T00:00:00Z,Finland,COUNTRY (FIR),595,,,,,,,,,,,,,,,,,,,
2026,3,MAR,2026-03-21T00:00:00Z,France,COUNTRY (FIR),8772,2956,0,1689,0,0,0,0,1,0,0,0,0,1266,0,0,0,0,337,41
2026,3,MAR,2026-03-21T00:00:00Z,Georgia,COUNTRY (FIR),960,724,0,720,0,0,0,0,0,0,4,0,0,0,0,0,0,0,77,15
2026,3,MAR,2026-03-21T00:00:00Z,Germany,COUNTRY (FIR),7142,480,0,193,0,0,0,0,144,0,0,0,0,143,0,0,0,0,64,3
2026,3,MAR,2026-03-21T00:00:00Z,Greece,COUNTRY (FIR),2360,0,0,0,0,0,0,0,0,0,0,0,0,0,0,0,0,0,0,0
2026,3,MAR,2026-03-21T00:00:00Z,Hungary,COUNTRY (FIR),2563,,,,,,,,,,,,,,,,,,,
2026,3,MAR,2026-03-21T00:00:00Z,Iceland,COUNTRY (FIR),448,,,,,,,,,,,,,,,,,,,
2026,3,MAR,2026-03-21T00:00:00Z,Ireland,COUNTRY (FIR),1495,,,,,,,,,,,,,,,,,,,
2026,3,MAR,2026-03-21T00:00:00Z,Italy,COUNTRY (FIR),5216,0,0,0,0,0,0,0,0,0,0,0,0,0,0,0,0,0,0,0
2026,3,MAR,2026-03-21T00:00:00Z,Latvia,COUNTRY (FIR),592,,,,,,,,,,,,,,,,,,,
2026,3,MAR,2026-03-21T00:00:00Z,Lithuania,COUNTRY (FIR),515,,,,,,,,,,,,,,,,,,,
2026,3,MAR,2026-03-21T00:00:00Z,Malta,COUNTRY (FIR),436,,,,,,,,,,,,,,,,,,,
2026,3,MAR,2026-03-21T00:00:00Z,Moldova,COUNTRY (FIR),104,,,,,,,,,,,,,,,,,,,
2026,3,MAR,2026-03-21T00:00:00Z,NEFAB,FAB (FIR),1856,,,,,,,,,,,,,,,,,,,
2026,3,MAR,2026-03-21T00:00:00Z,Netherlands,COUNTRY (FIR),3039,110,0,110,0,0,0,0,0,0,0,0,0,0,0,0,0,0,11,3
2026,3,MAR,2026-03-21T00:00:00Z,North Macedonia,COUNTRY (FIR),553,,,,,,,,,,,,,,,,,,,
2026,3,MAR,2026-03-21T00:00:00Z,Norway,COUNTRY (FIR),942,,,,,,,,,,,,,,,,,,,
2026,3,MAR,2026-03-21T00:00:00Z,Poland,COUNTRY (FIR),1866,,,,,,,,,,,,,,,,,,,
2026,3,MAR,2026-03-21T00:00:00Z,Portugal,COUNTRY (FIR),2661,588,0,588,0,0,0,0,0,0,0,0,0,0,0,0,0,0,58,12
2026,3,MAR,2026-03-21T00:00:00Z,Portugal Continental,COUNTRY (FIR),2353,588,0,588,0,0,0,0,0,0,0,0,0,0,0,0,0,0,58,12
2026,3,MAR,2026-03-21T00:00:00Z,Portugal Santa Maria,COUNTRY (FIR),634,,,,,,,,,,,,,,,,,,,
2026,3,MAR,2026-03-21T00:00:00Z,Romania,COUNTRY (FIR),1885,,,,,,,,,,,,,,,,,,,
2026,3,MAR,2026-03-21T00:00:00Z,SES Area (RP2),AREA (FIR),23229,9503,0,6815,0,0,0,0,145,0,0,977,0,1566,0,0,0,0,1048,153
2026,3,MAR,2026-03-21T00:00:00Z,SW FAB,FAB (FIR),6550,4426,0,4426,0,0,0,0,0,0,0,0,0,0,0,0,0,0,459,87
2026,3,MAR,2026-03-21T00:00:00Z,Serbia/Montenegro,COUNTRY (FIR),2151,,,,,,,,,,,,,,,,,,,
2026,3,MAR,2026-03-21T00:00:00Z,Slovakia,COUNTRY (FIR),1325,,,,,,,,,,,,,,,,,,,
2026,3,MAR,2026-03-21T00:00:00Z,Slovenia,COUNTRY (FIR),1207,,,,,,,,,,,,,,,,,,,
2026,3,MAR,2026-03-21T00:00:00Z,Spain,COUNTRY (FIR),6319,3838,0,3838,0,0,0,0,0,0,0,0,0,0,0,0,0,0,401,75
2026,3,MAR,2026-03-21T00:00:00Z,Spain Canaries,COUNTRY (FIR),1404,11,0,11,0,0,0,0,0,0,0,0,0,0,0,0,0,0,1,0
2026,3,MAR,2026-03-21T00:00:00Z,Spain Continental,COUNTRY (FIR),5994,3827,0,3827,0,0,0,0,0,0,0,0,0,0,0,0,0,0,400,75
2026,3,MAR,2026-03-21T00:00:00Z,Sweden,COUNTRY (FIR),1465,,,,,,,,,,,,,,,,,,,
2026,3,MAR,2026-03-21T00:00:00Z,Switzerland,COUNTRY (FIR),2911,181,0,181,0,0,0,0,0,0,0,0,0,0,0,0,0,0,8,3
2026,3,MAR,2026-03-21T00:00:00Z,Türkiye,COUNTRY (FIR),4062,0,0,0,0,0,0,0,0,0,0,0,0,0,0,0,0,0,0,0
2026,3,MAR,2026-03-21T00:00:00Z,UK Continental,COUNTRY (FIR),6140,1350,0,216,0,0,0,0,0,0,0,977,0,157,0,0,0,0,169,16
2026,3,MAR,2026-03-21T00:00:00Z,UK Oceanic,COUNTRY (FIR),1499,,,,,,,,,,,,,,,,,,,
2026,3,MAR,2026-03-21T00:00:00Z,UK-Ireland FAB,FAB (FIR),6282,1350,0,216,0,0,0,0,0,0,0,977,0,157,0,0,0,0,169,16
2026,3,MAR,2026-03-21T00:00:00Z,United Kingdom,COUNTRY (FIR),6529,1350,0,216,0,0,0,0,0,0,0,977,0,157,0,0,0,0,169,16
2026,3,MAR,2026-03-22T00:00:00Z,Albania,COUNTRY (FIR),826,,,,,,,,,,,,,,,,,,,
2026,3,MAR,2026-03-22T00:00:00Z,Armenia,COUNTRY (FIR),350,,,,,,,,,,,,,,,,,,,
2026,3,MAR,2026-03-22T00:00:00Z,Austria,COUNTRY (FIR),3776,,,,,,,,,,,,,,,,,,,
2026,3,MAR,2026-03-22T00:00:00Z,BLUE MED FAB,FAB (FIR),7774,0,0,0,0,0,0,0,0,0,0,0,0,0,0,0,0,0,0,0
2026,3,MAR,2026-03-22T00:00:00Z,Baltic FAB,FAB (FIR),2127,,,,,,,,,,,,,,,,,,,
2026,3,MAR,2026-03-22T00:00:00Z,Belgium,COUNTRY (FIR),3243,710,0,0,0,0,0,0,0,0,0,0,0,618,92,0,0,0,58,18
2026,3,MAR,2026-03-22T00:00:00Z,Bosnia and Herzegovina,COUNTRY (FIR),1326,,,,,,,,,,,,,,,,,,,
2026,3,MAR,2026-03-22T00:00:00Z,Bulgaria,COUNTRY (FIR),2276,,,,,,,,,,,,,,,,,,,
2026,3,MAR,2026-03-22T00:00:00Z,Croatia,COUNTRY (FIR),2152,,,,,,,,,,,,,,,,,,,
2026,3,MAR,2026-03-22T00:00:00Z,Cyprus,COUNTRY (FIR),1111,,,,,,,,,,,,,,,,,,,
2026,3,MAR,2026-03-22T00:00:00Z,Czech Republic,COUNTRY (FIR),2040,,,,,,,,,,,,,,,,,,,
2026,3,MAR,2026-03-22T00:00:00Z,DANUBE FAB,FAB (FIR),2787,,,,,,,,,,,,,,,,,,,
2026,3,MAR,2026-03-22T00:00:00Z,DK-SE FAB,FAB (FIR),2369,19,0,19,0,0,0,0,0,0,0,0,0,0,0,0,0,0,6,0
2026,3,MAR,2026-03-22T00:00:00Z,Denmark,COUNTRY (FIR),1606,19,0,19,0,0,0,0,0,0,0,0,0,0,0,0,0,0,6,0
2026,3,MAR,2026-03-22T00:00:00Z,Estonia,COUNTRY (FIR),435,,,,,,,,,,,,,,,,,,,
2026,3,MAR,2026-03-22T00:00:00Z,FAB CE,FAB (FIR),6328,,,,,,,,,,,,,,,,,,,
2026,3,MAR,2026-03-22T00:00:00Z,FAB CE (SES RP1),FAB (FIR),5615,,,,,,,,,,,,,,,,,,,
2026,3,MAR,2026-03-22T00:00:00Z,FAB CE (SES RP2),FAB (FIR),6309,,,,,,,,,,,,,,,,,,,
2026,3,MAR,2026-03-22T00:00:00Z,FABEC,FAB (FIR),15672,4331,0,2434,0,0,0,0,157,0,211,0,0,1437,92,0,0,0,395,89
2026,3,MAR,2026-03-22T00:00:00Z,Finland,COUNTRY (FIR),612,,,,,,,,,,,,,,,,,,,
2026,3,MAR,2026-03-22T00:00:00Z,France,COUNTRY (FIR),9266,2977,0,2221,0,0,0,0,157,0,211,0,0,388,0,0,0,0,303,53
2026,3,MAR,2026-03-22T00:00:00Z,Georgia,COUNTRY (FIR),960,276,0,276,0,0,0,0,0,0,0,0,0,0,0,0,0,0,35,5
2026,3,MAR,2026-03-22T00:00:00Z,Germany,COUNTRY (FIR),7712,431,0,0,0,0,0,0,0,0,0,0,0,431,0,0,0,0,25,14
2026,3,MAR,2026-03-22T00:00:00Z,Greece,COUNTRY (FIR),2410,0,0,0,0,0,0,0,0,0,0,0,0,0,0,0,0,0,0,0
2026,3,MAR,2026-03-22T00:00:00Z,Hungary,COUNTRY (FIR),2611,,,,,,,,,,,,,,,,,,,
2026,3,MAR,2026-03-22T00:00:00Z,Iceland,COUNTRY (FIR),539,,,,,,,,,,,,,,,,,,,
2026,3,MAR,2026-03-22T00:00:00Z,Ireland,COUNTRY (FIR),1470,,,,,,,,,,,,,,,,,,,
2026,3,MAR,2026-03-22T00:00:00Z,Italy,COUNTRY (FIR),5713,0,0,0,0,0,0,0,0,0,0,0,0,0,0,0,0,0,0,0
2026,3,MAR,2026-03-22T00:00:00Z,Latvia,COUNTRY (FIR),584,,,,,,,,,,,,,,,,,,,
2026,3,MAR,2026-03-22T00:00:00Z,Lithuania,COUNTRY (FIR),531,,,,,,,,,,,,,,,,,,,
2026,3,MAR,2026-03-22T00:00:00Z,Malta,COUNTRY (FIR),453,,,,,,,,,,,,,,,,,,,
2026,3,MAR,2026-03-22T00:00:00Z,Moldova,COUNTRY (FIR),111,,,,,,,,,,,,,,,,,,,
2026,3,MAR,2026-03-22T00:00:00Z,NEFAB,FAB (FIR),2265,,,,,,,,,,,,,,,,,,,
2026,3,MAR,2026-03-22T00:00:00Z,Netherlands,COUNTRY (FIR),3301,44,0,44,0,0,0,0,0,0,0,0,0,0,0,0,0,0,3,1
2026,3,MAR,2026-03-22T00:00:00Z,North Macedonia,COUNTRY (FIR),607,,,,,,,,,,,,,,,,,,,
2026,3,MAR,2026-03-22T00:00:00Z,Norway,COUNTRY (FIR),1341,,,,,,,,,,,,,,,,,,,
2026,3,MAR,2026-03-22T00:00:00Z,Poland,COUNTRY (FIR),1973,,,,,,,,,,,,,,,,,,,
2026,3,MAR,2026-03-22T00:00:00Z,Portugal,COUNTRY (FIR),2497,0,0,0,0,0,0,0,0,0,0,0,0,0,0,0,0,0,0,0
2026,3,MAR,2026-03-22T00:00:00Z,Portugal Continental,COUNTRY (FIR),2187,0,0,0,0,0,0,0,0,0,0,0,0,0,0,0,0,0,0,0
2026,3,MAR,2026-03-22T00:00:00Z,Portugal Santa Maria,COUNTRY (FIR),629,,,,,,,,,,,,,,,,,,,
2026,3,MAR,2026-03-22T00:00:00Z,Romania,COUNTRY (FIR),1865,,,,,,,,,,,,,,,,,,,
2026,3,MAR,2026-03-22T00:00:00Z,SES Area (RP2),AREA (FIR),25506,15994,0,4533,0,0,0,0,157,0,211,1222,0,1437,92,0,8342,0,1026,280
2026,3,MAR,2026-03-22T00:00:00Z,SW FAB,FAB (FIR),6814,2920,0,2080,0,0,0,0,0,0,0,0,0,0,0,0,840,0,292,51
2026,3,MAR,2026-03-22T00:00:00Z,Serbia/Montenegro,COUNTRY (FIR),2248,,,,,,,,,,,,,,,,,,,
2026,3,MAR,2026-03-22T00:00:00Z,Slovakia,COUNTRY (FIR),1303,,,,,,,,,,,,,,,,,,,
2026,3,MAR,2026-03-22T00:00:00Z,Slovenia,COUNTRY (FIR),1265,,,,,,,,,,,,,,,,,,,
2026,3,MAR,2026-03-22T00:00:00Z,Spain,COUNTRY (FIR),6591,2920,0,2080,0,0,0,0,0,0,0,0,0,0,0,0,840,0,292,51
2026,3,MAR,2026-03-22T00:00:00Z,Spain Canaries,COUNTRY (FIR),1360,840,0,0,0,0,0,0,0,0,0,0,0,0,0,0,840,0,52,20
2026,3,MAR,2026-03-22T00:00:00Z,Spain Continental,COUNTRY (FIR),6175,2080,0,2080,0,0,0,0,0,0,0,0,0,0,0,0,0,0,240,31
2026,3,MAR,2026-03-22T00:00:00Z,Sweden,COUNTRY (FIR),1722,,,,,,,,,,,,,,,,,,,
2026,3,MAR,2026-03-22T00:00:00Z,Switzerland,COUNTRY (FIR),3068,169,0,169,0,0,0,0,0,0,0,0,0,0,0,0,0,0,6,3
2026,3,MAR,2026-03-22T00:00:00Z,Türkiye,COUNTRY (FIR),4323,0,0,0,0,0,0,0,0,0,0,0,0,0,0,0,0,0,0,0
2026,3,MAR,2026-03-22T00:00:00Z,UK Continental,COUNTRY (FIR),6554,8724,0,0,0,0,0,0,0,0,0,1222,0,0,0,0,7502,0,333,140
2026,3,MAR,2026-03-22T00:00:00Z,UK Oceanic,COUNTRY (FIR),1330,,,,,,,,,,,,,,,,,,,
2026,3,MAR,2026-03-22T00:00:00Z,UK-Ireland FAB,FAB (FIR),6675,8724,0,0,0,0,0,0,0,0,0,1222,0,0,0,0,7502,0,333,140
2026,3,MAR,2026-03-22T00:00:00Z,United Kingdom,COUNTRY (FIR),6844,8724,0,0,0,0,0,0,0,0,0,1222,0,0,0,0,7502,0,333,140
2026,3,MAR,2026-03-23T00:00:00Z,Albania,COUNTRY (FIR),739,,,,,,,,,,,,,,,,,,,
2026,3,MAR,2026-03-23T00:00:00Z,Armenia,COUNTRY (FIR),408,,,,,,,,,,,,,,,,,,,
2026,3,MAR,2026-03-23T00:00:00Z,Austria,COUNTRY (FIR),3717,,,,,,,,,,,,,,,,,,,
2026,3,MAR,2026-03-23T00:00:00Z,BLUE MED FAB,FAB (FIR),7640,0,0,0,0,0,0,0,0,0,0,0,0,0,0,0,0,0,0,0
2026,3,MAR,2026-03-23T00:00:00Z,Baltic FAB,FAB (FIR),2245,0,0,0,0,0,0,0,0,0,0,0,0,0,0,0,0,0,0,0
2026,3,MAR,2026-03-23T00:00:00Z,Belgium,COUNTRY (FIR),3273,86,0,0,0,0,0,0,0,0,0,0,0,0,86,0,0,0,10,0
2026,3,MAR,2026-03-23T00:00:00Z,Bosnia and Herzegovina,COUNTRY (FIR),1230,,,,,,,,,,,,,,,,,,,
2026,3,MAR,2026-03-23T00:00:00Z,Bulgaria,COUNTRY (FIR),2071,,,,,,,,,,,,,,,,,,,
2026,3,MAR,2026-03-23T00:00:00Z,Croatia,COUNTRY (FIR),2027,,,,,,,,,,,,,,,,,,,
2026,3,MAR,2026-03-23T00:00:00Z,Cyprus,COUNTRY (FIR),1041,,,,,,,,,,,,,,,,,,,
2026,3,MAR,2026-03-23T00:00:00Z,Czech Republic,COUNTRY (FIR),2066,,,,,,,,,,,,,,,,,,,
2026,3,MAR,2026-03-23T00:00:00Z,DANUBE FAB,FAB (FIR),2610,,,,,,,,,,,,,,,,,,,
2026,3,MAR,2026-03-23T00:00:00Z,DK-SE FAB,FAB (FIR),2544,,,,,,,,,,,,,,,,,,,
2026,3,MAR,2026-03-23T00:00:00Z,Denmark,COUNTRY (FIR),1688,,,,,,,,,,,,,,,,,,,
2026,3,MAR,2026-03-23T00:00:00Z,Estonia,COUNTRY (FIR),431,,,,,,,,,,,,,,,,,,,
2026,3,MAR,2026-03-23T00:00:00Z,FAB CE,FAB (FIR),6186,,,,,,,,,,,,,,,,,,,
2026,3,MAR,2026-03-23T00:00:00Z,FAB CE (SES RP1),FAB (FIR),5517,,,,,,,,,,,,,,,,,,,
2026,3,MAR,2026-03-23T00:00:00Z,FAB CE (SES RP2),FAB (FIR),6159,,,,,,,,,,,,,,,,,,,
2026,3,MAR,2026-03-23T00:00:00Z,FABEC,FAB (FIR),16219,3364,0,2281,0,0,0,0,0,0,0,0,0,481,315,0,287,0,370,48
2026,3,MAR,2026-03-23T00:00:00Z,Finland,COUNTRY (FIR),693,,,,,,,,,,,,,,,,,,,
2026,3,MAR,2026-03-23T00:00:00Z,France,COUNTRY (FIR),9379,2105,0,1395,0,0,0,0,0,0,0,0,0,481,229,0,0,0,218,33
2026,3,MAR,2026-03-23T00:00:00Z,Georgia,COUNTRY (FIR),818,408,0,408,0,0,0,0,0,0,0,0,0,0,0,0,0,0,35,10
2026,3,MAR,2026-03-23T00:00:00Z,Germany,COUNTRY (FIR),8003,657,0,657,0,0,0,0,0,0,0,0,0,0,0,0,0,0,95,5
2026,3,MAR,2026-03-23T00:00:00Z,Greece,COUNTRY (FIR),2263,0,0,0,0,0,0,0,0,0,0,0,0,0,0,0,0,0,0,0
2026,3,MAR,2026-03-23T00:00:00Z,Hungary,COUNTRY (FIR),2463,,,,,,,,,,,,,,,,,,,
2026,3,MAR,2026-03-23T00:00:00Z,Iceland,COUNTRY (FIR),384,,,,,,,,,,,,,,,,,,,
2026,3,MAR,2026-03-23T00:00:00Z,Ireland,COUNTRY (FIR),1606,0,0,0,0,0,0,0,0,0,0,0,0,0,0,0,0,0,0,0
2026,3,MAR,2026-03-23T00:00:00Z,Italy,COUNTRY (FIR),5678,0,0,0,0,0,0,0,0,0,0,0,0,0,0,0,0,0,0,0
2026,3,MAR,2026-03-23T00:00:00Z,Latvia,COUNTRY (FIR),589,,,,,,,,,,,,,,,,,,,
2026,3,MAR,2026-03-23T00:00:00Z,Lithuania,COUNTRY (FIR),567,,,,,,,,,,,,,,,,,,,
2026,3,MAR,2026-03-23T00:00:00Z,Malta,COUNTRY (FIR),476,,,,,,,,,,,,,,,,,,,
2026,3,MAR,2026-03-23T00:00:00Z,Moldova,COUNTRY (FIR),114,,,,,,,,,,,,,,,,,,,
2026,3,MAR,2026-03-23T00:00:00Z,NEFAB,FAB (FIR),2602,,,,,,,,,,,,,,,,,,,
2026,3,MAR,2026-03-23T00:00:00Z,Netherlands,COUNTRY (FIR),3345,0,0,0,0,0,0,0,0,0,0,0,0,0,0,0,0,0,0,0
2026,3,MAR,2026-03-23T00:00:00Z,North Macedonia,COUNTRY (FIR),587,,,,,,,,,,,,,,,,,,,
2026,3,MAR,2026-03-23T00:00:00Z,Norway,COUNTRY (FIR),1587,,,,,,,,,,,,,,,,,,,
2026,3,MAR,2026-03-23T00:00:00Z,Poland,COUNTRY (FIR),2052,0,0,0,0,0,0,0,0,0,0,0,0,0,0,0,0,0,0,0
2026,3,MAR,2026-03-23T00:00:00Z,Portugal,COUNTRY (FIR),2336,0,0,0,0,0,0,0,0,0,0,0,0,0,0,0,0,0,0,0
2026,3,MAR,2026-03-23T00:00:00Z,Portugal Continental,COUNTRY (FIR),2029,0,0,0,0,0,0,0,0,0,0,0,0,0,0,0,0,0,0,0
2026,3,MAR,2026-03-23T00:00:00Z,Portugal Santa Maria,COUNTRY (FIR),623,,,,,,,,,,,,,,,,,,,
2026,3,MAR,2026-03-23T00:00:00Z,Romania,COUNTRY (FIR),1783,,,,,,,,,,,,,,,,,,,
2026,3,MAR,2026-03-23T00:00:00Z,SES Area (RP2),AREA (FIR),27155,5792,0,3874,0,0,0,0,0,0,289,390,0,637,315,0,287,0,640,84
2026,3,MAR,2026-03-23T00:00:00Z,SW FAB,FAB (FIR),6644,1749,0,1593,0,0,0,0,0,0,0,0,0,156,0,0,0,0,191,27
2026,3,MAR,2026-03-23T00:00:00Z,Serbia/Montenegro,COUNTRY (FIR),2063,,,,,,,,,,,,,,,,,,,
2026,3,MAR,2026-03-23T00:00:00Z,Slovakia,COUNTRY (FIR),1244,,,,,,,,,,,,,,,,,,,
2026,3,MAR,2026-03-23T00:00:00Z,Slovenia,COUNTRY (FIR),1217,,,,,,,,,,,,,,,,,,,
2026,3,MAR,2026-03-23T00:00:00Z,Spain,COUNTRY (FIR),6419,1749,0,1593,0,0,0,0,0,0,0,0,0,156,0,0,0,0,191,27
2026,3,MAR,2026-03-23T00:00:00Z,Spain Canaries,COUNTRY (FIR),1216,0,0,0,0,0,0,0,0,0,0,0,0,0,0,0,0,0,0,0
2026,3,MAR,2026-03-23T00:00:00Z,Spain Continental,COUNTRY (FIR),6027,1749,0,1593,0,0,0,0,0,0,0,0,0,156,0,0,0,0,191,27
2026,3,MAR,2026-03-23T00:00:00Z,Sweden,COUNTRY (FIR),1820,,,,,,,,,,,,,,,,,,,
2026,3,MAR,2026-03-23T00:00:00Z,Switzerland,COUNTRY (FIR),3030,516,0,229,0,0,0,0,0,0,0,0,0,0,0,0,287,0,47,10
2026,3,MAR,2026-03-23T00:00:00Z,Türkiye,COUNTRY (FIR),3925,0,0,0,0,0,0,0,0,0,0,0,0,0,0,0,0,0,0,0
2026,3,MAR,2026-03-23T00:00:00Z,UK Continental,COUNTRY (FIR),6694,679,0,0,0,0,0,0,0,0,289,390,0,0,0,0,0,0,79,9
2026,3,MAR,2026-03-23T00:00:00Z,UK Oceanic,COUNTRY (FIR),1486,,,,,,,,,,,,,,,,,,,
2026,3,MAR,2026-03-23T00:00:00Z,UK-Ireland FAB,FAB (FIR),6835,679,0,0,0,0,0,0,0,0,289,390,0,0,0,0,0,0,79,9
2026,3,MAR,2026-03-23T00:00:00Z,United Kingdom,COUNTRY (FIR),7048,679,0,0,0,0,0,0,0,0,289,390,0,0,0,0,0,0,79,9
2026,3,MAR,2026-03-24T00:00:00Z,Albania,COUNTRY (FIR),710,,,,,,,,,,,,,,,,,,,
2026,3,MAR,2026-03-24T00:00:00Z,Armenia,COUNTRY (FIR),397,,,,,,,,,,,,,,,,,,,
2026,3,MAR,2026-03-24T00:00:00Z,Austria,COUNTRY (FIR),3206,,,,,,,,,,,,,,,,,,,
2026,3,MAR,2026-03-24T00:00:00Z,BLUE MED FAB,FAB (FIR),6465,0,0,0,0,0,0,0,0,0,0,0,0,0,0,0,0,0,0,0
2026,3,MAR,2026-03-24T00:00:00Z,Baltic FAB,FAB (FIR),1802,,,,,,,,,,,,,,,,,,,
2026,3,MAR,2026-03-24T00:00:00Z,Belgium,COUNTRY (FIR),2901,31,0,0,0,0,0,0,0,0,0,0,0,0,31,0,0,0,4,0
2026,3,MAR,2026-03-24T00:00:00Z,Bosnia and Herzegovina,COUNTRY (FIR),1167,,,,,,,,,,,,,,,,,,,
2026,3,MAR,2026-03-24T00:00:00Z,Bulgaria,COUNTRY (FIR),1996,,,,,,,,,,,,,,,,,,,
2026,3,MAR,2026-03-24T00:00:00Z,Croatia,COUNTRY (FIR),1796,,,,,,,,,,,,,,,,,,,
2026,3,MAR,2026-03-24T00:00:00Z,Cyprus,COUNTRY (FIR),1009,,,,,,,,,,,,,,,,,,,
2026,3,MAR,2026-03-24T00:00:00Z,Czech Republic,COUNTRY (FIR),1727,,,,,,,,,,,,,,,,,,,
2026,3,MAR,2026-03-24T00:00:00Z,DANUBE FAB,FAB (FIR),2455,,,,,,,,,,,,,,,,,,,
2026,3,MAR,2026-03-24T00:00:00Z,DK-SE FAB,FAB (FIR),2250,0,0,0,0,0,0,0,0,0,0,0,0,0,0,0,0,0,0,0
2026,3,MAR,2026-03-24T00:00:00Z,Denmark,COUNTRY (FIR),1486,0,0,0,0,0,0,0,0,0,0,0,0,0,0,0,0,0,0,0
2026,3,MAR,2026-03-24T00:00:00Z,Estonia,COUNTRY (FIR),429,,,,,,,,,,,,,,,,,,,
2026,3,MAR,2026-03-24T00:00:00Z,FAB CE,FAB (FIR),5439,,,,,,,,,,,,,,,,,,,
2026,3,MAR,2026-03-24T00:00:00Z,FAB CE (SES RP1),FAB (FIR),4813,,,,,,,,,,,,,,,,,,,
2026,3,MAR,2026-03-24T00:00:00Z,FAB CE (SES RP2),FAB (FIR),5417,,,,,,,,,,,,,,,,,,,
2026,3,MAR,2026-03-24T00:00:00Z,FABEC,FAB (FIR),14508,7896,0,1182,0,0,0,0,160,0,39,5497,0,987,31,0,0,0,504,173
2026,3,MAR,2026-03-24T00:00:00Z,Finland,COUNTRY (FIR),629,,,,,,,,,,,,,,,,,,,
2026,3,MAR,2026-03-24T00:00:00Z,France,COUNTRY (FIR),8349,7005,0,524,0,0,0,0,160,0,39,5497,0,785,0,0,0,0,395,163
2026,3,MAR,2026-03-24T00:00:00Z,Georgia,COUNTRY (FIR),853,80,0,80,0,0,0,0,0,0,0,0,0,0,0,0,0,0,8,2
2026,3,MAR,2026-03-24T00:00:00Z,Germany,COUNTRY (FIR),7172,198,0,0,0,0,0,0,0,0,0,0,0,198,0,0,0,0,31,2
2026,3,MAR,2026-03-24T00:00:00Z,Greece,COUNTRY (FIR),2069,0,0,0,0,0,0,0,0,0,0,0,0,0,0,0,0,0,0,0
2026,3,MAR,2026-03-24T00:00:00Z,Hungary,COUNTRY (FIR),2204,,,,,,,,,,,,,,,,,,,
2026,3,MAR,2026-03-24T00:00:00Z,Iceland,COUNTRY (FIR),452,,,,,,,,,,,,,,,,,,,
2026,3,MAR,2026-03-24T00:00:00Z,Ireland,COUNTRY (FIR),1300,0,0,0,0,0,0,0,0,0,0,0,0,0,0,0,0,0,0,0
2026,3,MAR,2026-03-24T00:00:00Z,Italy,COUNTRY (FIR),4542,,,,,,,,,,,,,,,,,,,
2026,3,MAR,2026-03-24T00:00:00Z,Latvia,COUNTRY (FIR),551,,,,,,,,,,,,,,,,,,,
2026,3,MAR,2026-03-24T00:00:00Z,Lithuania,COUNTRY (FIR),511,,,,,,,,,,,,,,,,,,,
2026,3,MAR,2026-03-24T00:00:00Z,Malta,COUNTRY (FIR),399,,,,,,,,,,,,,,,,,,,
2026,3,MAR,2026-03-24T00:00:00Z,Moldova,COUNTRY (FIR),93,,,,,,,,,,,,,,,,,,,
2026,3,MAR,2026-03-24T00:00:00Z,NEFAB,FAB (FIR),2468,,,,,,,,,,,,,,,,,,,
2026,3,MAR,2026-03-24T00:00:00Z,Netherlands,COUNTRY (FIR),2911,0,0,0,0,0,0,0,0,0,0,0,0,0,0,0,0,0,0,0
2026,3,MAR,2026-03-24T00:00:00Z,North Macedonia,COUNTRY (FIR),489,,,,,,,,,,,,,,,,,,,
2026,3,MAR,2026-03-24T00:00:00Z,Norway,COUNTRY (FIR),1522,,,,,,,,,,,,,,,,,,,
2026,3,MAR,2026-03-24T00:00:00Z,Poland,COUNTRY (FIR),1635,,,,,,,,,,,,,,,,,,,
2026,3,MAR,2026-03-24T00:00:00Z,Portugal,COUNTRY (FIR),2191,0,0,0,0,0,0,0,0,0,0,0,0,0,0,0,0,0,0,0
2026,3,MAR,2026-03-24T00:00:00Z,Portugal Continental,COUNTRY (FIR),1963,0,0,0,0,0,0,0,0,0,0,0,0,0,0,0,0,0,0,0
2026,3,MAR,2026-03-24T00:00:00Z,Portugal Santa Maria,COUNTRY (FIR),566,,,,,,,,,,,,,,,,,,,
2026,3,MAR,2026-03-24T00:00:00Z,Romania,COUNTRY (FIR),1721,,,,,,,,,,,,,,,,,,,
2026,3,MAR,2026-03-24T00:00:00Z,SES Area (RP2),AREA (FIR),24126,13121,0,3979,0,0,0,0,160,0,71,6318,0,1824,31,0,738,0,1034,259
2026,3,MAR,2026-03-24T00:00:00Z,SW FAB,FAB (FIR),5965,4404,0,2797,0,0,0,0,0,0,32,0,0,837,0,0,738,0,414,78
2026,3,MAR,2026-03-24T00:00:00Z,Serbia/Montenegro,COUNTRY (FIR),1880,,,,,,,,,,,,,,,,,,,
2026,3,MAR,2026-03-24T00:00:00Z,Slovakia,COUNTRY (FIR),1154,,,,,,,,,,,,,,,,,,,
2026,3,MAR,2026-03-24T00:00:00Z,Slovenia,COUNTRY (FIR),1128,,,,,,,,,,,,,,,,,,,
2026,3,MAR,2026-03-24T00:00:00Z,Spain,COUNTRY (FIR),5766,4404,0,2797,0,0,0,0,0,0,32,0,0,837,0,0,738,0,414,78
2026,3,MAR,2026-03-24T00:00:00Z,Spain Canaries,COUNTRY (FIR),1169,875,0,137,0,0,0,0,0,0,0,0,0,0,0,0,738,0,45,19
2026,3,MAR,2026-03-24T00:00:00Z,Spain Continental,COUNTRY (FIR),5418,3529,0,2660,0,0,0,0,0,0,32,0,0,837,0,0,0,0,369,59
2026,3,MAR,2026-03-24T00:00:00Z,Sweden,COUNTRY (FIR),1679,,,,,,,,,,,,,,,,,,,
2026,3,MAR,2026-03-24T00:00:00Z,Switzerland,COUNTRY (FIR),2783,662,0,658,0,0,0,0,0,0,0,0,0,4,0,0,0,0,74,8
2026,3,MAR,2026-03-24T00:00:00Z,Türkiye,COUNTRY (FIR),3793,0,0,0,0,0,0,0,0,0,0,0,0,0,0,0,0,0,0,0
2026,3,MAR,2026-03-24T00:00:00Z,UK Continental,COUNTRY (FIR),5615,821,0,0,0,0,0,0,0,0,0,821,0,0,0,0,0,0,116,8
2026,3,MAR,2026-03-24T00:00:00Z,UK Oceanic,COUNTRY (FIR),1270,,,,,,,,,,,,,,,,,,,
2026,3,MAR,2026-03-24T00:00:00Z,UK-Ireland FAB,FAB (FIR),5760,821,0,0,0,0,0,0,0,0,0,821,0,0,0,0,0,0,116,8
2026,3,MAR,2026-03-24T00:00:00Z,United Kingdom,COUNTRY (FIR),5889,821,0,0,0,0,0,0,0,0,0,821,0,0,0,0,0,0,116,8
2026,3,MAR,2026-03-25T00:00:00Z,Albania,COUNTRY (FIR),838,,,,,,,,,,,,,,,,,,,
2026,3,MAR,2026-03-25T00:00:00Z,Armenia,COUNTRY (FIR),418,,,,,,,,,,,,,,,,,,,
2026,3,MAR,2026-03-25T00:00:00Z,Austria,COUNTRY (FIR),3484,,,,,,,,,,,,,,,,,,,
2026,3,MAR,2026-03-25T00:00:00Z,BLUE MED FAB,FAB (FIR),6680,0,0,0,0,0,0,0,0,0,0,0,0,0,0,0,0,0,0,0
2026,3,MAR,2026-03-25T00:00:00Z,Baltic FAB,FAB (FIR),1858,,,,,,,,,,,,,,,,,,,
2026,3,MAR,2026-03-25T00:00:00Z,Belgium,COUNTRY (FIR),2914,267,0,0,0,0,0,0,0,0,0,0,0,0,19,0,248,0,31,3
2026,3,MAR,2026-03-25T00:00:00Z,Bosnia and Herzegovina,COUNTRY (FIR),1192,,,,,,,,,,,,,,,,,,,
2026,3,MAR,2026-03-25T00:00:00Z,Bulgaria,COUNTRY (FIR),2020,,,,,,,,,,,,,,,,,,,
2026,3,MAR,2026-03-25T00:00:00Z,Croatia,COUNTRY (FIR),1870,,,,,,,,,,,,,,,,,,,
2026,3,MAR,2026-03-25T00:00:00Z,Cyprus,COUNTRY (FIR),1047,,,,,,,,,,,,,,,,,,,
2026,3,MAR,2026-03-25T00:00:00Z,Czech Republic,COUNTRY (FIR),1843,,,,,,,,,,,,,,,,,,,
2026,3,MAR,2026-03-25T00:00:00Z,DANUBE FAB,FAB (FIR),2507,,,,,,,,,,,,,,,,,,,
2026,3,MAR,2026-03-25T00:00:00Z,DK-SE FAB,FAB (FIR),2283,,,,,,,,,,,,,,,,,,,
2026,3,MAR,2026-03-25T00:00:00Z,Denmark,COUNTRY (FIR),1497,,,,,,,,,,,,,,,,,,,
2026,3,MAR,2026-03-25T00:00:00Z,Estonia,COUNTRY (FIR),376,,,,,,,,,,,,,,,,,,,
2026,3,MAR,2026-03-25T00:00:00Z,FAB CE,FAB (FIR),5685,,,,,,,,,,,,,,,,,,,
2026,3,MAR,2026-03-25T00:00:00Z,FAB CE (SES RP1),FAB (FIR),5106,,,,,,,,,,,,,,,,,,,
2026,3,MAR,2026-03-25T00:00:00Z,FAB CE (SES RP2),FAB (FIR),5664,,,,,,,,,,,,,,,,,,,
2026,3,MAR,2026-03-25T00:00:00Z,FABEC,FAB (FIR),14403,4058,0,1239,0,0,0,0,430,0,114,0,0,646,19,0,1610,0,360,80
2026,3,MAR,2026-03-25T00:00:00Z,Finland,COUNTRY (FIR),659,,,,,,,,,,,,,,,,,,,
2026,3,MAR,2026-03-25T00:00:00Z,France,COUNTRY (FIR),8128,1488,0,298,0,0,0,0,430,0,114,0,0,646,0,0,0,0,114,30
2026,3,MAR,2026-03-25T00:00:00Z,Georgia,COUNTRY (FIR),832,294,0,23,0,0,0,0,0,0,271,0,0,0,0,0,0,0,28,6
2026,3,MAR,2026-03-25T00:00:00Z,Germany,COUNTRY (FIR),7327,935,0,616,0,0,0,0,0,0,0,0,0,0,0,0,319,0,109,14
2026,3,MAR,2026-03-25T00:00:00Z,Greece,COUNTRY (FIR),2184,0,0,0,0,0,0,0,0,0,0,0,0,0,0,0,0,0,0,0
2026,3,MAR,2026-03-25T00:00:00Z,Hungary,COUNTRY (FIR),2265,,,,,,,,,,,,,,,,,,,
2026,3,MAR,2026-03-25T00:00:00Z,Iceland,COUNTRY (FIR),384,,,,,,,,,,,,,,,,,,,
2026,3,MAR,2026-03-25T00:00:00Z,Ireland,COUNTRY (FIR),1441,0,0,0,0,0,0,0,0,0,0,0,0,0,0,0,0,0,0,0
2026,3,MAR,2026-03-25T00:00:00Z,Italy,COUNTRY (FIR),4746,,,,,,,,,,,,,,,,,,,
2026,3,MAR,2026-03-25T00:00:00Z,Latvia,COUNTRY (FIR),494,,,,,,,,,,,,,,,,,,,
2026,3,MAR,2026-03-25T00:00:00Z,Lithuania,COUNTRY (FIR),483,,,,,,,,,,,,,,,,,,,
2026,3,MAR,2026-03-25T00:00:00Z,Malta,COUNTRY (FIR),386,,,,,,,,,,,,,,,,,,,
2026,3,MAR,2026-03-25T00:00:00Z,Moldova,COUNTRY (FIR),96,,,,,,,,,,,,,,,,,,,
2026,3,MAR,2026-03-25T00:00:00Z,NEFAB,FAB (FIR),2491,0,0,0,0,0,0,0,0,0,0,0,0,0,0,0,0,0,0,0
2026,3,MAR,2026-03-25T00:00:00Z,Netherlands,COUNTRY (FIR),2964,0,0,0,0,0,0,0,0,0,0,0,0,0,0,0,0,0,0,0
2026,3,MAR,2026-03-25T00:00:00Z,North Macedonia,COUNTRY (FIR),565,,,,,,,,,,,,,,,,,,,
2026,3,MAR,2026-03-25T00:00:00Z,Norway,COUNTRY (FIR),1579,0,0,0,0,0,0,0,0,0,0,0,0,0,0,0,0,0,0,0
2026,3,MAR,2026-03-25T00:00:00Z,Poland,COUNTRY (FIR),1718,,,,,,,,,,,,,,,,,,,
2026,3,MAR,2026-03-25T00:00:00Z,Portugal,COUNTRY (FIR),2072,0,0,0,0,0,0,0,0,0,0,0,0,0,0,0,0,0,0,0
2026,3,MAR,2026-03-25T00:00:00Z,Portugal Continental,COUNTRY (FIR),1864,0,0,0,0,0,0,0,0,0,0,0,0,0,0,0,0,0,0,0
2026,3,MAR,2026-03-25T00:00:00Z,Portugal Santa Maria,COUNTRY (FIR),509,,,,,,,,,,,,,,,,,,,
2026,3,MAR,2026-03-25T00:00:00Z,Romania,COUNTRY (FIR),1774,,,,,,,,,,,,,,,,,,,
2026,3,MAR,2026-03-25T00:00:00Z,SES Area (RP2),AREA (FIR),24238,6627,0,3216,0,0,0,0,430,0,114,539,0,646,19,0,1663,0,654,122
2026,3,MAR,2026-03-25T00:00:00Z,SW FAB,FAB (FIR),5934,2030,0,1977,0,0,0,0,0,0,0,0,0,0,0,0,53,0,213,37
2026,3,MAR,2026-03-25T00:00:00Z,Serbia/Montenegro,COUNTRY (FIR),1971,,,,,,,,,,,,,,,,,,,
2026,3,MAR,2026-03-25T00:00:00Z,Slovakia,COUNTRY (FIR),1206,,,,,,,,,,,,,,,,,,,
2026,3,MAR,2026-03-25T00:00:00Z,Slovenia,COUNTRY (FIR),1229,,,,,,,,,,,,,,,,,,,
2026,3,MAR,2026-03-25T00:00:00Z,Spain,COUNTRY (FIR),5723,2030,0,1977,0,0,0,0,0,0,0,0,0,0,0,0,53,0,213,37
2026,3,MAR,2026-03-25T00:00:00Z,Spain Canaries,COUNTRY (FIR),1180,53,0,0,0,0,0,0,0,0,0,0,0,0,0,0,53,0,10,0
2026,3,MAR,2026-03-25T00:00:00Z,Spain Continental,COUNTRY (FIR),5359,1977,0,1977,0,0,0,0,0,0,0,0,0,0,0,0,0,0,203,37
2026,3,MAR,2026-03-25T00:00:00Z,Sweden,COUNTRY (FIR),1711,,,,,,,,,,,,,,,,,,,
2026,3,MAR,2026-03-25T00:00:00Z,Switzerland,COUNTRY (FIR),2842,1368,0,325,0,0,0,0,0,0,0,0,0,0,0,0,1043,0,106,33
2026,3,MAR,2026-03-25T00:00:00Z,Türkiye,COUNTRY (FIR),3847,0,0,0,0,0,0,0,0,0,0,0,0,0,0,0,0,0,0,0
2026,3,MAR,2026-03-25T00:00:00Z,UK Continental,COUNTRY (FIR),5782,539,0,0,0,0,0,0,0,0,0,539,0,0,0,0,0,0,81,5
2026,3,MAR,2026-03-25T00:00:00Z,UK Oceanic,COUNTRY (FIR),1320,,,,,,,,,,,,,,,,,,,
2026,3,MAR,2026-03-25T00:00:00Z,UK-Ireland FAB,FAB (FIR),5918,539,0,0,0,0,0,0,0,0,0,539,0,0,0,0,0,0,81,5
2026,3,MAR,2026-03-25T00:00:00Z,United Kingdom,COUNTRY (FIR),6049,539,0,0,0,0,0,0,0,0,0,539,0,0,0,0,0,0,81,5
2026,3,MAR,2026-03-26T00:00:00Z,Albania,COUNTRY (FIR),764,,,,,,,,,,,,,,,,,,,
2026,3,MAR,2026-03-26T00:00:00Z,Armenia,COUNTRY (FIR),407,,,,,,,,,,,,,,,,,,,
2026,3,MAR,2026-03-26T00:00:00Z,Austria,COUNTRY (FIR),3542,,,,,,,,,,,,,,,,,,,
2026,3,MAR,2026-03-26T00:00:00Z,BLUE MED FAB,FAB (FIR),7416,0,0,0,0,0,0,0,0,0,0,0,0,0,0,0,0,0,0,0
2026,3,MAR,2026-03-26T00:00:00Z,Baltic FAB,FAB (FIR),2116,0,0,0,0,0,0,0,0,0,0,0,0,0,0,0,0,0,0,0
2026,3,MAR,2026-03-26T00:00:00Z,Belgium,COUNTRY (FIR),3205,2311,0,129,0,0,0,0,221,0,0,0,0,1622,118,0,221,0,214,44
2026,3,MAR,2026-03-26T00:00:00Z,Bosnia and Herzegovina,COUNTRY (FIR),1189,,,,,,,,,,,,,,,,,,,
2026,3,MAR,2026-03-26T00:00:00Z,Bulgaria,COUNTRY (FIR),2199,,,,,,,,,,,,,,,,,,,
2026,3,MAR,2026-03-26T00:00:00Z,Croatia,COUNTRY (FIR),1984,,,,,,,,,,,,,,,,,,,
2026,3,MAR,2026-03-26T00:00:00Z,Cyprus,COUNTRY (FIR),1057,,,,,,,,,,,,,,,,,,,
2026,3,MAR,2026-03-26T00:00:00Z,Czech Republic,COUNTRY (FIR),2003,,,,,,,,,,,,,,,,,,,
2026,3,MAR,2026-03-26T00:00:00Z,DANUBE FAB,FAB (FIR),2729,,,,,,,,,,,,,,,,,,,
2026,3,MAR,2026-03-26T00:00:00Z,DK-SE FAB,FAB (FIR),2487,0,0,0,0,0,0,0,0,0,0,0,0,0,0,0,0,0,0,0
2026,3,MAR,2026-03-26T00:00:00Z,Denmark,COUNTRY (FIR),1648,0,0,0,0,0,0,0,0,0,0,0,0,0,0,0,0,0,0,0
2026,3,MAR,2026-03-26T00:00:00Z,Estonia,COUNTRY (FIR),461,,,,,,,,,,,,,,,,,,,
2026,3,MAR,2026-03-26T00:00:00Z,FAB CE,FAB (FIR),5971,,,,,,,,,,,,,,,,,,,
2026,3,MAR,2026-03-26T00:00:00Z,FAB CE (SES RP1),FAB (FIR),5320,,,,,,,,,,,,,,,,,,,
2026,3,MAR,2026-03-26T00:00:00Z,FAB CE (SES RP2),FAB (FIR),5956,,,,,,,,,,,,,,,,,,,
2026,3,MAR,2026-03-26T00:00:00Z,FABEC,FAB (FIR),15685,6901,0,3039,0,0,65,0,230,0,0,0,0,1854,312,171,1230,0,636,141
2026,3,MAR,2026-03-26T00:00:00Z,Finland,COUNTRY (FIR),667,,,,,,,,,,,,,,,,,,,
2026,3,MAR,2026-03-26T00:00:00Z,France,COUNTRY (FIR),9058,1719,0,1293,0,0,0,0,0,0,0,0,0,232,194,0,0,0,166,35
2026,3,MAR,2026-03-26T00:00:00Z,Georgia,COUNTRY (FIR),847,141,0,0,0,0,0,0,0,0,141,0,0,0,0,0,0,0,18,3
2026,3,MAR,2026-03-26T00:00:00Z,Germany,COUNTRY (FIR),7779,1569,0,1495,0,0,65,0,9,0,0,0,0,0,0,0,0,0,185,31
2026,3,MAR,2026-03-26T00:00:00Z,Greece,COUNTRY (FIR),2334,0,0,0,0,0,0,0,0,0,0,0,0,0,0,0,0,0,0,0
2026,3,MAR,2026-03-26T00:00:00Z,Hungary,COUNTRY (FIR),2457,,,,,,,,,,,,,,,,,,,
2026,3,MAR,2026-03-26T00:00:00Z,Iceland,COUNTRY (FIR),360,,,,,,,,,,,,,,,,,,,
2026,3,MAR,2026-03-26T00:00:00Z,Ireland,COUNTRY (FIR),1550,0,0,0,0,0,0,0,0,0,0,0,0,0,0,0,0,0,0,0
2026,3,MAR,2026-03-26T00:00:00Z,Italy,COUNTRY (FIR),5259,0,0,0,0,0,0,0,0,0,0,0,0,0,0,0,0,0,0,0
2026,3,MAR,2026-03-26T00:00:00Z,Latvia,COUNTRY (FIR),612,,,,,,,,,,,,,,,,,,,
2026,3,MAR,2026-03-26T00:00:00Z,Lithuania,COUNTRY (FIR),565,,,,,,,,,,,,,,,,,,,
2026,3,MAR,2026-03-26T00:00:00Z,Malta,COUNTRY (FIR),449,,,,,,,,,,,,,,,,,,,
2026,3,MAR,2026-03-26T00:00:00Z,Moldova,COUNTRY (FIR),100,,,,,,,,,,,,,,,,,,,
2026,3,MAR,2026-03-26T00:00:00Z,NEFAB,FAB (FIR),2636,,,,,,,,,,,,,,,,,,,
2026,3,MAR,2026-03-26T00:00:00Z,Netherlands,COUNTRY (FIR),3182,122,0,122,0,0,0,0,0,0,0,0,0,0,0,0,0,0,7,4
2026,3,MAR,2026-03-26T00:00:00Z,North Macedonia,COUNTRY (FIR),550,,,,,,,,,,,,,,,,,,,
2026,3,MAR,2026-03-26T00:00:00Z,Norway,COUNTRY (FIR),1621,,,,,,,,,,,,,,,,,,,
2026,3,MAR,2026-03-26T00:00:00Z,Poland,COUNTRY (FIR),1923,0,0,0,0,0,0,0,0,0,0,0,0,0,0,0,0,0,0,0
2026,3,MAR,2026-03-26T00:00:00Z,Portugal,COUNTRY (FIR),2260,250,0,250,0,0,0,0,0,0,0,0,0,0,0,0,0,0,25,6
2026,3,MAR,2026-03-26T00:00:00Z,Portugal Continental,COUNTRY (FIR),2047,250,0,250,0,0,0,0,0,0,0,0,0,0,0,0,0,0,25,6
2026,3,MAR,2026-03-26T00:00:00Z,Portugal Santa Maria,COUNTRY (FIR),514,,,,,,,,,,,,,,,,,,,
2026,3,MAR,2026-03-26T00:00:00Z,Romania,COUNTRY (FIR),1889,,,,,,,,,,,,,,,,,,,
2026,3,MAR,2026-03-26T00:00:00Z,SES Area (RP2),AREA (FIR),26402,15232,0,9899,0,0,65,0,230,0,0,829,0,2496,312,171,1230,0,1337,312
2026,3,MAR,2026-03-26T00:00:00Z,SW FAB,FAB (FIR),6633,7502,0,6860,0,0,0,0,0,0,0,0,0,642,0,0,0,0,580,166
2026,3,MAR,2026-03-26T00:00:00Z,Serbia/Montenegro,COUNTRY (FIR),2024,,,,,,,,,,,,,,,,,,,
2026,3,MAR,2026-03-26T00:00:00Z,Slovakia,COUNTRY (FIR),1247,,,,,,,,,,,,,,,,,,,
2026,3,MAR,2026-03-26T00:00:00Z,Slovenia,COUNTRY (FIR),1234,,,,,,,,,,,,,,,,,,,
2026,3,MAR,2026-03-26T00:00:00Z,Spain,COUNTRY (FIR),6411,7252,0,6610,0,0,0,0,0,0,0,0,0,642,0,0,0,0,555,160
2026,3,MAR,2026-03-26T00:00:00Z,Spain Canaries,COUNTRY (FIR),1283,0,0,0,0,0,0,0,0,0,0,0,0,0,0,0,0,0,0,0
2026,3,MAR,2026-03-26T00:00:00Z,Spain Continental,COUNTRY (FIR),5999,7252,0,6610,0,0,0,0,0,0,0,0,0,642,0,0,0,0,555,160
2026,3,MAR,2026-03-26T00:00:00Z,Sweden,COUNTRY (FIR),1879,,,,,,,,,,,,,,,,,,,
2026,3,MAR,2026-03-26T00:00:00Z,Switzerland,COUNTRY (FIR),2951,1180,0,0,0,0,0,0,0,0,0,0,0,0,0,171,1009,0,64,27
2026,3,MAR,2026-03-26T00:00:00Z,Türkiye,COUNTRY (FIR),3909,0,0,0,0,0,0,0,0,0,0,0,0,0,0,0,0,0,0,0
2026,3,MAR,2026-03-26T00:00:00Z,UK Continental,COUNTRY (FIR),6427,829,0,0,0,0,0,0,0,0,0,829,0,0,0,0,0,0,121,5
2026,3,MAR,2026-03-26T00:00:00Z,UK Oceanic,COUNTRY (FIR),1441,,,,,,,,,,,,,,,,,,,
2026,3,MAR,2026-03-26T00:00:00Z,UK-Ireland FAB,FAB (FIR),6578,829,0,0,0,0,0,0,0,0,0,829,0,0,0,0,0,0,121,5
2026,3,MAR,2026-03-26T00:00:00Z,United Kingdom,COUNTRY (FIR),6726,829,0,0,0,0,0,0,0,0,0,829,0,0,0,0,0,0,121,5
2026,3,MAR,2026-03-27T00:00:00Z,Albania,COUNTRY (FIR),877,,,,,,,,,,,,,,,,,,,
2026,3,MAR,2026-03-27T00:00:00Z,Armenia,COUNTRY (FIR),440,,,,,,,,,,,,,,,,,,,
2026,3,MAR,2026-03-27T00:00:00Z,Austria,COUNTRY (FIR),4108,0,0,0,0,0,0,0,0,0,0,0,0,0,0,0,0,0,0,0
2026,3,MAR,2026-03-27T00:00:00Z,BLUE MED FAB,FAB (FIR),8036,0,0,0,0,0,0,0,0,0,0,0,0,0,0,0,0,0,0,0
2026,3,MAR,2026-03-27T00:00:00Z,Baltic FAB,FAB (FIR),2286,0,0,0,0,0,0,0,0,0,0,0,0,0,0,0,0,0,0,0
2026,3,MAR,2026-03-27T00:00:00Z,Belgium,COUNTRY (FIR),3428,44,0,0,0,0,0,0,0,0,0,0,0,0,44,0,0,0,5,0
2026,3,MAR,2026-03-27T00:00:00Z,Bosnia and Herzegovina,COUNTRY (FIR),1372,,,,,,,,,,,,,,,,,,,
2026,3,MAR,2026-03-27T00:00:00Z,Bulgaria,COUNTRY (FIR),2286,,,,,,,,,,,,,,,,,,,
2026,3,MAR,2026-03-27T00:00:00Z,Croatia,COUNTRY (FIR),2230,,,,,,,,,,,,,,,,,,,
2026,3,MAR,2026-03-27T00:00:00Z,Cyprus,COUNTRY (FIR),982,,,,,,,,,,,,,,,,,,,
2026,3,MAR,2026-03-27T00:00:00Z,Czech Republic,COUNTRY (FIR),2242,,,,,,,,,,,,,,,,,,,
2026,3,MAR,2026-03-27T00:00:00Z,DANUBE FAB,FAB (FIR),2897,,,,,,,,,,,,,,,,,,,
2026,3,MAR,2026-03-27T00:00:00Z,DK-SE FAB,FAB (FIR),2617,0,0,0,0,0,0,0,0,0,0,0,0,0,0,0,0,0,0,0
2026,3,MAR,2026-03-27T00:00:00Z,Denmark,COUNTRY (FIR),1760,0,0,0,0,0,0,0,0,0,0,0,0,0,0,0,0,0,0,0
2026,3,MAR,2026-03-27T00:00:00Z,Estonia,COUNTRY (FIR),473,,,,,,,,,,,,,,,,,,,
2026,3,MAR,2026-03-27T00:00:00Z,FAB CE,FAB (FIR),6724,0,0,0,0,0,0,0,0,0,0,0,0,0,0,0,0,0,0,0
2026,3,MAR,2026-03-27T00:00:00Z,FAB CE (SES RP1),FAB (FIR),6011,0,0,0,0,0,0,0,0,0,0,0,0,0,0,0,0,0,0,0
2026,3,MAR,2026-03-27T00:00:00Z,FAB CE (SES RP2),FAB (FIR),6695,0,0,0,0,0,0,0,0,0,0,0,0,0,0,0,0,0,0,0
2026,3,MAR,2026-03-27T00:00:00Z,FABEC,FAB (FIR),17196,7358,0,5967,0,0,250,0,120,0,436,0,0,10,44,0,531,0,755,132
2026,3,MAR,2026-03-27T00:00:00Z,Finland,COUNTRY (FIR),695,,,,,,,,,,,,,,,,,,,
2026,3,MAR,2026-03-27T00:00:00Z,France,COUNTRY (FIR),9803,3547,0,2804,0,0,250,0,47,0,436,0,0,10,0,0,0,0,310,77
2026,3,MAR,2026-03-27T00:00:00Z,Georgia,COUNTRY (FIR),883,567,0,545,0,0,0,0,0,0,22,0,0,0,0,0,0,0,41,15
2026,3,MAR,2026-03-27T00:00:00Z,Germany,COUNTRY (FIR),8750,3553,0,2949,0,0,0,0,73,0,0,0,0,0,0,0,531,0,437,52
2026,3,MAR,2026-03-27T00:00:00Z,Greece,COUNTRY (FIR),2498,0,0,0,0,0,0,0,0,0,0,0,0,0,0,0,0,0,0,0
2026,3,MAR,2026-03-27T00:00:00Z,Hungary,COUNTRY (FIR),2709,0,0,0,0,0,0,0,0,0,0,0,0,0,0,0,0,0,0,0
2026,3,MAR,2026-03-27T00:00:00Z,Iceland,COUNTRY (FIR),508,,,,,,,,,,,,,,,,,,,
2026,3,MAR,2026-03-27T00:00:00Z,Ireland,COUNTRY (FIR),1553,0,0,0,0,0,0,0,0,0,0,0,0,0,0,0,0,0,0,0
2026,3,MAR,2026-03-27T00:00:00Z,Italy,COUNTRY (FIR),5907,0,0,0,0,0,0,0,0,0,0,0,0,0,0,0,0,0,0,0
2026,3,MAR,2026-03-27T00:00:00Z,Latvia,COUNTRY (FIR),658,,,,,,,,,,,,,,,,,,,
2026,3,MAR,2026-03-27T00:00:00Z,Lithuania,COUNTRY (FIR),593,,,,,,,,,,,,,,,,,,,
2026,3,MAR,2026-03-27T00:00:00Z,Malta,COUNTRY (FIR),434,,,,,,,,,,,,,,,,,,,
2026,3,MAR,2026-03-27T00:00:00Z,Moldova,COUNTRY (FIR),111,,,,,,,,,,,,,,,,,,,
2026,3,MAR,2026-03-27T00:00:00Z,NEFAB,FAB (FIR),2675,,,,,,,,,,,,,,,,,,,
2026,3,MAR,2026-03-27T00:00:00Z,Netherlands,COUNTRY (FIR),3505,0,0,0,0,0,0,0,0,0,0,0,0,0,0,0,0,0,0,0
2026,3,MAR,2026-03-27T00:00:00Z,North Macedonia,COUNTRY (FIR),655,,,,,,,,,,,,,,,,,,,
2026,3,MAR,2026-03-27T00:00:00Z,Norway,COUNTRY (FIR),1630,,,,,,,,,,,,,,,,,,,
2026,3,MAR,2026-03-27T00:00:00Z,Poland,COUNTRY (FIR),2075,0,0,0,0,0,0,0,0,0,0,0,0,0,0,0,0,0,0,0
2026,3,MAR,2026-03-27T00:00:00Z,Portugal,COUNTRY (FIR),2400,0,0,0,0,0,0,0,0,0,0,0,0,0,0,0,0,0,0,0
2026,3,MAR,2026-03-27T00:00:00Z,Portugal Continental,COUNTRY (FIR),2122,0,0,0,0,0,0,0,0,0,0,0,0,0,0,0,0,0,0,0
2026,3,MAR,2026-03-27T00:00:00Z,Portugal Santa Maria,COUNTRY (FIR),581,,,,,,,,,,,,,,,,,,,
2026,3,MAR,2026-03-27T00:00:00Z,Romania,COUNTRY (FIR),1981,,,,,,,,,,,,,,,,,,,
2026,3,MAR,2026-03-27T00:00:00Z,SES Area (RP2),AREA (FIR),28423,18443,0,15089,0,0,250,0,120,0,436,1647,0,326,44,0,531,0,1702,383
2026,3,MAR,2026-03-27T00:00:00Z,SW FAB,FAB (FIR),7127,9112,0,9112,0,0,0,0,0,0,0,0,0,0,0,0,0,0,745,216
2026,3,MAR,2026-03-27T00:00:00Z,Serbia/Montenegro,COUNTRY (FIR),2322,,,,,,,,,,,,,,,,,,,
2026,3,MAR,2026-03-27T00:00:00Z,Slovakia,COUNTRY (FIR),1306,,,,,,,,,,,,,,,,,,,
2026,3,MAR,2026-03-27T00:00:00Z,Slovenia,COUNTRY (FIR),1366,,,,,,,,,,,,,,,,,,,
2026,3,MAR,2026-03-27T00:00:00Z,Spain,COUNTRY (FIR),6898,9112,0,9112,0,0,0,0,0,0,0,0,0,0,0,0,0,0,745,216
2026,3,MAR,2026-03-27T00:00:00Z,Spain Canaries,COUNTRY (FIR),1351,274,0,274,0,0,0,0,0,0,0,0,0,0,0,0,0,0,32,4
2026,3,MAR,2026-03-27T00:00:00Z,Spain Continental,COUNTRY (FIR),6413,8838,0,8838,0,0,0,0,0,0,0,0,0,0,0,0,0,0,713,212
2026,3,MAR,2026-03-27T00:00:00Z,Sweden,COUNTRY (FIR),1921,,,,,,,,,,,,,,,,,,,
2026,3,MAR,2026-03-27T00:00:00Z,Switzerland,COUNTRY (FIR),3312,214,0,214,0,0,0,0,0,0,0,0,0,0,0,0,0,0,3,3
2026,3,MAR,2026-03-27T00:00:00Z,Türkiye,COUNTRY (FIR),4043,0,0,0,0,0,0,0,0,0,0,0,0,0,0,0,0,0,0,0
2026,3,MAR,2026-03-27T00:00:00Z,UK Continental,COUNTRY (FIR),6952,1973,0,10,0,0,0,0,0,0,0,1647,0,316,0,0,0,0,202,35
2026,3,MAR,2026-03-27T00:00:00Z,UK Oceanic,COUNTRY (FIR),1386,,,,,,,,,,,,,,,,,,,
2026,3,MAR,2026-03-27T00:00:00Z,UK-Ireland FAB,FAB (FIR),7084,1973,0,10,0,0,0,0,0,0,0,1647,0,316,0,0,0,0,202,35
2026,3,MAR,2026-03-27T00:00:00Z,United Kingdom,COUNTRY (FIR),7250,1973,0,10,0,0,0,0,0,0,0,1647,0,316,0,0,0,0,202,35
2026,3,MAR,2026-03-28T00:00:00Z,Albania,COUNTRY (FIR),974,,,,,,,,,,,,,,,,,,,
2026,3,MAR,2026-03-28T00:00:00Z,Armenia,COUNTRY (FIR),413,,,,,,,,,,,,,,,,,,,
2026,3,MAR,2026-03-28T00:00:00Z,Austria,COUNTRY (FIR),4101,,,,,,,,,,,,,,,,,,,
2026,3,MAR,2026-03-28T00:00:00Z,BLUE MED FAB,FAB (FIR),7833,0,0,0,0,0,0,0,0,0,0,0,0,0,0,0,0,0,0,0
2026,3,MAR,2026-03-28T00:00:00Z,Baltic FAB,FAB (FIR),2091,,,,,,,,,,,,,,,,,,,
2026,3,MAR,2026-03-28T00:00:00Z,Belgium,COUNTRY (FIR),3231,318,0,303,0,0,0,0,0,0,0,0,0,0,15,0,0,0,57,2
2026,3,MAR,2026-03-28T00:00:00Z,Bosnia and Herzegovina,COUNTRY (FIR),1504,0,0,0,0,0,0,0,0,0,0,0,0,0,0,0,0,0,0,0
2026,3,MAR,2026-03-28T00:00:00Z,Bulgaria,COUNTRY (FIR),2488,,,,,,,,,,,,,,,,,,,
2026,3,MAR,2026-03-28T00:00:00Z,Croatia,COUNTRY (FIR),2410,,,,,,,,,,,,,,,,,,,
2026,3,MAR,2026-03-28T00:00:00Z,Cyprus,COUNTRY (FIR),1036,,,,,,,,,,,,,,,,,,,
2026,3,MAR,2026-03-28T00:00:00Z,Czech Republic,COUNTRY (FIR),2025,,,,,,,,,,,,,,,,,,,
2026,3,MAR,2026-03-28T00:00:00Z,DANUBE FAB,FAB (FIR),2977,,,,,,,,,,,,,,,,,,,
2026,3,MAR,2026-03-28T00:00:00Z,DK-SE FAB,FAB (FIR),2183,62,0,62,0,0,0,0,0,0,0,0,0,0,0,0,0,0,14,0
2026,3,MAR,2026-03-28T00:00:00Z,Denmark,COUNTRY (FIR),1559,62,0,62,0,0,0,0,0,0,0,0,0,0,0,0,0,0,14,0
2026,3,MAR,2026-03-28T00:00:00Z,Estonia,COUNTRY (FIR),445,,,,,,,,,,,,,,,,,,,
2026,3,MAR,2026-03-28T00:00:00Z,FAB CE,FAB (FIR),6641,0,0,0,0,0,0,0,0,0,0,0,0,0,0,0,0,0,0,0
2026,3,MAR,2026-03-28T00:00:00Z,FAB CE (SES RP1),FAB (FIR),5949,,,,,,,,,,,,,,,,,,,
2026,3,MAR,2026-03-28T00:00:00Z,FAB CE (SES RP2),FAB (FIR),6624,,,,,,,,,,,,,,,,,,,
2026,3,MAR,2026-03-28T00:00:00Z,FABEC,FAB (FIR),15317,10067,0,6508,0,0,0,0,0,0,89,581,0,2643,15,0,231,0,942,188
2026,3,MAR,2026-03-28T00:00:00Z,Finland,COUNTRY (FIR),595,,,,,,,,,,,,,,,,,,,
2026,3,MAR,2026-03-28T00:00:00Z,France,COUNTRY (FIR),9227,7268,0,4270,0,0,0,0,0,0,89,581,0,2328,0,0,0,0,633,142
2026,3,MAR,2026-03-28T00:00:00Z,Georgia,COUNTRY (FIR),924,1320,0,80,0,0,0,0,0,0,1240,0,0,0,0,0,0,0,52,29
2026,3,MAR,2026-03-28T00:00:00Z,Germany,COUNTRY (FIR),7688,1483,0,1168,0,0,0,0,0,0,0,0,0,315,0,0,0,0,161,24
2026,3,MAR,2026-03-28T00:00:00Z,Greece,COUNTRY (FIR),2690,0,0,0,0,0,0,0,0,0,0,0,0,0,0,0,0,0,0,0
2026,3,MAR,2026-03-28T00:00:00Z,Hungary,COUNTRY (FIR),2760,,,,,,,,,,,,,,,,,,,
2026,3,MAR,2026-03-28T00:00:00Z,Iceland,COUNTRY (FIR),459,,,,,,,,,,,,,,,,,,,
2026,3,MAR,2026-03-28T00:00:00Z,Ireland,COUNTRY (FIR),1409,,,,,,,,,,,,,,,,,,,
2026,3,MAR,2026-03-28T00:00:00Z,Italy,COUNTRY (FIR),5566,,,,,,,,,,,,,,,,,,,
2026,3,MAR,2026-03-28T00:00:00Z,Latvia,COUNTRY (FIR),597,,,,,,,,,,,,,,,,,,,
2026,3,MAR,2026-03-28T00:00:00Z,Lithuania,COUNTRY (FIR),547,,,,,,,,,,,,,,,,,,,
2026,3,MAR,2026-03-28T00:00:00Z,Malta,COUNTRY (FIR),476,,,,,,,,,,,,,,,,,,,
2026,3,MAR,2026-03-28T00:00:00Z,Moldova,COUNTRY (FIR),111,,,,,,,,,,,,,,,,,,,
2026,3,MAR,2026-03-28T00:00:00Z,NEFAB,FAB (FIR),1955,,,,,,,,,,,,,,,,,,,
2026,3,MAR,2026-03-28T00:00:00Z,Netherlands,COUNTRY (FIR),3007,0,0,0,0,0,0,0,0,0,0,0,0,0,0,0,0,0,0,0
2026,3,MAR,2026-03-28T00:00:00Z,North Macedonia,COUNTRY (FIR),719,,,,,,,,,,,,,,,,,,,
2026,3,MAR,2026-03-28T00:00:00Z,Norway,COUNTRY (FIR),1049,,,,,,,,,,,,,,,,,,,
2026,3,MAR,2026-03-28T00:00:00Z,Poland,COUNTRY (FIR),1916,,,,,,,,,,,,,,,,,,,
2026,3,MAR,2026-03-28T00:00:00Z,Portugal,COUNTRY (FIR),2744,269,0,269,0,0,0,0,0,0,0,0,0,0,0,0,0,0,16,8
2026,3,MAR,2026-03-28T00:00:00Z,Portugal Continental,COUNTRY (FIR),2352,269,0,269,0,0,0,0,0,0,0,0,0,0,0,0,0,0,16,8
2026,3,MAR,2026-03-28T00:00:00Z,Portugal Santa Maria,COUNTRY (FIR),687,,,,,,,,,,,,,,,,,,,
2026,3,MAR,2026-03-28T00:00:00Z,Romania,COUNTRY (FIR),2020,,,,,,,,,,,,,,,,,,,
2026,3,MAR,2026-03-28T00:00:00Z,SES Area (RP2),AREA (FIR),24402,20808,0,17249,0,0,0,0,0,0,89,581,0,2643,15,0,231,0,1967,408
2026,3,MAR,2026-03-28T00:00:00Z,SW FAB,FAB (FIR),7156,8416,0,8416,0,0,0,0,0,0,0,0,0,0,0,0,0,0,717,194
2026,3,MAR,2026-03-28T00:00:00Z,Serbia/Montenegro,COUNTRY (FIR),2473,,,,,,,,,,,,,,,,,,,
2026,3,MAR,2026-03-28T00:00:00Z,Slovakia,COUNTRY (FIR),1396,,,,,,,,,,,,,,,,,,,
2026,3,MAR,2026-03-28T00:00:00Z,Slovenia,COUNTRY (FIR),1503,,,,,,,,,,,,,,,,,,,
2026,3,MAR,2026-03-28T00:00:00Z,Spain,COUNTRY (FIR),6932,8147,0,8147,0,0,0,0,0,0,0,0,0,0,0,0,0,0,701,186
2026,3,MAR,2026-03-28T00:00:00Z,Spain Canaries,COUNTRY (FIR),1564,1287,0,1287,0,0,0,0,0,0,0,0,0,0,0,0,0,0,99,34
2026,3,MAR,2026-03-28T00:00:00Z,Spain Continental,COUNTRY (FIR),6492,6860,0,6860,0,0,0,0,0,0,0,0,0,0,0,0,0,0,602,152
2026,3,MAR,2026-03-28T00:00:00Z,Sweden,COUNTRY (FIR),1557,,,,,,,,,,,,,,,,,,,
2026,3,MAR,2026-03-28T00:00:00Z,Switzerland,COUNTRY (FIR),3141,998,0,767,0,0,0,0,0,0,0,0,0,0,0,0,231,0,91,20
2026,3,MAR,2026-03-28T00:00:00Z,Türkiye,COUNTRY (FIR),4143,0,0,0,0,0,0,0,0,0,0,0,0,0,0,0,0,0,0,0
2026,3,MAR,2026-03-28T00:00:00Z,UK Continental,COUNTRY (FIR),6299,2263,0,2263,0,0,0,0,0,0,0,0,0,0,0,0,0,0,294,26
2026,3,MAR,2026-03-28T00:00:00Z,UK Oceanic,COUNTRY (FIR),1419,,,,,,,,,,,,,,,,,,,
2026,3,MAR,2026-03-28T00:00:00Z,UK-Ireland FAB,FAB (FIR),6445,2263,0,2263,0,0,0,0,0,0,0,0,0,0,0,0,0,0,294,26
2026,3,MAR,2026-03-28T00:00:00Z,United Kingdom,COUNTRY (FIR),6671,2263,0,2263,0,0,0,0,0,0,0,0,0,0,0,0,0,0,294,26
2026,3,MAR,2026-03-29T00:00:00Z,Albania,COUNTRY (FIR),1124,,,,,,,,,,,,,,,,,,,
2026,3,MAR,2026-03-29T00:00:00Z,Armenia,COUNTRY (FIR),383,,,,,,,,,,,,,,,,,,,
2026,3,MAR,2026-03-29T00:00:00Z,Austria,COUNTRY (FIR),4311,0,0,0,0,0,0,0,0,0,0,0,0,0,0,0,0,0,0,0
2026,3,MAR,2026-03-29T00:00:00Z,BLUE MED FAB,FAB (FIR),8809,1532,0,0,0,0,0,0,0,0,0,0,0,1532,0,0,0,0,130,31
2026,3,MAR,2026-03-29T00:00:00Z,Baltic FAB,FAB (FIR),2390,37,0,37,0,0,0,0,0,0,0,0,0,0,0,0,0,0,3,0
2026,3,MAR,2026-03-29T00:00:00Z,Belgium,COUNTRY (FIR),3389,1409,0,616,0,0,0,0,0,0,0,0,0,0,198,0,595,0,169,26
2026,3,MAR,2026-03-29T00:00:00Z,Bosnia and Herzegovina,COUNTRY (FIR),1714,,,,,,,,,,,,,,,,,,,
2026,3,MAR,2026-03-29T00:00:00Z,Bulgaria,COUNTRY (FIR),2318,,,,,,,,,,,,,,,,,,,
2026,3,MAR,2026-03-29T00:00:00Z,Croatia,COUNTRY (FIR),2738,,,,,,,,,,,,,,,,,,,
2026,3,MAR,2026-03-29T00:00:00Z,Cyprus,COUNTRY (FIR),1117,,,,,,,,,,,,,,,,,,,
2026,3,MAR,2026-03-29T00:00:00Z,Czech Republic,COUNTRY (FIR),2237,,,,,,,,,,,,,,,,,,,
2026,3,MAR,2026-03-29T00:00:00Z,DANUBE FAB,FAB (FIR),2854,,,,,,,,,,,,,,,,,,,
2026,3,MAR,2026-03-29T00:00:00Z,DK-SE FAB,FAB (FIR),2532,55,0,55,0,0,0,0,0,0,0,0,0,0,0,0,0,0,8,1
2026,3,MAR,2026-03-29T00:00:00Z,Denmark,COUNTRY (FIR),1730,55,0,55,0,0,0,0,0,0,0,0,0,0,0,0,0,0,8,1
2026,3,MAR,2026-03-29T00:00:00Z,Estonia,COUNTRY (FIR),484,,,,,,,,,,,,,,,,,,,
2026,3,MAR,2026-03-29T00:00:00Z,FAB CE,FAB (FIR),7131,19,0,19,0,0,0,0,0,0,0,0,0,0,0,0,0,0,5,0
2026,3,MAR,2026-03-29T00:00:00Z,FAB CE (SES RP1),FAB (FIR),6323,19,0,19,0,0,0,0,0,0,0,0,0,0,0,0,0,0,5,0
2026,3,MAR,2026-03-29T00:00:00Z,FAB CE (SES RP2),FAB (FIR),7116,19,0,19,0,0,0,0,0,0,0,0,0,0,0,0,0,0,5,0
2026,3,MAR,2026-03-29T00:00:00Z,FABEC,FAB (FIR),16732,17619,0,5905,0,0,0,0,0,0,5,883,0,6695,198,308,3625,0,1668,345
2026,3,MAR,2026-03-29T00:00:00Z,Finland,COUNTRY (FIR),696,,,,,,,,,,,,,,,,,,,
2026,3,MAR,2026-03-29T00:00:00Z,France,COUNTRY (FIR),9953,13161,0,3967,0,0,0,0,0,0,5,883,0,6695,0,0,1611,0,1162,273
2026,3,MAR,2026-03-29T00:00:00Z,Georgia,COUNTRY (FIR),953,336,0,136,0,0,0,0,0,0,200,0,0,0,0,0,0,0,20,7
2026,3,MAR,2026-03-29T00:00:00Z,Germany,COUNTRY (FIR),8365,2669,0,1250,0,0,0,0,0,0,0,0,0,0,0,0,1419,0,303,38
2026,3,MAR,2026-03-29T00:00:00Z,Greece,COUNTRY (FIR),2882,1532,0,0,0,0,0,0,0,0,0,0,0,1532,0,0,0,0,130,31
2026,3,MAR,2026-03-29T00:00:00Z,Hungary,COUNTRY (FIR),2797,,,,,,,,,,,,,,,,,,,
2026,3,MAR,2026-03-29T00:00:00Z,Iceland,COUNTRY (FIR),502,,,,,,,,,,,,,,,,,,,
2026,3,MAR,2026-03-29T00:00:00Z,Ireland,COUNTRY (FIR),1559,,,,,,,,,,,,,,,,,,,
2026,3,MAR,2026-03-29T00:00:00Z,Italy,COUNTRY (FIR),6448,,,,,,,,,,,,,,,,,,,
2026,3,MAR,2026-03-29T00:00:00Z,Latvia,COUNTRY (FIR),633,,,,,,,,,,,,,,,,,,,
2026,3,MAR,2026-03-29T00:00:00Z,Lithuania,COUNTRY (FIR),621,,,,,,,,,,,,,,,,,,,
2026,3,MAR,2026-03-29T00:00:00Z,Malta,COUNTRY (FIR),444,,,,,,,,,,,,,,,,,,,
2026,3,MAR,2026-03-29T00:00:00Z,Moldova,COUNTRY (FIR),117,,,,,,,,,,,,,,,,,,,
2026,3,MAR,2026-03-29T00:00:00Z,NEFAB,FAB (FIR),2403,,,,,,,,,,,,,,,,,,,
2026,3,MAR,2026-03-29T00:00:00Z,Netherlands,COUNTRY (FIR),3282,0,0,0,0,0,0,0,0,0,0,0,0,0,0,0,0,0,0,0
2026,3,MAR,2026-03-29T00:00:00Z,North Macedonia,COUNTRY (FIR),792,,,,,,,,,,,,,,,,,,,
2026,3,MAR,2026-03-29T00:00:00Z,Norway,COUNTRY (FIR),1412,,,,,,,,,,,,,,,,,,,
2026,3,MAR,2026-03-29T00:00:00Z,Poland,COUNTRY (FIR),2215,37,0,37,0,0,0,0,0,0,0,0,0,0,0,0,0,0,3,0
2026,3,MAR,2026-03-29T00:00:00Z,Portugal,COUNTRY (FIR),2639,402,0,402,0,0,0,0,0,0,0,0,0,0,0,0,0,0,38,8
2026,3,MAR,2026-03-29T00:00:00Z,Portugal Continental,COUNTRY (FIR),2284,402,0,402,0,0,0,0,0,0,0,0,0,0,0,0,0,0,38,8
2026,3,MAR,2026-03-29T00:00:00Z,Portugal Santa Maria,COUNTRY (FIR),681,,,,,,,,,,,,,,,,,,,
2026,3,MAR,2026-03-29T00:00:00Z,Romania,COUNTRY (FIR),2004,,,,,,,,,,,,,,,,,,,
2026,3,MAR,2026-03-29T00:00:00Z,SES Area (RP2),AREA (FIR),27026,28533,0,11710,0,0,0,0,0,0,5,998,0,8290,198,308,7024,0,2635,572
2026,3,MAR,2026-03-29T00:00:00Z,SW FAB,FAB (FIR),7422,8636,0,5237,0,0,0,0,0,0,0,0,0,0,0,0,3399,0,759,180
2026,3,MAR,2026-03-29T00:00:00Z,Serbia/Montenegro,COUNTRY (FIR),2640,,,,,,,,,,,,,,,,,,,
2026,3,MAR,2026-03-29T00:00:00Z,Slovakia,COUNTRY (FIR),1503,,,,,,,,,,,,,,,,,,,
2026,3,MAR,2026-03-29T00:00:00Z,Slovenia,COUNTRY (FIR),1652,19,0,19,0,0,0,0,0,0,0,0,0,0,0,0,0,0,5,0
2026,3,MAR,2026-03-29T00:00:00Z,Spain,COUNTRY (FIR),7200,8234,0,4835,0,0,0,0,0,0,0,0,0,0,0,0,3399,0,721,172
2026,3,MAR,2026-03-29T00:00:00Z,Spain Canaries,COUNTRY (FIR),1316,,,,,,,,,,,,,,,,,,,
2026,3,MAR,2026-03-29T00:00:00Z,Spain Continental,COUNTRY (FIR),6750,8234,0,4835,0,0,0,0,0,0,0,0,0,0,0,0,3399,0,721,172
2026,3,MAR,2026-03-29T00:00:00Z,Sweden,COUNTRY (FIR),1822,,,,,,,,,,,,,,,,,,,
2026,3,MAR,2026-03-29T00:00:00Z,Switzerland,COUNTRY (FIR),3352,380,0,72,0,0,0,0,0,0,0,0,0,0,0,308,0,0,34,8
2026,3,MAR,2026-03-29T00:00:00Z,Türkiye,COUNTRY (FIR),3918,0,0,0,0,0,0,0,0,0,0,0,0,0,0,0,0,0,0,0
2026,3,MAR,2026-03-29T00:00:00Z,UK Continental,COUNTRY (FIR),6850,635,0,457,0,0,0,0,0,0,0,115,0,63,0,0,0,0,62,15
2026,3,MAR,2026-03-29T00:00:00Z,UK Oceanic,COUNTRY (FIR),1466,,,,,,,,,,,,,,,,,,,
2026,3,MAR,2026-03-29T00:00:00Z,UK-Ireland FAB,FAB (FIR),7013,635,0,457,0,0,0,0,0,0,0,115,0,63,0,0,0,0,62,15
2026,3,MAR,2026-03-29T00:00:00Z,United Kingdom,COUNTRY (FIR),7251,635,0,457,0,0,0,0,0,0,0,115,0,63,0,0,0,0,62,15
2026,3,MAR,2026-03-30T00:00:00Z,Albania,COUNTRY (FIR),1007,,,,,,,,,,,,,,,,,,,
2026,3,MAR,2026-03-30T00:00:00Z,Armenia,COUNTRY (FIR),443,,,,,,,,,,,,,,,,,,,
2026,3,MAR,2026-03-30T00:00:00Z,Austria,COUNTRY (FIR),4372,,,,,,,,,,,,,,,,,,,
2026,3,MAR,2026-03-30T00:00:00Z,BLUE MED FAB,FAB (FIR),8612,0,0,0,0,0,0,0,0,0,0,0,0,0,0,0,0,0,0,0
2026,3,MAR,2026-03-30T00:00:00Z,Baltic FAB,FAB (FIR),2433,34,0,0,0,0,34,0,0,0,0,0,0,0,0,0,0,0,6,0
2026,3,MAR,2026-03-30T00:00:00Z,Belgium,COUNTRY (FIR),3417,1549,0,189,0,0,0,0,398,0,0,0,0,881,81,0,0,0,180,28
2026,3,MAR,2026-03-30T00:00:00Z,Bosnia and Herzegovina,COUNTRY (FIR),1554,,,,,,,,,,,,,,,,,,,
2026,3,MAR,2026-03-30T00:00:00Z,Bulgaria,COUNTRY (FIR),2325,,,,,,,,,,,,,,,,,,,
2026,3,MAR,2026-03-30T00:00:00Z,Croatia,COUNTRY (FIR),2638,,,,,,,,,,,,,,,,,,,
2026,3,MAR,2026-03-30T00:00:00Z,Cyprus,COUNTRY (FIR),940,,,,,,,,,,,,,,,,,,,
2026,3,MAR,2026-03-30T00:00:00Z,Czech Republic,COUNTRY (FIR),2359,,,,,,,,,,,,,,,,,,,
2026,3,MAR,2026-03-30T00:00:00Z,DANUBE FAB,FAB (FIR),2891,,,,,,,,,,,,,,,,,,,
2026,3,MAR,2026-03-30T00:00:00Z,DK-SE FAB,FAB (FIR),2606,0,0,0,0,0,0,0,0,0,0,0,0,0,0,0,0,0,0,0
2026,3,MAR,2026-03-30T00:00:00Z,Denmark,COUNTRY (FIR),1718,0,0,0,0,0,0,0,0,0,0,0,0,0,0,0,0,0,0,0
2026,3,MAR,2026-03-30T00:00:00Z,Estonia,COUNTRY (FIR),513,,,,,,,,,,,,,,,,,,,
2026,3,MAR,2026-03-30T00:00:00Z,FAB CE,FAB (FIR),7202,,,,,,,,,,,,,,,,,,,
2026,3,MAR,2026-03-30T00:00:00Z,FAB CE (SES RP1),FAB (FIR),6376,,,,,,,,,,,,,,,,,,,
2026,3,MAR,2026-03-30T00:00:00Z,FAB CE (SES RP2),FAB (FIR),7176,,,,,,,,,,,,,,,,,,,
2026,3,MAR,2026-03-30T00:00:00Z,FABEC,FAB (FIR),17374,13476,0,6145,0,0,0,0,1468,0,80,0,0,1881,586,88,3228,0,1217,255
2026,3,MAR,2026-03-30T00:00:00Z,Finland,COUNTRY (FIR),716,,,,,,,,,,,,,,,,,,,
2026,3,MAR,2026-03-30T00:00:00Z,France,COUNTRY (FIR),10196,4770,0,3067,0,0,0,0,73,0,80,0,0,1000,505,0,45,0,487,88
2026,3,MAR,2026-03-30T00:00:00Z,Georgia,COUNTRY (FIR),839,277,0,0,0,0,0,0,0,0,277,0,0,0,0,0,0,0,28,6
2026,3,MAR,2026-03-30T00:00:00Z,Germany,COUNTRY (FIR),8531,4509,0,1657,0,0,0,0,997,0,0,0,0,0,0,0,1855,0,349,84
2026,3,MAR,2026-03-30T00:00:00Z,Greece,COUNTRY (FIR),2696,0,0,0,0,0,0,0,0,0,0,0,0,0,0,0,0,0,0,0
2026,3,MAR,2026-03-30T00:00:00Z,Hungary,COUNTRY (FIR),2810,,,,,,,,,,,,,,,,,,,
2026,3,MAR,2026-03-30T00:00:00Z,Iceland,COUNTRY (FIR),424,,,,,,,,,,,,,,,,,,,
2026,3,MAR,2026-03-30T00:00:00Z,Ireland,COUNTRY (FIR),1775,0,0,0,0,0,0,0,0,0,0,0,0,0,0,0,0,0,0,0
2026,3,MAR,2026-03-30T00:00:00Z,Italy,COUNTRY (FIR),6404,,,,,,,,,,,,,,,,,,,
2026,3,MAR,2026-03-30T00:00:00Z,Latvia,COUNTRY (FIR),678,,,,,,,,,,,,,,,,,,,
2026,3,MAR,2026-03-30T00:00:00Z,Lithuania,COUNTRY (FIR),624,,,,,,,,,,,,,,,,,,,
2026,3,MAR,2026-03-30T00:00:00Z,Malta,COUNTRY (FIR),501,,,,,,,,,,,,,,,,,,,
2026,3,MAR,2026-03-30T00:00:00Z,Moldova,COUNTRY (FIR),103,,,,,,,,,,,,,,,,,,,
2026,3,MAR,2026-03-30T00:00:00Z,NEFAB,FAB (FIR),2614,,,,,,,,,,,,,,,,,,,
2026,3,MAR,2026-03-30T00:00:00Z,Netherlands,COUNTRY (FIR),3431,0,0,0,0,0,0,0,0,0,0,0,0,0,0,0,0,0,0,0
2026,3,MAR,2026-03-30T00:00:00Z,North Macedonia,COUNTRY (FIR),753,,,,,,,,,,,,,,,,,,,
2026,3,MAR,2026-03-30T00:00:00Z,Norway,COUNTRY (FIR),1528,,,,,,,,,,,,,,,,,,,
2026,3,MAR,2026-03-30T00:00:00Z,Poland,COUNTRY (FIR),2239,34,0,0,0,0,34,0,0,0,0,0,0,0,0,0,0,0,6,0
2026,3,MAR,2026-03-30T00:00:00Z,Portugal,COUNTRY (FIR),2335,0,0,0,0,0,0,0,0,0,0,0,0,0,0,0,0,0,0,0
2026,3,MAR,2026-03-30T00:00:00Z,Portugal Continental,COUNTRY (FIR),2110,0,0,0,0,0,0,0,0,0,0,0,0,0,0,0,0,0,0,0
2026,3,MAR,2026-03-30T00:00:00Z,Portugal Santa Maria,COUNTRY (FIR),552,,,,,,,,,,,,,,,,,,,
2026,3,MAR,2026-03-30T00:00:00Z,Romania,COUNTRY (FIR),1949,,,,,,,,,,,,,,,,,,,
2026,3,MAR,2026-03-30T00:00:00Z,SES Area (RP2),AREA (FIR),28279,21336,0,13687,0,0,34,0,1468,0,80,284,0,1881,586,88,3228,0,1855,413
2026,3,MAR,2026-03-30T00:00:00Z,SW FAB,FAB (FIR),7331,6727,0,6727,0,0,0,0,0,0,0,0,0,0,0,0,0,0,487,147
2026,3,MAR,2026-03-30T00:00:00Z,Serbia/Montenegro,COUNTRY (FIR),2613,0,0,0,0,0,0,0,0,0,0,0,0,0,0,0,0,0,0,0
2026,3,MAR,2026-03-30T00:00:00Z,Slovakia,COUNTRY (FIR),1466,,,,,,,,,,,,,,,,,,,
2026,3,MAR,2026-03-30T00:00:00Z,Slovenia,COUNTRY (FIR),1594,,,,,,,,,,,,,,,,,,,
2026,3,MAR,2026-03-30T00:00:00Z,Spain,COUNTRY (FIR),7081,6727,0,6727,0,0,0,0,0,0,0,0,0,0,0,0,0,0,487,147
2026,3,MAR,2026-03-30T00:00:00Z,Spain Canaries,COUNTRY (FIR),1137,0,0,0,0,0,0,0,0,0,0,0,0,0,0,0,0,0,0,0
2026,3,MAR,2026-03-30T00:00:00Z,Spain Continental,COUNTRY (FIR),6682,6727,0,6727,0,0,0,0,0,0,0,0,0,0,0,0,0,0,487,147
2026,3,MAR,2026-03-30T00:00:00Z,Sweden,COUNTRY (FIR),1907,,,,,,,,,,,,,,,,,,,
2026,3,MAR,2026-03-30T00:00:00Z,Switzerland,COUNTRY (FIR),3183,2648,0,1232,0,0,0,0,0,0,0,0,0,0,0,88,1328,0,201,55
2026,3,MAR,2026-03-30T00:00:00Z,Türkiye,COUNTRY (FIR),4056,0,0,0,0,0,0,0,0,0,0,0,0,0,0,0,0,0,0,0
2026,3,MAR,2026-03-30T00:00:00Z,UK Continental,COUNTRY (FIR),7019,1099,0,815,0,0,0,0,0,0,0,284,0,0,0,0,0,0,145,11
2026,3,MAR,2026-03-30T00:00:00Z,UK Oceanic,COUNTRY (FIR),1571,,,,,,,,,,,,,,,,,,,
2026,3,MAR,2026-03-30T00:00:00Z,UK-Ireland FAB,FAB (FIR),7202,1099,0,815,0,0,0,0,0,0,0,284,0,0,0,0,0,0,145,11
2026,3,MAR,2026-03-30T00:00:00Z,United Kingdom,COUNTRY (FIR),7376,1099,0,815,0,0,0,0,0,0,0,284,0,0,0,0,0,0,145,11
2026,3,MAR,2026-03-31T00:00:00Z,Albania,COUNTRY (FIR),972,,,,,,,,,,,,,,,,,,,
2026,3,MAR,2026-03-31T00:00:00Z,Armenia,COUNTRY (FIR),419,,,,,,,,,,,,,,,,,,,
2026,3,MAR,2026-03-31T00:00:00Z,Austria,COUNTRY (FIR),4130,,,,,,,,,,,,,,,,,,,
2026,3,MAR,2026-03-31T00:00:00Z,BLUE MED FAB,FAB (FIR),8433,0,0,0,0,0,0,0,0,0,0,0,0,0,0,0,0,0,0,0
2026,3,MAR,2026-03-31T00:00:00Z,Baltic FAB,FAB (FIR),2354,,,,,,,,,,,,,,,,,,,
2026,3,MAR,2026-03-31T00:00:00Z,Belgium,COUNTRY (FIR),3329,261,0,0,0,0,0,0,70,0,0,0,0,88,103,0,0,0,37,2
2026,3,MAR,2026-03-31T00:00:00Z,Bosnia and Herzegovina,COUNTRY (FIR),1497,,,,,,,,,,,,,,,,,,,
2026,3,MAR,2026-03-31T00:00:00Z,Bulgaria,COUNTRY (FIR),2389,,,,,,,,,,,,,,,,,,,
2026,3,MAR,2026-03-31T00:00:00Z,Croatia,COUNTRY (FIR),2579,,,,,,,,,,,,,,,,,,,
2026,3,MAR,2026-03-31T00:00:00Z,Cyprus,COUNTRY (FIR),1028,,,,,,,,,,,,,,,,,,,
2026,3,MAR,2026-03-31T00:00:00Z,Czech Republic,COUNTRY (FIR),2192,,,,,,,,,,,,,,,,,,,
2026,3,MAR,2026-03-31T00:00:00Z,DANUBE FAB,FAB (FIR),2947,,,,,,,,,,,,,,,,,,,
2026,3,MAR,2026-03-31T00:00:00Z,DK-SE FAB,FAB (FIR),2452,,,,,,,,,,,,,,,,,,,
2026,3,MAR,2026-03-31T00:00:00Z,Denmark,COUNTRY (FIR),1603,,,,,,,,,,,,,,,,,,,
2026,3,MAR,2026-03-31T00:00:00Z,Estonia,COUNTRY (FIR),456,75,0,75,0,0,0,0,0,0,0,0,0,0,0,0,0,0,6,1
2026,3,MAR,2026-03-31T00:00:00Z,FAB CE,FAB (FIR),6897,193,0,193,0,0,0,0,0,0,0,0,0,0,0,0,0,0,28,2
2026,3,MAR,2026-03-31T00:00:00Z,FAB CE (SES RP1),FAB (FIR),6114,193,0,193,0,0,0,0,0,0,0,0,0,0,0,0,0,0,28,2
2026,3,MAR,2026-03-31T00:00:00Z,FAB CE (SES RP2),FAB (FIR),6877,193,0,193,0,0,0,0,0,0,0,0,0,0,0,0,0,0,28,2
2026,3,MAR,2026-03-31T00:00:00Z,FABEC,FAB (FIR),16914,4256,0,1910,0,0,0,0,70,0,19,0,0,1518,103,0,636,0,487,65
2026,3,MAR,2026-03-31T00:00:00Z,Finland,COUNTRY (FIR),691,,,,,,,,,,,,,,,,,,,
2026,3,MAR,2026-03-31T00:00:00Z,France,COUNTRY (FIR),9958,1688,0,897,0,0,0,0,0,0,19,0,0,772,0,0,0,0,194,26
2026,3,MAR,2026-03-31T00:00:00Z,Georgia,COUNTRY (FIR),860,260,0,0,0,0,0,0,0,0,260,0,0,0,0,0,0,0,27,5
2026,3,MAR,2026-03-31T00:00:00Z,Germany,COUNTRY (FIR),8224,1566,0,908,0,0,0,0,0,0,0,0,0,658,0,0,0,0,188,21
2026,3,MAR,2026-03-31T00:00:00Z,Greece,COUNTRY (FIR),2701,0,0,0,0,0,0,0,0,0,0,0,0,0,0,0,0,0,0,0
2026,3,MAR,2026-03-31T00:00:00Z,Hungary,COUNTRY (FIR),2787,,,,,,,,,,,,,,,,,,,
2026,3,MAR,2026-03-31T00:00:00Z,Iceland,COUNTRY (FIR),415,,,,,,,,,,,,,,,,,,,
2026,3,MAR,2026-03-31T00:00:00Z,Ireland,COUNTRY (FIR),1642,0,0,0,0,0,0,0,0,0,0,0,0,0,0,0,0,0,0,0
2026,3,MAR,2026-03-31T00:00:00Z,Italy,COUNTRY (FIR),6100,0,0,0,0,0,0,0,0,0,0,0,0,0,0,0,0,0,0,0
2026,3,MAR,2026-03-31T00:00:00Z,Latvia,COUNTRY (FIR),619,,,,,,,,,,,,,,,,,,,
2026,3,MAR,2026-03-31T00:00:00Z,Lithuania,COUNTRY (FIR),619,,,,,,,,,,,,,,,,,,,
2026,3,MAR,2026-03-31T00:00:00Z,Malta,COUNTRY (FIR),469,,,,,,,,,,,,,,,,,,,
2026,3,MAR,2026-03-31T00:00:00Z,Moldova,COUNTRY (FIR),110,,,,,,,,,,,,,,,,,,,
2026,3,MAR,2026-03-31T00:00:00Z,NEFAB,FAB (FIR),2470,75,0,75,0,0,0,0,0,0,0,0,0,0,0,0,0,0,6,1
2026,3,MAR,2026-03-31T00:00:00Z,Netherlands,COUNTRY (FIR),3351,105,0,105,0,0,0,0,0,0,0,0,0,0,0,0,0,0,11,0
2026,3,MAR,2026-03-31T00:00:00Z,North Macedonia,COUNTRY (FIR),840,275,0,275,0,0,0,0,0,0,0,0,0,0,0,0,0,0,36,4
2026,3,MAR,2026-03-31T00:00:00Z,Norway,COUNTRY (FIR),1467,,,,,,,,,,,,,,,,,,,
2026,3,MAR,2026-03-31T00:00:00Z,Poland,COUNTRY (FIR),2162,,,,,,,,,,,,,,,,,,,
2026,3,MAR,2026-03-31T00:00:00Z,Portugal,COUNTRY (FIR),2492,0,0,0,0,0,0,0,0,0,0,0,0,0,0,0,0,0,0,0
2026,3,MAR,2026-03-31T00:00:00Z,Portugal Continental,COUNTRY (FIR),2231,0,0,0,0,0,0,0,0,0,0,0,0,0,0,0,0,0,0,0
2026,3,MAR,2026-03-31T00:00:00Z,Portugal Santa Maria,COUNTRY (FIR),589,,,,,,,,,,,,,,,,,,,
2026,3,MAR,2026-03-31T00:00:00Z,Romania,COUNTRY (FIR),2003,,,,,,,,,,,,,,,,,,,
2026,3,MAR,2026-03-31T00:00:00Z,SES Area (RP2),AREA (FIR),27741,10742,0,8206,0,0,0,0,70,0,19,190,0,1518,103,0,636,0,1155,182
2026,3,MAR,2026-03-31T00:00:00Z,SW FAB,FAB (FIR),7280,5880,0,5880,0,0,0,0,0,0,0,0,0,0,0,0,0,0,586,112
2026,3,MAR,2026-03-31T00:00:00Z,Serbia/Montenegro,COUNTRY (FIR),2560,,,,,,,,,,,,,,,,,,,
2026,3,MAR,2026-03-31T00:00:00Z,Slovakia,COUNTRY (FIR),1477,,,,,,,,,,,,,,,,,,,
2026,3,MAR,2026-03-31T00:00:00Z,Slovenia,COUNTRY (FIR),1553,193,0,193,0,0,0,0,0,0,0,0,0,0,0,0,0,0,28,2
2026,3,MAR,2026-03-31T00:00:00Z,Spain,COUNTRY (FIR),7034,5880,0,5880,0,0,0,0,0,0,0,0,0,0,0,0,0,0,586,112
2026,3,MAR,2026-03-31T00:00:00Z,Spain Canaries,COUNTRY (FIR),1173,0,0,0,0,0,0,0,0,0,0,0,0,0,0,0,0,0,0,0
2026,3,MAR,2026-03-31T00:00:00Z,Spain Continental,COUNTRY (FIR),6640,5880,0,5880,0,0,0,0,0,0,0,0,0,0,0,0,0,0,586,112
2026,3,MAR,2026-03-31T00:00:00Z,Sweden,COUNTRY (FIR),1755,,,,,,,,,,,,,,,,,,,
2026,3,MAR,2026-03-31T00:00:00Z,Switzerland,COUNTRY (FIR),3170,636,0,0,0,0,0,0,0,0,0,0,0,0,0,0,636,0,57,16
2026,3,MAR,2026-03-31T00:00:00Z,Türkiye,COUNTRY (FIR),4137,,,,,,,,,,,,,,,,,,,
2026,3,MAR,2026-03-31T00:00:00Z,UK Continental,COUNTRY (FIR),6862,338,0,148,0,0,0,0,0,0,0,190,0,0,0,0,0,0,48,2
2026,3,MAR,2026-03-31T00:00:00Z,UK Oceanic,COUNTRY (FIR),1537,,,,,,,,,,,,,,,,,,,
2026,3,MAR,2026-03-31T00:00:00Z,UK-Ireland FAB,FAB (FIR),7045,338,0,148,0,0,0,0,0,0,0,190,0,0,0,0,0,0,48,2
2026,3,MAR,2026-03-31T00:00:00Z,United Kingdom,COUNTRY (FIR),7190,338,0,148,0,0,0,0,0,0,0,190,0,0,0,0,0,0,48,2
